fuente,ejercicio,estado,dataset_id,dataset_titulo,recurso_id,recurso_nombre,recurso_descripcion,formato,url,archivo,descargado,bytes,md5,http,error,recurso_modificado,dataset_modificado
clima,,,nasa-power-daily-ag,"NASA POWER, datos diarios regionales (comunidad AG, MERRA-2)",power_GWETROOT,GWETROOT,"Diario, 0,5° × 0,625°, 2001–2026, un archivo por año",JSON,https://power.larc.nasa.gov/api/temporal/daily/regional?parameters=GWETROOT&community=AG&latitude-min=-35&latitude-max=-30&longitude-min=-58.5&longitude-max=-53&start=20010101&end=20011231&format=JSON,data-raw/clima/power,2026-09-25T07:21:51+0000,,,,,,
clima,,,chirps-v2.0-monthly,"CHIRPS v2.0, precipitación mensual (UCSB/CHC vía IRI Data Library)",chirps_mensual_uy,"Precipitación mensual, Uruguay","mm/mes, 0,05°, enero 1991 – último mes publicado",NetCDF,https://iridl.ldeo.columbia.edu/SOURCES/.UCSB/.CHIRPS/.v2p0/.monthly/.global/.precipitation/X/-58.60/-53.00/RANGEEDGES/Y/-35.20/-29.90/RANGEEDGES/T/(Jan%201991)/last/RANGE/data.nc,data-raw/clima/chirps_v2_mensual_uruguay.nc,2026-09-25T07:21:02+0000,20510208,e6ed0e45088bc3baeb98c700a87110ba,200,,,
clima,,,nasa-power-daily-ag,"NASA POWER, datos diarios regionales (comunidad AG, MERRA-2)",power_RH2M,RH2M,"Diario, 0,5° × 0,625°, 2001–2026, un archivo por año",JSON,https://power.larc.nasa.gov/api/temporal/daily/regional?parameters=RH2M&community=AG&latitude-min=-35&latitude-max=-30&longitude-min=-58.5&longitude-max=-53&start=20010101&end=20011231&format=JSON,data-raw/clima/power,2026-09-25T07:21:33+0000,,,,,,
clima,,,nasa-power-daily-ag,"NASA POWER, datos diarios regionales (comunidad AG, MERRA-2)",power_T2M,T2M,"Diario, 0,5° × 0,625°, 2001–2026, un archivo por año",JSON,https://power.larc.nasa.gov/api/temporal/daily/regional?parameters=T2M&community=AG&latitude-min=-35&latitude-max=-30&longitude-min=-58.5&longitude-max=-53&start=20010101&end=20011231&format=JSON,data-raw/clima/power,2026-09-25T07:21:18+0000,,,,,,
dicose,2021,preliminar,mgap-datos-preliminares-basados-en-la-declaracion-jurada-de-existencias-dicose-snig-2021,Declaración jurada de existencias DICOSE – SNIG 2021,f383dbfc-4ef3-4246-a4bb-677ee619087a,Animales detallados,"Para el ejercicio ganadero, departamento, actividad, etc. detalla los animales declarados por categoría.",CSV,https://catalogodatos.gub.uy/dataset/c055b37c-6136-43a6-adad-9e1c540be6c5/resource/f383dbfc-4ef3-4246-a4bb-677ee619087a/download/datosanimalesdetallados.csv,data-raw/dicose/2021/animales-detallados__f383dbfc.csv,2026-09-25T06:18:27+0000,9761010,c16c8952f340bbf74eb8d5e564d874e2,,,2021-09-14T12:20:20.659783,2023-04-20T12:04:27.414395
dicose,2021,preliminar,mgap-datos-preliminares-basados-en-la-declaracion-jurada-de-existencias-dicose-snig-2021,Declaración jurada de existencias DICOSE – SNIG 2021,84025d7b-920d-4155-8842-3a04e0101794,Códigos de actividades,Contiene los códigos de actividad que se definen al momento de la creación del DICOSE en base a los procesos productivos que va a desarrollar.,CSV,https://catalogodatos.gub.uy/dataset/c055b37c-6136-43a6-adad-9e1c540be6c5/resource/84025d7b-920d-4155-8842-3a04e0101794/download/actividades.csv,data-raw/dicose/2021/codigos-de-actividades__84025d7b.csv,2026-09-25T06:18:35+0000,514,9df2d43c48b5f86466c321843f24e17e,,,2021-09-14T12:47:32.867906,2023-04-20T12:04:27.414395
dicose,2021,preliminar,mgap-datos-preliminares-basados-en-la-declaracion-jurada-de-existencias-dicose-snig-2021,Declaración jurada de existencias DICOSE – SNIG 2021,aac4e0a4-2b04-4ad9-8ad1-f3d755f6bf7e,Códigos de categoría,"Contiene las categorías para las especies (bovinos, ovinos, yeguarizos, suinos y caprinos) que figuran en la declaración jurada de existencias.",CSV,https://catalogodatos.gub.uy/dataset/c055b37c-6136-43a6-adad-9e1c540be6c5/resource/aac4e0a4-2b04-4ad9-8ad1-f3d755f6bf7e/download/categorias.csv,data-raw/dicose/2021/codigos-de-categoria__aac4e0a4.csv,2026-09-25T06:18:36+0000,1484,a7be6a9e70bb6fa8f5d180eee3ab607e,,,2021-09-14T12:55:25.422330,2023-04-20T12:04:27.414395
dicose,2021,preliminar,mgap-datos-preliminares-basados-en-la-declaracion-jurada-de-existencias-dicose-snig-2021,Declaración jurada de existencias DICOSE – SNIG 2021,2ec45398-ed2f-4d7c-b72a-e0d218bc39a0,Códigos de departamentos,Contiene los códigos y las descripciones de los 19 departamentos del Uruguay utilizados para la presentación de la Declaración Jurada.,CSV,https://catalogodatos.gub.uy/dataset/c055b37c-6136-43a6-adad-9e1c540be6c5/resource/2ec45398-ed2f-4d7c-b72a-e0d218bc39a0/download/departamentos.csv,data-raw/dicose/2021/codigos-de-departamentos__2ec45398.csv,2026-09-25T06:18:37+0000,292,91288533b80820971ed02ba003fd2ac8,,,2021-09-14T12:57:16.380368,2023-04-20T12:04:27.414395
dicose,2021,preliminar,mgap-datos-preliminares-basados-en-la-declaracion-jurada-de-existencias-dicose-snig-2021,Declaración jurada de existencias DICOSE – SNIG 2021,d24e1ba3-7b82-4e8f-8f5e-b9a06bbdc58c,Códigos de especies,Contienen los códigos y la descripción de las especies utilizadas para la presentación de la Declaración Jurada.,CSV,https://catalogodatos.gub.uy/dataset/c055b37c-6136-43a6-adad-9e1c540be6c5/resource/d24e1ba3-7b82-4e8f-8f5e-b9a06bbdc58c/download/especies.csv,data-raw/dicose/2021/codigos-de-especies__d24e1ba3.csv,2026-09-25T06:18:38+0000,129,4b4d0f99493f7576dd9da6032ea29343,,,2021-09-14T12:59:44.079981,2023-04-20T12:04:27.414395
dicose,2021,preliminar,mgap-datos-preliminares-basados-en-la-declaracion-jurada-de-existencias-dicose-snig-2021,Declaración jurada de existencias DICOSE – SNIG 2021,1e41f6d9-72ee-4c2c-8195-a13fd8289cf9,Códigos de estratos,Contienen los códigos y la descripción de los estratos para utilizar en la presentación de la Declaración Jurada. csv,CSV,https://catalogodatos.gub.uy/dataset/c055b37c-6136-43a6-adad-9e1c540be6c5/resource/1e41f6d9-72ee-4c2c-8195-a13fd8289cf9/download/estratos.csv,data-raw/dicose/2021/codigos-de-estratos__1e41f6d9.csv,2026-09-25T06:18:39+0000,198,4b4207d03199f0984ae23640f6554019,,,2021-09-14T13:03:20.705052,2023-04-20T12:04:27.414395
dicose,2021,preliminar,mgap-datos-preliminares-basados-en-la-declaracion-jurada-de-existencias-dicose-snig-2021,Declaración jurada de existencias DICOSE – SNIG 2021,e08893aa-9a0e-4a88-9dc1-d26de438457d,Códigos de giros,Contienen los códigos y la descripción de los giros utilizados en la presentación de la Declaración Jurada.,CSV,https://catalogodatos.gub.uy/dataset/c055b37c-6136-43a6-adad-9e1c540be6c5/resource/e08893aa-9a0e-4a88-9dc1-d26de438457d/download/giros.csv,data-raw/dicose/2021/codigos-de-giros__e08893aa.csv,2026-09-25T06:18:41+0000,964,b14e1f8ea480279b3304b5fec2e3ad79,,,2021-09-14T13:05:19.682732,2023-04-20T12:04:27.414395
dicose,2021,preliminar,mgap-datos-preliminares-basados-en-la-declaracion-jurada-de-existencias-dicose-snig-2021,Declaración jurada de existencias DICOSE – SNIG 2021,fdbfd26d-b347-47cf-909e-90e3eee908d3,Códigos de mejoramientos de tierras,Contienen los códigos y la descripción de los tipos de mejoramientos de tierras utilizados en la presentación de la Declaración Jurada.,CSV,https://catalogodatos.gub.uy/dataset/c055b37c-6136-43a6-adad-9e1c540be6c5/resource/fdbfd26d-b347-47cf-909e-90e3eee908d3/download/mejoramientostierra.csv,data-raw/dicose/2021/codigos-de-mejoramientos-de-tierras__fdbfd26d.csv,2026-09-25T06:18:42+0000,319,35f5c5d37af8960ab3416c3224d93b71,,,2021-09-14T13:07:42.706090,2023-04-20T12:04:27.414395
dicose,2021,preliminar,mgap-datos-preliminares-basados-en-la-declaracion-jurada-de-existencias-dicose-snig-2021,Declaración jurada de existencias DICOSE – SNIG 2021,000b1c4f-7ae5-4364-b5bc-478de36bef3a,Códigos de naturalezas jurídicas,Contienen los códigos y las descripciones de las naturalezas jurídicas utilizadas en la presentación de la Declaración Jurada.,CSV,https://catalogodatos.gub.uy/dataset/c055b37c-6136-43a6-adad-9e1c540be6c5/resource/000b1c4f-7ae5-4364-b5bc-478de36bef3a/download/naturalezasjuridicas.csv,data-raw/dicose/2021/codigos-de-naturalezas-juridicas__000b1c4f.csv,2026-09-25T06:18:43+0000,522,b5d4f5e5b1c4a934004bb05a2b3e6497,,,2021-09-14T14:07:18.782663,2023-04-20T12:04:27.414395
dicose,2021,preliminar,mgap-datos-preliminares-basados-en-la-declaracion-jurada-de-existencias-dicose-snig-2021,Declaración jurada de existencias DICOSE – SNIG 2021,d037c810-533e-4800-a08c-db782860f8d6,Códigos de producciones,Contienen los códigos y las descripciones de los tipos de producción declarada en la presentación de la Declaración Jurada de Lechería.,CSV,https://catalogodatos.gub.uy/dataset/c055b37c-6136-43a6-adad-9e1c540be6c5/resource/d037c810-533e-4800-a08c-db782860f8d6/download/tiposproducciones.csv,data-raw/dicose/2021/codigos-de-producciones__d037c810.csv,2026-09-25T06:18:47+0000,293,af643b527d036c985f785018537ec69b,,,2021-09-14T14:36:41.431846,2023-04-20T12:04:27.414395
dicose,2021,preliminar,mgap-datos-preliminares-basados-en-la-declaracion-jurada-de-existencias-dicose-snig-2021,Declaración jurada de existencias DICOSE – SNIG 2021,0a5b534e-be1b-4a0f-826b-bbc80dff716b,Códigos de productos,Contienen los códigos y las descripciones de productos declarados en la presentación de la Declaración Jurada de Lechería.,CSV,https://catalogodatos.gub.uy/dataset/c055b37c-6136-43a6-adad-9e1c540be6c5/resource/0a5b534e-be1b-4a0f-826b-bbc80dff716b/download/productos.csv,data-raw/dicose/2021/codigos-de-productos__0a5b534e.csv,2026-09-25T06:18:44+0000,100,ecbea0837019851d73062710b9b5c9a2,,,2021-09-14T14:33:29.253391,2023-04-20T12:04:27.414395
dicose,2021,preliminar,mgap-datos-preliminares-basados-en-la-declaracion-jurada-de-existencias-dicose-snig-2021,Declaración jurada de existencias DICOSE – SNIG 2021,5c9feb1f-7d7a-49b5-836a-773c94d152d7,Códigos de tenencia de tierra,Contienen los códigos y las descripciones de la tenencia de la tierra que se utilizan en la presentación de la Declaración Jurada.,CSV,https://catalogodatos.gub.uy/dataset/c055b37c-6136-43a6-adad-9e1c540be6c5/resource/5c9feb1f-7d7a-49b5-836a-773c94d152d7/download/tenenciastierra.csv,data-raw/dicose/2021/codigos-de-tenencia-de-tierra__5c9feb1f.csv,2026-09-25T06:18:46+0000,222,6e9a010e1ce0b17ce20ddc6cf50066b9,,,2021-09-14T14:35:10.421056,2023-04-20T12:04:27.414395
dicose,2021,preliminar,mgap-datos-preliminares-basados-en-la-declaracion-jurada-de-existencias-dicose-snig-2021,Declaración jurada de existencias DICOSE – SNIG 2021,4d0661a4-2aa9-41f6-af36-f0886446cd27,Códigos de usos de tierra,Contienen los códigos y las descripciones de los usos de la tierra utilizados en la presentación de la Declaración Jurada.,CSV,https://catalogodatos.gub.uy/dataset/c055b37c-6136-43a6-adad-9e1c540be6c5/resource/4d0661a4-2aa9-41f6-af36-f0886446cd27/download/usostierra.csv,data-raw/dicose/2021/codigos-de-usos-de-tierra__4d0661a4.csv,2026-09-25T06:18:48+0000,261,edcc630b94a83f40225609f3045f58f4,,,2021-09-14T14:38:05.778169,2023-04-20T12:04:27.414395
dicose,2021,preliminar,mgap-datos-preliminares-basados-en-la-declaracion-jurada-de-existencias-dicose-snig-2021,Declaración jurada de existencias DICOSE – SNIG 2021,bf2f65d3-1bd9-450e-a8a1-bd8837f8a2c1,Datos animales,"Contiene los nacimientos, consumos y muertes de animales así como la cantidad de tenedores y animales por especie.",CSV,https://catalogodatos.gub.uy/dataset/c055b37c-6136-43a6-adad-9e1c540be6c5/resource/bf2f65d3-1bd9-450e-a8a1-bd8837f8a2c1/download/datosanimales.csv,data-raw/dicose/2021/datos-animales__bf2f65d3.csv,2026-09-25T06:18:24+0000,3043700,2142521f8de406db38640dbd08202396,,,2021-09-14T12:16:54.642994,2023-04-20T12:04:27.414395
dicose,2021,preliminar,mgap-datos-preliminares-basados-en-la-declaracion-jurada-de-existencias-dicose-snig-2021,Declaración jurada de existencias DICOSE – SNIG 2021,9296a33d-cb19-40b2-9cf6-6957feec4532,Datos generales,"Para el ejercicio ganadero, departamento, actividad, etc, detalla cantidad de tenedores, superficie explotada y con destino ganadería, und. ganaderas.",CSV,https://catalogodatos.gub.uy/dataset/c055b37c-6136-43a6-adad-9e1c540be6c5/resource/9296a33d-cb19-40b2-9cf6-6957feec4532/download/datosgenerales.csv,data-raw/dicose/2021/datos-generales__9296a33d.csv,2026-09-25T06:18:22+0000,1356806,b8c9fff30276f895900fb6f99830cd0d,,,2021-09-13T19:10:31.249674,2023-04-20T12:04:27.414395
dicose,2021,preliminar,mgap-datos-preliminares-basados-en-la-declaracion-jurada-de-existencias-dicose-snig-2021,Declaración jurada de existencias DICOSE – SNIG 2021,ec3190c6-e504-4503-a5fd-3f7a02d2d434,Mejoramientos de tierras,"Para el ejercicio ganadero, departamento, actividad, etc. detalla las hectáreas en las que se realizaron mejoras.",CSV,https://catalogodatos.gub.uy/dataset/c055b37c-6136-43a6-adad-9e1c540be6c5/resource/ec3190c6-e504-4503-a5fd-3f7a02d2d434/download/datosmejoramientostierra.csv,data-raw/dicose/2021/mejoramientos-de-tierras__ec3190c6.csv,2026-09-25T06:18:31+0000,923948,e60249c695486d3bb5702a4b24e0b3d2,,,2021-09-14T12:32:53.872310,2023-04-20T12:04:27.414395
dicose,2021,preliminar,mgap-datos-preliminares-basados-en-la-declaracion-jurada-de-existencias-dicose-snig-2021,Declaración jurada de existencias DICOSE – SNIG 2021,2e12f4ba-f1bd-4a6c-ae48-1561c0fcb3ac,Metadatos de animales detallados,Este recurso contiene los metadatos correspondientes a la información detallada de animales declarados por categoría.,CSV,https://catalogodatos.gub.uy/dataset/c055b37c-6136-43a6-adad-9e1c540be6c5/resource/2e12f4ba-f1bd-4a6c-ae48-1561c0fcb3ac/download/datosanimalesdetallados.csv,data-raw/dicose/2021/metadatos-de-animales-detallados__2e12f4ba.csv,2026-09-25T06:18:28+0000,4326,6e3a8456330b5910c9cdf02d410f0e97,,,2021-09-14T12:27:45.507540,2023-04-20T12:04:27.414395
dicose,2021,preliminar,mgap-datos-preliminares-basados-en-la-declaracion-jurada-de-existencias-dicose-snig-2021,Declaración jurada de existencias DICOSE – SNIG 2021,6db30cd9-31e8-495c-9d86-a7a9d9ed8742,Metadatos de códigos de actividades,Este recurso contiene los metadatos de los códigos de actividades.,CSV,https://catalogodatos.gub.uy/dataset/c055b37c-6136-43a6-adad-9e1c540be6c5/resource/6db30cd9-31e8-495c-9d86-a7a9d9ed8742/download/actividades.csv,data-raw/dicose/2021/metadatos-de-codigos-de-actividades__6db30cd9.csv,2026-09-25T06:18:36+0000,234,29f7836b09de31d5e0d7083be6500c88,,,2021-09-14T12:54:23.195936,2023-04-20T12:04:27.414395
dicose,2021,preliminar,mgap-datos-preliminares-basados-en-la-declaracion-jurada-de-existencias-dicose-snig-2021,Declaración jurada de existencias DICOSE – SNIG 2021,1256479d-7582-4836-a833-c4e1f09cfb30,Metadatos de códigos de categoría,Este recurso contiene los metadatos de códigos de categoría.,CSV,https://catalogodatos.gub.uy/dataset/c055b37c-6136-43a6-adad-9e1c540be6c5/resource/1256479d-7582-4836-a833-c4e1f09cfb30/download/categorias.csv,data-raw/dicose/2021/metadatos-de-codigos-de-categoria__1256479d.csv,2026-09-25T06:18:37+0000,449,5896b7fc44dea328fed22240b2ec108c,,,2021-09-14T12:56:12.892225,2023-04-20T12:04:27.414395
dicose,2021,preliminar,mgap-datos-preliminares-basados-en-la-declaracion-jurada-de-existencias-dicose-snig-2021,Declaración jurada de existencias DICOSE – SNIG 2021,c9d81260-1a88-4f9a-ab7d-25e36ee4cb9b,Metadatos de códigos de departamentos,Este recurso contiene los metadatos de códigos de departamentos.,CSV,https://catalogodatos.gub.uy/dataset/c055b37c-6136-43a6-adad-9e1c540be6c5/resource/c9d81260-1a88-4f9a-ab7d-25e36ee4cb9b/download/departamentos.csv,data-raw/dicose/2021/metadatos-de-codigos-de-departamentos__c9d81260.csv,2026-09-25T06:18:38+0000,252,fbf37cd3a32c28c771f84d70a20ff292,,,2021-09-14T12:58:50.175905,2023-04-20T12:04:27.414395
dicose,2021,preliminar,mgap-datos-preliminares-basados-en-la-declaracion-jurada-de-existencias-dicose-snig-2021,Declaración jurada de existencias DICOSE – SNIG 2021,abf6b924-fe51-418f-a7ce-cae82b1fe72f,Metadatos de códigos de especies,Este recurso contiene los metadatos de códigos de especies.,CSV,https://catalogodatos.gub.uy/dataset/c055b37c-6136-43a6-adad-9e1c540be6c5/resource/abf6b924-fe51-418f-a7ce-cae82b1fe72f/download/especies.csv,data-raw/dicose/2021/metadatos-de-codigos-de-especies__abf6b924.csv,2026-09-25T06:18:39+0000,216,f833502269e853a43d3e60bde4889f3d,,,2021-09-14T13:01:01.855054,2023-04-20T12:04:27.414395
dicose,2021,preliminar,mgap-datos-preliminares-basados-en-la-declaracion-jurada-de-existencias-dicose-snig-2021,Declaración jurada de existencias DICOSE – SNIG 2021,ef1fb81d-da4e-42c1-872b-f4ddcc78aa6e,Metadatos de códigos de estratos,Este recurso contiene los metadatos de código de estratos.,CSV,https://catalogodatos.gub.uy/dataset/c055b37c-6136-43a6-adad-9e1c540be6c5/resource/ef1fb81d-da4e-42c1-872b-f4ddcc78aa6e/download/estratos.csv,data-raw/dicose/2021/metadatos-de-codigos-de-estratos__ef1fb81d.csv,2026-09-25T06:18:39+0000,212,dd88ca685f6e5666597c4c46b8d365bc,,,2021-09-14T13:02:41.782927,2023-04-20T12:04:27.414395
dicose,2021,preliminar,mgap-datos-preliminares-basados-en-la-declaracion-jurada-de-existencias-dicose-snig-2021,Declaración jurada de existencias DICOSE – SNIG 2021,e02a5f1a-4801-4a74-87bc-c2a3eff66af7,Metadatos de códigos de giros,Este recurso contiene los metadatos de códigos de giros.,CSV,https://catalogodatos.gub.uy/dataset/c055b37c-6136-43a6-adad-9e1c540be6c5/resource/e02a5f1a-4801-4a74-87bc-c2a3eff66af7/download/giros.csv,data-raw/dicose/2021/metadatos-de-codigos-de-giros__e02a5f1a.csv,2026-09-25T06:18:42+0000,188,1699d582797eef7b5ad66b23aedceb28,,,2021-09-14T13:06:36.921721,2023-04-20T12:04:27.414395
dicose,2021,preliminar,mgap-datos-preliminares-basados-en-la-declaracion-jurada-de-existencias-dicose-snig-2021,Declaración jurada de existencias DICOSE – SNIG 2021,52bc5ce2-5874-4188-ad95-8d4ce7e68184,Metadatos de códigos de productos,Este recurso contiene los metadatos de códigos de productos.,CSV,https://catalogodatos.gub.uy/dataset/c055b37c-6136-43a6-adad-9e1c540be6c5/resource/52bc5ce2-5874-4188-ad95-8d4ce7e68184/download/productos.csv,data-raw/dicose/2021/metadatos-de-codigos-de-productos__52bc5ce2.csv,2026-09-25T06:18:46+0000,336,9f71c1011ea7a66321fee98ed9bd32e2,,,2021-09-14T14:34:11.330951,2023-04-20T12:04:27.414395
dicose,2021,preliminar,mgap-datos-preliminares-basados-en-la-declaracion-jurada-de-existencias-dicose-snig-2021,Declaración jurada de existencias DICOSE – SNIG 2021,6dd6dea6-2a80-4b71-9527-7244a815b56e,Metadatos de códigos de tenencia de tierra,Este recurso contiene los metadatos de códigos de tenencia de tierra.,CSV,https://catalogodatos.gub.uy/dataset/c055b37c-6136-43a6-adad-9e1c540be6c5/resource/6dd6dea6-2a80-4b71-9527-7244a815b56e/download/tenenciastierra.csv,data-raw/dicose/2021/metadatos-de-codigos-de-tenencia-de-tierra__6dd6dea6.csv,2026-09-25T06:18:47+0000,264,b3e5f6fd1ae45a93fd8d0ba2dfcbfb1d,,,2021-09-14T14:35:58.477402,2023-04-20T12:04:27.414395
dicose,2021,preliminar,mgap-datos-preliminares-basados-en-la-declaracion-jurada-de-existencias-dicose-snig-2021,Declaración jurada de existencias DICOSE – SNIG 2021,bd27f776-2aac-4c79-94cc-742fbc63babf,Metadatos de códigos de usos de tierra,Este recurso contiene los metadatos de códigos de usos de tierra.,CSV,https://catalogodatos.gub.uy/dataset/c055b37c-6136-43a6-adad-9e1c540be6c5/resource/bd27f776-2aac-4c79-94cc-742fbc63babf/download/usostierra.csv,data-raw/dicose/2021/metadatos-de-codigos-de-usos-de-tierra__bd27f776.csv,2026-09-25T06:18:49+0000,220,f80938a7812a66a9f55b37f4fd45e2fa,,,2021-09-14T14:39:17.109225,2023-04-20T12:04:27.414395
dicose,2021,preliminar,mgap-datos-preliminares-basados-en-la-declaracion-jurada-de-existencias-dicose-snig-2021,Declaración jurada de existencias DICOSE – SNIG 2021,ddf142b8-abbf-4e8c-9cfc-63bb41cf7bb2,Metadatos de códigos tipos de producción,Este recurso contiene los metadatos de códigos de tipos de producción.,CSV,https://catalogodatos.gub.uy/dataset/c055b37c-6136-43a6-adad-9e1c540be6c5/resource/ddf142b8-abbf-4e8c-9cfc-63bb41cf7bb2/download/tiposproducciones.csv,data-raw/dicose/2021/metadatos-de-codigos-tipos-de-produccion__ddf142b8.csv,2026-09-25T06:18:48+0000,284,85648a7ea761d6a8962ee84575e2cfb2,,,2021-09-14T14:37:26.387092,2023-04-20T12:04:27.414395
dicose,2021,preliminar,mgap-datos-preliminares-basados-en-la-declaracion-jurada-de-existencias-dicose-snig-2021,Declaración jurada de existencias DICOSE – SNIG 2021,5efdddff-d528-4c54-87ec-479be475d6f3,Metadatos de datos animales,"Este recurso contiene los metadatos correspondientes a datos de animales, así como su origen y limitantes.",CSV,https://catalogodatos.gub.uy/dataset/c055b37c-6136-43a6-adad-9e1c540be6c5/resource/5efdddff-d528-4c54-87ec-479be475d6f3/download/datosanimales.csv,data-raw/dicose/2021/metadatos-de-datos-animales__5efdddff.csv,2026-09-25T06:18:24+0000,4636,115813e3d826a8c06e7f3f7ff9489370,,,2021-09-14T12:18:31.591021,2023-04-20T12:04:27.414395
dicose,2021,preliminar,mgap-datos-preliminares-basados-en-la-declaracion-jurada-de-existencias-dicose-snig-2021,Declaración jurada de existencias DICOSE – SNIG 2021,93e5f1ad-57e3-40b4-b044-d477fa1e68e4,Metadatos de datos generales,Este recurso contiene los metadatos de los datos generales.,CSV,https://catalogodatos.gub.uy/dataset/c055b37c-6136-43a6-adad-9e1c540be6c5/resource/93e5f1ad-57e3-40b4-b044-d477fa1e68e4/download/datosgenerales.csv,data-raw/dicose/2021/metadatos-de-datos-generales__93e5f1ad.csv,2026-09-25T06:18:22+0000,4146,f8c062e3eb3b29d169ebca5b3d2e10f7,,,2021-09-13T19:12:30.263970,2023-04-20T12:04:27.414395
dicose,2021,preliminar,mgap-datos-preliminares-basados-en-la-declaracion-jurada-de-existencias-dicose-snig-2021,Declaración jurada de existencias DICOSE – SNIG 2021,7eafb84f-ad83-46cc-bccc-9de66cd1bc0d,Metadatos de mejoramientos de tierras,"Para el ejercicio ganadero, departamento, actividad, etc. detalla las hectáreas en las que se realizaron mejoras.",CSV,https://catalogodatos.gub.uy/dataset/c055b37c-6136-43a6-adad-9e1c540be6c5/resource/7eafb84f-ad83-46cc-bccc-9de66cd1bc0d/download/mejoramientostierra.csv,data-raw/dicose/2021/metadatos-de-mejoramientos-de-tierras__7eafb84f.csv,2026-09-25T06:18:31+0000,292,c8fa8229240b48028c3b3e1c6c989baa,,,2021-09-14T12:37:27.375921,2023-04-20T12:04:27.414395
dicose,2021,preliminar,mgap-datos-preliminares-basados-en-la-declaracion-jurada-de-existencias-dicose-snig-2021,Declaración jurada de existencias DICOSE – SNIG 2021,74825121-6370-4e60-bc94-4b246aaaad15,Metadatos de mejoramientos de tierras,Este recurso contiene los metadatos de mejoramientos de tierras.,CSV,https://catalogodatos.gub.uy/dataset/c055b37c-6136-43a6-adad-9e1c540be6c5/resource/74825121-6370-4e60-bc94-4b246aaaad15/download/mejoramientostierra.csv,data-raw/dicose/2021/metadatos-de-mejoramientos-de-tierras__74825121.csv,2026-09-25T06:18:43+0000,292,c8fa8229240b48028c3b3e1c6c989baa,,,2021-09-14T13:08:33.468851,2023-04-20T12:04:27.414395
dicose,2021,preliminar,mgap-datos-preliminares-basados-en-la-declaracion-jurada-de-existencias-dicose-snig-2021,Declaración jurada de existencias DICOSE – SNIG 2021,97a9ffa8-f04b-482a-85a3-be3862f55f46,Metadatos de naturalezas jurídicas,Este recurso contiene los metadatos de naturalezas jurídicas.,CSV,https://catalogodatos.gub.uy/dataset/c055b37c-6136-43a6-adad-9e1c540be6c5/resource/97a9ffa8-f04b-482a-85a3-be3862f55f46/download/naturalezasjuridicas.csv,data-raw/dicose/2021/metadatos-de-naturalezas-juridicas__97a9ffa8.csv,2026-09-25T06:18:43+0000,310,ebfe167c5287edf6ba33c010edd906b6,,,2021-09-14T14:32:20.469264,2023-04-20T12:04:27.414395
dicose,2021,preliminar,mgap-datos-preliminares-basados-en-la-declaracion-jurada-de-existencias-dicose-snig-2021,Declaración jurada de existencias DICOSE – SNIG 2021,9a4b2c33-0d90-43cc-b44f-59de3f0ffad3,Metadatos de producción de leche,Este recurso contiene los metadatos de producción de leche.,CSV,https://catalogodatos.gub.uy/dataset/c055b37c-6136-43a6-adad-9e1c540be6c5/resource/9a4b2c33-0d90-43cc-b44f-59de3f0ffad3/download/datosproduccionleche.csv,data-raw/dicose/2021/metadatos-de-produccion-de-leche__9a4b2c33.csv,2026-09-25T06:18:33+0000,3836,02006a52edc499456c0a98e2a8dfa2b1,,,2021-09-14T12:40:15.295069,2023-04-20T12:04:27.414395
dicose,2021,preliminar,mgap-datos-preliminares-basados-en-la-declaracion-jurada-de-existencias-dicose-snig-2021,Declaración jurada de existencias DICOSE – SNIG 2021,d48a40bd-575b-4d7c-a348-4e6afd060bed,Metadatos de producción de leche en establecimiento,Este recurso contiene los metadatos de producción de leche en establecimiento.,CSV,https://catalogodatos.gub.uy/dataset/c055b37c-6136-43a6-adad-9e1c540be6c5/resource/d48a40bd-575b-4d7c-a348-4e6afd060bed/download/datosproduccionlecheenestablecimiento.csv,data-raw/dicose/2021/metadatos-de-produccion-de-leche-en-establecimiento__d48a40bd.csv,2026-09-25T06:18:34+0000,3586,b2972c3b611ebc65d26b343666e86583,,,2021-09-14T12:44:41.318564,2023-04-20T12:04:27.414395
dicose,2021,preliminar,mgap-datos-preliminares-basados-en-la-declaracion-jurada-de-existencias-dicose-snig-2021,Declaración jurada de existencias DICOSE – SNIG 2021,0a9cdb25-3054-4c50-85ba-e3c013b105e2,Metadatos de tenencia de tierra,Este recurso contiene los metadatos de tenencia de la tierra.,CSV,https://catalogodatos.gub.uy/dataset/c055b37c-6136-43a6-adad-9e1c540be6c5/resource/0a9cdb25-3054-4c50-85ba-e3c013b105e2/download/datostenenciastierra.csv,data-raw/dicose/2021/metadatos-de-tenencia-de-tierra__0a9cdb25.csv,2026-09-25T06:18:29+0000,3333,8fb7f6129dad29907fd00347d44764b5,,,2021-09-14T12:30:47.110197,2023-04-20T12:04:27.414395
dicose,2021,preliminar,mgap-datos-preliminares-basados-en-la-declaracion-jurada-de-existencias-dicose-snig-2021,Declaración jurada de existencias DICOSE – SNIG 2021,a6ab4ee9-b0ab-4996-aa9c-7324dbce175e,Metadatos de uso de la tierra,Este recurso contiene los metadatos del uso de la tierra.,CSV,https://catalogodatos.gub.uy/dataset/c055b37c-6136-43a6-adad-9e1c540be6c5/resource/a6ab4ee9-b0ab-4996-aa9c-7324dbce175e/download/datosusostierra.csv,data-raw/dicose/2021/metadatos-de-uso-de-la-tierra__a6ab4ee9.csv,2026-09-25T06:18:30+0000,3308,0345a335575022409ab869c463a843e1,,,2021-09-14T12:34:23.134600,2023-04-20T12:04:27.414395
dicose,2021,preliminar,mgap-datos-preliminares-basados-en-la-declaracion-jurada-de-existencias-dicose-snig-2021,Declaración jurada de existencias DICOSE – SNIG 2021,3b7b354c-68da-4816-bf50-e542e925a7ef,Producción de leche,"Para el ejercicio ganadero, departamento, actividad, etc. detalla la cantidad de tenedores con la producción de leche en litros.",CSV,https://catalogodatos.gub.uy/dataset/c055b37c-6136-43a6-adad-9e1c540be6c5/resource/3b7b354c-68da-4816-bf50-e542e925a7ef/download/datosproduccionleche.csv,data-raw/dicose/2021/produccion-de-leche__3b7b354c.csv,2026-09-25T06:18:32+0000,252674,ffc05ab228aea07f494b60a57bba427b,,,2021-09-14T14:42:52.494710,2023-04-20T12:04:27.414395
dicose,2021,preliminar,mgap-datos-preliminares-basados-en-la-declaracion-jurada-de-existencias-dicose-snig-2021,Declaración jurada de existencias DICOSE – SNIG 2021,8af9fd2a-c47f-4a2d-ab47-33d474c4dfc5,Producción de leche en establecimiento,"Para el ejercicio ganadero, departamento, actividad, etc. detalla la cantidad de leche en litros producida en establecimiento.",CSV,https://catalogodatos.gub.uy/dataset/c055b37c-6136-43a6-adad-9e1c540be6c5/resource/8af9fd2a-c47f-4a2d-ab47-33d474c4dfc5/download/datosproduccionlecheenestablecimiento.csv,data-raw/dicose/2021/produccion-de-leche-en-establecimiento__8af9fd2a.csv,2026-09-25T06:18:33+0000,20586,ea0dda00cd78ddb10235a04637dd95f6,,,2021-09-14T12:41:12.182810,2023-04-20T12:04:27.414395
dicose,2021,preliminar,mgap-datos-preliminares-basados-en-la-declaracion-jurada-de-existencias-dicose-snig-2021,Declaración jurada de existencias DICOSE – SNIG 2021,a089a084-6550-4276-aeac-fb4e47cfb94c,Tenencia de tierra,"Para el ejercicio ganadero, departamento, actividad, etc. detalla la cantidad de hectáreas explotadas.CSV",CSV,https://catalogodatos.gub.uy/dataset/c055b37c-6136-43a6-adad-9e1c540be6c5/resource/a089a084-6550-4276-aeac-fb4e47cfb94c/download/datostenenciastierra.csv,data-raw/dicose/2021/tenencia-de-tierra__a089a084.csv,2026-09-25T06:18:28+0000,1358849,e9281e23919ac283d71cc71920d3f6b8,,,2021-09-14T12:28:43.047975,2023-04-20T12:04:27.414395
dicose,2021,preliminar,mgap-datos-preliminares-basados-en-la-declaracion-jurada-de-existencias-dicose-snig-2021,Declaración jurada de existencias DICOSE – SNIG 2021,0368642c-90fa-45d7-8c40-f669d735f6f8,Uso de la tierra,"Para el ejercicio ganadero, departamento, actividad, etc. detalla la cantidad de hectáreas según la explotación o uso de la tierra.",CSV,https://catalogodatos.gub.uy/dataset/c055b37c-6136-43a6-adad-9e1c540be6c5/resource/0368642c-90fa-45d7-8c40-f669d735f6f8/download/datosusostierra.csv,data-raw/dicose/2021/uso-de-la-tierra__0368642c.csv,2026-09-25T06:18:30+0000,2005405,6fb42d0bf8a60cb6df2075f9ae1f3c83,,,2021-09-14T12:31:48.600423,2023-04-20T12:04:27.414395
dicose,2022,preliminar,datos-preliminares-declaracion-jurada-de-existencias-dicose-snig-2022,Declaración jurada de existencias DICOSE – SNIG 2022,689e01bc-6632-41f1-ba62-2c6296d2258a,Animales detallados,"Para el ejercicio ganadero, departamento, actividad, etc. detalla los animales declarados por categoría.",CSV,https://catalogodatos.gub.uy/dataset/23a61894-90fe-4f67-9d33-a2abbaef046a/resource/689e01bc-6632-41f1-ba62-2c6296d2258a/download/datosanimalesdetallados.csv,data-raw/dicose/2022/animales-detallados__689e01bc.csv,2026-09-25T06:18:56+0000,12683342,ce1315d9cd5beb2281caad6a6be90687,,,2023-04-13T14:45:20.925219,2023-04-20T12:05:09.481991
dicose,2022,preliminar,datos-preliminares-declaracion-jurada-de-existencias-dicose-snig-2022,Declaración jurada de existencias DICOSE – SNIG 2022,ddbe1b36-f112-4a33-9e9f-9da94d90f74c,Códigos de actividades,Contiene los códigos de actividad que se definen al momento de la creación del DICOSE en base a los procesos productivos que va a desarrollar.,CSV,https://catalogodatos.gub.uy/dataset/23a61894-90fe-4f67-9d33-a2abbaef046a/resource/ddbe1b36-f112-4a33-9e9f-9da94d90f74c/download/actividades.csv,data-raw/dicose/2022/codigos-de-actividades__ddbe1b36.csv,2026-09-25T06:19:05+0000,572,74ecc6dfa6d768160b6098c60692392a,,,2023-04-13T14:47:57.832651,2023-04-20T12:05:09.481991
dicose,2022,preliminar,datos-preliminares-declaracion-jurada-de-existencias-dicose-snig-2022,Declaración jurada de existencias DICOSE – SNIG 2022,20410bcc-c677-4257-8fac-6300a57dcd79,Códigos de categoría,"Contiene las categorías para las especies (bovinos, ovinos, yeguarizos, suinos y caprinos) que figuran en la declaración jurada de existencias.",CSV,https://catalogodatos.gub.uy/dataset/23a61894-90fe-4f67-9d33-a2abbaef046a/resource/20410bcc-c677-4257-8fac-6300a57dcd79/download/categorias.csv,data-raw/dicose/2022/codigos-de-categoria__20410bcc.csv,2026-09-25T06:19:05+0000,1484,a7be6a9e70bb6fa8f5d180eee3ab607e,,,2023-04-13T14:48:19.295156,2023-04-20T12:05:09.481991
dicose,2022,preliminar,datos-preliminares-declaracion-jurada-de-existencias-dicose-snig-2022,Declaración jurada de existencias DICOSE – SNIG 2022,fd15135a-2bf4-4b2a-8480-7383cc3d710b,Códigos de departamentos,Contiene los códigos y las descripciones de los 19 departamentos del Uruguay utilizados para la presentación de la Declaración Jurada.,CSV,https://catalogodatos.gub.uy/dataset/23a61894-90fe-4f67-9d33-a2abbaef046a/resource/fd15135a-2bf4-4b2a-8480-7383cc3d710b/download/departamentos.csv,data-raw/dicose/2022/codigos-de-departamentos__fd15135a.csv,2026-09-25T06:19:06+0000,292,91288533b80820971ed02ba003fd2ac8,,,2023-04-13T14:48:44.754550,2023-04-20T12:05:09.481991
dicose,2022,preliminar,datos-preliminares-declaracion-jurada-de-existencias-dicose-snig-2022,Declaración jurada de existencias DICOSE – SNIG 2022,7d96f3f3-e918-43c4-a684-f37b9ead9961,Códigos de especializaciones MGAP,Contienen los códigos y las descripciones de diferentes tipos de especializaciones establecidas por el MGAP para caracterizar a un productor.,CSV,https://catalogodatos.gub.uy/dataset/23a61894-90fe-4f67-9d33-a2abbaef046a/resource/7d96f3f3-e918-43c4-a684-f37b9ead9961/download/especializacionesmgap.csv,data-raw/dicose/2022/codigos-de-especializaciones-mgap__7d96f3f3.csv,2026-09-25T06:19:18+0000,133,c906650e22d0d87ee1f473ae473f0c4b,,,2023-04-13T15:00:08.895151,2023-04-20T12:05:09.481991
dicose,2022,preliminar,datos-preliminares-declaracion-jurada-de-existencias-dicose-snig-2022,Declaración jurada de existencias DICOSE – SNIG 2022,10574246-c165-4da9-92b8-0b9181dbf875,Códigos de especies,Contienen los códigos y la descripción de las especies utilizadas para la presentación de la Declaración Jurada.,CSV,https://catalogodatos.gub.uy/dataset/23a61894-90fe-4f67-9d33-a2abbaef046a/resource/10574246-c165-4da9-92b8-0b9181dbf875/download/especies.csv,data-raw/dicose/2022/codigos-de-especies__10574246.csv,2026-09-25T06:19:07+0000,129,4b4d0f99493f7576dd9da6032ea29343,,,2023-04-13T14:49:14.333720,2023-04-20T12:05:09.481991
dicose,2022,preliminar,datos-preliminares-declaracion-jurada-de-existencias-dicose-snig-2022,Declaración jurada de existencias DICOSE – SNIG 2022,85c3c512-e128-4437-b2bc-67b2cb923679,Códigos de estratos,Contienen los códigos y la descripción de los estratos para utilizar en la presentación de la Declaración Jurada.,CSV,https://catalogodatos.gub.uy/dataset/23a61894-90fe-4f67-9d33-a2abbaef046a/resource/85c3c512-e128-4437-b2bc-67b2cb923679/download/estratos.csv,data-raw/dicose/2022/codigos-de-estratos__85c3c512.csv,2026-09-25T06:19:08+0000,198,4b4207d03199f0984ae23640f6554019,,,2023-04-13T14:49:38.804517,2023-04-20T12:05:09.481991
dicose,2022,preliminar,datos-preliminares-declaracion-jurada-de-existencias-dicose-snig-2022,Declaración jurada de existencias DICOSE – SNIG 2022,5f228177-059a-4172-91c2-2fb13b9b36ec,Códigos de giros,Contienen los códigos y la descripción de los giros utilizados en la presentación de la Declaración Jurada.,CSV,https://catalogodatos.gub.uy/dataset/23a61894-90fe-4f67-9d33-a2abbaef046a/resource/5f228177-059a-4172-91c2-2fb13b9b36ec/download/giros.csv,data-raw/dicose/2022/codigos-de-giros__5f228177.csv,2026-09-25T06:19:09+0000,1020,1f93975aeb948f43bde071f4b470ccfb,,,2023-04-13T14:50:02.261974,2023-04-20T12:05:09.481991
dicose,2022,preliminar,datos-preliminares-declaracion-jurada-de-existencias-dicose-snig-2022,Declaración jurada de existencias DICOSE – SNIG 2022,8522b80a-8fee-4b65-af21-4ad52c160376,Códigos de mejoramientos de tierras,Contienen los códigos y la descripción de los tipos de mejoramientos de tierras utilizados en la presentación de la Declaración Jurada.,CSV,https://catalogodatos.gub.uy/dataset/23a61894-90fe-4f67-9d33-a2abbaef046a/resource/8522b80a-8fee-4b65-af21-4ad52c160376/download/mejoramientostierra.csv,data-raw/dicose/2022/codigos-de-mejoramientos-de-tierras__8522b80a.csv,2026-09-25T06:19:10+0000,319,35f5c5d37af8960ab3416c3224d93b71,,,2023-04-13T14:50:28.460771,2023-04-20T12:05:09.481991
dicose,2022,preliminar,datos-preliminares-declaracion-jurada-de-existencias-dicose-snig-2022,Declaración jurada de existencias DICOSE – SNIG 2022,80d62c0f-bf17-4ed1-a14a-ddf1f01fa0f1,Códigos de naturalezas jurídicas,Contienen los códigos y las descripciones de las naturalezas jurídicas utilizadas en la presentación de la Declaración Jurada.,CSV,https://catalogodatos.gub.uy/dataset/23a61894-90fe-4f67-9d33-a2abbaef046a/resource/80d62c0f-bf17-4ed1-a14a-ddf1f01fa0f1/download/naturalezasjuridicas.csv,data-raw/dicose/2022/codigos-de-naturalezas-juridicas__80d62c0f.csv,2026-09-25T06:19:12+0000,522,b5d4f5e5b1c4a934004bb05a2b3e6497,,,2023-04-13T14:50:54.521539,2023-04-20T12:05:09.481991
dicose,2022,preliminar,datos-preliminares-declaracion-jurada-de-existencias-dicose-snig-2022,Declaración jurada de existencias DICOSE – SNIG 2022,5c0fa4c5-c056-438a-a703-449a578d02ed,Códigos de producciones,Contienen los códigos y las descripciones de los tipos de producción declarada en la presentación de la Declaración Jurada de Lechería.,CSV,https://catalogodatos.gub.uy/dataset/23a61894-90fe-4f67-9d33-a2abbaef046a/resource/5c0fa4c5-c056-438a-a703-449a578d02ed/download/tiposproducciones.csv,data-raw/dicose/2022/codigos-de-producciones__5c0fa4c5.csv,2026-09-25T06:19:15+0000,293,af643b527d036c985f785018537ec69b,,,2023-04-13T14:52:27.395100,2023-04-20T12:05:09.481991
dicose,2022,preliminar,datos-preliminares-declaracion-jurada-de-existencias-dicose-snig-2022,Declaración jurada de existencias DICOSE – SNIG 2022,74113743-b331-485d-9029-2ed204e9fd47,Códigos de productos,Contienen los códigos y las descripciones de productos declarados en la presentación de la Declaración Jurada de Lechería.,CSV,https://catalogodatos.gub.uy/dataset/23a61894-90fe-4f67-9d33-a2abbaef046a/resource/74113743-b331-485d-9029-2ed204e9fd47/download/productos.csv,data-raw/dicose/2022/codigos-de-productos__74113743.csv,2026-09-25T06:19:13+0000,100,ecbea0837019851d73062710b9b5c9a2,,,2023-04-13T14:51:23.774093,2023-04-20T12:05:09.481991
dicose,2022,preliminar,datos-preliminares-declaracion-jurada-de-existencias-dicose-snig-2022,Declaración jurada de existencias DICOSE – SNIG 2022,4f8c8ec5-ca58-4026-9540-5aae1cfe249e,Códigos de tenencia de tierra,Contienen los códigos y las descripciones de la tenencia de la tierra que se utilizan en la presentación de la Declaración Jurada.,CSV,https://catalogodatos.gub.uy/dataset/23a61894-90fe-4f67-9d33-a2abbaef046a/resource/4f8c8ec5-ca58-4026-9540-5aae1cfe249e/download/tenenciastierra.csv,data-raw/dicose/2022/codigos-de-tenencia-de-tierra__4f8c8ec5.csv,2026-09-25T06:19:14+0000,222,6e9a010e1ce0b17ce20ddc6cf50066b9,,,2023-04-13T14:52:01.508707,2023-04-20T12:05:09.481991
dicose,2022,preliminar,datos-preliminares-declaracion-jurada-de-existencias-dicose-snig-2022,Declaración jurada de existencias DICOSE – SNIG 2022,935a6091-bb49-49e4-be62-f78fb7943edd,Códigos de tipos de producción MGAP,Contienen los códigos y las descripciones de diferentes tipos de producción establecidos por el MGAP para caracterizar a un productor.,CSV,https://catalogodatos.gub.uy/dataset/23a61894-90fe-4f67-9d33-a2abbaef046a/resource/935a6091-bb49-49e4-be62-f78fb7943edd/download/tiposproduccionmgap.csv,data-raw/dicose/2022/codigos-de-tipos-de-produccion-mgap__935a6091.csv,2026-09-25T06:19:19+0000,219,7ad09c24b3f80a0da09ca35b38bc17e3,,,2023-04-13T15:03:16.946161,2023-04-20T12:05:09.481991
dicose,2022,preliminar,datos-preliminares-declaracion-jurada-de-existencias-dicose-snig-2022,Declaración jurada de existencias DICOSE – SNIG 2022,127d87b1-b260-45fb-a233-0b92fb2e4465,Códigos de usos de tierra,Contienen los códigos y las descripciones de los usos de la tierra utilizados en la presentación de la Declaración Jurada.,CSV,https://catalogodatos.gub.uy/dataset/23a61894-90fe-4f67-9d33-a2abbaef046a/resource/127d87b1-b260-45fb-a233-0b92fb2e4465/download/usostierra.csv,data-raw/dicose/2022/codigos-de-usos-de-tierra__127d87b1.csv,2026-09-25T06:19:17+0000,261,edcc630b94a83f40225609f3045f58f4,,,2023-04-13T14:53:03.172941,2023-04-20T12:05:09.481991
dicose,2022,preliminar,datos-preliminares-declaracion-jurada-de-existencias-dicose-snig-2022,Declaración jurada de existencias DICOSE – SNIG 2022,11ae9f7e-eec3-404f-9fc1-c6d185421451,Datos animales,"Contiene los nacimientos, consumos y muertes de animales así como la cantidad de tenedores y animales por especie.",CSV,https://catalogodatos.gub.uy/dataset/23a61894-90fe-4f67-9d33-a2abbaef046a/resource/11ae9f7e-eec3-404f-9fc1-c6d185421451/download/datosanimales.csv,data-raw/dicose/2022/datos-animales__11ae9f7e.csv,2026-09-25T06:18:54+0000,4213945,c976b62a296bac3a01e06b5c0a2e66b1,,,2023-04-13T14:40:47.796142,2023-04-20T12:05:09.481991
dicose,2022,preliminar,datos-preliminares-declaracion-jurada-de-existencias-dicose-snig-2022,Declaración jurada de existencias DICOSE – SNIG 2022,b635d5b9-53bd-4e39-8e27-491b1922fd0c,Datos generales,"Para el ejercicio ganadero, departamento, actividad, etc, detalla cantidad de tenedores, superficie explotada y con destino ganadería, und. ganaderas.",CSV,https://catalogodatos.gub.uy/dataset/23a61894-90fe-4f67-9d33-a2abbaef046a/resource/b635d5b9-53bd-4e39-8e27-491b1922fd0c/download/datosgenerales.csv,data-raw/dicose/2022/datos-generales__b635d5b9.csv,2026-09-25T06:18:52+0000,2007062,930d8c7f7e07255162a9ee570a9774aa,,,2023-04-13T14:37:37.792309,2023-04-20T12:05:09.481991
dicose,2022,preliminar,datos-preliminares-declaracion-jurada-de-existencias-dicose-snig-2022,Declaración jurada de existencias DICOSE – SNIG 2022,d722c4d3-6291-4f99-a9b2-0e3fbc99dd5a,Mejoramientos de tierras,"Para el ejercicio ganadero, departamento, actividad, etc. detalla las hectáreas en las que se realizaron mejoras.",CSV,https://catalogodatos.gub.uy/dataset/23a61894-90fe-4f67-9d33-a2abbaef046a/resource/d722c4d3-6291-4f99-a9b2-0e3fbc99dd5a/download/datosmejoramientostierra.csv,data-raw/dicose/2022/mejoramientos-de-tierras__d722c4d3.csv,2026-09-25T06:19:02+0000,1210881,ddce4d5a9d62ba9c523cda47649c8d56,,,2023-04-13T14:46:42.083616,2023-04-20T12:05:09.481991
dicose,2022,preliminar,datos-preliminares-declaracion-jurada-de-existencias-dicose-snig-2022,Declaración jurada de existencias DICOSE – SNIG 2022,8f8ea5a4-1a2e-402a-952e-0ce0a962dde7,Metadatos de animales detallados,Este recurso contiene los metadatos correspondientes a la información detallada de animales declarados por categoría.,CSV,https://catalogodatos.gub.uy/dataset/23a61894-90fe-4f67-9d33-a2abbaef046a/resource/8f8ea5a4-1a2e-402a-952e-0ce0a962dde7/download/datosanimalesdetallados.csv,data-raw/dicose/2022/metadatos-de-animales-detallados__8f8ea5a4.csv,2026-09-25T06:18:56+0000,4326,6e3a8456330b5910c9cdf02d410f0e97,,,2022-12-06T13:24:47.272008,2023-04-20T12:05:09.481991
dicose,2022,preliminar,datos-preliminares-declaracion-jurada-de-existencias-dicose-snig-2022,Declaración jurada de existencias DICOSE – SNIG 2022,73ce41f6-0cc6-4e18-b885-8772dc2ceef7,Metadatos de códigos de actividades,Este recurso contiene los metadatos de los códigos de actividades.,CSV,https://catalogodatos.gub.uy/dataset/23a61894-90fe-4f67-9d33-a2abbaef046a/resource/73ce41f6-0cc6-4e18-b885-8772dc2ceef7/download/actividades.csv,data-raw/dicose/2022/metadatos-de-codigos-de-actividades__73ce41f6.csv,2026-09-25T06:19:05+0000,234,29f7836b09de31d5e0d7083be6500c88,,,2023-04-13T15:10:39.382444,2023-04-20T12:05:09.481991
dicose,2022,preliminar,datos-preliminares-declaracion-jurada-de-existencias-dicose-snig-2022,Declaración jurada de existencias DICOSE – SNIG 2022,f34020ba-9bc5-4c50-9af5-c6600936f7c8,Metadatos de códigos de categoría,Este recurso contiene los metadatos de códigos de categoría.,CSV,https://catalogodatos.gub.uy/dataset/23a61894-90fe-4f67-9d33-a2abbaef046a/resource/f34020ba-9bc5-4c50-9af5-c6600936f7c8/download/categorias.csv,data-raw/dicose/2022/metadatos-de-codigos-de-categoria__f34020ba.csv,2026-09-25T06:19:06+0000,449,5896b7fc44dea328fed22240b2ec108c,,,2023-04-13T15:11:07.456886,2023-04-20T12:05:09.481991
dicose,2022,preliminar,datos-preliminares-declaracion-jurada-de-existencias-dicose-snig-2022,Declaración jurada de existencias DICOSE – SNIG 2022,d7f15e3a-2845-48cd-835e-7a0c0d7bcbe9,Metadatos de códigos de departamentos,Este recurso contiene los metadatos de códigos de departamentos.,CSV,https://catalogodatos.gub.uy/dataset/23a61894-90fe-4f67-9d33-a2abbaef046a/resource/d7f15e3a-2845-48cd-835e-7a0c0d7bcbe9/download/departamentos.csv,data-raw/dicose/2022/metadatos-de-codigos-de-departamentos__d7f15e3a.csv,2026-09-25T06:19:07+0000,252,fbf37cd3a32c28c771f84d70a20ff292,,,2023-04-13T15:12:38.418488,2023-04-20T12:05:09.481991
dicose,2022,preliminar,datos-preliminares-declaracion-jurada-de-existencias-dicose-snig-2022,Declaración jurada de existencias DICOSE – SNIG 2022,dcfba10f-24e0-4406-a937-0b5877fb6c3d,Metadatos de códigos de especies,Este recurso contiene los metadatos de códigos de especies.,CSV,https://catalogodatos.gub.uy/dataset/23a61894-90fe-4f67-9d33-a2abbaef046a/resource/dcfba10f-24e0-4406-a937-0b5877fb6c3d/download/especies.csv,data-raw/dicose/2022/metadatos-de-codigos-de-especies__dcfba10f.csv,2026-09-25T06:19:08+0000,216,f833502269e853a43d3e60bde4889f3d,,,2023-04-13T15:13:56.248641,2023-04-20T12:05:09.481991
dicose,2022,preliminar,datos-preliminares-declaracion-jurada-de-existencias-dicose-snig-2022,Declaración jurada de existencias DICOSE – SNIG 2022,42c5d6d6-cd6d-440d-98cf-1511e596be04,Metadatos de códigos de estratos,Este recurso contiene los metadatos de código de estratos.,CSV,https://catalogodatos.gub.uy/dataset/23a61894-90fe-4f67-9d33-a2abbaef046a/resource/42c5d6d6-cd6d-440d-98cf-1511e596be04/download/estratos.csv,data-raw/dicose/2022/metadatos-de-codigos-de-estratos__42c5d6d6.csv,2026-09-25T06:19:09+0000,212,dd88ca685f6e5666597c4c46b8d365bc,,,2023-04-13T15:14:35.171945,2023-04-20T12:05:09.481991
dicose,2022,preliminar,datos-preliminares-declaracion-jurada-de-existencias-dicose-snig-2022,Declaración jurada de existencias DICOSE – SNIG 2022,cb9d1192-9cc0-4929-b2eb-bf13de035559,Metadatos de códigos de giros,Este recurso contiene los metadatos de códigos de giros.,CSV,https://catalogodatos.gub.uy/dataset/23a61894-90fe-4f67-9d33-a2abbaef046a/resource/cb9d1192-9cc0-4929-b2eb-bf13de035559/download/giros.csv,data-raw/dicose/2022/metadatos-de-codigos-de-giros__cb9d1192.csv,2026-09-25T06:19:10+0000,188,1699d582797eef7b5ad66b23aedceb28,,,2023-04-13T15:15:04.441188,2023-04-20T12:05:09.481991
dicose,2022,preliminar,datos-preliminares-declaracion-jurada-de-existencias-dicose-snig-2022,Declaración jurada de existencias DICOSE – SNIG 2022,7da6dd51-223e-4e5b-bc94-4ca23b14f3a9,Metadatos de códigos de productos,Este recurso contiene los metadatos de códigos de productos.,CSV,https://catalogodatos.gub.uy/dataset/23a61894-90fe-4f67-9d33-a2abbaef046a/resource/7da6dd51-223e-4e5b-bc94-4ca23b14f3a9/download/productos.csv,data-raw/dicose/2022/metadatos-de-codigos-de-productos__7da6dd51.csv,2026-09-25T06:19:13+0000,336,9f71c1011ea7a66321fee98ed9bd32e2,,,2023-04-13T15:21:24.648575,2023-04-20T12:05:09.481991
dicose,2022,preliminar,datos-preliminares-declaracion-jurada-de-existencias-dicose-snig-2022,Declaración jurada de existencias DICOSE – SNIG 2022,0016cddc-bf2d-4eaa-b2a2-58ba4878d218,Metadatos de códigos de tenencia de tierra,Este recurso contiene los metadatos de códigos de tenencia de tierra.,CSV,https://catalogodatos.gub.uy/dataset/23a61894-90fe-4f67-9d33-a2abbaef046a/resource/0016cddc-bf2d-4eaa-b2a2-58ba4878d218/download/tenenciastierra.csv,data-raw/dicose/2022/metadatos-de-codigos-de-tenencia-de-tierra__0016cddc.csv,2026-09-25T06:19:14+0000,264,b3e5f6fd1ae45a93fd8d0ba2dfcbfb1d,,,2023-04-13T15:21:53.854269,2023-04-20T12:05:09.481991
dicose,2022,preliminar,datos-preliminares-declaracion-jurada-de-existencias-dicose-snig-2022,Declaración jurada de existencias DICOSE – SNIG 2022,6b0f2d7f-620e-423b-9056-d48f79168168,Metadatos de códigos de usos de tierra,Este recurso contiene los metadatos de códigos de usos de tierra.,CSV,https://catalogodatos.gub.uy/dataset/23a61894-90fe-4f67-9d33-a2abbaef046a/resource/6b0f2d7f-620e-423b-9056-d48f79168168/download/usostierra.csv,data-raw/dicose/2022/metadatos-de-codigos-de-usos-de-tierra__6b0f2d7f.csv,2026-09-25T06:19:17+0000,220,f80938a7812a66a9f55b37f4fd45e2fa,,,2023-04-13T15:24:43.670423,2023-04-20T12:05:09.481991
dicose,2022,preliminar,datos-preliminares-declaracion-jurada-de-existencias-dicose-snig-2022,Declaración jurada de existencias DICOSE – SNIG 2022,565afe09-4f50-4d50-bcb9-6c2defe18248,Metadatos de códigos tipos de producción,Este recurso contiene los metadatos de códigos de tipos de producción.,CSV,https://catalogodatos.gub.uy/dataset/23a61894-90fe-4f67-9d33-a2abbaef046a/resource/565afe09-4f50-4d50-bcb9-6c2defe18248/download/tiposproducciones.csv,data-raw/dicose/2022/metadatos-de-codigos-tipos-de-produccion__565afe09.csv,2026-09-25T06:19:16+0000,284,85648a7ea761d6a8962ee84575e2cfb2,,,2022-12-06T13:41:44.726504,2023-04-20T12:05:09.481991
dicose,2022,preliminar,datos-preliminares-declaracion-jurada-de-existencias-dicose-snig-2022,Declaración jurada de existencias DICOSE – SNIG 2022,fdc02ab9-919e-4ef6-ac86-c201ad9220d1,Metadatos de datos animales,"Este recurso contiene los metadatos correspondientes a datos de animales, así como su origen y limitantes.",CSV,https://catalogodatos.gub.uy/dataset/23a61894-90fe-4f67-9d33-a2abbaef046a/resource/fdc02ab9-919e-4ef6-ac86-c201ad9220d1/download/datosanimales.csv,data-raw/dicose/2022/metadatos-de-datos-animales__fdc02ab9.csv,2026-09-25T06:18:54+0000,5121,868ed3b5cd2455d4cdadd243fcd9e9b4,,,2023-04-13T15:05:53.610518,2023-04-20T12:05:09.481991
dicose,2022,preliminar,datos-preliminares-declaracion-jurada-de-existencias-dicose-snig-2022,Declaración jurada de existencias DICOSE – SNIG 2022,ce7908e8-c151-40a7-b9dd-b0e7fc6bcd35,Metadatos de datos generales,Este recurso contiene los metadatos de los datos generales.,CSV,https://catalogodatos.gub.uy/dataset/23a61894-90fe-4f67-9d33-a2abbaef046a/resource/ce7908e8-c151-40a7-b9dd-b0e7fc6bcd35/download/datosgenerales.csv,data-raw/dicose/2022/metadatos-de-datos-generales__ce7908e8.csv,2026-09-25T06:18:52+0000,4631,05191cfa828070c319ed1c7a45ef1117,,,2023-04-13T14:40:01.440157,2023-04-20T12:05:09.481991
dicose,2022,preliminar,datos-preliminares-declaracion-jurada-de-existencias-dicose-snig-2022,Declaración jurada de existencias DICOSE – SNIG 2022,af2ab419-2205-42e7-840e-b3c564f136d1,Metadatos de especializaciones MGAP,Este recurso contiene los metadatos de códigos de especializaciones.,CSV,https://catalogodatos.gub.uy/dataset/23a61894-90fe-4f67-9d33-a2abbaef046a/resource/af2ab419-2205-42e7-840e-b3c564f136d1/download/especializacionesmgap.csv,data-raw/dicose/2022/metadatos-de-especializaciones-mgap__af2ab419.csv,2026-09-25T06:19:18+0000,468,2a7f078923e94ec70504fcd95940bda5,,,2023-04-13T15:01:05.515450,2023-04-20T12:05:09.481991
dicose,2022,preliminar,datos-preliminares-declaracion-jurada-de-existencias-dicose-snig-2022,Declaración jurada de existencias DICOSE – SNIG 2022,41a455e4-ff52-489b-87b8-d2e8be8162ee,Metadatos de mejoramientos de tierras,Este recurso contiene los metadatos de los mejoramientos de tierras.,CSV,https://catalogodatos.gub.uy/dataset/23a61894-90fe-4f67-9d33-a2abbaef046a/resource/41a455e4-ff52-489b-87b8-d2e8be8162ee/download/datosmejoramientostierra.csv,data-raw/dicose/2022/metadatos-de-mejoramientos-de-tierras__41a455e4.csv,2026-09-25T06:19:02+0000,3829,d94ce0b8fec687bf8d75097bc16c9ce7,,,2023-04-13T15:09:22.539643,2023-04-20T12:05:09.481991
dicose,2022,preliminar,datos-preliminares-declaracion-jurada-de-existencias-dicose-snig-2022,Declaración jurada de existencias DICOSE – SNIG 2022,1c24d68f-f588-40e4-b1d5-44edeb2b3793,Metadatos de mejoramientos de tierras,Este recurso contiene los metadatos de mejoramientos de tierras.,CSV,https://catalogodatos.gub.uy/dataset/23a61894-90fe-4f67-9d33-a2abbaef046a/resource/1c24d68f-f588-40e4-b1d5-44edeb2b3793/download/mejoramientostierra.csv,data-raw/dicose/2022/metadatos-de-mejoramientos-de-tierras__1c24d68f.csv,2026-09-25T06:19:11+0000,292,c8fa8229240b48028c3b3e1c6c989baa,,,2023-04-13T15:16:36.339932,2023-04-20T12:05:09.481991
dicose,2022,preliminar,datos-preliminares-declaracion-jurada-de-existencias-dicose-snig-2022,Declaración jurada de existencias DICOSE – SNIG 2022,2c2a6513-c448-4de1-bc84-1b81df6ccb16,Metadatos de naturalezas jurídicas,Este recurso contiene los metadatos de naturalezas jurídicas.,CSV,https://catalogodatos.gub.uy/dataset/23a61894-90fe-4f67-9d33-a2abbaef046a/resource/2c2a6513-c448-4de1-bc84-1b81df6ccb16/download/naturalezasjuridicas.csv,data-raw/dicose/2022/metadatos-de-naturalezas-juridicas__2c2a6513.csv,2026-09-25T06:19:12+0000,310,ebfe167c5287edf6ba33c010edd906b6,,,2023-04-13T15:18:51.766488,2023-04-20T12:05:09.481991
dicose,2022,preliminar,datos-preliminares-declaracion-jurada-de-existencias-dicose-snig-2022,Declaración jurada de existencias DICOSE – SNIG 2022,cb89e753-1d10-47ee-8ceb-8fd60ba964ba,Metadatos de producción de leche,Este recurso contiene los metadatos de producción de leche.,CSV,https://catalogodatos.gub.uy/dataset/23a61894-90fe-4f67-9d33-a2abbaef046a/resource/cb89e753-1d10-47ee-8ceb-8fd60ba964ba/download/datosproduccionleche.csv,data-raw/dicose/2022/metadatos-de-produccion-de-leche__cb89e753.csv,2026-09-25T06:19:03+0000,4321,02258b4e32840d0e198ffb4efb75f631,,,2023-04-13T15:09:48.797578,2023-04-20T12:05:09.481991
dicose,2022,preliminar,datos-preliminares-declaracion-jurada-de-existencias-dicose-snig-2022,Declaración jurada de existencias DICOSE – SNIG 2022,673fbf22-4d16-470f-a0ae-c1b97504dc58,Metadatos de producción de leche en establecimiento,Este recurso contiene los metadatos de producción de leche en establecimiento.,CSV,https://catalogodatos.gub.uy/dataset/23a61894-90fe-4f67-9d33-a2abbaef046a/resource/673fbf22-4d16-470f-a0ae-c1b97504dc58/download/datosproduccionlecheenestablecimiento.csv,data-raw/dicose/2022/metadatos-de-produccion-de-leche-en-establecimiento__673fbf22.csv,2026-09-25T06:19:04+0000,4071,b5ebd6d3d0388bfc88691808c0d43e47,,,2023-04-13T15:13:12.634967,2023-04-20T12:05:09.481991
dicose,2022,preliminar,datos-preliminares-declaracion-jurada-de-existencias-dicose-snig-2022,Declaración jurada de existencias DICOSE – SNIG 2022,f72310fa-9afc-4b37-9676-b0ff1273b116,Metadatos de tenencia de tierra,Este recurso contiene los metadatos de tenencia de la tierra.,CSV,https://catalogodatos.gub.uy/dataset/23a61894-90fe-4f67-9d33-a2abbaef046a/resource/f72310fa-9afc-4b37-9676-b0ff1273b116/download/datostenenciastierra.csv,data-raw/dicose/2022/metadatos-de-tenencia-de-tierra__f72310fa.csv,2026-09-25T06:19:00+0000,3818,e0f5d3e9287d3bb28aaa33a401bb5fba,,,2023-04-13T15:06:29.904464,2023-04-20T12:05:09.481991
dicose,2022,preliminar,datos-preliminares-declaracion-jurada-de-existencias-dicose-snig-2022,Declaración jurada de existencias DICOSE – SNIG 2022,7e9811f8-f391-40d5-b6f3-5e1b6e46ac63,Metadatos de tipos de producción MGAP,Este recurso contiene los metadatos de códigos de tipos de producción,CSV,https://catalogodatos.gub.uy/dataset/23a61894-90fe-4f67-9d33-a2abbaef046a/resource/7e9811f8-f391-40d5-b6f3-5e1b6e46ac63/download/tiposproduccionmgap.csv,data-raw/dicose/2022/metadatos-de-tipos-de-produccion-mgap__7e9811f8.csv,2026-09-25T06:19:19+0000,454,aa9c54a4b7798d09b5f5e25eb814c669,,,2023-04-13T15:02:47.862382,2023-04-20T12:05:09.481991
dicose,2022,preliminar,datos-preliminares-declaracion-jurada-de-existencias-dicose-snig-2022,Declaración jurada de existencias DICOSE – SNIG 2022,67c81a6c-227d-4fc7-96ff-1bfae8e01520,Metadatos de uso de la tierra,Este recurso contiene los metadatos del uso de la tierra.,CSV,https://catalogodatos.gub.uy/dataset/23a61894-90fe-4f67-9d33-a2abbaef046a/resource/67c81a6c-227d-4fc7-96ff-1bfae8e01520/download/datosusostierra.csv,data-raw/dicose/2022/metadatos-de-uso-de-la-tierra__67c81a6c.csv,2026-09-25T06:19:01+0000,3793,7b4e6edc396fe691f59404cfa7eba0f5,,,2023-04-13T15:07:01.464518,2023-04-20T12:05:09.481991
dicose,2022,preliminar,datos-preliminares-declaracion-jurada-de-existencias-dicose-snig-2022,Declaración jurada de existencias DICOSE – SNIG 2022,b47a30fa-c8d8-47fb-8df7-6e9e5b533939,Producción de leche,"Para el ejercicio ganadero, departamento, actividad, etc. detalla la cantidad de tenedores con la producción de leche en litros.",CSV,https://catalogodatos.gub.uy/dataset/23a61894-90fe-4f67-9d33-a2abbaef046a/resource/b47a30fa-c8d8-47fb-8df7-6e9e5b533939/download/datosproduccionleche.csv,data-raw/dicose/2022/produccion-de-leche__b47a30fa.csv,2026-09-25T06:19:03+0000,264163,5fd43ce504c1f76e150ed553e266830f,,,2023-04-13T14:47:15.856314,2023-04-20T12:05:09.481991
dicose,2022,preliminar,datos-preliminares-declaracion-jurada-de-existencias-dicose-snig-2022,Declaración jurada de existencias DICOSE – SNIG 2022,91794d99-3314-4f63-b380-3621010023b2,Producción de leche en establecimiento,"Para el ejercicio ganadero, departamento, actividad, etc. detalla la cantidad de leche en litros producida en establecimiento.",CSV,https://catalogodatos.gub.uy/dataset/23a61894-90fe-4f67-9d33-a2abbaef046a/resource/91794d99-3314-4f63-b380-3621010023b2/download/datosproduccionlecheenestablecimiento.csv,data-raw/dicose/2022/produccion-de-leche-en-establecimiento__91794d99.csv,2026-09-25T06:19:03+0000,20841,bf888aaa895f0532daa637444afd6034,,,2023-04-13T14:47:35.087088,2023-04-20T12:05:09.481991
dicose,2022,preliminar,datos-preliminares-declaracion-jurada-de-existencias-dicose-snig-2022,Declaración jurada de existencias DICOSE – SNIG 2022,03623bab-538f-4bac-b0b5-be90b4f4779b,Tenencia de tierra,"Para el ejercicio ganadero, departamento, actividad, etc. detalla la cantidad de hectáreas explotadas.",CSV,https://catalogodatos.gub.uy/dataset/23a61894-90fe-4f67-9d33-a2abbaef046a/resource/03623bab-538f-4bac-b0b5-be90b4f4779b/download/datostenenciastierra.csv,data-raw/dicose/2022/tenencia-de-tierra__03623bab.csv,2026-09-25T06:18:59+0000,1910351,5896a1c3b4b00792a7c0e277a1ecfeb3,,,2023-04-13T14:45:46.387667,2023-04-20T12:05:09.481991
dicose,2022,preliminar,datos-preliminares-declaracion-jurada-de-existencias-dicose-snig-2022,Declaración jurada de existencias DICOSE – SNIG 2022,54aba955-c2f6-4b0c-ae6a-0099e9d83e16,Uso de la tierra,"Para el ejercicio ganadero, departamento, actividad, etc. detalla la cantidad de hectáreas según la explotación o uso de la tierra.",CSV,https://catalogodatos.gub.uy/dataset/23a61894-90fe-4f67-9d33-a2abbaef046a/resource/54aba955-c2f6-4b0c-ae6a-0099e9d83e16/download/datosusostierra.csv,data-raw/dicose/2022/uso-de-la-tierra__54aba955.csv,2026-09-25T06:19:01+0000,2847314,77b857b1df88eb1da635c943dab4a32a,,,2023-04-13T14:46:12.792261,2023-04-20T12:05:09.481991
dicose,2023,actualizado,mgap-datos-actualizados-de-la-declaracion-jurada-de-existencias-dicose-snig-2023,Declaración Jurada de Existencias DICOSE – SNIG 2023,04b47090-7658-424d-8d19-a808b2d5e480,Animales Detallados,"Para el ejercicio ganadero, departamento, actividad, etc. detalla los animales declarados por categoría.",CSV,https://catalogodatos.gub.uy/dataset/e6c13353-84e4-4bf5-ba2c-5ac373c06a9f/resource/04b47090-7658-424d-8d19-a808b2d5e480/download/datosanimalesdetallados.csv,data-raw/dicose/2023/animales-detallados__04b47090.csv,2026-09-25T06:19:23+0000,12641795,3b90505d4d520d00d8c7b3e8269393ce,,,2024-04-11T14:39:54.301334,2024-04-11T18:24:48.509995
dicose,2023,actualizado,mgap-datos-actualizados-de-la-declaracion-jurada-de-existencias-dicose-snig-2023,Declaración Jurada de Existencias DICOSE – SNIG 2023,0fabfcbe-fb83-4ad8-8682-dac41e89761d,Códigos de Actividades,Contiene los códigos de actividad que se definen al momento de la creación del DICOSE en base a los procesos productivos que va a desarrollar.,CSV,https://catalogodatos.gub.uy/dataset/e6c13353-84e4-4bf5-ba2c-5ac373c06a9f/resource/0fabfcbe-fb83-4ad8-8682-dac41e89761d/download/actividades.csv,data-raw/dicose/2023/codigos-de-actividades__0fabfcbe.csv,2026-09-25T06:19:29+0000,572,74ecc6dfa6d768160b6098c60692392a,,,2024-04-11T15:04:10.345695,2024-04-11T18:24:48.509995
dicose,2023,actualizado,mgap-datos-actualizados-de-la-declaracion-jurada-de-existencias-dicose-snig-2023,Declaración Jurada de Existencias DICOSE – SNIG 2023,8b259092-70d4-48cb-a95c-d1f35c976431,Códigos de Categoría,"Contiene las categorías para las especies (bovinos, ovinos, yeguarizos, suinos y caprinos) que figuran en la declaración jurada de existencias.",CSV,https://catalogodatos.gub.uy/dataset/e6c13353-84e4-4bf5-ba2c-5ac373c06a9f/resource/8b259092-70d4-48cb-a95c-d1f35c976431/download/categorias.csv,data-raw/dicose/2023/codigos-de-categoria__8b259092.csv,2026-09-25T06:19:30+0000,1484,a7be6a9e70bb6fa8f5d180eee3ab607e,,,2024-04-11T15:05:32.645181,2024-04-11T18:24:48.509995
dicose,2023,actualizado,mgap-datos-actualizados-de-la-declaracion-jurada-de-existencias-dicose-snig-2023,Declaración Jurada de Existencias DICOSE – SNIG 2023,ffd28dc5-51a7-45b7-a425-3e7726250847,Códigos de Departamentos,Contiene los códigos y las descripciones de los 19 departamentos del Uruguay utilizados para la presentación de la Declaración Jurada.,CSV,https://catalogodatos.gub.uy/dataset/e6c13353-84e4-4bf5-ba2c-5ac373c06a9f/resource/ffd28dc5-51a7-45b7-a425-3e7726250847/download/departamentos.csv,data-raw/dicose/2023/codigos-de-departamentos__ffd28dc5.csv,2026-09-25T06:19:31+0000,292,91288533b80820971ed02ba003fd2ac8,,,2024-04-11T15:06:56.080534,2024-04-11T18:24:48.509995
dicose,2023,actualizado,mgap-datos-actualizados-de-la-declaracion-jurada-de-existencias-dicose-snig-2023,Declaración Jurada de Existencias DICOSE – SNIG 2023,c1a91706-da2b-4138-8171-39605d2467d6,Códigos de Especies,Contienen los códigos y la descripción de las especies utilizadas para la presentación de la Declaración Jurada.,CSV,https://catalogodatos.gub.uy/dataset/e6c13353-84e4-4bf5-ba2c-5ac373c06a9f/resource/c1a91706-da2b-4138-8171-39605d2467d6/download/especies.csv,data-raw/dicose/2023/codigos-de-especies__c1a91706.csv,2026-09-25T06:19:32+0000,129,4b4d0f99493f7576dd9da6032ea29343,,,2024-04-11T15:11:20.449339,2024-04-11T18:24:48.509995
dicose,2023,actualizado,mgap-datos-actualizados-de-la-declaracion-jurada-de-existencias-dicose-snig-2023,Declaración Jurada de Existencias DICOSE – SNIG 2023,710d155c-d1d6-434d-9da1-ca006d73d38d,Códigos de Estratos,Contienen los códigos y la descripción de los estratos para utilizar en la presentación de la Declaración Jurada.,CSV,https://catalogodatos.gub.uy/dataset/e6c13353-84e4-4bf5-ba2c-5ac373c06a9f/resource/710d155c-d1d6-434d-9da1-ca006d73d38d/download/estratos.csv,data-raw/dicose/2023/codigos-de-estratos__710d155c.csv,2026-09-25T06:19:32+0000,198,4b4207d03199f0984ae23640f6554019,,,2024-04-11T15:12:36.666196,2024-04-11T18:24:48.509995
dicose,2023,actualizado,mgap-datos-actualizados-de-la-declaracion-jurada-de-existencias-dicose-snig-2023,Declaración Jurada de Existencias DICOSE – SNIG 2023,2e6b9672-8e8b-4e90-8e83-7369ee149730,Códigos de Giros,Contienen los códigos y la descripción de los giros utilizados en la presentación de la Declaración Jurada.,CSV,https://catalogodatos.gub.uy/dataset/e6c13353-84e4-4bf5-ba2c-5ac373c06a9f/resource/2e6b9672-8e8b-4e90-8e83-7369ee149730/download/giros.csv,data-raw/dicose/2023/codigos-de-giros__2e6b9672.csv,2026-09-25T06:19:33+0000,1048,302da3e5293059c40bb4188ad6cd91d1,,,2024-04-11T15:14:16.932275,2024-04-11T18:24:48.509995
dicose,2023,actualizado,mgap-datos-actualizados-de-la-declaracion-jurada-de-existencias-dicose-snig-2023,Declaración Jurada de Existencias DICOSE – SNIG 2023,1b5b3b2b-1ca5-41cd-8596-5461e8546493,Códigos de Mejoramientos de Tierras,Contienen los códigos y la descripción de los tipos de mejoramientos de tierras utilizados en la presentación de la Declaración Jurada.,CSV,https://catalogodatos.gub.uy/dataset/e6c13353-84e4-4bf5-ba2c-5ac373c06a9f/resource/1b5b3b2b-1ca5-41cd-8596-5461e8546493/download/mejoramientostierra.csv,data-raw/dicose/2023/codigos-de-mejoramientos-de-tierras__1b5b3b2b.csv,2026-09-25T06:19:34+0000,319,35f5c5d37af8960ab3416c3224d93b71,,,2024-04-11T15:16:00.638607,2024-04-11T18:24:48.509995
dicose,2023,actualizado,mgap-datos-actualizados-de-la-declaracion-jurada-de-existencias-dicose-snig-2023,Declaración Jurada de Existencias DICOSE – SNIG 2023,15df6474-38a4-4a61-8856-eabdf5e2a185,Códigos de Naturalezas Jurídicas,Contienen los códigos y las descripciones de las naturalezas jurídicas utilizadas en la presentación de la Declaración Jurada.,CSV,https://catalogodatos.gub.uy/dataset/e6c13353-84e4-4bf5-ba2c-5ac373c06a9f/resource/15df6474-38a4-4a61-8856-eabdf5e2a185/download/naturalezasjuridicas.csv,data-raw/dicose/2023/codigos-de-naturalezas-juridicas__15df6474.csv,2026-09-25T06:19:36+0000,522,b5d4f5e5b1c4a934004bb05a2b3e6497,,,2024-04-11T15:17:23.341276,2024-04-11T18:24:48.509995
dicose,2023,actualizado,mgap-datos-actualizados-de-la-declaracion-jurada-de-existencias-dicose-snig-2023,Declaración Jurada de Existencias DICOSE – SNIG 2023,b5111b61-22ad-40d0-b87c-76104f0182b1,Códigos de Producciones,Contienen los códigos y las descripciones de los tipos de producción declarada en la presentación de la Declaración Jurada de Lechería.,CSV,https://catalogodatos.gub.uy/dataset/e6c13353-84e4-4bf5-ba2c-5ac373c06a9f/resource/b5111b61-22ad-40d0-b87c-76104f0182b1/download/tiposproducciones.csv,data-raw/dicose/2023/codigos-de-producciones__b5111b61.csv,2026-09-25T06:19:40+0000,293,af643b527d036c985f785018537ec69b,,,2024-04-11T15:22:13.442731,2024-04-11T18:24:48.509995
dicose,2023,actualizado,mgap-datos-actualizados-de-la-declaracion-jurada-de-existencias-dicose-snig-2023,Declaración Jurada de Existencias DICOSE – SNIG 2023,0e414d7f-f861-40a3-8e46-118b6bbf51e4,Códigos de Productos,Contienen los códigos y las descripciones de productos declarados en la presentación de la Declaración Jurada de Lechería.,CSV,https://catalogodatos.gub.uy/dataset/e6c13353-84e4-4bf5-ba2c-5ac373c06a9f/resource/0e414d7f-f861-40a3-8e46-118b6bbf51e4/download/productos.csv,data-raw/dicose/2023/codigos-de-productos__0e414d7f.csv,2026-09-25T06:19:38+0000,100,ecbea0837019851d73062710b9b5c9a2,,,2024-04-11T15:18:38.824686,2024-04-11T18:24:48.509995
dicose,2023,actualizado,mgap-datos-actualizados-de-la-declaracion-jurada-de-existencias-dicose-snig-2023,Declaración Jurada de Existencias DICOSE – SNIG 2023,de39c4b9-29d4-4de7-95b5-040ad8f2fbef,Códigos de Tenencia de Tierra,Contienen los códigos y las descripciones de la tenencia de la tierra que se utilizan en la presentación de la Declaración Jurada.,CSV,https://catalogodatos.gub.uy/dataset/e6c13353-84e4-4bf5-ba2c-5ac373c06a9f/resource/de39c4b9-29d4-4de7-95b5-040ad8f2fbef/download/tenenciastierra.csv,data-raw/dicose/2023/codigos-de-tenencia-de-tierra__de39c4b9.csv,2026-09-25T06:19:40+0000,222,6e9a010e1ce0b17ce20ddc6cf50066b9,,,2024-04-11T15:20:18.305683,2024-04-11T18:24:48.509995
dicose,2023,actualizado,mgap-datos-actualizados-de-la-declaracion-jurada-de-existencias-dicose-snig-2023,Declaración Jurada de Existencias DICOSE – SNIG 2023,0a9ad8f0-52d1-4e21-84bb-a1d995102ef9,Códigos de Usos de Tierra,Contienen los códigos y las descripciones de los usos de la tierra utilizados en la presentación de la Declaración Jurada.,CSV,https://catalogodatos.gub.uy/dataset/e6c13353-84e4-4bf5-ba2c-5ac373c06a9f/resource/0a9ad8f0-52d1-4e21-84bb-a1d995102ef9/download/usostierra.csv,data-raw/dicose/2023/codigos-de-usos-de-tierra__0a9ad8f0.csv,2026-09-25T06:19:41+0000,261,edcc630b94a83f40225609f3045f58f4,,,2024-04-11T15:23:23.515560,2024-04-11T18:24:48.509995
dicose,2023,actualizado,mgap-datos-actualizados-de-la-declaracion-jurada-de-existencias-dicose-snig-2023,Declaración Jurada de Existencias DICOSE – SNIG 2023,4550d7c4-d5c1-4437-ada8-4ee54b384e66,Códigos de especializaciones MGAP,Contienen los códigos y las descripciones de diferentes tipos de especializaciones establecidas por el MGAP para caracterizar a un productor.,CSV,https://catalogodatos.gub.uy/dataset/e6c13353-84e4-4bf5-ba2c-5ac373c06a9f/resource/4550d7c4-d5c1-4437-ada8-4ee54b384e66/download/especializacionesmgap.csv,data-raw/dicose/2023/codigos-de-especializaciones-mgap__4550d7c4.csv,2026-09-25T06:19:43+0000,133,c906650e22d0d87ee1f473ae473f0c4b,,,2024-04-11T15:27:01.106614,2024-04-11T18:24:48.509995
dicose,2023,actualizado,mgap-datos-actualizados-de-la-declaracion-jurada-de-existencias-dicose-snig-2023,Declaración Jurada de Existencias DICOSE – SNIG 2023,10010ad6-7f4a-4236-bb48-15000364cea5,Códigos de tipos de producción MGAP,Contienen los códigos y las descripciones de diferentes tipos de producción establecidos por el MGAP para caracterizar a un productor.,CSV,https://catalogodatos.gub.uy/dataset/e6c13353-84e4-4bf5-ba2c-5ac373c06a9f/resource/10010ad6-7f4a-4236-bb48-15000364cea5/download/tiposproduccionmgap.csv,data-raw/dicose/2023/codigos-de-tipos-de-produccion-mgap__10010ad6.csv,2026-09-25T06:19:44+0000,219,7ad09c24b3f80a0da09ca35b38bc17e3,,,2024-04-11T15:28:10.377833,2024-04-11T18:24:48.509995
dicose,2023,actualizado,mgap-datos-actualizados-de-la-declaracion-jurada-de-existencias-dicose-snig-2023,Declaración Jurada de Existencias DICOSE – SNIG 2023,4824d050-1293-47df-9b02-76c23fad35f2,Datos Animales,"Contiene los nacimientos, consumos y muertes de animales así como la cantidad de tenedores y animales por especie.",CSV,https://catalogodatos.gub.uy/dataset/e6c13353-84e4-4bf5-ba2c-5ac373c06a9f/resource/4824d050-1293-47df-9b02-76c23fad35f2/download/datosanimales.csv,data-raw/dicose/2023/datos-animales__4824d050.csv,2026-09-25T06:19:21+0000,4199067,f7c96874825b9b86101d68dd8a192e01,,,2024-04-11T14:37:11.073175,2024-04-11T18:24:48.509995
dicose,2023,actualizado,mgap-datos-actualizados-de-la-declaracion-jurada-de-existencias-dicose-snig-2023,Declaración Jurada de Existencias DICOSE – SNIG 2023,9a49b5aa-645f-4d69-b87f-8dd5b9ee111b,Datos generales,"Para el ejercicio ganadero, departamento, actividad, etc, detalla cantidad de tenedores, superficie explotada y con destino ganadería, unicidades ganaderas.",CSV,https://catalogodatos.gub.uy/dataset/e6c13353-84e4-4bf5-ba2c-5ac373c06a9f/resource/9a49b5aa-645f-4d69-b87f-8dd5b9ee111b/download/datosgenerales.csv,data-raw/dicose/2023/datos-generales__9a49b5aa.csv,2026-09-25T06:19:20+0000,1960567,f9f0625db75a2dbab7d2ea9b4125c724,,,2024-04-11T14:34:21.003639,2024-04-11T18:24:48.509995
dicose,2023,actualizado,mgap-datos-actualizados-de-la-declaracion-jurada-de-existencias-dicose-snig-2023,Declaración Jurada de Existencias DICOSE – SNIG 2023,2bc777ed-ad05-403e-b420-2c0f397b3e5d,Mejoramientos de Tierras,"Para el ejercicio ganadero, departamento, actividad, etc. detalla las hectáreas en las que se realizaron mejoras.",CSV,https://catalogodatos.gub.uy/dataset/e6c13353-84e4-4bf5-ba2c-5ac373c06a9f/resource/2bc777ed-ad05-403e-b420-2c0f397b3e5d/download/datosmejoramientostierra.csv,data-raw/dicose/2023/mejoramientos-de-tierras__2bc777ed.csv,2026-09-25T06:19:26+0000,1154397,f10eba624d17602208c82bdf3bc2587b,,,2024-04-11T14:56:44.496434,2024-04-11T18:24:48.509995
dicose,2023,actualizado,mgap-datos-actualizados-de-la-declaracion-jurada-de-existencias-dicose-snig-2023,Declaración Jurada de Existencias DICOSE – SNIG 2023,a07d8082-df69-4f00-a552-e1fbb8497445,Metadatos Código de Naturalezas Jurídicas,Este recurso contiene los metadatos de naturalezas jurídicas.,CSV,https://catalogodatos.gub.uy/dataset/e6c13353-84e4-4bf5-ba2c-5ac373c06a9f/resource/a07d8082-df69-4f00-a552-e1fbb8497445/download/naturalezasjuridicas.csv,data-raw/dicose/2023/metadatos-codigo-de-naturalezas-juridicas__a07d8082.csv,2026-09-25T06:19:36+0000,310,ebfe167c5287edf6ba33c010edd906b6,,,2024-04-11T15:18:00.006825,2024-04-11T18:24:48.509995
dicose,2023,actualizado,mgap-datos-actualizados-de-la-declaracion-jurada-de-existencias-dicose-snig-2023,Declaración Jurada de Existencias DICOSE – SNIG 2023,6f7bc88e-d53a-4dde-8a3d-dcdf3f65b8ec,Metadatos de Animales Detallados,Este recurso contiene los metadatos correspondientes a la información detallada de animales declarados por categoría.,CSV,https://catalogodatos.gub.uy/dataset/e6c13353-84e4-4bf5-ba2c-5ac373c06a9f/resource/6f7bc88e-d53a-4dde-8a3d-dcdf3f65b8ec/download/datosanimalesdetallados.csv,data-raw/dicose/2023/metadatos-de-animales-detallados__6f7bc88e.csv,2026-09-25T06:19:24+0000,4811,77142b26a1fd58b8e76b09d752842a20,,,2024-04-11T14:40:51.067121,2024-04-11T18:24:48.509995
dicose,2023,actualizado,mgap-datos-actualizados-de-la-declaracion-jurada-de-existencias-dicose-snig-2023,Declaración Jurada de Existencias DICOSE – SNIG 2023,2c029dd0-ce9c-4111-bc5d-3db59ee572ae,Metadatos de Códigos Tipos de Producción,Este recurso contiene los metadatos de códigos de tipos de producción.,CSV,https://catalogodatos.gub.uy/dataset/e6c13353-84e4-4bf5-ba2c-5ac373c06a9f/resource/2c029dd0-ce9c-4111-bc5d-3db59ee572ae/download/tiposproducciones.csv,data-raw/dicose/2023/metadatos-de-codigos-tipos-de-produccion__2c029dd0.csv,2026-09-25T06:19:41+0000,284,85648a7ea761d6a8962ee84575e2cfb2,,,2024-04-11T15:22:47.304207,2024-04-11T18:24:48.509995
dicose,2023,actualizado,mgap-datos-actualizados-de-la-declaracion-jurada-de-existencias-dicose-snig-2023,Declaración Jurada de Existencias DICOSE – SNIG 2023,412639f9-4ff4-4fc6-9ab6-f51cbfa021df,Metadatos de Códigos de Actividades,Este recurso contiene los metadatos de los códigos de actividades.,CSV,https://catalogodatos.gub.uy/dataset/e6c13353-84e4-4bf5-ba2c-5ac373c06a9f/resource/412639f9-4ff4-4fc6-9ab6-f51cbfa021df/download/actividades.csv,data-raw/dicose/2023/metadatos-de-codigos-de-actividades__412639f9.csv,2026-09-25T06:19:29+0000,234,29f7836b09de31d5e0d7083be6500c88,,,2024-04-11T15:04:48.910993,2024-04-11T18:24:48.509995
dicose,2023,actualizado,mgap-datos-actualizados-de-la-declaracion-jurada-de-existencias-dicose-snig-2023,Declaración Jurada de Existencias DICOSE – SNIG 2023,19c2f897-4750-42f7-acef-d3f3faec89bc,Metadatos de Códigos de Categoría,Este recurso contiene los metadatos de códigos de categoría.,CSV,https://catalogodatos.gub.uy/dataset/e6c13353-84e4-4bf5-ba2c-5ac373c06a9f/resource/19c2f897-4750-42f7-acef-d3f3faec89bc/download/categorias.csv,data-raw/dicose/2023/metadatos-de-codigos-de-categoria__19c2f897.csv,2026-09-25T06:19:30+0000,449,5896b7fc44dea328fed22240b2ec108c,,,2024-04-11T15:06:14.277194,2024-04-11T18:24:48.509995
dicose,2023,actualizado,mgap-datos-actualizados-de-la-declaracion-jurada-de-existencias-dicose-snig-2023,Declaración Jurada de Existencias DICOSE – SNIG 2023,a75f4c3e-f470-417e-b7e4-36d683ffca0b,Metadatos de Códigos de Departamentos,Este recurso contiene los metadatos de códigos de departamentos.,CSV,https://catalogodatos.gub.uy/dataset/e6c13353-84e4-4bf5-ba2c-5ac373c06a9f/resource/a75f4c3e-f470-417e-b7e4-36d683ffca0b/download/departamentos.csv,data-raw/dicose/2023/metadatos-de-codigos-de-departamentos__a75f4c3e.csv,2026-09-25T06:19:31+0000,252,fbf37cd3a32c28c771f84d70a20ff292,,,2024-04-11T15:09:54.668657,2024-04-11T18:24:48.509995
dicose,2023,actualizado,mgap-datos-actualizados-de-la-declaracion-jurada-de-existencias-dicose-snig-2023,Declaración Jurada de Existencias DICOSE – SNIG 2023,5c86e054-bdfd-42a8-a97a-6b91392656ba,Metadatos de Códigos de Especies,Este recurso contiene los metadatos de códigos de especies.,CSV,https://catalogodatos.gub.uy/dataset/e6c13353-84e4-4bf5-ba2c-5ac373c06a9f/resource/5c86e054-bdfd-42a8-a97a-6b91392656ba/download/especies.csv,data-raw/dicose/2023/metadatos-de-codigos-de-especies__5c86e054.csv,2026-09-25T06:19:32+0000,216,f833502269e853a43d3e60bde4889f3d,,,2024-04-11T15:11:59.437863,2024-04-11T18:24:48.509995
dicose,2023,actualizado,mgap-datos-actualizados-de-la-declaracion-jurada-de-existencias-dicose-snig-2023,Declaración Jurada de Existencias DICOSE – SNIG 2023,8102096a-e71a-413e-9831-3693b63d901a,Metadatos de Códigos de Estratos,Este recurso contiene los metadatos de código de estratos.,CSV,https://catalogodatos.gub.uy/dataset/e6c13353-84e4-4bf5-ba2c-5ac373c06a9f/resource/8102096a-e71a-413e-9831-3693b63d901a/download/estratos.csv,data-raw/dicose/2023/metadatos-de-codigos-de-estratos__8102096a.csv,2026-09-25T06:19:33+0000,212,dd88ca685f6e5666597c4c46b8d365bc,,,2024-04-11T15:13:21.395792,2024-04-11T18:24:48.509995
dicose,2023,actualizado,mgap-datos-actualizados-de-la-declaracion-jurada-de-existencias-dicose-snig-2023,Declaración Jurada de Existencias DICOSE – SNIG 2023,9c14692a-cdd7-44c1-8fd3-8dda3a76081a,Metadatos de Códigos de Giros,Este recurso contiene los metadatos de códigos de giros.,CSV,https://catalogodatos.gub.uy/dataset/e6c13353-84e4-4bf5-ba2c-5ac373c06a9f/resource/9c14692a-cdd7-44c1-8fd3-8dda3a76081a/download/giros.csv,data-raw/dicose/2023/metadatos-de-codigos-de-giros__9c14692a.csv,2026-09-25T06:19:34+0000,188,1699d582797eef7b5ad66b23aedceb28,,,2024-04-11T15:15:04.245560,2024-04-11T18:24:48.509995
dicose,2023,actualizado,mgap-datos-actualizados-de-la-declaracion-jurada-de-existencias-dicose-snig-2023,Declaración Jurada de Existencias DICOSE – SNIG 2023,5babef83-0406-49a3-9965-b496d35de93a,Metadatos de Códigos de Mejoramientos de Tierras,Este recurso contiene los metadatos de mejoramientos de tierras.,CSV,https://catalogodatos.gub.uy/dataset/e6c13353-84e4-4bf5-ba2c-5ac373c06a9f/resource/5babef83-0406-49a3-9965-b496d35de93a/download/mejoramientostierra.csv,data-raw/dicose/2023/metadatos-de-codigos-de-mejoramientos-de-tierras__5babef83.csv,2026-09-25T06:19:35+0000,292,c8fa8229240b48028c3b3e1c6c989baa,,,2024-04-11T15:16:47.079592,2024-04-11T18:24:48.509995
dicose,2023,actualizado,mgap-datos-actualizados-de-la-declaracion-jurada-de-existencias-dicose-snig-2023,Declaración Jurada de Existencias DICOSE – SNIG 2023,38a53a56-96ba-4cf7-94e9-284053b80cac,Metadatos de Códigos de Productos,Este recurso contiene los metadatos de códigos de productos.,CSV,https://catalogodatos.gub.uy/dataset/e6c13353-84e4-4bf5-ba2c-5ac373c06a9f/resource/38a53a56-96ba-4cf7-94e9-284053b80cac/download/productos.csv,data-raw/dicose/2023/metadatos-de-codigos-de-productos__38a53a56.csv,2026-09-25T06:19:39+0000,336,9f71c1011ea7a66321fee98ed9bd32e2,,,2024-04-11T15:19:21.878168,2024-04-11T18:24:48.509995
dicose,2023,actualizado,mgap-datos-actualizados-de-la-declaracion-jurada-de-existencias-dicose-snig-2023,Declaración Jurada de Existencias DICOSE – SNIG 2023,21f87a50-b3d5-4f5c-ba13-3c322cc324d9,Metadatos de Códigos de Tenencia de Tierra,Este recurso contiene los metadatos de códigos de tenencia de tierra.,CSV,https://catalogodatos.gub.uy/dataset/e6c13353-84e4-4bf5-ba2c-5ac373c06a9f/resource/21f87a50-b3d5-4f5c-ba13-3c322cc324d9/download/datostenenciastierra.csv,data-raw/dicose/2023/metadatos-de-codigos-de-tenencia-de-tierra__21f87a50.csv,2026-09-25T06:19:40+0000,3818,e0f5d3e9287d3bb28aaa33a401bb5fba,,,2024-04-11T15:32:50.362655,2024-04-11T18:24:48.509995
dicose,2023,actualizado,mgap-datos-actualizados-de-la-declaracion-jurada-de-existencias-dicose-snig-2023,Declaración Jurada de Existencias DICOSE – SNIG 2023,274309c2-0b6f-4dff-835b-ee6a88a486e5,Metadatos de Datos Animales,"Este recurso contiene los metadatos correspondientes a datos de animales, así como su origen y limitantes.",CSV,https://catalogodatos.gub.uy/dataset/e6c13353-84e4-4bf5-ba2c-5ac373c06a9f/resource/274309c2-0b6f-4dff-835b-ee6a88a486e5/download/datosanimales.csv,data-raw/dicose/2023/metadatos-de-datos-animales__274309c2.csv,2026-09-25T06:19:22+0000,5121,868ed3b5cd2455d4cdadd243fcd9e9b4,,,2024-04-11T14:37:59.781668,2024-04-11T18:24:48.509995
dicose,2023,actualizado,mgap-datos-actualizados-de-la-declaracion-jurada-de-existencias-dicose-snig-2023,Declaración Jurada de Existencias DICOSE – SNIG 2023,1d645814-508f-4230-8b88-42a26f7c3a67,Metadatos de Datos Generales,Este recurso contiene los metadatos de los datos generales.,CSV,https://catalogodatos.gub.uy/dataset/e6c13353-84e4-4bf5-ba2c-5ac373c06a9f/resource/1d645814-508f-4230-8b88-42a26f7c3a67/download/datosgenerales.csv,data-raw/dicose/2023/metadatos-de-datos-generales__1d645814.csv,2026-09-25T06:19:21+0000,4631,05191cfa828070c319ed1c7a45ef1117,,,2024-04-11T14:36:24.411470,2024-04-11T18:24:48.509995
dicose,2023,actualizado,mgap-datos-actualizados-de-la-declaracion-jurada-de-existencias-dicose-snig-2023,Declaración Jurada de Existencias DICOSE – SNIG 2023,d3bfc45d-906e-4303-a25c-bad0dd9e9287,Metadatos de Mejoramientos de Tierras,Este recurso contiene los metadatos de los mejoramientos de tierras.,CSV,https://catalogodatos.gub.uy/dataset/e6c13353-84e4-4bf5-ba2c-5ac373c06a9f/resource/d3bfc45d-906e-4303-a25c-bad0dd9e9287/download/datosmejoramientostierra.csv,data-raw/dicose/2023/metadatos-de-mejoramientos-de-tierras__d3bfc45d.csv,2026-09-25T06:19:27+0000,3829,d94ce0b8fec687bf8d75097bc16c9ce7,,,2024-04-11T14:57:28.198246,2024-04-11T18:24:48.509995
dicose,2023,actualizado,mgap-datos-actualizados-de-la-declaracion-jurada-de-existencias-dicose-snig-2023,Declaración Jurada de Existencias DICOSE – SNIG 2023,bcc12a7c-13f1-4ed5-993c-7b7f154ccd9d,Metadatos de Producción de Leche,Este recurso contiene los metadatos de producción de leche.,CSV,https://catalogodatos.gub.uy/dataset/e6c13353-84e4-4bf5-ba2c-5ac373c06a9f/resource/bcc12a7c-13f1-4ed5-993c-7b7f154ccd9d/download/datosproduccionleche.csv,data-raw/dicose/2023/metadatos-de-produccion-de-leche__bcc12a7c.csv,2026-09-25T06:19:27+0000,4321,02258b4e32840d0e198ffb4efb75f631,,,2024-04-11T15:01:39.413987,2024-04-11T18:24:48.509995
dicose,2023,actualizado,mgap-datos-actualizados-de-la-declaracion-jurada-de-existencias-dicose-snig-2023,Declaración Jurada de Existencias DICOSE – SNIG 2023,d34412ce-80e9-43a0-a939-de1022d7cb3c,Metadatos de Producción de Leche en Establecimiento,Este recurso contiene los metadatos de producción de leche en establecimiento.,CSV,https://catalogodatos.gub.uy/dataset/e6c13353-84e4-4bf5-ba2c-5ac373c06a9f/resource/d34412ce-80e9-43a0-a939-de1022d7cb3c/download/datosproduccionlecheenestablecimiento.csv,data-raw/dicose/2023/metadatos-de-produccion-de-leche-en-establecimiento__d34412ce.csv,2026-09-25T06:19:28+0000,4071,b5ebd6d3d0388bfc88691808c0d43e47,,,2024-04-11T15:03:27.652904,2024-04-11T18:24:48.509995
dicose,2023,actualizado,mgap-datos-actualizados-de-la-declaracion-jurada-de-existencias-dicose-snig-2023,Declaración Jurada de Existencias DICOSE – SNIG 2023,9b812519-177a-4483-8d8b-e189ccaea141,Metadatos de Tenencia de Tierra,Este recurso contiene los metadatos de tenencia de la tierra.,CSV,https://catalogodatos.gub.uy/dataset/e6c13353-84e4-4bf5-ba2c-5ac373c06a9f/resource/9b812519-177a-4483-8d8b-e189ccaea141/download/datostenenciastierra.csv,data-raw/dicose/2023/metadatos-de-tenencia-de-tierra__9b812519.csv,2026-09-25T06:19:25+0000,3818,e0f5d3e9287d3bb28aaa33a401bb5fba,,,2024-04-11T14:52:39.386550,2024-04-11T18:24:48.509995
dicose,2023,actualizado,mgap-datos-actualizados-de-la-declaracion-jurada-de-existencias-dicose-snig-2023,Declaración Jurada de Existencias DICOSE – SNIG 2023,790d6320-9628-4409-8f49-c45942f3ac57,Metadatos de Uso de la Tierra,Este recurso contiene los metadatos del uso de la tierra.,CSV,https://catalogodatos.gub.uy/dataset/e6c13353-84e4-4bf5-ba2c-5ac373c06a9f/resource/790d6320-9628-4409-8f49-c45942f3ac57/download/datosusostierra.csv,data-raw/dicose/2023/metadatos-de-uso-de-la-tierra__790d6320.csv,2026-09-25T06:19:26+0000,3793,7b4e6edc396fe691f59404cfa7eba0f5,,,2024-04-11T14:55:59.523097,2024-04-11T18:24:48.509995
dicose,2023,actualizado,mgap-datos-actualizados-de-la-declaracion-jurada-de-existencias-dicose-snig-2023,Declaración Jurada de Existencias DICOSE – SNIG 2023,4513d9af-48d3-45d2-ae14-b71426b1deae,Metadatos de códigos de usos de tierra,Este recurso contiene los metadatos de códigos de usos de tierra.,CSV,https://catalogodatos.gub.uy/dataset/e6c13353-84e4-4bf5-ba2c-5ac373c06a9f/resource/4513d9af-48d3-45d2-ae14-b71426b1deae/download/usostierra.csv,data-raw/dicose/2023/metadatos-de-codigos-de-usos-de-tierra__4513d9af.csv,2026-09-25T06:19:42+0000,220,f80938a7812a66a9f55b37f4fd45e2fa,,,2024-04-11T15:35:39.790830,2024-04-11T18:24:48.509995
dicose,2023,actualizado,mgap-datos-actualizados-de-la-declaracion-jurada-de-existencias-dicose-snig-2023,Declaración Jurada de Existencias DICOSE – SNIG 2023,1f0aad9c-17bf-4bfe-8706-6d6c518f2a35,Metadatos de especializaciones MGAP,Este recurso contiene los metadatos de códigos de especializaciones.,CSV,https://catalogodatos.gub.uy/dataset/e6c13353-84e4-4bf5-ba2c-5ac373c06a9f/resource/1f0aad9c-17bf-4bfe-8706-6d6c518f2a35/download/tiposproduccionmgap.csv,data-raw/dicose/2023/metadatos-de-especializaciones-mgap__1f0aad9c.csv,2026-09-25T06:19:43+0000,454,aa9c54a4b7798d09b5f5e25eb814c669,,,2024-04-11T15:27:37.490917,2024-04-11T18:24:48.509995
dicose,2023,actualizado,mgap-datos-actualizados-de-la-declaracion-jurada-de-existencias-dicose-snig-2023,Declaración Jurada de Existencias DICOSE – SNIG 2023,ce507aea-de65-4d20-a0f7-cd1c4c6c7348,Metadatos de tipos de producción MGAP,Este recurso contiene los metadatos de códigos de tipos de producción,CSV,https://catalogodatos.gub.uy/dataset/e6c13353-84e4-4bf5-ba2c-5ac373c06a9f/resource/ce507aea-de65-4d20-a0f7-cd1c4c6c7348/download/tiposproduccionmgap.csv,data-raw/dicose/2023/metadatos-de-tipos-de-produccion-mgap__ce507aea.csv,2026-09-25T06:19:44+0000,454,aa9c54a4b7798d09b5f5e25eb814c669,,,2024-04-11T15:28:54.307800,2024-04-11T18:24:48.509995
dicose,2023,actualizado,mgap-datos-actualizados-de-la-declaracion-jurada-de-existencias-dicose-snig-2023,Declaración Jurada de Existencias DICOSE – SNIG 2023,2df9367a-8be7-4207-a024-25c7c3c5fd94,Producción de Leche,"Para el ejercicio ganadero, departamento, actividad, etc. detalla la cantidad de tenedores con la producción de leche en litros.",CSV,https://catalogodatos.gub.uy/dataset/e6c13353-84e4-4bf5-ba2c-5ac373c06a9f/resource/2df9367a-8be7-4207-a024-25c7c3c5fd94/download/datosproduccionleche.csv,data-raw/dicose/2023/produccion-de-leche__2df9367a.csv,2026-09-25T06:19:27+0000,257786,b91398a94c935ecea4c0425364bd2b64,,,2024-04-11T15:00:58.033883,2024-04-11T18:24:48.509995
dicose,2023,actualizado,mgap-datos-actualizados-de-la-declaracion-jurada-de-existencias-dicose-snig-2023,Declaración Jurada de Existencias DICOSE – SNIG 2023,05a04652-f081-41a8-9e4f-177fb1d0126c,Producción de Leche en Establecimiento,"Para el ejercicio ganadero, departamento, actividad, etc. detalla la cantidad de leche en litros producida en establecimiento.",CSV,https://catalogodatos.gub.uy/dataset/e6c13353-84e4-4bf5-ba2c-5ac373c06a9f/resource/05a04652-f081-41a8-9e4f-177fb1d0126c/download/datosproduccionlecheenestablecimiento.csv,data-raw/dicose/2023/produccion-de-leche-en-establecimiento__05a04652.csv,2026-09-25T06:19:28+0000,20281,8bdfc95222cab8c711856cfce2d9172b,,,2024-04-11T15:02:19.498326,2024-04-11T18:24:48.509995
dicose,2023,actualizado,mgap-datos-actualizados-de-la-declaracion-jurada-de-existencias-dicose-snig-2023,Declaración Jurada de Existencias DICOSE – SNIG 2023,a9370491-2073-4e80-8d2b-99eadff3328d,Tenencia de Tierra,"Para el ejercicio ganadero, departamento, actividad, etc. detalla la cantidad de hectáreas explotadas.",CSV,https://catalogodatos.gub.uy/dataset/e6c13353-84e4-4bf5-ba2c-5ac373c06a9f/resource/a9370491-2073-4e80-8d2b-99eadff3328d/download/tenenciastierra.csv,data-raw/dicose/2023/tenencia-de-tierra__a9370491.csv,2026-09-25T06:19:24+0000,222,6e9a010e1ce0b17ce20ddc6cf50066b9,,,2024-04-11T14:51:52.520207,2024-04-11T18:24:48.509995
dicose,2023,actualizado,mgap-datos-actualizados-de-la-declaracion-jurada-de-existencias-dicose-snig-2023,Declaración Jurada de Existencias DICOSE – SNIG 2023,54a5aee8-34c4-4139-ab65-1df3b547889a,Uso de la Tierra,"Para el ejercicio ganadero, departamento, actividad, etc. detalla la cantidad de hectáreas según la explotación o uso de la tierra.",CSV,https://catalogodatos.gub.uy/dataset/e6c13353-84e4-4bf5-ba2c-5ac373c06a9f/resource/54a5aee8-34c4-4139-ab65-1df3b547889a/download/datosusostierra.csv,data-raw/dicose/2023/uso-de-la-tierra__54a5aee8.csv,2026-09-25T06:19:25+0000,2834104,911ca2ba08defcb8e1ca0cb2818637a7,,,2024-04-11T14:53:46.147706,2024-04-11T18:24:48.509995
dicose,2024,actualizado,mgap-datos-preliminares-basados-en-la-declaracion-jurada-de-existencias-dicose-snig-2024,Datos actualizados Declaración jurada de Existencias DICOSE – SNIG 2024,6113fdaa-a048-4860-adca-d24626a54c9f,Animales detallados,"Para el ejercicio ganadero, departamento, actividad, etc. detalla los animales declarados por categoría.",CSV,https://catalogodatos.gub.uy/dataset/07376382-ff03-446d-86d6-62b7d5a9cf89/resource/6113fdaa-a048-4860-adca-d24626a54c9f/download/datosanimalesdetallados.csv,data-raw/dicose/2024/animales-detallados__6113fdaa.csv,2026-09-25T06:19:52+0000,12592175,09b1a85e918d72a89cfc0058e404f2f8,,,2025-04-09T17:13:39.409724,2026-06-10T16:32:37.099912
dicose,2024,actualizado,mgap-datos-preliminares-basados-en-la-declaracion-jurada-de-existencias-dicose-snig-2024,Datos actualizados Declaración jurada de Existencias DICOSE – SNIG 2024,142b5aac-6d31-411f-a533-27c19d485933,Códigos de actividades,Contiene los códigos de actividad que se definen al momento de la creación del DICOSE en base a los procesos productivos que va a desarrollar.,CSV,https://catalogodatos.gub.uy/dataset/07376382-ff03-446d-86d6-62b7d5a9cf89/resource/142b5aac-6d31-411f-a533-27c19d485933/download/actividades.csv,data-raw/dicose/2024/codigos-de-actividades__142b5aac.csv,2026-09-25T06:20:00+0000,572,74ecc6dfa6d768160b6098c60692392a,,,2024-09-27T16:59:36.361388,2026-06-10T16:32:37.099912
dicose,2024,actualizado,mgap-datos-preliminares-basados-en-la-declaracion-jurada-de-existencias-dicose-snig-2024,Datos actualizados Declaración jurada de Existencias DICOSE – SNIG 2024,9f694fec-f971-4077-aeea-b80ef5814732,Códigos de categoría,"Contiene las categorías para las especies (bovinos, ovinos, yeguarizos, suinos y caprinos) que figuran en la declaración jurada de existencias.",CSV,https://catalogodatos.gub.uy/dataset/07376382-ff03-446d-86d6-62b7d5a9cf89/resource/9f694fec-f971-4077-aeea-b80ef5814732/download/categorias.csv,data-raw/dicose/2024/codigos-de-categoria__9f694fec.csv,2026-09-25T06:20:01+0000,1484,a7be6a9e70bb6fa8f5d180eee3ab607e,,,2024-09-27T17:01:04.440299,2026-06-10T16:32:37.099912
dicose,2024,actualizado,mgap-datos-preliminares-basados-en-la-declaracion-jurada-de-existencias-dicose-snig-2024,Datos actualizados Declaración jurada de Existencias DICOSE – SNIG 2024,3008bb5f-0317-430f-89ce-018b36809b06,Códigos de departamentos,Contiene los códigos y las descripciones de los 19 departamentos del Uruguay utilizados para la presentación de la Declaración Jurada.,CSV,https://catalogodatos.gub.uy/dataset/07376382-ff03-446d-86d6-62b7d5a9cf89/resource/3008bb5f-0317-430f-89ce-018b36809b06/download/departamentos.csv,data-raw/dicose/2024/codigos-de-departamentos__3008bb5f.csv,2026-09-25T06:20:02+0000,292,91288533b80820971ed02ba003fd2ac8,,,2024-09-27T17:02:18.272485,2026-06-10T16:32:37.099912
dicose,2024,actualizado,mgap-datos-preliminares-basados-en-la-declaracion-jurada-de-existencias-dicose-snig-2024,Datos actualizados Declaración jurada de Existencias DICOSE – SNIG 2024,16a2c676-7eda-468b-9169-d17de8cb1158,Códigos de especializaciones MGAP,Contienen los códigos y las descripciones de diferentes tipos de especializaciones establecidas por el MGAP para caracterizar a un productor.,CSV,https://catalogodatos.gub.uy/dataset/07376382-ff03-446d-86d6-62b7d5a9cf89/resource/16a2c676-7eda-468b-9169-d17de8cb1158/download/especializacionesmgap.csv,data-raw/dicose/2024/codigos-de-especializaciones-mgap__16a2c676.csv,2026-09-25T06:20:13+0000,133,c906650e22d0d87ee1f473ae473f0c4b,,,2025-04-10T18:48:15.741556,2026-06-10T16:32:37.099912
dicose,2024,actualizado,mgap-datos-preliminares-basados-en-la-declaracion-jurada-de-existencias-dicose-snig-2024,Datos actualizados Declaración jurada de Existencias DICOSE – SNIG 2024,cd89dd4f-09e8-42ab-9b22-2dcf256a626d,Códigos de especies,Contienen los códigos y la descripción de las especies utilizadas para la presentación de la Declaración Jurada.,CSV,https://catalogodatos.gub.uy/dataset/07376382-ff03-446d-86d6-62b7d5a9cf89/resource/cd89dd4f-09e8-42ab-9b22-2dcf256a626d/download/especies.csv,data-raw/dicose/2024/codigos-de-especies__cd89dd4f.csv,2026-09-25T06:20:03+0000,129,4b4d0f99493f7576dd9da6032ea29343,,,2024-09-27T17:03:38.744054,2026-06-10T16:32:37.099912
dicose,2024,actualizado,mgap-datos-preliminares-basados-en-la-declaracion-jurada-de-existencias-dicose-snig-2024,Datos actualizados Declaración jurada de Existencias DICOSE – SNIG 2024,5158209c-974a-4242-9ed9-8b348f5f9966,Códigos de estratos,Contienen los códigos y la descripción de los estratos para utilizar en la presentación de la Declaración Jurada.,CSV,https://catalogodatos.gub.uy/dataset/07376382-ff03-446d-86d6-62b7d5a9cf89/resource/5158209c-974a-4242-9ed9-8b348f5f9966/download/estratos.csv,data-raw/dicose/2024/codigos-de-estratos__5158209c.csv,2026-09-25T06:20:04+0000,198,4b4207d03199f0984ae23640f6554019,,,2024-09-27T17:05:02.929838,2026-06-10T16:32:37.099912
dicose,2024,actualizado,mgap-datos-preliminares-basados-en-la-declaracion-jurada-de-existencias-dicose-snig-2024,Datos actualizados Declaración jurada de Existencias DICOSE – SNIG 2024,d85346b2-ea50-4c0e-b0c3-01f4355aef28,Códigos de giros,Contienen los códigos y la descripción de los giros utilizados en la presentación de la Declaración Jurada.,CSV,https://catalogodatos.gub.uy/dataset/07376382-ff03-446d-86d6-62b7d5a9cf89/resource/d85346b2-ea50-4c0e-b0c3-01f4355aef28/download/giros.csv,data-raw/dicose/2024/codigos-de-giros__d85346b2.csv,2026-09-25T06:20:05+0000,1048,302da3e5293059c40bb4188ad6cd91d1,,,2024-09-27T17:06:22.226086,2026-06-10T16:32:37.099912
dicose,2024,actualizado,mgap-datos-preliminares-basados-en-la-declaracion-jurada-de-existencias-dicose-snig-2024,Datos actualizados Declaración jurada de Existencias DICOSE – SNIG 2024,d960b39c-f422-478b-aa2d-f4bdca328926,Códigos de mejoramientos de tierras,Contienen los códigos y la descripción de los tipos de mejoramientos de tierras utilizados en la presentación de la Declaración Jurada.,CSV,https://catalogodatos.gub.uy/dataset/07376382-ff03-446d-86d6-62b7d5a9cf89/resource/d960b39c-f422-478b-aa2d-f4bdca328926/download/mejoramientostierra.csv,data-raw/dicose/2024/codigos-de-mejoramientos-de-tierras__d960b39c.csv,2026-09-25T06:20:06+0000,319,35f5c5d37af8960ab3416c3224d93b71,,,2024-09-27T17:07:45.081181,2026-06-10T16:32:37.099912
dicose,2024,actualizado,mgap-datos-preliminares-basados-en-la-declaracion-jurada-de-existencias-dicose-snig-2024,Datos actualizados Declaración jurada de Existencias DICOSE – SNIG 2024,a0c3c658-37b2-4484-af45-6157802b18d3,Códigos de naturalezas jurídicas,Contienen los códigos y las descripciones de las naturalezas jurídicas utilizadas en la presentación de la Declaración Jurada.,CSV,https://catalogodatos.gub.uy/dataset/07376382-ff03-446d-86d6-62b7d5a9cf89/resource/a0c3c658-37b2-4484-af45-6157802b18d3/download/naturalezasjuridicas.csv,data-raw/dicose/2024/codigos-de-naturalezas-juridicas__a0c3c658.csv,2026-09-25T06:20:07+0000,885,78a6af092219c8ba2cba7576584f1833,,,2024-09-27T17:08:53.610696,2026-06-10T16:32:37.099912
dicose,2024,actualizado,mgap-datos-preliminares-basados-en-la-declaracion-jurada-de-existencias-dicose-snig-2024,Datos actualizados Declaración jurada de Existencias DICOSE – SNIG 2024,66f3f032-c472-4936-99b1-c089064c6971,Códigos de producciones,Contienen los códigos y las descripciones de los tipos de producción declarada en la presentación de la Declaración Jurada de Lechería.,CSV,https://catalogodatos.gub.uy/dataset/07376382-ff03-446d-86d6-62b7d5a9cf89/resource/66f3f032-c472-4936-99b1-c089064c6971/download/tiposproducciones.csv,data-raw/dicose/2024/codigos-de-producciones__66f3f032.csv,2026-09-25T06:20:10+0000,293,af643b527d036c985f785018537ec69b,,,2024-09-27T17:14:12.970190,2026-06-10T16:32:37.099912
dicose,2024,actualizado,mgap-datos-preliminares-basados-en-la-declaracion-jurada-de-existencias-dicose-snig-2024,Datos actualizados Declaración jurada de Existencias DICOSE – SNIG 2024,aafa8bdb-1821-44bd-8fd0-12f14e7cfc70,Códigos de productos,Contienen los códigos y las descripciones de productos declarados en la presentación de la Declaración Jurada de Lechería.,CSV,https://catalogodatos.gub.uy/dataset/07376382-ff03-446d-86d6-62b7d5a9cf89/resource/aafa8bdb-1821-44bd-8fd0-12f14e7cfc70/download/productos.csv,data-raw/dicose/2024/codigos-de-productos__aafa8bdb.csv,2026-09-25T06:20:08+0000,100,ecbea0837019851d73062710b9b5c9a2,,,2024-09-27T17:10:05.696083,2026-06-10T16:32:37.099912
dicose,2024,actualizado,mgap-datos-preliminares-basados-en-la-declaracion-jurada-de-existencias-dicose-snig-2024,Datos actualizados Declaración jurada de Existencias DICOSE – SNIG 2024,68c25232-b917-4fda-b8a8-0aab5942c6f6,Códigos de tenencia de tierra,Contienen los códigos y las descripciones de la tenencia de la tierra que se utilizan en la presentación de la Declaración Jurada.,CSV,https://catalogodatos.gub.uy/dataset/07376382-ff03-446d-86d6-62b7d5a9cf89/resource/68c25232-b917-4fda-b8a8-0aab5942c6f6/download/tenenciastierra.csv,data-raw/dicose/2024/codigos-de-tenencia-de-tierra__68c25232.csv,2026-09-25T06:20:09+0000,222,6e9a010e1ce0b17ce20ddc6cf50066b9,,,2024-09-27T17:11:22.937498,2026-06-10T16:32:37.099912
dicose,2024,actualizado,mgap-datos-preliminares-basados-en-la-declaracion-jurada-de-existencias-dicose-snig-2024,Datos actualizados Declaración jurada de Existencias DICOSE – SNIG 2024,8b903076-fe70-41c8-8300-93a3d39f44ac,Códigos de tipos de producción MGAP,Contienen los códigos y las descripciones de diferentes tipos de producción establecidos por el MGAP para caracterizar a un productor.,CSV,https://catalogodatos.gub.uy/dataset/07376382-ff03-446d-86d6-62b7d5a9cf89/resource/8b903076-fe70-41c8-8300-93a3d39f44ac/download/tiposproduccionmgap.csv,data-raw/dicose/2024/codigos-de-tipos-de-produccion-mgap__8b903076.csv,2026-09-25T06:20:11+0000,219,7ad09c24b3f80a0da09ca35b38bc17e3,,,2024-09-27T17:15:56.003772,2026-06-10T16:32:37.099912
dicose,2024,actualizado,mgap-datos-preliminares-basados-en-la-declaracion-jurada-de-existencias-dicose-snig-2024,Datos actualizados Declaración jurada de Existencias DICOSE – SNIG 2024,1795a749-8d4e-4b80-91b3-be66df9b4abf,Códigos de usos de tierra,Contienen los códigos y las descripciones de los usos de la tierra utilizados en la presentación de la Declaración Jurada.,CSV,https://catalogodatos.gub.uy/dataset/07376382-ff03-446d-86d6-62b7d5a9cf89/resource/1795a749-8d4e-4b80-91b3-be66df9b4abf/download/usostierra.csv,data-raw/dicose/2024/codigos-de-usos-de-tierra__1795a749.csv,2026-09-25T06:20:12+0000,261,edcc630b94a83f40225609f3045f58f4,,,2024-09-27T17:19:20.240457,2026-06-10T16:32:37.099912
dicose,2024,actualizado,mgap-datos-preliminares-basados-en-la-declaracion-jurada-de-existencias-dicose-snig-2024,Datos actualizados Declaración jurada de Existencias DICOSE – SNIG 2024,fbc7e057-2dc1-4be3-ad2d-49901d9c07e6,Datos animales,"Contiene los nacimientos, consumos y muertes de animales así como la cantidad de tenedores y animales por especie.",CSV,https://catalogodatos.gub.uy/dataset/07376382-ff03-446d-86d6-62b7d5a9cf89/resource/fbc7e057-2dc1-4be3-ad2d-49901d9c07e6/download/datosanimales.csv,data-raw/dicose/2024/datos-animales__fbc7e057.csv,2026-09-25T06:19:49+0000,4205503,ab9b438b72348f5484cd5c737f821ca2,,,2025-04-09T17:12:30.082976,2026-06-10T16:32:37.099912
dicose,2024,actualizado,mgap-datos-preliminares-basados-en-la-declaracion-jurada-de-existencias-dicose-snig-2024,Datos actualizados Declaración jurada de Existencias DICOSE – SNIG 2024,107c89c3-11f9-414b-9c3a-62d3276405ff,Datos generales,"Para el ejercicio ganadero, departamento, actividad, etc, detalla cantidad de tenedores, superficie explotada y con destino ganadería, und. ganaderas.",CSV,https://catalogodatos.gub.uy/dataset/07376382-ff03-446d-86d6-62b7d5a9cf89/resource/107c89c3-11f9-414b-9c3a-62d3276405ff/download/datosgenerales.csv,data-raw/dicose/2024/datos-generales__107c89c3.csv,2026-09-25T06:19:47+0000,1991206,a111effb9aa7310d5a809d0fff621e8e,,,2025-04-09T12:57:57.306009,2026-06-10T16:32:37.099912
dicose,2024,actualizado,mgap-datos-preliminares-basados-en-la-declaracion-jurada-de-existencias-dicose-snig-2024,Datos actualizados Declaración jurada de Existencias DICOSE – SNIG 2024,401fb3b9-5696-46b7-b162-bf3253f89623,Mejoramientos de tierras,"Para el ejercicio ganadero, departamento, actividad, etc. detalla las hectáreas en las que se realizaron mejoras.",CSV,https://catalogodatos.gub.uy/dataset/07376382-ff03-446d-86d6-62b7d5a9cf89/resource/401fb3b9-5696-46b7-b162-bf3253f89623/download/datosmejoramientostierra.csv,data-raw/dicose/2024/mejoramientos-de-tierras__401fb3b9.csv,2026-09-25T06:19:56+0000,1079555,b8da1e2e390d8f4768d0afbc59ca0460,,,2025-04-09T17:18:38.308972,2026-06-10T16:32:37.099912
dicose,2024,actualizado,mgap-datos-preliminares-basados-en-la-declaracion-jurada-de-existencias-dicose-snig-2024,Datos actualizados Declaración jurada de Existencias DICOSE – SNIG 2024,1d631fa0-2f1c-4ea8-b5ab-a328a79e9af1,Metadatos de animales detallados,Este recurso contiene los metadatos correspondientes a la información detallada de animales declarados por categoría.,CSV,https://catalogodatos.gub.uy/dataset/07376382-ff03-446d-86d6-62b7d5a9cf89/resource/1d631fa0-2f1c-4ea8-b5ab-a328a79e9af1/download/datosanimalesdetallados.csv,data-raw/dicose/2024/metadatos-de-animales-detallados__1d631fa0.csv,2026-09-25T06:19:52+0000,4822,d8182bee2c95b74ecfc2ee2e40aecbd9,,,2025-04-10T18:30:52.485998,2026-06-10T16:32:37.099912
dicose,2024,actualizado,mgap-datos-preliminares-basados-en-la-declaracion-jurada-de-existencias-dicose-snig-2024,Datos actualizados Declaración jurada de Existencias DICOSE – SNIG 2024,71aee938-ca11-4cec-a9dd-2b2f15bad50e,Metadatos de códigos de actividades,Este recurso contiene los metadatos de los códigos de actividades.,CSV,https://catalogodatos.gub.uy/dataset/07376382-ff03-446d-86d6-62b7d5a9cf89/resource/71aee938-ca11-4cec-a9dd-2b2f15bad50e/download/actividades.csv,data-raw/dicose/2024/metadatos-de-codigos-de-actividades__71aee938.csv,2026-09-25T06:20:01+0000,239,04ce5261ce6faf9a92dd6cc41b832a5b,,,2025-04-10T18:33:23.418803,2026-06-10T16:32:37.099912
dicose,2024,actualizado,mgap-datos-preliminares-basados-en-la-declaracion-jurada-de-existencias-dicose-snig-2024,Datos actualizados Declaración jurada de Existencias DICOSE – SNIG 2024,12a8afff-c9aa-4a9a-a198-633008b140cf,Metadatos de códigos de categoría,Este recurso contiene los metadatos de códigos de categoría.,CSV,https://catalogodatos.gub.uy/dataset/07376382-ff03-446d-86d6-62b7d5a9cf89/resource/12a8afff-c9aa-4a9a-a198-633008b140cf/download/categorias.csv,data-raw/dicose/2024/metadatos-de-codigos-de-categoria__12a8afff.csv,2026-09-25T06:20:02+0000,454,08ecbbe31405339de4483c5fc1937382,,,2025-04-10T18:36:48.552027,2026-06-10T16:32:37.099912
dicose,2024,actualizado,mgap-datos-preliminares-basados-en-la-declaracion-jurada-de-existencias-dicose-snig-2024,Datos actualizados Declaración jurada de Existencias DICOSE – SNIG 2024,bd036ba3-3fcf-4255-adea-edba51cd8fce,Metadatos de códigos de departamentos,Este recurso contiene los metadatos de códigos de departamentos.,CSV,https://catalogodatos.gub.uy/dataset/07376382-ff03-446d-86d6-62b7d5a9cf89/resource/bd036ba3-3fcf-4255-adea-edba51cd8fce/download/departamentos.csv,data-raw/dicose/2024/metadatos-de-codigos-de-departamentos__bd036ba3.csv,2026-09-25T06:20:03+0000,257,fd2bec71b475b87d3fa09eee2af47317,,,2025-04-10T18:37:16.763608,2026-06-10T16:32:37.099912
dicose,2024,actualizado,mgap-datos-preliminares-basados-en-la-declaracion-jurada-de-existencias-dicose-snig-2024,Datos actualizados Declaración jurada de Existencias DICOSE – SNIG 2024,54f5590a-f482-4302-9eb6-3a6a205ed1d9,Metadatos de códigos de especies,Este recurso contiene los metadatos de códigos de especies.,CSV,https://catalogodatos.gub.uy/dataset/07376382-ff03-446d-86d6-62b7d5a9cf89/resource/54f5590a-f482-4302-9eb6-3a6a205ed1d9/download/especies.csv,data-raw/dicose/2024/metadatos-de-codigos-de-especies__54f5590a.csv,2026-09-25T06:20:04+0000,221,df4ea320fe7bb724c61b24b4ae01eb8e,,,2025-04-10T18:37:36.536378,2026-06-10T16:32:37.099912
dicose,2024,actualizado,mgap-datos-preliminares-basados-en-la-declaracion-jurada-de-existencias-dicose-snig-2024,Datos actualizados Declaración jurada de Existencias DICOSE – SNIG 2024,80efbdf1-2707-4e99-bf0b-07c5468208d8,Metadatos de códigos de estratos,Este recurso contiene los metadatos de código de estratos.,CSV,https://catalogodatos.gub.uy/dataset/07376382-ff03-446d-86d6-62b7d5a9cf89/resource/80efbdf1-2707-4e99-bf0b-07c5468208d8/download/estratos.csv,data-raw/dicose/2024/metadatos-de-codigos-de-estratos__80efbdf1.csv,2026-09-25T06:20:05+0000,217,bcc3ce0afa544ba23f4d129da3b72553,,,2025-04-10T18:37:59.446397,2026-06-10T16:32:37.099912
dicose,2024,actualizado,mgap-datos-preliminares-basados-en-la-declaracion-jurada-de-existencias-dicose-snig-2024,Datos actualizados Declaración jurada de Existencias DICOSE – SNIG 2024,177a94a0-d8a2-4d4a-8ebd-6f1fa8eaf19a,Metadatos de códigos de giros,Este recurso contiene los metadatos de códigos de giros.,CSV,https://catalogodatos.gub.uy/dataset/07376382-ff03-446d-86d6-62b7d5a9cf89/resource/177a94a0-d8a2-4d4a-8ebd-6f1fa8eaf19a/download/giros.csv,data-raw/dicose/2024/metadatos-de-codigos-de-giros__177a94a0.csv,2026-09-25T06:20:06+0000,193,ac7e49898d8a57795639150eb3d69aeb,,,2025-04-10T18:38:20.165156,2026-06-10T16:32:37.099912
dicose,2024,actualizado,mgap-datos-preliminares-basados-en-la-declaracion-jurada-de-existencias-dicose-snig-2024,Datos actualizados Declaración jurada de Existencias DICOSE – SNIG 2024,3de577a2-aa02-4a29-887b-6cf33d98a35b,Metadatos de códigos de productos,Este recurso contiene los metadatos de códigos de productos.,CSV,https://catalogodatos.gub.uy/dataset/07376382-ff03-446d-86d6-62b7d5a9cf89/resource/3de577a2-aa02-4a29-887b-6cf33d98a35b/download/productos.csv,data-raw/dicose/2024/metadatos-de-codigos-de-productos__3de577a2.csv,2026-09-25T06:20:09+0000,341,4d63176bd6a310dc3f94ede0161a8487,,,2025-04-10T18:40:04.014299,2026-06-10T16:32:37.099912
dicose,2024,actualizado,mgap-datos-preliminares-basados-en-la-declaracion-jurada-de-existencias-dicose-snig-2024,Datos actualizados Declaración jurada de Existencias DICOSE – SNIG 2024,d20713c5-ac70-4cbf-9c9c-4c7fe5452165,Metadatos de códigos de tenencia de tierra,Este recurso contiene los metadatos de códigos de tenencia de tierra.,CSV,https://catalogodatos.gub.uy/dataset/07376382-ff03-446d-86d6-62b7d5a9cf89/resource/d20713c5-ac70-4cbf-9c9c-4c7fe5452165/download/tenenciastierra.csv,data-raw/dicose/2024/metadatos-de-codigos-de-tenencia-de-tierra__d20713c5.csv,2026-09-25T06:20:10+0000,269,42ba903d992038fd298d940befa8f346,,,2025-04-10T18:40:27.651009,2026-06-10T16:32:37.099912
dicose,2024,actualizado,mgap-datos-preliminares-basados-en-la-declaracion-jurada-de-existencias-dicose-snig-2024,Datos actualizados Declaración jurada de Existencias DICOSE – SNIG 2024,736ed23b-6d0e-44e0-81a5-0ee0f6c86a91,Metadatos de códigos de usos de tierra,Este recurso contiene los metadatos de códigos de usos de tierra.,CSV,https://catalogodatos.gub.uy/dataset/07376382-ff03-446d-86d6-62b7d5a9cf89/resource/736ed23b-6d0e-44e0-81a5-0ee0f6c86a91/download/usostierra.csv,data-raw/dicose/2024/metadatos-de-codigos-de-usos-de-tierra__736ed23b.csv,2026-09-25T06:20:12+0000,225,b411bc72a2dc3ca37a5900f4bdcc3ec7,,,2025-04-10T18:45:13.275981,2026-06-10T16:32:37.099912
dicose,2024,actualizado,mgap-datos-preliminares-basados-en-la-declaracion-jurada-de-existencias-dicose-snig-2024,Datos actualizados Declaración jurada de Existencias DICOSE – SNIG 2024,603472a9-49e1-4e38-ac47-8da63470e0a9,Metadatos de códigos tipos de producción,Este recurso contiene los metadatos de códigos de tipos de producción.,CSV,https://catalogodatos.gub.uy/dataset/07376382-ff03-446d-86d6-62b7d5a9cf89/resource/603472a9-49e1-4e38-ac47-8da63470e0a9/download/tiposproducciones.csv,data-raw/dicose/2024/metadatos-de-codigos-tipos-de-produccion__603472a9.csv,2026-09-25T06:20:11+0000,289,a28060def5d7410ced74366440cb4f79,,,2025-04-10T18:40:51.405856,2026-06-10T16:32:37.099912
dicose,2024,actualizado,mgap-datos-preliminares-basados-en-la-declaracion-jurada-de-existencias-dicose-snig-2024,Datos actualizados Declaración jurada de Existencias DICOSE – SNIG 2024,e8c61187-7249-45b6-b3a8-0b3ba0c02e66,Metadatos de datos animales,"Este recurso contiene los metadatos correspondientes a datos de animales, así como su origen y limitantes.",CSV,https://catalogodatos.gub.uy/dataset/07376382-ff03-446d-86d6-62b7d5a9cf89/resource/e8c61187-7249-45b6-b3a8-0b3ba0c02e66/download/datosanimales.csv,data-raw/dicose/2024/metadatos-de-datos-animales__e8c61187.csv,2026-09-25T06:19:50+0000,5132,be13e8746e4ed662f1b7753a2e8d3cac,,,2025-04-10T18:30:29.424613,2026-06-10T16:32:37.099912
dicose,2024,actualizado,mgap-datos-preliminares-basados-en-la-declaracion-jurada-de-existencias-dicose-snig-2024,Datos actualizados Declaración jurada de Existencias DICOSE – SNIG 2024,0b173fc8-46c7-4e45-aba2-8196cae28e34,Metadatos de datos generales,Este recurso contiene los metadatos de los datos generales.,CSV,https://catalogodatos.gub.uy/dataset/07376382-ff03-446d-86d6-62b7d5a9cf89/resource/0b173fc8-46c7-4e45-aba2-8196cae28e34/download/datosgenerales.csv,data-raw/dicose/2024/metadatos-de-datos-generales__0b173fc8.csv,2026-09-25T06:19:47+0000,4642,d805f9d972491776096cfe7f14ad256e,,,2025-04-10T18:29:53.666109,2026-06-10T16:32:37.099912
dicose,2024,actualizado,mgap-datos-preliminares-basados-en-la-declaracion-jurada-de-existencias-dicose-snig-2024,Datos actualizados Declaración jurada de Existencias DICOSE – SNIG 2024,0ad17285-7062-4856-b2da-cb5e123c478b,Metadatos de especializaciones MGAP,Este recurso contiene los metadatos de códigos de especializaciones.,CSV,https://catalogodatos.gub.uy/dataset/07376382-ff03-446d-86d6-62b7d5a9cf89/resource/0ad17285-7062-4856-b2da-cb5e123c478b/download/especializacionesmgap.csv,data-raw/dicose/2024/metadatos-de-especializaciones-mgap__0ad17285.csv,2026-09-25T06:20:13+0000,310,ed075ae231f4ee4fb744a0f0e096659e,,,2025-04-10T18:48:57.890472,2026-06-10T16:32:37.099912
dicose,2024,actualizado,mgap-datos-preliminares-basados-en-la-declaracion-jurada-de-existencias-dicose-snig-2024,Datos actualizados Declaración jurada de Existencias DICOSE – SNIG 2024,610049b5-8185-4f8e-8b97-19f738ba33ab,Metadatos de mejoramientos de tierras,Este recurso contiene los metadatos de los mejoramientos de tierras.,CSV,https://catalogodatos.gub.uy/dataset/07376382-ff03-446d-86d6-62b7d5a9cf89/resource/610049b5-8185-4f8e-8b97-19f738ba33ab/download/datosmejoramientostierra.csv,data-raw/dicose/2024/metadatos-de-mejoramientos-de-tierras__610049b5.csv,2026-09-25T06:19:56+0000,3840,7b2d2171971dd6be35cb66c06a9efc6e,,,2025-04-10T18:32:33.935850,2026-06-10T16:32:37.099912
dicose,2024,actualizado,mgap-datos-preliminares-basados-en-la-declaracion-jurada-de-existencias-dicose-snig-2024,Datos actualizados Declaración jurada de Existencias DICOSE – SNIG 2024,2f263036-0456-47a4-bce1-7bd56a43af7c,Metadatos de mejoramientos de tierras,Este recurso contiene los metadatos de mejoramientos de tierras.,CSV,https://catalogodatos.gub.uy/dataset/07376382-ff03-446d-86d6-62b7d5a9cf89/resource/2f263036-0456-47a4-bce1-7bd56a43af7c/download/mejoramientostierra.csv,data-raw/dicose/2024/metadatos-de-mejoramientos-de-tierras__2f263036.csv,2026-09-25T06:20:06+0000,289,bc00a20cf0c4e3f6242d76188b081c64,,,2025-04-10T18:39:03.720994,2026-06-10T16:32:37.099912
dicose,2024,actualizado,mgap-datos-preliminares-basados-en-la-declaracion-jurada-de-existencias-dicose-snig-2024,Datos actualizados Declaración jurada de Existencias DICOSE – SNIG 2024,0c5cbec7-a3f4-450c-a0f5-06891a83aabf,Metadatos de naturalezas jurídicas,Este recurso contiene los metadatos de naturalezas jurídicas.,CSV,https://catalogodatos.gub.uy/dataset/07376382-ff03-446d-86d6-62b7d5a9cf89/resource/0c5cbec7-a3f4-450c-a0f5-06891a83aabf/download/naturalezasjuridicas.csv,data-raw/dicose/2024/metadatos-de-naturalezas-juridicas__0c5cbec7.csv,2026-09-25T06:20:08+0000,315,39b44150bacdbfdbbea87639f1aca712,,,2025-04-10T18:39:41.524625,2026-06-10T16:32:37.099912
dicose,2024,actualizado,mgap-datos-preliminares-basados-en-la-declaracion-jurada-de-existencias-dicose-snig-2024,Datos actualizados Declaración jurada de Existencias DICOSE – SNIG 2024,fcdd366a-40a0-4696-bfb9-2104960f399a,Metadatos de producción de leche,Este recurso contiene los metadatos de producción de leche.,CSV,https://catalogodatos.gub.uy/dataset/07376382-ff03-446d-86d6-62b7d5a9cf89/resource/fcdd366a-40a0-4696-bfb9-2104960f399a/download/datosproduccionleche.csv,data-raw/dicose/2024/metadatos-de-produccion-de-leche__fcdd366a.csv,2026-09-25T06:19:59+0000,4332,0e904262cf66270b13a46869a5bbeb3e,,,2025-04-10T18:32:50.901639,2026-06-10T16:32:37.099912
dicose,2024,actualizado,mgap-datos-preliminares-basados-en-la-declaracion-jurada-de-existencias-dicose-snig-2024,Datos actualizados Declaración jurada de Existencias DICOSE – SNIG 2024,b131cf77-2125-4df5-8f08-a480bee65762,Metadatos de producción de leche en establecimiento,Este recurso contiene los metadatos de producción de leche en establecimiento.,CSV,https://catalogodatos.gub.uy/dataset/07376382-ff03-446d-86d6-62b7d5a9cf89/resource/b131cf77-2125-4df5-8f08-a480bee65762/download/datosproduccionlecheenestablecimiento.csv,data-raw/dicose/2024/metadatos-de-produccion-de-leche-en-establecimiento__b131cf77.csv,2026-09-25T06:20:00+0000,4082,c650b9b3f4fa17412d8a52e1953469bd,,,2025-04-10T18:33:08.800178,2026-06-10T16:32:37.099912
dicose,2024,actualizado,mgap-datos-preliminares-basados-en-la-declaracion-jurada-de-existencias-dicose-snig-2024,Datos actualizados Declaración jurada de Existencias DICOSE – SNIG 2024,c35835f4-e25a-4ef9-8961-5f6cd639b588,Metadatos de tenencia de tierra,Este recurso contiene los metadatos de tenencia de la tierra.,CSV,https://catalogodatos.gub.uy/dataset/07376382-ff03-446d-86d6-62b7d5a9cf89/resource/c35835f4-e25a-4ef9-8961-5f6cd639b588/download/datostenenciastierra.csv,data-raw/dicose/2024/metadatos-de-tenencia-de-tierra__c35835f4.csv,2026-09-25T06:19:54+0000,3829,ee525e88b5516a65ed2fca9e0d180121,,,2025-04-10T18:31:32.570318,2026-06-10T16:32:37.099912
dicose,2024,actualizado,mgap-datos-preliminares-basados-en-la-declaracion-jurada-de-existencias-dicose-snig-2024,Datos actualizados Declaración jurada de Existencias DICOSE – SNIG 2024,2c4594fe-3f18-4e55-bc3c-502428e22280,Metadatos de tipos de producción MGAP,Este recurso contiene los metadatos de códigos de tipos de producción,CSV,https://catalogodatos.gub.uy/dataset/07376382-ff03-446d-86d6-62b7d5a9cf89/resource/2c4594fe-3f18-4e55-bc3c-502428e22280/download/tiposproduccionesmgap.csv,data-raw/dicose/2024/metadatos-de-tipos-de-produccion-mgap__2c4594fe.csv,2026-09-25T06:20:12+0000,315,c326bc16dc01db6b60edcbf93b58a46c,,,2025-04-10T18:44:14.085853,2026-06-10T16:32:37.099912
dicose,2024,actualizado,mgap-datos-preliminares-basados-en-la-declaracion-jurada-de-existencias-dicose-snig-2024,Datos actualizados Declaración jurada de Existencias DICOSE – SNIG 2024,a78d62d5-263f-466d-93b6-0dbf70666c4a,Metadatos de uso de la tierra,Este recurso contiene los metadatos del uso de la tierra.,CSV,https://catalogodatos.gub.uy/dataset/07376382-ff03-446d-86d6-62b7d5a9cf89/resource/a78d62d5-263f-466d-93b6-0dbf70666c4a/download/datosusostierra.csv,data-raw/dicose/2024/metadatos-de-uso-de-la-tierra__a78d62d5.csv,2026-09-25T06:19:55+0000,3804,9fce798e8992f19ca55a25e5908bac26,,,2025-04-10T18:31:55.071935,2026-06-10T16:32:37.099912
dicose,2024,actualizado,mgap-datos-preliminares-basados-en-la-declaracion-jurada-de-existencias-dicose-snig-2024,Datos actualizados Declaración jurada de Existencias DICOSE – SNIG 2024,413a8270-22f5-422b-94ec-dd34511d822c,Producción de leche,"Para el ejercicio ganadero, departamento, actividad, etc. detalla la cantidad de tenedores con la producción de leche en litros.",CSV,https://catalogodatos.gub.uy/dataset/07376382-ff03-446d-86d6-62b7d5a9cf89/resource/413a8270-22f5-422b-94ec-dd34511d822c/download/datosproduccionleche.csv,data-raw/dicose/2024/produccion-de-leche__413a8270.csv,2026-09-25T06:19:57+0000,248701,7b9d7abb73afdbceda1cb9fc8c4f0568,,,2025-04-09T17:19:04.695894,2026-06-10T16:32:37.099912
dicose,2024,actualizado,mgap-datos-preliminares-basados-en-la-declaracion-jurada-de-existencias-dicose-snig-2024,Datos actualizados Declaración jurada de Existencias DICOSE – SNIG 2024,123965b0-91cb-4524-8476-381fd91ac4a2,Producción de leche en establecimiento,"Para el ejercicio ganadero, departamento, actividad, etc. detalla la cantidad de leche en litros producida en establecimiento.",CSV,https://catalogodatos.gub.uy/dataset/07376382-ff03-446d-86d6-62b7d5a9cf89/resource/123965b0-91cb-4524-8476-381fd91ac4a2/download/datosproduccionlecheenestablecimiento.csv,data-raw/dicose/2024/produccion-de-leche-en-establecimiento__123965b0.csv,2026-09-25T06:19:59+0000,20101,d89f6bd736c1546a4431d7bcabd18931,,,2025-04-09T17:19:31.570610,2026-06-10T16:32:37.099912
dicose,2024,actualizado,mgap-datos-preliminares-basados-en-la-declaracion-jurada-de-existencias-dicose-snig-2024,Datos actualizados Declaración jurada de Existencias DICOSE – SNIG 2024,ac5996ee-825a-47bc-88a6-daee7749f325,Tenencia de tierra,"Para el ejercicio ganadero, departamento, actividad, etc. detalla la cantidad de hectáreas explotadas.",CSV,https://catalogodatos.gub.uy/dataset/07376382-ff03-446d-86d6-62b7d5a9cf89/resource/ac5996ee-825a-47bc-88a6-daee7749f325/download/datostenenciastierra.csv,data-raw/dicose/2024/tenencia-de-tierra__ac5996ee.csv,2026-09-25T06:19:53+0000,1909663,738ad14a8fd5ad9957cc670094aefcc8,,,2025-04-09T17:16:09.984606,2026-06-10T16:32:37.099912
dicose,2024,actualizado,mgap-datos-preliminares-basados-en-la-declaracion-jurada-de-existencias-dicose-snig-2024,Datos actualizados Declaración jurada de Existencias DICOSE – SNIG 2024,1f6894d7-2e43-49f8-a2a9-63fc4178eed8,Uso de la tierra,"Para el ejercicio ganadero, departamento, actividad, etc. detalla la cantidad de hectáreas según la explotación o uso de la tierra.",CSV,https://catalogodatos.gub.uy/dataset/07376382-ff03-446d-86d6-62b7d5a9cf89/resource/1f6894d7-2e43-49f8-a2a9-63fc4178eed8/download/datosusostierra.csv,data-raw/dicose/2024/uso-de-la-tierra__1f6894d7.csv,2026-09-25T06:19:54+0000,2850227,4df2997dddbfb2c5a4c01379a1fd9b5a,,,2025-04-09T17:16:49.130257,2026-06-10T16:32:37.099912
dicose,2025,actualizado,mgap-datos-preliminares-basados-en-la-declaracion-jurada-de-existencias-dicose-snig-2025,Datos Actualizados de la Declaración Jurada de Existencias DICOSE – SNIG 2025,68880699-c2a0-47e4-850f-55410e6d80a8,Animales detallados,"Para el ejercicio ganadero, departamento, actividad, etc. detalla los animales declarados por categoría.",CSV,https://catalogodatos.gub.uy/dataset/8c99ab66-e547-4d6a-b7d3-55b80473b3c6/resource/68880699-c2a0-47e4-850f-55410e6d80a8/download/datosanimalesdetallados.csv,data-raw/dicose/2025/animales-detallados__68880699.csv,2026-09-25T06:20:21+0000,12389034,d980d9b0a9ef1c855927d65cb3632e59,,,2026-06-10T13:28:37.847846,2026-06-17T16:26:10.584003
dicose,2025,actualizado,mgap-datos-preliminares-basados-en-la-declaracion-jurada-de-existencias-dicose-snig-2025,Datos Actualizados de la Declaración Jurada de Existencias DICOSE – SNIG 2025,c67be297-bb41-4e10-843c-f5076d3ac0a5,Códigos de actividades,Contiene los códigos de actividad que se definen al momento de la creación del DICOSE en base a los procesos productivos que va a desarrollar.,CSV,https://catalogodatos.gub.uy/dataset/8c99ab66-e547-4d6a-b7d3-55b80473b3c6/resource/c67be297-bb41-4e10-843c-f5076d3ac0a5/download/actividades.csv,data-raw/dicose/2025/codigos-de-actividades__c67be297.csv,2026-09-25T06:20:27+0000,572,74ecc6dfa6d768160b6098c60692392a,,,2026-06-10T15:44:21.694115,2026-06-17T16:26:10.584003
dicose,2025,actualizado,mgap-datos-preliminares-basados-en-la-declaracion-jurada-de-existencias-dicose-snig-2025,Datos Actualizados de la Declaración Jurada de Existencias DICOSE – SNIG 2025,58e0baaa-9e4e-4aa0-899d-7b8931cde276,Códigos de categoría,"Contiene las categorías para las especies (bovinos, ovinos, yeguarizos, suinos y caprinos) que figuran en la declaración jurada de existencias.",CSV,https://catalogodatos.gub.uy/dataset/8c99ab66-e547-4d6a-b7d3-55b80473b3c6/resource/58e0baaa-9e4e-4aa0-899d-7b8931cde276/download/categorias-.csv,data-raw/dicose/2025/codigos-de-categoria__58e0baaa.csv,2026-09-25T06:20:28+0000,1484,a7be6a9e70bb6fa8f5d180eee3ab607e,,,2026-06-10T15:47:24.199018,2026-06-17T16:26:10.584003
dicose,2025,actualizado,mgap-datos-preliminares-basados-en-la-declaracion-jurada-de-existencias-dicose-snig-2025,Datos Actualizados de la Declaración Jurada de Existencias DICOSE – SNIG 2025,125d41d0-574d-460b-aecc-5538ff2913fb,Códigos de departamentos,Contiene los códigos y las descripciones de los 19 departamentos del Uruguay utilizados para la presentación de la Declaración Jurada.,CSV,https://catalogodatos.gub.uy/dataset/8c99ab66-e547-4d6a-b7d3-55b80473b3c6/resource/125d41d0-574d-460b-aecc-5538ff2913fb/download/departamentos.csv,data-raw/dicose/2025/codigos-de-departamentos__125d41d0.csv,2026-09-25T06:20:29+0000,292,91288533b80820971ed02ba003fd2ac8,,,2026-06-10T15:48:46.780473,2026-06-17T16:26:10.584003
dicose,2025,actualizado,mgap-datos-preliminares-basados-en-la-declaracion-jurada-de-existencias-dicose-snig-2025,Datos Actualizados de la Declaración Jurada de Existencias DICOSE – SNIG 2025,8ad02768-8ea3-4f7a-87f9-2cee584b1066,Códigos de especializaciones MGAP,Contienen los códigos y las descripciones de diferentes tipos de especializaciones establecidas por el MGAP para caracterizar a un productor.,CSV,https://catalogodatos.gub.uy/dataset/8c99ab66-e547-4d6a-b7d3-55b80473b3c6/resource/8ad02768-8ea3-4f7a-87f9-2cee584b1066/download/especializacionesmgap.csv,data-raw/dicose/2025/codigos-de-especializaciones-mgap__8ad02768.csv,2026-09-25T06:20:39+0000,133,c906650e22d0d87ee1f473ae473f0c4b,,,2026-06-10T16:25:26.347624,2026-06-17T16:26:10.584003
dicose,2025,actualizado,mgap-datos-preliminares-basados-en-la-declaracion-jurada-de-existencias-dicose-snig-2025,Datos Actualizados de la Declaración Jurada de Existencias DICOSE – SNIG 2025,2f2c403c-7fbc-4133-b35d-11392068f938,Códigos de especies,Contienen los códigos y la descripción de las especies utilizadas para la presentación de la Declaración Jurada.,CSV,https://catalogodatos.gub.uy/dataset/8c99ab66-e547-4d6a-b7d3-55b80473b3c6/resource/2f2c403c-7fbc-4133-b35d-11392068f938/download/especies.csv,data-raw/dicose/2025/codigos-de-especies__2f2c403c.csv,2026-09-25T06:20:31+0000,129,4b4d0f99493f7576dd9da6032ea29343,,,2026-06-10T15:54:06.739885,2026-06-17T16:26:10.584003
dicose,2025,actualizado,mgap-datos-preliminares-basados-en-la-declaracion-jurada-de-existencias-dicose-snig-2025,Datos Actualizados de la Declaración Jurada de Existencias DICOSE – SNIG 2025,27785ad8-11a0-4bc0-8746-75e091fecd6d,Códigos de estratos,Contienen los códigos y la descripción de los estratos para utilizar en la presentación de la Declaración Jurada.,CSV,https://catalogodatos.gub.uy/dataset/8c99ab66-e547-4d6a-b7d3-55b80473b3c6/resource/27785ad8-11a0-4bc0-8746-75e091fecd6d/download/estratos.csv,data-raw/dicose/2025/codigos-de-estratos__27785ad8.csv,2026-09-25T06:20:32+0000,198,4b4207d03199f0984ae23640f6554019,,,2026-06-10T16:03:34.992703,2026-06-17T16:26:10.584003
dicose,2025,actualizado,mgap-datos-preliminares-basados-en-la-declaracion-jurada-de-existencias-dicose-snig-2025,Datos Actualizados de la Declaración Jurada de Existencias DICOSE – SNIG 2025,8eecadf2-2869-45b1-8f6e-094facf787aa,Códigos de giros,Contienen los códigos y la descripción de los giros utilizados en la presentación de la Declaración Jurada.,CSV,https://catalogodatos.gub.uy/dataset/8c99ab66-e547-4d6a-b7d3-55b80473b3c6/resource/8eecadf2-2869-45b1-8f6e-094facf787aa/download/giros.csv,data-raw/dicose/2025/codigos-de-giros__8eecadf2.csv,2026-09-25T06:20:33+0000,1048,302da3e5293059c40bb4188ad6cd91d1,,,2026-06-10T16:05:18.647238,2026-06-17T16:26:10.584003
dicose,2025,actualizado,mgap-datos-preliminares-basados-en-la-declaracion-jurada-de-existencias-dicose-snig-2025,Datos Actualizados de la Declaración Jurada de Existencias DICOSE – SNIG 2025,9078e3ba-8e45-4ebb-97a5-b8d416deb387,Códigos de mejoramientos de tierras,Contienen los códigos y la descripción de los tipos de mejoramientos de tierras utilizados en la presentación de la Declaración Jurada.,CSV,https://catalogodatos.gub.uy/dataset/8c99ab66-e547-4d6a-b7d3-55b80473b3c6/resource/9078e3ba-8e45-4ebb-97a5-b8d416deb387/download/mejoramientostierra.csv,data-raw/dicose/2025/codigos-de-mejoramientos-de-tierras__9078e3ba.csv,2026-09-25T06:20:34+0000,319,35f5c5d37af8960ab3416c3224d93b71,,,2026-06-10T16:06:59.701505,2026-06-17T16:26:10.584003
dicose,2025,actualizado,mgap-datos-preliminares-basados-en-la-declaracion-jurada-de-existencias-dicose-snig-2025,Datos Actualizados de la Declaración Jurada de Existencias DICOSE – SNIG 2025,21acd57e-6336-4693-9976-03abe336017e,Códigos de naturalezas jurídicas,Contienen los códigos y las descripciones de las naturalezas jurídicas utilizadas en la presentación de la Declaración Jurada.,CSV,https://catalogodatos.gub.uy/dataset/8c99ab66-e547-4d6a-b7d3-55b80473b3c6/resource/21acd57e-6336-4693-9976-03abe336017e/download/naturalezasjuridicas.csv,data-raw/dicose/2025/codigos-de-naturalezas-juridicas__21acd57e.csv,2026-09-25T06:20:35+0000,885,78a6af092219c8ba2cba7576584f1833,,,2026-06-10T16:11:08.868388,2026-06-17T16:26:10.584003
dicose,2025,actualizado,mgap-datos-preliminares-basados-en-la-declaracion-jurada-de-existencias-dicose-snig-2025,Datos Actualizados de la Declaración Jurada de Existencias DICOSE – SNIG 2025,13332d20-4169-480d-849b-c0d45e39495c,Códigos de producciones,Contienen los códigos y las descripciones de los tipos de producción declarada en la presentación de la Declaración Jurada de Lechería.,CSV,https://catalogodatos.gub.uy/dataset/8c99ab66-e547-4d6a-b7d3-55b80473b3c6/resource/13332d20-4169-480d-849b-c0d45e39495c/download/tiposproducciones.csv,data-raw/dicose/2025/codigos-de-producciones__13332d20.csv,2026-09-25T06:20:37+0000,293,af643b527d036c985f785018537ec69b,,,2026-06-10T16:23:51.320412,2026-06-17T16:26:10.584003
dicose,2025,actualizado,mgap-datos-preliminares-basados-en-la-declaracion-jurada-de-existencias-dicose-snig-2025,Datos Actualizados de la Declaración Jurada de Existencias DICOSE – SNIG 2025,4d522eb7-a4c2-46ad-bd46-8fd8bd0d1ea3,Códigos de productos,Contienen los códigos y las descripciones de productos declarados en la presentación de la Declaración Jurada de Lechería.,CSV,https://catalogodatos.gub.uy/dataset/8c99ab66-e547-4d6a-b7d3-55b80473b3c6/resource/4d522eb7-a4c2-46ad-bd46-8fd8bd0d1ea3/download/productos.csv,data-raw/dicose/2025/codigos-de-productos__4d522eb7.csv,2026-09-25T06:20:35+0000,100,ecbea0837019851d73062710b9b5c9a2,,,2026-06-10T16:12:29.371286,2026-06-17T16:26:10.584003
dicose,2025,actualizado,mgap-datos-preliminares-basados-en-la-declaracion-jurada-de-existencias-dicose-snig-2025,Datos Actualizados de la Declaración Jurada de Existencias DICOSE – SNIG 2025,ba63dd8e-70af-4391-9769-e97d71cc2b7a,Códigos de tenencia de tierra,Contienen los códigos y las descripciones de la tenencia de la tierra que se utilizan en la presentación de la Declaración Jurada.,CSV,https://catalogodatos.gub.uy/dataset/8c99ab66-e547-4d6a-b7d3-55b80473b3c6/resource/ba63dd8e-70af-4391-9769-e97d71cc2b7a/download/tenenciastierra.csv,data-raw/dicose/2025/codigos-de-tenencia-de-tierra__ba63dd8e.csv,2026-09-25T06:20:36+0000,222,6e9a010e1ce0b17ce20ddc6cf50066b9,,,2026-06-10T16:14:49.872997,2026-06-17T16:26:10.584003
dicose,2025,actualizado,mgap-datos-preliminares-basados-en-la-declaracion-jurada-de-existencias-dicose-snig-2025,Datos Actualizados de la Declaración Jurada de Existencias DICOSE – SNIG 2025,d9f524c7-301e-428a-8994-58aee5fb12c8,Códigos de usos de tierra,Contienen los códigos y las descripciones de los usos de la tierra utilizados en la presentación de la Declaración Jurada.,CSV,https://catalogodatos.gub.uy/dataset/8c99ab66-e547-4d6a-b7d3-55b80473b3c6/resource/d9f524c7-301e-428a-8994-58aee5fb12c8/download/usostierra.csv,data-raw/dicose/2025/codigos-de-usos-de-tierra__d9f524c7.csv,2026-09-25T06:20:38+0000,261,edcc630b94a83f40225609f3045f58f4,,,2026-06-10T16:18:57.213721,2026-06-17T16:26:10.584003
dicose,2025,actualizado,mgap-datos-preliminares-basados-en-la-declaracion-jurada-de-existencias-dicose-snig-2025,Datos Actualizados de la Declaración Jurada de Existencias DICOSE – SNIG 2025,71668abf-75d4-41b7-a2bb-e37d73de8ecc,Datos animales,"Contiene los nacimientos, consumos y muertes de animales así como la cantidad de tenedores y animales por especie.",CSV,https://catalogodatos.gub.uy/dataset/8c99ab66-e547-4d6a-b7d3-55b80473b3c6/resource/71668abf-75d4-41b7-a2bb-e37d73de8ecc/download/datosanimales.csv,data-raw/dicose/2025/datos-animales__71668abf.csv,2026-09-25T06:20:18+0000,4132085,6657a001839bacb0440c5d18b18b9d08,,,2026-06-10T13:13:14.808946,2026-06-17T16:26:10.584003
dicose,2025,actualizado,mgap-datos-preliminares-basados-en-la-declaracion-jurada-de-existencias-dicose-snig-2025,Datos Actualizados de la Declaración Jurada de Existencias DICOSE – SNIG 2025,a6050711-7c15-4a1e-baa4-48d310f95991,Datos generales,"Para el ejercicio ganadero, departamento, actividad, etc, detalla cantidad de tenedores, superficie explotada y con destino ganadería, und. ganaderas.",CSV,https://catalogodatos.gub.uy/dataset/8c99ab66-e547-4d6a-b7d3-55b80473b3c6/resource/a6050711-7c15-4a1e-baa4-48d310f95991/download/datosgenerales.csv,data-raw/dicose/2025/datos-generales__a6050711.csv,2026-09-25T06:20:16+0000,1986751,5ebdcdad8a27e91015eb65399a4e7fe8,,,2026-06-10T14:35:34.011185,2026-06-17T16:26:10.584003
dicose,2025,actualizado,mgap-datos-preliminares-basados-en-la-declaracion-jurada-de-existencias-dicose-snig-2025,Datos Actualizados de la Declaración Jurada de Existencias DICOSE – SNIG 2025,f0c30bc3-55ec-4d80-a6df-ba894656d8b7,Mejoramientos de tierras,"Para el ejercicio ganadero, departamento, actividad, etc. detalla las hectáreas en las que se realizaron mejoras.",CSV,https://catalogodatos.gub.uy/dataset/8c99ab66-e547-4d6a-b7d3-55b80473b3c6/resource/f0c30bc3-55ec-4d80-a6df-ba894656d8b7/download/datosmejoramientostierra.csv,data-raw/dicose/2025/mejoramientos-de-tierras__f0c30bc3.csv,2026-09-25T06:20:25+0000,1087297,e4b8308c57050c8ab6cdf2e0d725336b,,,2026-06-10T15:27:33.169717,2026-06-17T16:26:10.584003
dicose,2025,actualizado,mgap-datos-preliminares-basados-en-la-declaracion-jurada-de-existencias-dicose-snig-2025,Datos Actualizados de la Declaración Jurada de Existencias DICOSE – SNIG 2025,fedf6993-60b9-40dc-b159-12caa277043f,Metadatos de animales detallados,Este recurso contiene los metadatos correspondientes a la información detallada de animales declarados por categoría.,CSV,https://catalogodatos.gub.uy/dataset/8c99ab66-e547-4d6a-b7d3-55b80473b3c6/resource/fedf6993-60b9-40dc-b159-12caa277043f/download/datosanimalesdetallados.csv,data-raw/dicose/2025/metadatos-de-animales-detallados__fedf6993.csv,2026-09-25T06:20:21+0000,4822,d8182bee2c95b74ecfc2ee2e40aecbd9,,,2026-06-10T13:27:55.033913,2026-06-17T16:26:10.584003
dicose,2025,actualizado,mgap-datos-preliminares-basados-en-la-declaracion-jurada-de-existencias-dicose-snig-2025,Datos Actualizados de la Declaración Jurada de Existencias DICOSE – SNIG 2025,cee7fc74-79aa-40ac-a5fe-725b525bc4cd,Metadatos de códigos de actividades,Este recurso contiene los metadatos de los códigos de actividades.,CSV,https://catalogodatos.gub.uy/dataset/8c99ab66-e547-4d6a-b7d3-55b80473b3c6/resource/cee7fc74-79aa-40ac-a5fe-725b525bc4cd/download/actividades.csv,data-raw/dicose/2025/metadatos-de-codigos-de-actividades__cee7fc74.csv,2026-09-25T06:20:28+0000,239,04ce5261ce6faf9a92dd6cc41b832a5b,,,2026-06-10T15:42:34.150344,2026-06-17T16:26:10.584003
dicose,2025,actualizado,mgap-datos-preliminares-basados-en-la-declaracion-jurada-de-existencias-dicose-snig-2025,Datos Actualizados de la Declaración Jurada de Existencias DICOSE – SNIG 2025,0a969862-bb06-4455-aa53-1d194dd46092,Metadatos de códigos de categoría,Este recurso contiene los metadatos de códigos de categoría.,CSV,https://catalogodatos.gub.uy/dataset/8c99ab66-e547-4d6a-b7d3-55b80473b3c6/resource/0a969862-bb06-4455-aa53-1d194dd46092/download/categorias.csv,data-raw/dicose/2025/metadatos-de-codigos-de-categoria__0a969862.csv,2026-09-25T06:20:29+0000,454,08ecbbe31405339de4483c5fc1937382,,,2026-06-10T15:48:01.362288,2026-06-17T16:26:10.584003
dicose,2025,actualizado,mgap-datos-preliminares-basados-en-la-declaracion-jurada-de-existencias-dicose-snig-2025,Datos Actualizados de la Declaración Jurada de Existencias DICOSE – SNIG 2025,ca64f85a-2568-4135-bf6c-5d8e82184b31,Metadatos de códigos de departamentos,Este recurso contiene los metadatos de códigos de departamentos.,CSV,https://catalogodatos.gub.uy/dataset/8c99ab66-e547-4d6a-b7d3-55b80473b3c6/resource/ca64f85a-2568-4135-bf6c-5d8e82184b31/download/departamentos.csv,data-raw/dicose/2025/metadatos-de-codigos-de-departamentos__ca64f85a.csv,2026-09-25T06:20:30+0000,257,fd2bec71b475b87d3fa09eee2af47317,,,2026-06-10T15:52:36.378537,2026-06-17T16:26:10.584003
dicose,2025,actualizado,mgap-datos-preliminares-basados-en-la-declaracion-jurada-de-existencias-dicose-snig-2025,Datos Actualizados de la Declaración Jurada de Existencias DICOSE – SNIG 2025,205d21c0-4c4d-45e3-a1c1-4215d6e72ecd,Metadatos de códigos de especies,Este recurso contiene los metadatos de códigos de especies.,CSV,https://catalogodatos.gub.uy/dataset/8c99ab66-e547-4d6a-b7d3-55b80473b3c6/resource/205d21c0-4c4d-45e3-a1c1-4215d6e72ecd/download/especies.csv,data-raw/dicose/2025/metadatos-de-codigos-de-especies__205d21c0.csv,2026-09-25T06:20:31+0000,221,df4ea320fe7bb724c61b24b4ae01eb8e,,,2026-06-10T15:57:57.731742,2026-06-17T16:26:10.584003
dicose,2025,actualizado,mgap-datos-preliminares-basados-en-la-declaracion-jurada-de-existencias-dicose-snig-2025,Datos Actualizados de la Declaración Jurada de Existencias DICOSE – SNIG 2025,240658a0-9313-470f-bc94-a293fd6344a1,Metadatos de códigos de estratos,Este recurso contiene los metadatos de código de estratos.,CSV,https://catalogodatos.gub.uy/dataset/8c99ab66-e547-4d6a-b7d3-55b80473b3c6/resource/240658a0-9313-470f-bc94-a293fd6344a1/download/estratos.csv,data-raw/dicose/2025/metadatos-de-codigos-de-estratos__240658a0.csv,2026-09-25T06:20:32+0000,217,bcc3ce0afa544ba23f4d129da3b72553,,,2026-06-10T16:04:36.606852,2026-06-17T16:26:10.584003
dicose,2025,actualizado,mgap-datos-preliminares-basados-en-la-declaracion-jurada-de-existencias-dicose-snig-2025,Datos Actualizados de la Declaración Jurada de Existencias DICOSE – SNIG 2025,c97d8f98-1113-4f5a-82c7-822153fc3a73,Metadatos de códigos de giros,Este recurso contiene los metadatos de códigos de giros.,CSV,https://catalogodatos.gub.uy/dataset/8c99ab66-e547-4d6a-b7d3-55b80473b3c6/resource/c97d8f98-1113-4f5a-82c7-822153fc3a73/download/giros.csv,data-raw/dicose/2025/metadatos-de-codigos-de-giros__c97d8f98.csv,2026-09-25T06:20:33+0000,193,ac7e49898d8a57795639150eb3d69aeb,,,2026-06-10T16:05:55.118579,2026-06-17T16:26:10.584003
dicose,2025,actualizado,mgap-datos-preliminares-basados-en-la-declaracion-jurada-de-existencias-dicose-snig-2025,Datos Actualizados de la Declaración Jurada de Existencias DICOSE – SNIG 2025,d8f476d2-358a-4314-9aa5-aa6bde992877,Metadatos de códigos de productos,Este recurso contiene los metadatos de códigos de productos.,CSV,https://catalogodatos.gub.uy/dataset/8c99ab66-e547-4d6a-b7d3-55b80473b3c6/resource/d8f476d2-358a-4314-9aa5-aa6bde992877/download/productos.csv,data-raw/dicose/2025/metadatos-de-codigos-de-productos__d8f476d2.csv,2026-09-25T06:20:36+0000,341,4d63176bd6a310dc3f94ede0161a8487,,,2026-06-10T16:14:02.223120,2026-06-17T16:26:10.584003
dicose,2025,actualizado,mgap-datos-preliminares-basados-en-la-declaracion-jurada-de-existencias-dicose-snig-2025,Datos Actualizados de la Declaración Jurada de Existencias DICOSE – SNIG 2025,30036d1f-690b-422d-9dc1-cc1baafa9b49,Metadatos de códigos de tenencia de tierra,Este recurso contiene los metadatos de códigos de tenencia de tierra.,CSV,https://catalogodatos.gub.uy/dataset/8c99ab66-e547-4d6a-b7d3-55b80473b3c6/resource/30036d1f-690b-422d-9dc1-cc1baafa9b49/download/tenenciastierra.csv,data-raw/dicose/2025/metadatos-de-codigos-de-tenencia-de-tierra__30036d1f.csv,2026-09-25T06:20:37+0000,269,42ba903d992038fd298d940befa8f346,,,2026-06-10T16:15:33.970322,2026-06-17T16:26:10.584003
dicose,2025,actualizado,mgap-datos-preliminares-basados-en-la-declaracion-jurada-de-existencias-dicose-snig-2025,Datos Actualizados de la Declaración Jurada de Existencias DICOSE – SNIG 2025,efa58c62-d39d-4d04-aaa9-6fecad1ab730,Metadatos de códigos de usos de tierra,Este recurso contiene los metadatos de códigos de usos de tierra.,CSV,https://catalogodatos.gub.uy/dataset/8c99ab66-e547-4d6a-b7d3-55b80473b3c6/resource/efa58c62-d39d-4d04-aaa9-6fecad1ab730/download/usostierra.csv,data-raw/dicose/2025/metadatos-de-codigos-de-usos-de-tierra__efa58c62.csv,2026-09-25T06:20:39+0000,225,b411bc72a2dc3ca37a5900f4bdcc3ec7,,,2026-06-10T16:19:34.849108,2026-06-17T16:26:10.584003
dicose,2025,actualizado,mgap-datos-preliminares-basados-en-la-declaracion-jurada-de-existencias-dicose-snig-2025,Datos Actualizados de la Declaración Jurada de Existencias DICOSE – SNIG 2025,0c781d88-25ea-48e5-a051-4c30d226a8be,Metadatos de códigos tipos de producción,Este recurso contiene los metadatos de códigos de tipos de producción.,CSV,https://catalogodatos.gub.uy/dataset/8c99ab66-e547-4d6a-b7d3-55b80473b3c6/resource/0c781d88-25ea-48e5-a051-4c30d226a8be/download/tiposproducciones.csv,data-raw/dicose/2025/metadatos-de-codigos-tipos-de-produccion__0c781d88.csv,2026-09-25T06:20:38+0000,289,a28060def5d7410ced74366440cb4f79,,,2026-06-10T16:18:20.093724,2026-06-17T16:26:10.584003
dicose,2025,actualizado,mgap-datos-preliminares-basados-en-la-declaracion-jurada-de-existencias-dicose-snig-2025,Datos Actualizados de la Declaración Jurada de Existencias DICOSE – SNIG 2025,c3f3a72a-12b1-4469-84c6-2f7cec51246f,Metadatos de datos animales,"Este recurso contiene los metadatos correspondientes a datos de animales, así como su origen y limitantes.",CSV,https://catalogodatos.gub.uy/dataset/8c99ab66-e547-4d6a-b7d3-55b80473b3c6/resource/c3f3a72a-12b1-4469-84c6-2f7cec51246f/download/datosanimales.csv,data-raw/dicose/2025/metadatos-de-datos-animales__c3f3a72a.csv,2026-09-25T06:20:19+0000,5132,be13e8746e4ed662f1b7753a2e8d3cac,,,2026-06-10T13:14:00.936726,2026-06-17T16:26:10.584003
dicose,2025,actualizado,mgap-datos-preliminares-basados-en-la-declaracion-jurada-de-existencias-dicose-snig-2025,Datos Actualizados de la Declaración Jurada de Existencias DICOSE – SNIG 2025,facdd797-eef3-4b61-8c78-16fee4e2b260,Metadatos de datos generales,Este recurso contiene los metadatos de los datos generales.,CSV,https://catalogodatos.gub.uy/dataset/8c99ab66-e547-4d6a-b7d3-55b80473b3c6/resource/facdd797-eef3-4b61-8c78-16fee4e2b260/download/datosgenerales.csv,data-raw/dicose/2025/metadatos-de-datos-generales__facdd797.csv,2026-09-25T06:20:17+0000,4642,d805f9d972491776096cfe7f14ad256e,,,2025-09-19T13:59:14.834166,2026-06-17T16:26:10.584003
dicose,2025,actualizado,mgap-datos-preliminares-basados-en-la-declaracion-jurada-de-existencias-dicose-snig-2025,Datos Actualizados de la Declaración Jurada de Existencias DICOSE – SNIG 2025,f43af745-c972-4b5f-b54b-8961e2c2b55b,Metadatos de especializaciones MGAP,Este recurso contiene los metadatos de códigos de especializaciones.,CSV,https://catalogodatos.gub.uy/dataset/8c99ab66-e547-4d6a-b7d3-55b80473b3c6/resource/f43af745-c972-4b5f-b54b-8961e2c2b55b/download/especializacionesmgap.csv,data-raw/dicose/2025/metadatos-de-especializaciones-mgap__f43af745.csv,2026-09-25T06:20:40+0000,310,ed075ae231f4ee4fb744a0f0e096659e,,,2026-06-10T16:35:36.185033,2026-06-17T16:26:10.584003
dicose,2025,actualizado,mgap-datos-preliminares-basados-en-la-declaracion-jurada-de-existencias-dicose-snig-2025,Datos Actualizados de la Declaración Jurada de Existencias DICOSE – SNIG 2025,7701e06f-b244-412a-9504-0c0b976b4179,Metadatos de mejoramientos de tierras,Este recurso contiene los metadatos de los mejoramientos de tierras.,CSV,https://catalogodatos.gub.uy/dataset/8c99ab66-e547-4d6a-b7d3-55b80473b3c6/resource/7701e06f-b244-412a-9504-0c0b976b4179/download/datosmejoramientostierra.csv,data-raw/dicose/2025/metadatos-de-mejoramientos-de-tierras__7701e06f.csv,2026-09-25T06:20:25+0000,3840,7b2d2171971dd6be35cb66c06a9efc6e,,,2026-06-10T15:28:16.965888,2026-06-17T16:26:10.584003
dicose,2025,actualizado,mgap-datos-preliminares-basados-en-la-declaracion-jurada-de-existencias-dicose-snig-2025,Datos Actualizados de la Declaración Jurada de Existencias DICOSE – SNIG 2025,41d6b2cb-253d-4000-a305-b84e1cc70c0f,Metadatos de mejoramientos de tierras,Este recurso contiene los metadatos de mejoramientos de tierras.,CSV,https://catalogodatos.gub.uy/dataset/8c99ab66-e547-4d6a-b7d3-55b80473b3c6/resource/41d6b2cb-253d-4000-a305-b84e1cc70c0f/download/mejoramientostierra.csv,data-raw/dicose/2025/metadatos-de-mejoramientos-de-tierras__41d6b2cb.csv,2026-09-25T06:20:34+0000,289,bc00a20cf0c4e3f6242d76188b081c64,,,2026-06-10T16:10:32.103576,2026-06-17T16:26:10.584003
dicose,2025,actualizado,mgap-datos-preliminares-basados-en-la-declaracion-jurada-de-existencias-dicose-snig-2025,Datos Actualizados de la Declaración Jurada de Existencias DICOSE – SNIG 2025,5c1b0ce4-773b-4a1e-b046-287b6b00a409,Metadatos de naturalezas jurídicas,Este recurso contiene los metadatos de naturalezas jurídicas.,CSV,https://catalogodatos.gub.uy/dataset/8c99ab66-e547-4d6a-b7d3-55b80473b3c6/resource/5c1b0ce4-773b-4a1e-b046-287b6b00a409/download/naturalezasjuridicas.csv,data-raw/dicose/2025/metadatos-de-naturalezas-juridicas__5c1b0ce4.csv,2026-09-25T06:20:35+0000,315,39b44150bacdbfdbbea87639f1aca712,,,2026-06-10T16:11:47.649393,2026-06-17T16:26:10.584003
dicose,2025,actualizado,mgap-datos-preliminares-basados-en-la-declaracion-jurada-de-existencias-dicose-snig-2025,Datos Actualizados de la Declaración Jurada de Existencias DICOSE – SNIG 2025,b5f118f6-06c4-46c5-93d7-8b28fd2e9cd3,Metadatos de producción de leche,Este recurso contiene los metadatos de producción de leche.,CSV,https://catalogodatos.gub.uy/dataset/8c99ab66-e547-4d6a-b7d3-55b80473b3c6/resource/b5f118f6-06c4-46c5-93d7-8b28fd2e9cd3/download/datosproduccionleche.csv,data-raw/dicose/2025/metadatos-de-produccion-de-leche__b5f118f6.csv,2026-09-25T06:20:26+0000,4332,0e904262cf66270b13a46869a5bbeb3e,,,2026-06-10T15:39:14.466996,2026-06-17T16:26:10.584003
dicose,2025,actualizado,mgap-datos-preliminares-basados-en-la-declaracion-jurada-de-existencias-dicose-snig-2025,Datos Actualizados de la Declaración Jurada de Existencias DICOSE – SNIG 2025,8abd227d-4c29-41f2-8f7f-8e0093669d60,Metadatos de producción de leche en establecimiento,Este recurso contiene los metadatos de producción de leche en establecimiento.,CSV,https://catalogodatos.gub.uy/dataset/8c99ab66-e547-4d6a-b7d3-55b80473b3c6/resource/8abd227d-4c29-41f2-8f7f-8e0093669d60/download/datosproduccionlecheenestablecimiento.csv,data-raw/dicose/2025/metadatos-de-produccion-de-leche-en-establecimiento__8abd227d.csv,2026-09-25T06:20:27+0000,4082,c650b9b3f4fa17412d8a52e1953469bd,,,2026-06-10T15:41:06.439647,2026-06-17T16:26:10.584003
dicose,2025,actualizado,mgap-datos-preliminares-basados-en-la-declaracion-jurada-de-existencias-dicose-snig-2025,Datos Actualizados de la Declaración Jurada de Existencias DICOSE – SNIG 2025,afa99b46-e6d7-4968-9d2a-20b06e37351e,Metadatos de tenencia de tierra,Este recurso contiene los metadatos de tenencia de la tierra.,CSV,https://catalogodatos.gub.uy/dataset/8c99ab66-e547-4d6a-b7d3-55b80473b3c6/resource/afa99b46-e6d7-4968-9d2a-20b06e37351e/download/datostenenciastierra.csv,data-raw/dicose/2025/metadatos-de-tenencia-de-tierra__afa99b46.csv,2026-09-25T06:20:23+0000,3829,ee525e88b5516a65ed2fca9e0d180121,,,2026-06-10T15:14:45.412123,2026-06-17T16:26:10.584003
dicose,2025,actualizado,mgap-datos-preliminares-basados-en-la-declaracion-jurada-de-existencias-dicose-snig-2025,Datos Actualizados de la Declaración Jurada de Existencias DICOSE – SNIG 2025,84b74264-9bbd-418f-9316-7e93039c52de,Metadatos de uso de la tierra,Este recurso contiene los metadatos del uso de la tierra.,CSV,https://catalogodatos.gub.uy/dataset/8c99ab66-e547-4d6a-b7d3-55b80473b3c6/resource/84b74264-9bbd-418f-9316-7e93039c52de/download/datosusostierra.csv,data-raw/dicose/2025/metadatos-de-uso-de-la-tierra__84b74264.csv,2026-09-25T06:20:24+0000,3804,9fce798e8992f19ca55a25e5908bac26,,,2026-06-10T15:24:39.037161,2026-06-17T16:26:10.584003
dicose,2025,actualizado,mgap-datos-preliminares-basados-en-la-declaracion-jurada-de-existencias-dicose-snig-2025,Datos Actualizados de la Declaración Jurada de Existencias DICOSE – SNIG 2025,5c9bf98c-4701-4533-8e12-a4a267eccd7d,Producción de leche,"Para el ejercicio ganadero, departamento, actividad, etc. detalla la cantidad de tenedores con la producción de leche en litros.",CSV,https://catalogodatos.gub.uy/dataset/8c99ab66-e547-4d6a-b7d3-55b80473b3c6/resource/5c9bf98c-4701-4533-8e12-a4a267eccd7d/download/datosproduccionleche.csv,data-raw/dicose/2025/produccion-de-leche__5c9bf98c.csv,2026-09-25T06:20:25+0000,242618,3f0ee0477a47a826d924bd7aa2273265,,,2026-06-10T15:38:29.667193,2026-06-17T16:26:10.584003
dicose,2025,actualizado,mgap-datos-preliminares-basados-en-la-declaracion-jurada-de-existencias-dicose-snig-2025,Datos Actualizados de la Declaración Jurada de Existencias DICOSE – SNIG 2025,38a243e0-c103-4733-a602-9bc5802f30fc,Producción de leche en establecimiento,"Para el ejercicio ganadero, departamento, actividad, etc. detalla la cantidad de leche en litros producida en establecimiento.",CSV,https://catalogodatos.gub.uy/dataset/8c99ab66-e547-4d6a-b7d3-55b80473b3c6/resource/38a243e0-c103-4733-a602-9bc5802f30fc/download/datosproduccionlecheenestablecimiento.csv,data-raw/dicose/2025/produccion-de-leche-en-establecimiento__38a243e0.csv,2026-09-25T06:20:26+0000,19877,bddf4902edba797b255e65a53b26352e,,,2026-06-10T15:40:27.719323,2026-06-17T16:26:10.584003
dicose,2025,actualizado,mgap-datos-preliminares-basados-en-la-declaracion-jurada-de-existencias-dicose-snig-2025,Datos Actualizados de la Declaración Jurada de Existencias DICOSE – SNIG 2025,6d679cce-a062-4618-b657-06052a0a3346,Tenencia de tierra,"Para el ejercicio ganadero, departamento, actividad, etc. detalla la cantidad de hectáreas explotadas.",CSV,https://catalogodatos.gub.uy/dataset/8c99ab66-e547-4d6a-b7d3-55b80473b3c6/resource/6d679cce-a062-4618-b657-06052a0a3346/download/datostenenciastierra.csv,data-raw/dicose/2025/tenencia-de-tierra__6d679cce.csv,2026-09-25T06:20:22+0000,1896734,8813c2119d52c87726755e4ee83c7ce4,,,2026-06-10T15:14:02.056700,2026-06-17T16:26:10.584003
dicose,2025,actualizado,mgap-datos-preliminares-basados-en-la-declaracion-jurada-de-existencias-dicose-snig-2025,Datos Actualizados de la Declaración Jurada de Existencias DICOSE – SNIG 2025,923a9eea-2740-4197-b041-c948aec816e5,Uso de la tierra,"Para el ejercicio ganadero, departamento, actividad, etc. detalla la cantidad de hectáreas según la explotación o uso de la tierra.",CSV,https://catalogodatos.gub.uy/dataset/8c99ab66-e547-4d6a-b7d3-55b80473b3c6/resource/923a9eea-2740-4197-b041-c948aec816e5/download/datosusostierra.csv,data-raw/dicose/2025/uso-de-la-tierra__923a9eea.csv,2026-09-25T06:20:23+0000,2827146,801d984227c77e7221dcce9727f875ce,,,2026-06-10T15:23:58.610504,2026-06-17T16:26:10.584003
geo,,,departamentos,MGAP SNIA — Unidades Administrativas: Límites Departamentales,departamentos,Limites Departamentales,,GeoJSON (EPSG:4326),https://mapas.mgap.gub.uy/arcgis/rest/services/SNIA_Temas/UnidadesAdministrativas/MapServer/1,data-raw/geo/departamentos.geojson,2026-09-25T06:47:41+0000,7079392,d7bdb7284578180220ca1a30615ce394,,,,
geo,,,9bfa6e97-f40f-437e-aa13-a3406c50f762,Límites departamentales (Catálogo Nacional de Datos Abiertos),3c1b430a-c010-4db1-880d-bdc0f11e4ce9,Límites departamentales,Recurso indicado en el encargo; sustituido por la capa del MGAP.,,https://catalogodatos.gub.uy/dataset/9bfa6e97-f40f-437e-aa13-a3406c50f762/resource/3c1b430a-c010-4db1-880d-bdc0f11e4ce9,,2026-09-25T06:48:34+0000,,,404,HTTP 404,,
geo,,,ae_snig,SNIG MapasBase — AAEE,ae_snig,SDE.SDE.FCAreaEnumeracion,,GeoJSON (EPSG:4326),https://web.snig.gub.uy/arcgisserver/rest/services/MapasBase/AAEE/MapServer/0,data-raw/geo/ae_snig.geojson,2026-09-25T06:48:32+0000,24676351,6bd739cd5acf269c890f68ab7ccfa881,,,,
geo,,,ae_mgap,MGAP SNIA — Unidades Estadísticas: Áreas de Enumeración (AE),ae_mgap,Áreas de Enumeración (AE),,GeoJSON (EPSG:4326),https://mapas.mgap.gub.uy/arcgis/rest/services/SNIA_Temas/Unidades_Estad%C3%ADsticas/MapServer/5,data-raw/geo/ae_mgap.geojson,2026-09-25T06:47:41+0000,14516728,20685f42145b5930d8d900e8c2b25a73,,,,
