ns1:Ejercicio;ns1:DepartamentoCodigo;ns1:SeccionalPolicialCodigo;ns1:AreaSupervision;ns1:AreaEnumeracion;ns1:ActividadCodigo;ns1:GiroCodigo;ns1:NaturalezaJuridicaCodigo;ns1:EstratoCodigo;ns1:EspecializacionMGAPCodigo;ns1:TipoProduccionMGAPCodigo;ns1:EspecieCodigo;ns1:TipoProduccionCodigo;ns1:Litros;ns1:CantidadTenedoresPorProduccionLeche
2025;1;2;204;204001;-;02;1;3;2;3;11;4;8300;1
2025;1;2;204;204001;-;02;1;3;2;3;11;5;3700;1
2025;1;2;204;204001;-;18;5;1;1;1;11;3;81000;1
2025;1;2;204;204001;-;18;5;1;1;1;11;4;750;1
2025;1;2;204;204001;-;18;5;1;1;1;11;5;9250;1
2025;1;3;0;0;-;18;5;1;1;1;11;1;16;1
2025;1;12;203;203002;-;01;11;4;2;3;11;1;49000;1
2025;1;12;203;203002;-;01;11;4;2;3;11;4;365;1
2025;1;12;203;203002;-;01;11;4;2;3;11;5;3650;1
2025;1;12;203;203003;-;01;11;2;2;3;11;1;90000;1
2025;1;12;203;203003;-;01;11;2;2;3;11;4;1000;1
2025;1;12;203;203003;-;01;11;2;2;3;11;5;8500;1
2025;1;12;203;203004;-;01;11;2;2;3;11;1;85000;1
2025;1;12;203;203004;-;01;11;2;2;3;11;4;1300;1
2025;1;12;203;203004;-;01;11;2;2;3;11;5;3500;1
2025;1;12;203;203004;-;01;11;4;2;3;11;1;12000;1
2025;1;12;203;203004;-;01;11;4;2;3;11;4;1200;1
2025;1;12;203;203004;-;01;11;4;2;3;11;5;2000;1
2025;1;12;203;203004;-;02;11;2;2;3;11;1;28000;1
2025;1;12;203;203004;-;02;11;2;2;3;11;4;400;1
2025;1;12;203;203004;-;02;11;2;2;3;11;5;2000;1
2025;2;1;302;302002;-;02;9;5;2;3;11;2;1614432;1
2025;2;1;302;302002;-;02;9;5;2;3;11;4;3500;1
2025;2;1;302;302002;-;02;9;5;2;3;11;5;149469;1
2025;2;1;302;302003;-;02;2;4;2;3;11;2;634500;1
2025;2;1;302;302003;-;02;2;4;2;3;11;4;2500;1
2025;2;1;302;302003;-;02;2;4;2;3;11;5;56000;1
2025;2;1;302;302003;-;02;5;3;2;3;11;2;990749;2
2025;2;1;302;302003;-;02;5;3;2;3;11;4;2100;2
2025;2;1;302;302003;-;02;5;3;2;3;11;5;77590;2
2025;2;1;302;302003;-;02;11;4;2;3;11;1;440000;1
2025;2;1;302;302003;-;02;11;4;2;3;11;5;23000;1
2025;2;1;302;302003;-;02;14;5;2;3;11;2;1000409;1
2025;2;1;302;302003;-;02;14;5;2;3;11;4;4400;1
2025;2;1;302;302003;-;02;14;5;2;3;11;5;50000;1
2025;2;1;302;302005;-;02;5;3;2;3;11;2;410760;1
2025;2;1;302;302005;-;02;5;3;2;3;11;4;300;1
2025;2;1;302;302005;-;02;5;3;2;3;11;5;4000;1
2025;2;1;304;304005;-;02;5;3;2;3;11;2;930000;1
2025;2;1;304;304005;-;02;5;3;2;3;11;4;500;1
2025;2;1;304;304005;-;02;5;3;2;3;11;5;6500;1
2025;2;1;304;304006;-;02;5;2;2;3;11;2;315000;2
2025;2;1;304;304006;-;02;5;2;2;3;11;4;1000;2
2025;2;1;304;304006;-;02;5;2;2;3;11;5;7700;2
2025;2;1;304;304006;-;02;5;3;2;3;11;2;200000;1
2025;2;1;304;304006;-;02;5;3;2;3;11;4;745;1
2025;2;1;304;304006;-;02;5;3;2;3;11;5;2300;1
2025;2;1;304;304006;-;02;5;4;2;3;11;2;547500;1
2025;2;1;304;304006;-;02;5;4;2;3;11;4;1500;1
2025;2;1;304;304006;-;02;5;4;2;3;11;5;7000;1
2025;2;2;301;301001;-;02;11;3;2;3;11;2;720000;1
2025;2;2;301;301001;-;02;11;3;2;3;11;4;700;1
2025;2;2;301;301001;-;02;11;3;2;3;11;5;7200;1
2025;2;2;301;301002;-;02;2;6;2;3;11;2;401163;1
2025;2;2;301;301002;-;02;2;6;2;3;11;4;2100;1
2025;2;2;301;301002;-;02;2;6;2;3;11;5;72000;1
2025;2;2;301;301002;-;02;5;2;2;3;11;2;40000;1
2025;2;2;301;301002;-;02;5;3;2;3;11;2;2760926;2
2025;2;2;301;301002;-;02;5;3;2;3;11;4;7980;2
2025;2;2;301;301002;-;02;5;3;2;3;11;5;15600;2
2025;2;2;301;301002;-;02;5;5;2;3;11;2;1686517;1
2025;2;2;301;301002;-;02;5;5;2;3;11;4;3500;1
2025;2;2;301;301002;-;02;5;5;2;3;11;5;35000;1
2025;2;2;301;301002;-;02;5;7;2;3;11;2;2315394;1
2025;2;2;301;301002;-;02;5;7;2;3;11;4;14600;1
2025;2;2;301;301002;-;02;5;7;2;3;11;5;82560;1
2025;2;2;301;301002;-;02;11;3;2;3;11;1;47500;1
2025;2;2;301;301002;-;02;11;3;2;3;11;2;272000;1
2025;2;2;301;301002;-;02;11;3;2;3;11;4;2200;1
2025;2;2;301;301002;-;02;11;3;2;3;11;5;75000;1
2025;2;2;301;301003;-;02;5;2;2;3;11;2;55000;1
2025;2;2;301;301003;-;02;5;2;2;3;11;4;2100;2
2025;2;2;301;301003;-;02;5;2;2;3;11;5;4000;2
2025;2;2;301;301003;-;02;8;3;2;3;11;2;113380;1
2025;2;2;301;301003;-;02;8;3;2;3;11;4;730;1
2025;2;2;301;301003;-;02;8;3;2;3;11;5;7500;1
2025;2;2;301;301003;-;02;11;3;2;3;11;2;217582;1
2025;2;2;301;301003;-;02;11;3;2;3;11;4;730;1
2025;2;2;301;301003;-;02;11;3;2;3;11;5;11200;1
2025;2;2;301;301004;-;02;5;2;2;3;11;2;61451;2
2025;2;2;301;301004;-;02;5;3;2;3;11;2;92281;1
2025;2;2;301;301004;-;02;5;3;2;3;11;4;1095;1
2025;2;2;301;301004;-;02;11;5;2;3;11;2;1103093;1
2025;2;2;301;301004;-;02;11;5;2;3;11;4;7000;1
2025;2;2;301;301004;-;02;11;5;2;3;11;5;50000;1
2025;2;2;301;301005;-;02;5;2;2;3;11;2;50000;1
2025;2;2;301;301005;-;02;5;4;2;3;11;2;677480;3
2025;2;2;301;301005;-;02;5;4;2;3;11;4;3500;3
2025;2;2;301;301005;-;02;5;4;2;3;11;5;28000;3
2025;2;2;301;301005;-;02;8;4;2;3;11;2;902018;1
2025;2;2;301;301005;-;02;8;4;2;3;11;4;1000;1
2025;2;2;301;301005;-;02;8;5;2;3;11;2;1147295;1
2025;2;2;301;301005;-;02;8;5;2;3;11;4;200;1
2025;2;2;301;301005;-;02;8;5;2;3;11;5;49200;1
2025;2;2;301;301005;-;02;9;4;2;3;11;2;1176687;1
2025;2;2;301;301005;-;02;9;4;2;3;11;4;5475;1
2025;2;2;301;301005;-;02;9;4;2;3;11;5;60000;1
2025;2;2;301;301006;-;02;11;2;2;3;11;2;205807;1
2025;2;2;301;301006;-;02;11;2;2;3;11;4;180;1
2025;2;2;301;301006;-;02;11;2;2;3;11;5;9000;1
2025;2;2;301;301006;-;02;11;3;2;3;11;4;800;1
2025;2;2;301;301006;-;02;11;3;2;3;11;5;45000;1
2025;2;2;301;301006;-;02;11;5;2;3;11;2;252857;1
2025;2;2;301;301006;-;02;11;5;2;3;11;4;5000;1
2025;2;2;301;301006;-;02;11;5;2;3;11;5;35000;1
2025;2;2;301;301007;-;02;5;2;2;3;11;2;360000;1
2025;2;2;301;301007;-;02;5;2;2;3;11;5;15000;1
2025;2;2;301;301007;-;02;5;4;2;3;11;2;1219101;1
2025;2;2;301;301007;-;02;5;4;2;3;11;4;2600;1
2025;2;2;301;301007;-;02;5;4;2;3;11;5;65000;1
2025;2;2;301;301007;-;02;11;4;2;3;11;2;108600;1
2025;2;2;301;301007;-;02;11;4;2;3;11;4;3600;1
2025;2;2;301;301007;-;02;11;4;2;3;11;5;3600;1
2025;2;3;302;302001;-;02;5;2;2;3;11;2;72000;1
2025;2;3;302;302001;-;02;11;4;2;3;11;2;978914;1
2025;2;3;302;302001;-;02;11;4;2;3;11;4;10950;1
2025;2;3;302;302001;-;02;11;4;2;3;11;5;52600;1
2025;2;3;302;302002;-;02;5;4;2;3;11;2;156000;1
2025;2;3;302;302002;-;02;5;4;2;3;11;4;3000;1
2025;2;3;302;302002;-;02;5;4;2;3;11;5;20000;1
2025;2;3;303;303001;-;02;12;4;2;3;11;2;1922623;1
2025;2;3;303;303001;-;02;12;4;2;3;11;4;2300;1
2025;2;3;303;303001;-;02;12;4;2;3;11;5;96131;1
2025;2;3;303;303002;-;02;5;3;2;3;11;2;98422;1
2025;2;3;303;303002;-;02;5;3;2;3;11;4;896;1
2025;2;3;303;303002;-;02;5;3;2;3;11;5;3520;1
2025;2;3;303;303003;-;02;5;2;2;3;11;2;325000;1
2025;2;3;303;303003;-;02;5;2;2;3;11;4;2000;1
2025;2;3;303;303003;-;02;5;2;2;3;11;5;15000;1
2025;2;3;303;303003;-;02;11;2;2;3;11;2;325000;1
2025;2;3;303;303003;-;02;11;2;2;3;11;4;2000;1
2025;2;3;303;303003;-;02;11;2;2;3;11;5;15000;1
2025;2;3;303;303003;-;02;11;3;2;3;11;2;505477;1
2025;2;3;303;303003;-;02;11;3;2;3;11;4;1500;1
2025;2;3;303;303003;-;02;11;3;2;3;11;5;20436;1
2025;2;3;303;303004;-;02;5;2;2;3;11;3;91250;1
2025;2;3;303;303004;-;02;5;2;2;3;11;4;300;1
2025;2;3;303;303004;-;02;11;5;2;3;11;2;894697;1
2025;2;3;303;303004;-;02;11;5;2;3;11;4;1500;1
2025;2;3;303;303004;-;02;11;5;2;3;11;5;40000;1
2025;2;3;304;304002;-;02;5;2;2;3;11;2;320000;1
2025;2;3;304;304002;-;02;5;2;2;3;11;4;1500;1
2025;2;3;304;304002;-;02;5;2;2;3;11;5;15000;1
2025;2;5;305;305004;-;01;2;6;2;3;11;2;3328498;1
2025;2;5;305;305004;-;01;2;6;2;3;11;4;10441;1
2025;2;5;305;305004;-;01;2;6;2;3;11;5;88633;1
2025;2;6;310;310008;-;02;5;4;2;3;11;2;261810;1
2025;2;6;317;317006;-;02;11;4;2;3;11;2;183593;1
2025;2;6;317;317006;-;02;11;4;2;3;11;4;2000;1
2025;2;6;317;317006;-;02;14;2;2;3;11;1;10000;1
2025;2;6;317;317006;-;02;14;2;2;3;11;3;10000;1
2025;2;6;317;317006;-;02;14;2;2;3;11;4;10000;1
2025;2;6;317;317006;-;02;14;2;2;3;11;5;10000;1
2025;2;6;318;318005;-;02;5;3;2;3;11;2;650168;1
2025;2;6;318;318005;-;02;5;3;2;3;11;4;1560;1
2025;2;6;318;318005;-;02;5;3;2;3;11;5;14400;1
2025;2;7;315;315004;-;02;8;6;2;3;11;1;893064;1
2025;2;7;315;315004;-;02;8;6;2;3;11;4;1000;1
2025;2;7;315;315004;-;02;8;6;2;3;11;5;87680;1
2025;2;7;315;315007;-;02;5;3;2;3;11;2;200000;1
2025;2;7;315;315007;-;02;5;3;2;3;11;4;2500;1
2025;2;7;315;315007;-;02;5;3;2;3;11;5;30000;1
2025;2;7;316;316001;-;02;11;5;2;3;11;1;2629356;1
2025;2;7;316;316001;-;02;11;5;2;3;11;4;2160;1
2025;2;7;316;316001;-;02;11;5;2;3;11;5;58000;1
2025;2;7;317;317004;-;02;1;5;2;3;11;5;100;1
2025;2;8;314;314001;-;01;5;2;2;3;11;3;3000;1
2025;2;8;314;314001;-;01;5;2;2;3;11;4;200;1
2025;2;8;314;314001;-;01;5;2;2;3;11;5;1000;1
2025;2;8;314;314001;-;01;5;3;2;3;11;3;2000;1
2025;2;8;314;314001;-;01;5;3;2;3;11;4;200;1
2025;2;8;314;314001;-;01;5;3;2;3;11;5;500;1
2025;2;8;314;314001;-;01;11;2;2;3;11;1;800;1
2025;2;8;314;314001;-;01;11;2;2;3;11;4;730;1
2025;2;8;314;314001;-;01;11;2;2;3;11;5;6800;1
2025;2;8;314;314001;-;02;5;6;2;3;11;2;196000;1
2025;2;8;314;314001;-;02;5;6;2;3;11;4;1200;1
2025;2;8;314;314001;-;02;5;6;2;3;11;5;1900;1
2025;2;8;314;314001;-;02;8;4;2;3;11;2;578450;1
2025;2;8;314;314001;-;02;8;4;2;3;11;4;1825;1
2025;2;8;314;314001;-;02;8;4;2;3;11;5;54750;1
2025;2;8;314;314001;-;02;11;4;2;3;11;2;664614;1
2025;2;8;314;314001;-;02;11;4;2;3;11;4;658;1
2025;2;8;314;314001;-;02;11;4;2;3;11;5;21300;1
2025;2;8;314;314008;-;02;11;2;2;3;11;2;90000;1
2025;2;8;314;314008;-;02;11;2;2;3;11;3;9125;1
2025;2;8;314;314008;-;02;11;2;2;3;11;4;360;1
2025;2;8;314;314008;-;02;11;2;2;3;11;5;360;1
2025;2;8;314;314008;-;02;14;6;2;3;11;2;495023;1
2025;2;8;314;314008;-;02;14;6;2;3;11;4;3400;1
2025;2;8;314;314008;-;02;14;6;2;3;11;5;23000;1
2025;2;8;315;315006;-;02;5;4;2;3;11;1;21600;1
2025;2;8;315;315006;-;02;5;4;2;3;11;2;1277934;2
2025;2;8;315;315006;-;02;5;4;2;3;11;4;1688;2
2025;2;8;315;315006;-;02;5;4;2;3;11;5;67906;2
2025;2;8;315;315006;-;02;8;5;2;3;11;1;1230940;1
2025;2;8;315;315006;-;02;8;5;2;3;11;4;7300;1
2025;2;8;315;315006;-;02;8;5;2;3;11;5;45000;1
2025;2;9;303;303004;-;02;5;4;2;3;11;2;492000;1
2025;2;9;303;303004;-;02;5;4;2;3;11;4;1500;1
2025;2;9;303;303004;-;02;5;4;2;3;11;5;21000;1
2025;2;9;313;313003;-;02;5;4;2;3;11;2;536204;1
2025;2;9;313;313003;-;02;5;4;2;3;11;4;1000;1
2025;2;9;313;313003;-;02;11;2;2;3;11;1;3500;1
2025;2;9;313;313003;-;02;11;2;2;3;11;4;650;1
2025;2;9;313;313003;-;02;11;2;2;3;11;5;400;1
2025;2;9;313;313006;-;02;11;4;2;3;11;1;500000;1
2025;2;9;313;313006;-;02;11;4;2;3;11;4;2200;1
2025;2;9;313;313006;-;02;11;4;2;3;11;5;20000;1
2025;2;9;314;314006;-;02;5;4;2;3;11;2;461425;1
2025;2;9;314;314006;-;02;5;4;2;3;11;4;2150;1
2025;2;9;314;314006;-;02;5;4;2;3;11;5;11200;1
2025;2;10;307;307002;-;01;5;3;2;3;11;2;45000;1
2025;2;10;307;307002;-;01;5;3;2;3;11;4;730;1
2025;2;10;307;307002;-;01;5;3;2;3;11;5;2800;1
2025;2;10;307;307002;-;02;5;2;2;3;11;2;519693;2
2025;2;10;307;307002;-;02;5;2;2;3;11;4;410;2
2025;2;10;307;307002;-;02;5;2;2;3;11;5;6120;2
2025;2;10;307;307002;-;02;5;3;2;3;11;2;715339;1
2025;2;10;307;307002;-;02;5;3;2;3;11;4;1500;1
2025;2;10;307;307002;-;02;5;3;2;3;11;5;36000;1
2025;2;10;307;307002;-;02;5;4;2;3;11;1;102500;2
2025;2;10;307;307002;-;02;5;4;2;3;11;2;2376101;4
2025;2;10;307;307002;-;02;5;4;2;3;11;4;12600;4
2025;2;10;307;307002;-;02;5;4;2;3;11;5;121500;4
2025;2;10;307;307002;-;02;8;5;2;3;11;2;1179294;1
2025;2;10;307;307002;-;02;8;5;2;3;11;4;1100;1
2025;2;10;307;307002;-;02;8;5;2;3;11;5;60000;1
2025;2;10;307;307002;-;02;11;4;2;3;11;2;1184275;2
2025;2;10;307;307002;-;02;11;4;2;3;11;4;1370;2
2025;2;10;307;307002;-;02;11;4;2;3;11;5;27200;2
2025;2;10;307;307002;-;16;8;2;2;3;11;2;80000;1
2025;2;10;307;307002;-;16;8;2;2;3;11;4;370;1
2025;2;10;307;307002;-;16;8;2;2;3;11;5;46800;1
2025;2;10;307;307004;-;02;11;4;2;3;11;2;2046300;1
2025;2;10;307;307004;-;02;11;4;2;3;11;4;5000;1
2025;2;10;307;307004;-;02;11;4;2;3;11;5;180000;1
2025;2;10;308;308001;-;02;5;2;2;3;11;1;21900;1
2025;2;10;308;308001;-;02;5;2;2;3;11;2;45900;1
2025;2;10;308;308001;-;02;5;2;2;3;11;4;700;1
2025;2;10;308;308001;-;02;5;2;2;3;11;5;1500;1
2025;2;10;308;308001;-;02;11;4;2;3;11;2;508961;1
2025;2;10;308;308001;-;02;11;4;2;3;11;4;700;1
2025;2;10;308;308001;-;02;11;4;2;3;11;5;12000;1
2025;2;10;308;308002;-;01;5;2;2;3;11;2;70000;1
2025;2;10;308;308002;-;01;5;2;2;3;11;3;70000;1
2025;2;10;308;308002;-;01;5;2;2;3;11;4;1000;1
2025;2;10;308;308002;-;01;5;2;2;3;11;5;2000;1
2025;2;10;308;308005;-;01;5;4;2;3;11;1;55115;1
2025;2;10;308;308005;-;01;5;4;2;3;11;2;55060;1
2025;2;10;308;308005;-;01;5;4;2;3;11;4;2850;1
2025;2;10;308;308005;-;01;5;4;2;3;11;5;9374;1
2025;2;10;308;308005;-;02;11;2;2;3;11;3;220000;1
2025;2;10;308;308005;-;02;11;2;2;3;11;5;10000;1
2025;2;10;308;308005;-;02;11;3;2;3;11;3;219000;1
2025;2;10;308;308005;-;02;11;3;2;3;11;4;730;1
2025;2;10;308;308005;-;02;11;3;2;3;11;5;9600;1
2025;2;10;308;308006;-;02;11;2;2;3;11;2;187840;1
2025;2;10;308;308006;-;02;11;2;2;3;11;4;1000;1
2025;2;10;308;308006;-;02;11;2;2;3;11;5;9000;1
2025;2;10;309;309001;-;02;5;2;2;3;11;3;36000;1
2025;2;10;309;309001;-;02;5;2;2;3;11;4;2000;1
2025;2;10;309;309001;-;02;5;2;2;3;11;5;2000;1
2025;2;10;309;309002;-;02;5;3;2;3;11;2;62832;1
2025;2;10;309;309002;-;02;5;3;2;3;11;4;370;1
2025;2;10;309;309002;-;02;5;3;2;3;11;5;7200;1
2025;2;10;309;309003;-;01;5;2;2;3;11;2;43800;1
2025;2;10;309;309003;-;01;5;2;2;3;11;4;360;1
2025;2;10;309;309003;-;01;5;2;2;3;11;5;3000;1
2025;2;10;309;309003;-;02;5;2;2;3;11;1;450000;1
2025;2;10;309;309003;-;02;5;2;2;3;11;2;27375;1
2025;2;10;309;309003;-;02;5;2;2;3;11;3;27375;1
2025;2;10;309;309003;-;02;5;2;2;3;11;4;2065;2
2025;2;10;309;309003;-;02;5;2;2;3;11;5;5500;2
2025;2;10;309;309003;-;02;11;3;2;3;11;2;320226;1
2025;2;10;309;309003;-;02;11;3;2;3;11;4;500;1
2025;2;10;309;309003;-;02;11;3;2;3;11;5;35000;1
2025;2;10;309;309004;-;01;11;2;2;3;11;2;60000;1
2025;2;10;309;309004;-;02;5;2;2;3;11;2;288000;1
2025;2;10;309;309004;-;02;5;2;2;3;11;4;365;1
2025;2;10;309;309004;-;02;5;2;2;3;11;5;5000;1
2025;2;10;309;309005;-;02;11;2;2;3;11;2;83950;1
2025;2;10;309;309005;-;02;11;2;2;3;11;4;730;1
2025;2;10;309;309005;-;02;11;2;2;3;11;5;6570;1
2025;2;10;312;312001;-;01;14;3;2;3;11;2;180000;1
2025;2;10;312;312001;-;01;14;3;2;3;11;4;730;1
2025;2;10;312;312001;-;01;14;3;2;3;11;5;29000;1
2025;2;10;312;312001;-;02;5;3;2;3;11;1;21900;1
2025;2;10;312;312001;-;02;5;3;2;3;11;2;496000;2
2025;2;10;312;312001;-;02;5;3;2;3;11;4;1000;1
2025;2;10;312;312001;-;02;5;3;2;3;11;5;10360;2
2025;2;10;312;312001;-;02;8;3;2;3;11;2;764150;1
2025;2;10;312;312001;-;02;8;3;2;3;11;4;1500;1
2025;2;10;312;312001;-;02;8;3;2;3;11;5;17000;1
2025;2;10;312;312002;-;01;5;3;2;3;11;2;86322;1
2025;2;10;312;312002;-;01;5;3;2;3;11;4;150;1
2025;2;10;312;312002;-;01;5;3;2;3;11;5;3700;1
2025;2;10;312;312002;-;02;5;2;2;3;11;2;261542;1
2025;2;10;312;312002;-;02;5;2;2;3;11;5;2400;1
2025;2;10;312;312002;-;02;11;4;2;3;11;2;531006;1
2025;2;10;312;312002;-;02;11;4;2;3;11;4;1825;1
2025;2;10;312;312002;-;02;11;4;2;3;11;5;18000;1
2025;2;10;313;313004;-;02;5;3;2;3;11;1;600000;1
2025;2;10;313;313004;-;02;5;3;2;3;11;4;1200;1
2025;2;11;306;306001;-;02;5;3;2;3;11;2;1287410;1
2025;2;11;306;306001;-;02;5;3;2;3;11;4;550;1
2025;2;11;306;306001;-;02;5;3;2;3;11;5;35040;1
2025;2;11;306;306001;-;02;11;3;2;3;11;2;215230;1
2025;2;11;306;306001;-;02;11;3;2;3;11;4;500;1
2025;2;11;306;306001;-;02;11;3;2;3;11;5;17000;1
2025;2;11;306;306001;-;02;11;5;2;3;11;2;250000;1
2025;2;11;306;306001;-;02;11;5;2;3;11;4;360;1
2025;2;11;306;306001;-;02;12;5;2;3;11;2;2000975;1
2025;2;11;306;306001;-;02;12;5;2;3;11;4;500;1
2025;2;11;306;306001;-;02;12;5;2;3;11;5;100000;1
2025;2;11;306;306002;-;02;5;2;2;3;11;2;384858;2
2025;2;11;306;306002;-;02;5;2;2;3;11;4;600;1
2025;2;11;306;306002;-;02;5;2;2;3;11;5;10800;2
2025;2;11;306;306002;-;02;5;4;2;3;11;2;2339330;3
2025;2;11;306;306002;-;02;5;4;2;3;11;4;830;2
2025;2;11;306;306002;-;02;5;4;2;3;11;5;69200;2
2025;2;11;306;306002;-;02;5;5;2;3;11;2;2526246;1
2025;2;11;306;306002;-;02;5;5;2;3;11;4;1800;1
2025;2;11;306;306002;-;02;5;5;2;3;11;5;48000;1
2025;2;11;306;306002;-;02;12;5;2;3;11;2;427864;1
2025;2;11;306;306002;-;02;12;5;2;3;11;4;2200;1
2025;2;11;306;306002;-;02;12;5;2;3;11;5;12000;1
2025;2;11;306;306002;-;02;14;5;2;3;11;2;1035545;1
2025;2;11;306;306002;-;02;14;5;2;3;11;4;3800;1
2025;2;11;306;306002;-;02;14;5;2;3;11;5;21000;1
2025;2;11;306;306003;-;01;5;2;2;3;11;2;166302;1
2025;2;11;306;306003;-;01;5;2;2;3;11;4;730;1
2025;2;11;306;306003;-;01;5;2;2;3;11;5;4000;1
2025;2;11;306;306003;-;02;1;4;2;3;11;2;325238;1
2025;2;11;306;306003;-;02;1;4;2;3;11;4;12000;1
2025;2;11;306;306003;-;02;1;4;2;3;11;5;29800;1
2025;2;11;306;306003;-;02;5;2;2;3;11;1;28000;1
2025;2;11;306;306003;-;02;5;2;2;3;11;2;86008;2
2025;2;11;306;306003;-;02;5;2;2;3;11;4;2150;2
2025;2;11;306;306003;-;02;5;2;2;3;11;5;8600;2
2025;2;11;306;306003;-;02;5;3;2;3;11;2;69786;1
2025;2;11;306;306003;-;02;5;3;2;3;11;4;365;1
2025;2;11;306;306003;-;02;5;3;2;3;11;5;2000;1
2025;2;11;306;306003;-;02;5;4;2;3;11;2;810894;1
2025;2;11;306;306003;-;02;5;4;2;3;11;4;2000;1
2025;2;11;306;306003;-;02;5;4;2;3;11;5;30000;1
2025;2;11;306;306003;-;02;5;5;2;3;11;2;1858592;1
2025;2;11;306;306003;-;02;5;5;2;3;11;4;1000;1
2025;2;11;306;306003;-;02;5;5;2;3;11;5;40000;1
2025;2;11;306;306003;-;02;11;4;2;3;11;2;1634554;3
2025;2;11;306;306003;-;02;11;4;2;3;11;4;2740;3
2025;2;11;306;306003;-;02;11;4;2;3;11;5;251400;3
2025;2;11;306;306003;-;02;13;4;2;3;11;2;1058965;1
2025;2;11;306;306003;-;02;13;4;2;3;11;4;730;1
2025;2;11;306;306003;-;02;13;4;2;3;11;5;24000;1
2025;2;11;306;306004;-;02;5;5;2;3;11;2;196381;1
2025;2;11;306;306004;-;02;5;5;2;3;11;4;1095;1
2025;2;11;306;306004;-;02;5;5;2;3;11;5;13920;1
2025;2;11;307;307001;-;02;5;2;2;3;11;1;6570;1
2025;2;11;307;307001;-;02;5;2;2;3;11;3;28570;1
2025;2;11;307;307001;-;02;5;2;2;3;11;4;1100;1
2025;2;11;307;307001;-;02;5;2;2;3;11;5;7560;1
2025;2;11;307;307001;-;02;5;3;2;3;11;2;1714194;2
2025;2;11;307;307001;-;02;5;3;2;3;11;4;1100;2
2025;2;11;307;307001;-;02;5;3;2;3;11;5;26600;2
2025;2;11;307;307001;-;02;5;4;2;3;11;2;555990;3
2025;2;11;307;307001;-;02;5;4;2;3;11;4;370;1
2025;2;11;307;307001;-;02;5;4;2;3;11;5;39000;2
2025;2;11;307;307001;-;02;5;5;2;3;11;2;430588;1
2025;2;11;307;307001;-;02;5;5;2;3;11;4;2100;1
2025;2;11;307;307001;-;02;5;5;2;3;11;5;18000;1
2025;2;11;307;307001;-;02;8;5;2;3;11;2;1089238;1
2025;2;11;307;307001;-;02;8;5;2;3;11;4;1095;1
2025;2;11;307;307001;-;02;8;5;2;3;11;5;29120;1
2025;2;11;307;307001;-;02;9;5;2;3;11;2;1012718;1
2025;2;11;307;307001;-;02;9;5;2;3;11;4;1500;1
2025;2;11;307;307001;-;02;9;5;2;3;11;5;24960;1
2025;2;11;307;307001;-;02;11;2;2;3;11;2;1243745;1
2025;2;11;307;307001;-;02;11;2;2;3;11;4;730;1
2025;2;11;307;307001;-;02;11;3;2;3;11;2;550000;1
2025;2;11;307;307001;-;02;11;3;2;3;11;4;720;1
2025;2;11;307;307001;-;02;11;3;2;3;11;5;14000;1
2025;2;11;307;307001;-;02;11;4;2;3;11;2;535680;1
2025;2;11;307;307001;-;02;11;4;2;3;11;4;730;1
2025;2;11;307;307001;-;02;11;4;2;3;11;5;25200;1
2025;2;11;307;307004;-;02;5;2;2;3;11;2;39466;1
2025;2;11;307;307004;-;02;5;2;2;3;11;4;370;1
2025;2;11;307;307004;-;02;5;2;2;3;11;5;12000;1
2025;2;12;306;306004;-;02;5;2;2;3;11;2;173692;1
2025;2;12;306;306004;-;02;5;2;2;3;11;4;365;1
2025;2;12;306;306004;-;02;5;2;2;3;11;5;5400;1
2025;2;12;306;306004;-;02;5;4;2;3;11;2;279117;3
2025;2;12;306;306004;-;02;5;4;2;3;11;4;1100;3
2025;2;12;306;306004;-;02;5;4;2;3;11;5;8520;3
2025;2;12;307;307003;-;01;11;2;2;3;11;2;99807;1
2025;2;12;307;307003;-;01;11;2;2;3;11;4;250;1
2025;2;12;307;307004;-;02;5;2;2;3;11;2;36000;1
2025;2;12;307;307004;-;02;5;2;2;3;11;4;2000;1
2025;2;12;307;307004;-;02;5;4;2;3;11;2;462253;1
2025;2;12;307;307004;-;02;5;4;2;3;11;4;750;1
2025;2;12;307;307004;-;02;5;4;2;3;11;5;5200;1
2025;2;12;307;307005;-;02;11;4;2;3;11;2;670552;1
2025;2;12;307;307005;-;02;11;4;2;3;11;4;1500;1
2025;2;12;307;307005;-;02;11;4;2;3;11;5;22000;1
2025;2;12;307;307006;-;02;5;3;2;3;11;2;133150;1
2025;2;12;307;307006;-;02;5;3;2;3;11;4;1000;1
2025;2;12;307;307006;-;02;5;3;2;3;11;5;7560;1
2025;2;12;307;307006;-;02;5;4;2;3;11;2;595000;1
2025;2;12;307;307006;-;02;5;4;2;3;11;4;250;1
2025;2;12;307;307006;-;02;5;4;2;3;11;5;13800;1
2025;2;12;311;311002;-;02;5;2;2;3;11;1;21900;1
2025;2;12;311;311002;-;02;5;2;2;3;11;4;1050;1
2025;2;12;311;311002;-;02;5;2;2;3;11;5;4620;1
2025;2;12;311;311002;-;02;5;5;2;3;11;2;1645881;1
2025;2;12;311;311002;-;02;5;5;2;3;11;4;4000;1
2025;2;13;310;310008;-;02;11;5;2;3;11;2;2454199;1
2025;2;13;310;310008;-;02;11;5;2;3;11;4;5475;1
2025;2;13;310;310008;-;02;11;5;2;3;11;5;16280;1
2025;2;14;313;313001;-;02;5;3;2;3;11;2;48014;1
2025;2;14;313;313001;-;02;5;3;2;3;11;4;2000;1
2025;2;14;313;313001;-;02;5;3;2;3;11;5;30000;1
2025;2;14;314;314001;-;02;11;4;2;3;11;1;21000;1
2025;2;14;314;314001;-;02;11;4;2;3;11;2;98000;1
2025;2;14;314;314001;-;02;11;4;2;3;11;4;1500;1
2025;2;14;314;314001;-;02;11;4;2;3;11;5;30000;1
2025;2;14;315;315001;-;02;5;4;2;3;11;2;339000;1
2025;2;14;315;315001;-;02;5;4;2;3;11;4;5750;1
2025;2;14;315;315001;-;02;5;4;2;3;11;5;36000;1
2025;2;14;315;315001;-;02;11;2;2;3;11;1;74000;1
2025;2;14;315;315001;-;02;11;2;2;3;11;4;230;1
2025;2;14;315;315001;-;02;11;2;2;3;11;5;2200;1
2025;2;14;315;315001;-;02;11;3;2;3;11;2;316238;1
2025;2;14;315;315001;-;02;11;3;2;3;11;4;1500;1
2025;2;14;315;315001;-;02;11;3;2;3;11;5;15000;1
2025;2;15;306;306005;-;02;5;4;2;3;11;2;528871;1
2025;2;15;306;306005;-;02;5;4;2;3;11;4;750;1
2025;2;15;306;306005;-;02;5;4;2;3;11;5;12000;1
2025;2;15;306;306005;-;02;8;2;2;3;11;2;240000;1
2025;2;15;306;306005;-;02;8;2;2;3;11;5;9600;1
2025;2;15;306;306006;-;02;5;4;2;3;11;2;612971;1
2025;2;15;306;306006;-;02;5;4;2;3;11;4;3000;1
2025;2;15;306;306006;-;02;5;4;2;3;11;5;18000;1
2025;2;15;306;306007;-;02;2;6;2;3;11;2;7942408;2
2025;2;15;306;306007;-;02;2;6;2;3;11;4;6098;2
2025;2;15;306;306007;-;02;2;6;2;3;11;5;180160;2
2025;2;15;306;306007;-;02;5;2;2;3;11;2;34900;1
2025;2;15;306;306007;-;02;5;2;2;3;11;5;600;1
2025;2;15;306;306007;-;02;5;3;2;3;11;2;180278;1
2025;2;15;306;306007;-;02;5;3;2;3;11;4;360;1
2025;2;15;306;306007;-;02;5;3;2;3;11;5;4000;1
2025;2;15;306;306007;-;02;8;4;2;3;11;2;816423;1
2025;2;15;306;306007;-;02;8;4;2;3;11;4;600;1
2025;2;15;306;306007;-;02;8;4;2;3;11;5;25000;1
2025;2;15;306;306007;-;02;11;2;2;3;11;2;500000;1
2025;2;15;306;306007;-;02;11;2;2;3;11;4;1000;1
2025;2;15;306;306007;-;02;11;2;2;3;11;5;3000;1
2025;2;15;306;306007;-;02;11;5;2;3;11;2;1600000;1
2025;2;15;306;306007;-;02;11;5;2;3;11;4;7000;1
2025;2;15;306;306007;-;02;11;5;2;3;11;5;15000;1
2025;2;15;306;306007;-;02;12;6;2;3;11;2;1843492;1
2025;2;15;306;306007;-;02;12;6;2;3;11;4;12000;1
2025;2;15;306;306007;-;02;12;6;2;3;11;5;48000;1
2025;2;15;306;306007;-;02;14;2;2;3;11;2;360000;1
2025;2;15;310;310002;-;02;12;4;2;3;11;2;671594;1
2025;2;15;310;310002;-;02;12;4;2;3;11;4;3600;1
2025;2;15;310;310002;-;02;12;4;2;3;11;5;57000;1
2025;2;15;310;310003;-;02;5;4;2;3;11;2;165354;1
2025;2;15;310;310003;-;02;5;4;2;3;11;4;1000;1
2025;2;15;310;310003;-;02;5;4;2;3;11;5;17000;1
2025;2;15;310;310004;-;02;5;4;2;3;11;2;166883;1
2025;2;15;310;310004;-;02;5;4;2;3;11;4;1000;1
2025;2;15;310;310004;-;02;5;4;2;3;11;5;3000;1
2025;2;19;0;0;-;63;8;1;1;1;11;1;20400;1
2025;2;19;0;0;-;63;8;1;1;1;11;4;870;1
2025;2;19;0;0;-;63;8;1;1;1;11;5;1550;1
2025;2;19;304;304007;-;02;1;5;2;3;11;2;1322470;1
2025;2;19;304;304007;-;02;1;5;2;3;11;4;2000;1
2025;2;19;304;304007;-;02;1;5;2;3;11;5;14000;1
2025;2;19;304;304007;-;02;2;5;2;3;11;2;1491598;1
2025;2;19;304;304007;-;02;2;5;2;3;11;4;1800;1
2025;2;19;304;304007;-;02;2;5;2;3;11;5;928;1
2025;2;19;305;305002;-;01;5;4;2;3;11;2;405974;1
2025;2;19;305;305002;-;01;5;4;2;3;11;4;4000;1
2025;2;19;305;305002;-;01;5;4;2;3;11;5;13500;1
2025;2;19;305;305003;-;02;5;3;2;3;11;1;20400;1
2025;2;19;305;305003;-;02;5;3;2;3;11;4;870;1
2025;2;19;305;305003;-;02;5;3;2;3;11;5;1550;1
2025;2;19;315;315008;-;02;9;2;2;3;11;3;30000;1
2025;2;19;315;315008;-;02;9;2;2;3;11;4;10000;1
2025;2;19;315;315008;-;02;9;2;2;3;11;5;1000;1
2025;2;19;319;319001;-;02;11;4;2;3;11;2;185737;1
2025;2;24;315;315005;-;02;11;2;2;3;11;3;43200;1
2025;2;24;315;315005;-;02;11;2;2;3;11;4;400;1
2025;2;24;315;315005;-;02;11;2;2;3;11;5;2160;1
2025;3;5;403;403003;-;02;14;2;2;3;11;2;66486;1
2025;3;5;403;403003;-;02;14;2;2;3;11;4;600;1
2025;3;5;403;403003;-;02;14;2;2;3;11;5;3600;1
2025;3;6;402;402002;-;02;14;6;2;3;11;2;871044;1
2025;3;6;402;402002;-;02;14;6;2;3;11;4;3650;1
2025;3;6;402;402002;-;02;14;6;2;3;11;5;12000;1
2025;3;6;402;402003;-;01;1;6;2;3;11;2;279244;1
2025;3;6;402;402003;-;01;1;6;2;3;11;4;500;1
2025;3;6;402;402003;-;01;1;6;2;3;11;5;17000;1
2025;3;7;402;402001;-;01;2;8;2;3;11;1;399540;1
2025;3;7;402;402001;-;01;2;8;2;3;11;2;596100;1
2025;3;7;402;402001;-;01;2;8;2;3;11;4;6600;1
2025;3;7;402;402001;-;01;2;8;2;3;11;5;42575;1
2025;3;7;402;402001;-;02;12;5;2;3;11;1;225247;1
2025;3;7;402;402001;-;02;12;5;2;3;11;2;428756;1
2025;3;7;402;402001;-;02;12;5;2;3;11;4;1500;1
2025;3;7;402;402001;-;02;12;5;2;3;11;5;12497;1
2025;3;10;404;404004;-;02;1;3;2;3;11;1;898;1
2025;3;10;404;404004;-;02;1;3;2;3;11;2;103735;1
2025;3;10;404;404004;-;02;1;3;2;3;11;4;10177;1
2025;3;10;404;404004;-;02;1;3;2;3;11;5;9378;1
2025;3;11;401;401003;-;02;5;5;2;3;11;1;308760;1
2025;3;11;401;401003;-;02;5;5;2;3;11;2;365874;1
2025;3;11;401;401003;-;02;5;5;2;3;11;4;1050;1
2025;3;11;401;401003;-;02;5;5;2;3;11;5;12000;1
2025;3;11;402;402003;-;02;5;4;2;3;11;1;37468;1
2025;3;11;402;402003;-;02;5;4;2;3;11;2;87426;1
2025;3;11;402;402003;-;02;5;4;2;3;11;4;750;1
2025;3;11;402;402003;-;02;5;4;2;3;11;5;25000;1
2025;3;11;402;402003;-;02;5;5;2;3;11;1;102600;1
2025;3;11;402;402003;-;02;5;5;2;3;11;2;240000;1
2025;3;11;402;402003;-;02;5;5;2;3;11;4;1350;1
2025;3;11;402;402003;-;02;5;5;2;3;11;5;27000;1
2025;3;11;402;402003;-;02;11;5;2;3;11;1;130050;1
2025;3;11;402;402003;-;02;11;5;2;3;11;2;50090;1
2025;3;11;402;402003;-;02;14;5;2;3;11;1;79614;1
2025;3;11;402;402003;-;02;14;5;2;3;11;2;79615;1
2025;3;11;402;402003;-;02;14;5;2;3;11;4;1460;1
2025;3;11;402;402003;-;02;14;5;2;3;11;5;43888;1
2025;3;11;402;402004;-;63;5;1;1;1;11;1;3500;1
2025;3;11;402;402004;-;63;5;1;1;1;11;4;1080;1
2025;3;11;402;402004;-;63;5;1;1;1;11;5;4000;1
2025;3;11;402;402005;-;01;5;7;2;3;11;1;139529;1
2025;3;11;402;402005;-;01;5;7;2;3;11;2;233776;1
2025;3;11;402;402005;-;01;5;7;2;3;11;4;3000;1
2025;3;11;402;402005;-;01;5;7;2;3;11;5;110000;1
2025;3;11;402;402005;-;02;5;3;2;3;11;1;10000;1
2025;3;11;402;402005;-;02;5;3;2;3;11;2;40000;1
2025;3;11;402;402005;-;02;5;3;2;3;11;4;700;1
2025;3;11;402;402005;-;02;5;3;2;3;11;5;2000;1
2025;3;11;402;402005;-;02;5;4;2;3;11;1;130500;1
2025;3;11;402;402005;-;02;5;4;2;3;11;2;108000;1
2025;3;11;402;402005;-;02;5;4;2;3;11;4;800;1
2025;3;11;402;402005;-;02;5;4;2;3;11;5;15000;1
2025;3;12;405;405001;-;02;5;2;2;3;11;2;18000;1
2025;3;12;405;405001;-;02;5;2;2;3;11;5;700;1
2025;3;14;404;404004;-;01;5;3;2;3;11;2;60;1
2025;3;14;404;404004;-;02;11;2;2;3;11;1;111000;1
2025;3;14;404;404004;-;02;11;2;2;3;11;2;61000;1
2025;4;2;505;505004;-;01;5;3;2;3;11;2;110000;1
2025;4;2;505;505004;-;01;5;3;2;3;11;3;60000;1
2025;4;2;505;505004;-;01;5;3;2;3;11;4;1050;1
2025;4;2;505;505004;-;01;5;3;2;3;11;5;19500;1
2025;4;2;505;505004;-;02;5;3;2;3;11;3;10000;1
2025;4;2;505;505004;-;02;5;3;2;3;11;5;100;1
2025;4;2;505;505006;-;02;2;6;2;3;11;1;4890730;1
2025;4;2;505;505006;-;02;2;6;2;3;11;4;11000;1
2025;4;2;505;505006;-;02;2;6;2;3;11;5;165000;1
2025;4;2;505;505006;-;02;5;4;2;3;11;2;705132;1
2025;4;2;505;505006;-;02;5;4;2;3;11;3;366000;1
2025;4;2;505;505006;-;02;5;4;2;3;11;4;40;1
2025;4;2;505;505006;-;02;5;4;2;3;11;5;9000;1
2025;4;2;505;505006;-;02;5;5;2;3;11;2;1050790;1
2025;4;2;505;505006;-;02;5;5;2;3;11;4;3000;1
2025;4;2;505;505006;-;02;5;5;2;3;11;5;150000;1
2025;4;2;505;505006;-;02;11;2;2;3;11;3;50000;1
2025;4;2;505;505006;-;02;11;2;2;3;11;4;300;1
2025;4;2;505;505006;-;02;11;2;2;3;11;5;2000;1
2025;4;2;505;505006;-;02;11;3;2;3;11;2;290000;1
2025;4;2;505;505006;-;02;11;3;2;3;11;3;250000;1
2025;4;2;505;505006;-;02;11;3;2;3;11;4;1600;2
2025;4;2;505;505006;-;02;11;3;2;3;11;5;18000;2
2025;4;2;505;505006;-;02;11;4;2;3;11;3;90000;1
2025;4;2;505;505006;-;02;11;4;2;3;11;4;700;1
2025;4;2;506;506008;-;02;1;3;2;3;11;2;92110;1
2025;4;2;506;506008;-;02;1;3;2;3;11;4;17000;1
2025;4;2;506;506008;-;02;1;3;2;3;11;5;27000;1
2025;4;3;0;0;-;63;11;1;1;1;11;2;401500;1
2025;4;3;0;0;-;63;11;1;1;1;11;4;1900;1
2025;4;3;0;0;-;63;11;1;1;1;11;5;43500;1
2025;4;3;502;502001;-;02;8;3;2;3;11;3;5325;1
2025;4;3;502;502001;-;02;8;3;2;3;11;4;730;1
2025;4;3;502;502001;-;02;8;3;2;3;11;5;3650;1
2025;4;5;503;503006;-;02;11;3;2;3;11;3;150000;1
2025;4;5;503;503006;-;02;11;3;2;3;11;4;1000;1
2025;4;5;505;505003;-;01;5;2;4;4;11;3;127750;1
2025;4;5;505;505003;-;01;5;2;4;4;11;4;1050;1
2025;4;5;505;505003;-;01;5;2;4;4;11;5;8250;1
2025;4;5;505;505003;-;02;5;5;2;3;11;2;2054977;1
2025;4;5;505;505003;-;02;5;5;2;3;11;4;6000;1
2025;4;5;505;505003;-;02;5;5;2;3;11;5;30000;1
2025;4;5;505;505005;-;02;5;3;2;3;11;2;769410;2
2025;4;5;505;505005;-;02;5;3;2;3;11;4;5800;2
2025;4;5;505;505005;-;02;5;3;2;3;11;5;17700;2
2025;4;5;505;505005;-;02;5;4;2;3;11;2;337160;1
2025;4;5;505;505005;-;02;5;4;2;3;11;4;1500;1
2025;4;5;505;505005;-;02;5;4;2;3;11;5;12000;1
2025;4;5;505;505005;-;02;5;6;2;3;11;2;458000;1
2025;4;5;505;505005;-;02;5;6;2;3;11;4;3000;1
2025;4;5;505;505005;-;02;5;6;2;3;11;5;40000;1
2025;4;5;505;505005;-;02;11;2;2;3;11;2;135930;1
2025;4;5;505;505005;-;02;11;2;2;3;11;4;1200;1
2025;4;5;505;505005;-;02;11;2;2;3;11;5;12500;1
2025;4;5;505;505005;-;02;11;4;2;3;11;2;721103;1
2025;4;5;505;505005;-;02;11;4;2;3;11;3;82470;1
2025;4;5;505;505005;-;02;11;4;2;3;11;4;1250;1
2025;4;5;505;505005;-;02;11;4;2;3;11;5;24850;1
2025;4;5;505;505005;-;02;11;5;2;3;11;2;1666261;2
2025;4;5;505;505005;-;02;11;5;2;3;11;4;15460;2
2025;4;5;505;505005;-;02;11;5;2;3;11;5;119100;2
2025;4;5;505;505005;-;02;12;5;2;3;11;2;105860;1
2025;4;5;505;505005;-;02;12;5;2;3;11;3;490880;1
2025;4;5;505;505005;-;02;12;5;2;3;11;4;550;1
2025;4;5;505;505005;-;02;12;5;2;3;11;5;8800;1
2025;4;5;506;506005;-;01;11;2;2;3;11;1;65500;1
2025;4;5;506;506005;-;01;11;2;2;3;11;3;6550;1
2025;4;5;506;506005;-;01;11;2;2;3;11;4;1800;1
2025;4;5;506;506005;-;01;11;2;2;3;11;5;1700;1
2025;4;5;506;506005;-;01;11;3;2;3;11;2;54695;1
2025;4;5;506;506005;-;01;11;3;2;3;11;3;119191;1
2025;4;5;506;506005;-;01;11;3;2;3;11;4;1400;1
2025;4;5;506;506005;-;01;11;3;2;3;11;5;9125;1
2025;4;5;506;506005;-;02;5;2;2;3;11;3;88500;2
2025;4;5;506;506005;-;02;5;2;2;3;11;4;400;2
2025;4;5;506;506005;-;02;5;2;2;3;11;5;1400;2
2025;4;5;506;506005;-;02;5;3;2;3;11;2;519524;1
2025;4;5;506;506005;-;02;5;3;2;3;11;4;500;1
2025;4;5;506;506005;-;02;5;3;2;3;11;5;17500;1
2025;4;5;506;506005;-;02;5;4;2;3;11;2;1333731;3
2025;4;5;506;506005;-;02;5;4;2;3;11;3;971936;2
2025;4;5;506;506005;-;02;5;4;2;3;11;4;15140;3
2025;4;5;506;506005;-;02;5;4;2;3;11;5;84170;3
2025;4;5;506;506005;-;02;11;3;2;3;11;3;369100;2
2025;4;5;506;506005;-;02;11;3;2;3;11;4;3720;2
2025;4;5;506;506005;-;02;11;3;2;3;11;5;22660;2
2025;4;5;506;506005;-;02;11;4;2;3;11;2;301873;1
2025;4;5;506;506005;-;02;11;4;2;3;11;3;255500;1
2025;4;5;506;506005;-;02;11;4;2;3;11;4;2550;2
2025;4;5;506;506005;-;02;11;4;2;3;11;5;28100;2
2025;4;5;506;506005;-;02;11;5;2;3;11;2;1273040;1
2025;4;5;506;506005;-;02;11;5;2;3;11;3;532400;1
2025;4;5;506;506005;-;02;11;5;2;3;11;4;2500;2
2025;4;5;506;506005;-;02;11;5;2;3;11;5;39500;2
2025;4;5;506;506005;-;02;12;6;2;3;11;2;1690502;1
2025;4;5;506;506005;-;02;12;6;2;3;11;4;1200;1
2025;4;5;506;506005;-;02;12;6;2;3;11;5;35250;1
2025;4;5;506;506006;-;02;1;4;2;3;11;2;175631;1
2025;4;5;506;506006;-;02;1;4;2;3;11;3;414252;1
2025;4;5;506;506006;-;02;1;4;2;3;11;4;10000;1
2025;4;5;506;506006;-;02;1;4;2;3;11;5;15000;1
2025;4;5;506;506006;-;02;5;2;2;3;11;3;27800;1
2025;4;5;506;506006;-;02;5;2;2;3;11;4;400;1
2025;4;5;506;506006;-;02;5;2;2;3;11;5;950;1
2025;4;5;506;506006;-;02;5;3;2;3;11;3;200750;1
2025;4;5;506;506006;-;02;5;3;2;3;11;4;1250;1
2025;4;5;506;506006;-;02;5;3;2;3;11;5;11150;1
2025;4;5;506;506006;-;02;5;4;2;3;11;2;89973;1
2025;4;5;506;506006;-;02;5;4;2;3;11;4;800;1
2025;4;5;506;506006;-;02;5;4;2;3;11;5;30500;1
2025;4;5;506;506006;-;02;11;2;2;3;11;3;65700;1
2025;4;5;506;506006;-;02;11;2;2;3;11;4;750;1
2025;4;5;506;506006;-;02;11;2;2;3;11;5;3650;1
2025;4;5;506;506006;-;02;11;3;2;3;11;3;282000;1
2025;4;5;506;506006;-;02;11;3;2;3;11;4;500;1
2025;4;5;506;506006;-;02;11;3;2;3;11;5;31250;1
2025;4;5;506;506006;-;02;11;4;2;3;11;2;296020;1
2025;4;5;506;506006;-;02;11;4;2;3;11;4;1200;1
2025;4;5;506;506006;-;02;11;4;2;3;11;5;17000;1
2025;4;6;506;506003;-;01;5;3;2;3;11;5;100;1
2025;4;6;506;506003;-;01;5;4;2;3;11;2;290000;1
2025;4;6;506;506003;-;01;5;4;2;3;11;4;1600;1
2025;4;6;506;506003;-;01;5;4;2;3;11;5;71000;1
2025;4;6;506;506003;-;01;11;2;2;3;4;3;25550;1
2025;4;6;506;506003;-;02;5;2;2;3;11;2;159000;1
2025;4;6;506;506003;-;02;5;2;2;3;11;3;135000;2
2025;4;6;506;506003;-;02;5;2;2;3;11;4;1300;2
2025;4;6;506;506003;-;02;5;2;2;3;11;5;2700;3
2025;4;6;506;506003;-;02;5;3;2;3;11;2;129246;1
2025;4;6;506;506003;-;02;5;3;2;3;11;3;24000;1
2025;4;6;506;506003;-;02;5;3;2;3;11;4;760;2
2025;4;6;506;506003;-;02;5;3;2;3;11;5;19500;2
2025;4;6;506;506003;-;02;5;4;2;3;11;2;160870;1
2025;4;6;506;506003;-;02;5;4;2;3;11;4;1000;1
2025;4;6;506;506003;-;02;5;4;2;3;11;5;18000;1
2025;4;6;506;506003;-;02;5;5;2;3;11;2;2442758;2
2025;4;6;506;506003;-;02;5;5;2;3;11;4;4600;2
2025;4;6;506;506003;-;02;5;5;2;3;11;5;90460;2
2025;4;6;506;506003;-;02;8;4;2;3;11;2;490631;1
2025;4;6;506;506003;-;02;8;4;2;3;11;4;1800;1
2025;4;6;506;506003;-;02;8;4;2;3;11;5;25000;1
2025;4;6;506;506003;-;02;9;2;2;3;11;3;35933;1
2025;4;6;506;506003;-;02;9;2;2;3;11;4;3246;1
2025;4;6;506;506003;-;02;9;2;2;3;11;5;2738;1
2025;4;6;506;506003;-;02;11;2;2;3;11;2;144000;1
2025;4;6;506;506003;-;02;11;2;2;3;11;4;500;1
2025;4;6;506;506003;-;02;11;2;2;3;11;5;1200;1
2025;4;6;506;506004;-;01;11;4;2;3;11;2;10857;1
2025;4;6;506;506004;-;01;11;4;2;3;11;4;3600;1
2025;4;6;506;506004;-;01;11;4;2;3;11;5;10950;1
2025;4;6;506;506004;-;01;11;5;2;3;11;2;251000;1
2025;4;6;506;506004;-;01;11;5;2;3;11;4;650;1
2025;4;6;506;506004;-;01;11;5;2;3;11;5;8900;1
2025;4;6;506;506004;-;01;12;2;2;3;4;3;4500;1
2025;4;6;506;506004;-;01;12;2;2;3;11;3;14700;1
2025;4;6;506;506004;-;02;5;2;2;3;11;2;54000;1
2025;4;6;506;506004;-;02;5;2;2;3;11;3;49000;1
2025;4;6;506;506004;-;02;5;2;2;3;11;4;1400;2
2025;4;6;506;506004;-;02;5;2;2;3;11;5;2600;2
2025;4;6;506;506004;-;02;5;3;2;3;11;2;436345;1
2025;4;6;506;506004;-;02;5;3;2;3;11;4;400;1
2025;4;6;506;506004;-;02;5;3;2;3;11;5;16000;1
2025;4;6;506;506004;-;02;5;4;2;3;11;2;374736;2
2025;4;6;506;506004;-;02;5;4;2;3;11;4;1960;2
2025;4;6;506;506004;-;02;5;4;2;3;11;5;18158;2
2025;4;6;506;506004;-;02;11;3;2;3;11;2;126534;1
2025;4;6;506;506004;-;02;11;3;2;3;11;3;225780;1
2025;4;6;506;506004;-;02;11;3;2;3;11;4;1700;2
2025;4;6;506;506004;-;02;11;3;2;3;11;5;14020;2
2025;4;6;506;506004;-;02;11;4;1;1;11;3;260000;1
2025;4;6;506;506004;-;02;11;4;1;1;11;4;2000;1
2025;4;6;506;506004;-;02;11;4;1;1;11;5;15000;1
2025;4;6;506;506004;-;02;11;4;2;3;11;2;1003570;1
2025;4;6;506;506004;-;02;11;4;2;3;11;4;360;1
2025;4;6;506;506004;-;02;11;4;2;3;11;5;24345;1
2025;4;6;506;506004;-;02;11;6;2;3;11;2;4537259;1
2025;4;6;506;506004;-;03;5;3;2;3;11;2;130000;1
2025;4;6;506;506004;-;03;5;3;2;3;11;4;1600;1
2025;4;6;506;506004;-;03;5;3;2;3;11;5;48000;1
2025;4;6;506;506005;-;01;5;2;2;3;11;2;61500;1
2025;4;6;506;506005;-;01;5;2;2;3;11;4;500;1
2025;4;6;506;506005;-;01;5;2;2;3;11;5;800;1
2025;4;6;506;506005;-;01;5;5;2;3;11;2;771986;1
2025;4;6;506;506005;-;01;5;5;2;3;11;4;1200;1
2025;4;6;506;506005;-;01;5;5;2;3;11;5;60000;1
2025;4;6;506;506005;-;02;5;2;2;3;11;2;179715;2
2025;4;6;506;506005;-;02;5;2;2;3;11;3;219731;2
2025;4;6;506;506005;-;02;5;2;2;3;11;4;2196;3
2025;4;6;506;506005;-;02;5;2;2;3;11;5;19950;3
2025;4;6;506;506005;-;02;5;3;2;3;11;2;120000;1
2025;4;6;506;506005;-;02;5;3;2;3;11;3;79500;1
2025;4;6;506;506005;-;02;5;3;2;3;11;4;1980;2
2025;4;6;506;506005;-;02;5;3;2;3;11;5;20000;1
2025;4;6;506;506005;-;02;11;2;2;3;11;3;250000;1
2025;4;6;506;506005;-;02;11;2;2;3;11;4;600;1
2025;4;6;506;506005;-;02;11;2;2;3;11;5;10000;1
2025;4;6;506;506005;-;02;11;3;2;3;11;2;109500;1
2025;4;6;506;506005;-;02;11;3;2;3;11;4;1050;1
2025;4;6;506;506005;-;02;11;3;2;3;11;5;5250;1
2025;4;6;506;506005;-;02;11;4;2;3;11;2;144636;1
2025;4;6;506;506005;-;02;11;4;2;3;11;4;1050;1
2025;4;6;506;506005;-;02;11;4;2;3;11;5;9950;1
2025;4;6;506;506005;-;02;11;5;2;3;11;2;485000;1
2025;4;6;506;506005;-;02;11;5;2;3;11;4;1700;1
2025;4;6;506;506005;-;02;11;5;2;3;11;5;25000;1
2025;4;6;506;506006;-;02;12;3;2;3;11;3;620660;1
2025;4;6;506;506006;-;02;12;3;2;3;11;4;1850;1
2025;4;6;506;506006;-;02;12;3;2;3;11;5;16500;1
2025;4;6;506;506009;-;01;5;5;2;3;11;2;885757;1
2025;4;6;506;506009;-;01;5;5;2;3;11;4;1500;1
2025;4;6;506;506009;-;01;5;5;2;3;11;5;28500;1
2025;4;6;506;506009;-;02;5;3;2;3;11;2;1072796;1
2025;4;6;506;506009;-;02;5;3;2;3;11;4;2000;1
2025;4;6;506;506009;-;02;5;3;2;3;11;5;36000;1
2025;4;6;506;506009;-;02;8;2;2;3;11;3;146000;1
2025;4;6;506;506009;-;02;8;2;2;3;11;4;1050;1
2025;4;6;506;506009;-;02;8;2;2;3;11;5;6250;1
2025;4;6;506;506009;-;02;11;5;2;3;11;2;2378467;1
2025;4;6;506;506009;-;02;11;5;2;3;11;4;614;1
2025;4;6;506;506009;-;02;11;5;2;3;11;5;20730;1
2025;4;6;506;506009;-;02;12;5;2;3;11;1;3814670;1
2025;4;6;506;506009;-;02;12;5;2;3;11;4;4500;1
2025;4;6;506;506009;-;02;12;5;2;3;11;5;35000;1
2025;4;7;502;502005;-;02;1;7;2;3;11;2;1554823;1
2025;4;7;502;502005;-;02;1;7;2;3;11;4;5200;1
2025;4;7;502;502005;-;02;1;7;2;3;11;5;74310;1
2025;4;7;502;502005;-;02;3;5;2;3;11;2;2495000;1
2025;4;7;502;502005;-;02;3;5;2;3;11;4;3600;1
2025;4;7;502;502005;-;02;3;5;2;3;11;5;42000;1
2025;4;7;502;502005;-;02;5;3;1;1;11;2;539996;1
2025;4;7;502;502005;-;02;5;4;2;3;11;2;1984932;2
2025;4;7;502;502005;-;02;5;4;2;3;11;4;8250;2
2025;4;7;502;502005;-;02;5;4;2;3;11;5;39050;2
2025;4;7;502;502005;-;02;5;5;2;3;11;2;9073603;4
2025;4;7;502;502005;-;02;5;5;2;3;11;4;9610;4
2025;4;7;502;502005;-;02;5;5;2;3;11;5;133215;2
2025;4;7;502;502005;-;02;11;2;2;3;11;2;208297;1
2025;4;7;502;502005;-;02;11;2;2;3;11;4;720;1
2025;4;7;502;502005;-;02;11;2;2;3;11;5;5700;1
2025;4;7;502;502005;-;02;11;3;2;3;11;2;891424;2
2025;4;7;502;502005;-;02;11;3;2;3;11;4;1000;1
2025;4;7;502;502005;-;02;11;3;2;3;11;5;10650;1
2025;4;7;504;504001;-;01;5;2;2;3;11;1;392754;1
2025;4;7;504;504001;-;01;5;2;2;3;11;4;1870;1
2025;4;7;504;504001;-;01;5;2;2;3;11;5;1980;1
2025;4;7;504;504001;-;02;2;5;2;3;11;2;1589984;1
2025;4;7;504;504001;-;02;2;5;2;3;11;4;2600;1
2025;4;7;504;504001;-;02;2;5;2;3;11;5;51450;1
2025;4;7;504;504001;-;02;5;2;2;3;11;2;443860;1
2025;4;7;504;504001;-;02;5;2;2;3;11;4;1500;1
2025;4;7;504;504001;-;02;5;2;2;3;11;5;10000;1
2025;4;7;504;504001;-;02;5;3;2;3;11;2;1947872;3
2025;4;7;504;504001;-;02;5;3;2;3;11;4;6660;3
2025;4;7;504;504001;-;02;5;3;2;3;11;5;36845;3
2025;4;7;504;504001;-;02;5;4;2;3;11;1;500000;1
2025;4;7;504;504001;-;02;5;4;2;3;11;2;2123080;3
2025;4;7;504;504001;-;02;5;4;2;3;11;4;8150;3
2025;4;7;504;504001;-;02;5;4;2;3;11;5;37000;3
2025;4;7;504;504001;-;02;5;5;2;3;11;2;1500000;1
2025;4;7;504;504001;-;02;5;5;2;3;11;4;40000;1
2025;4;7;504;504001;-;02;5;5;2;3;11;5;400;1
2025;4;7;504;504001;-;02;8;3;2;3;11;2;660000;1
2025;4;7;504;504001;-;02;8;3;2;3;11;4;400;1
2025;4;7;504;504001;-;02;8;3;2;3;11;5;25000;1
2025;4;7;504;504001;-;02;8;4;2;3;11;2;576728;1
2025;4;7;504;504001;-;02;8;4;2;3;11;4;950;1
2025;4;7;504;504001;-;02;8;4;2;3;11;5;500;1
2025;4;7;504;504001;-;02;11;2;2;3;11;2;293129;1
2025;4;7;504;504001;-;02;11;2;2;3;11;4;1400;1
2025;4;7;504;504001;-;02;11;2;2;3;11;5;38800;1
2025;4;7;504;504001;-;02;11;3;2;3;11;2;698305;2
2025;4;7;504;504001;-;02;11;3;2;3;11;4;1700;2
2025;4;7;504;504001;-;02;11;3;2;3;11;5;2000;2
2025;4;7;504;504001;-;02;11;4;2;3;11;2;1064984;2
2025;4;7;504;504001;-;02;11;4;2;3;11;4;7000;2
2025;4;7;504;504001;-;02;11;4;2;3;11;5;43000;2
2025;4;7;504;504001;-;02;12;3;2;3;11;2;420000;1
2025;4;7;504;504001;-;02;12;3;2;3;11;4;2000;1
2025;4;7;504;504001;-;02;12;3;2;3;11;5;30000;1
2025;4;7;504;504001;-;02;13;4;2;3;11;2;1277528;1
2025;4;7;504;504001;-;02;13;4;2;3;11;4;750;1
2025;4;7;504;504001;-;02;13;4;2;3;11;5;30276;1
2025;4;7;504;504001;-;02;13;5;2;3;11;2;1481674;1
2025;4;7;504;504001;-;02;13;5;2;3;11;4;3600;1
2025;4;7;504;504001;-;02;13;5;2;3;11;5;9000;1
2025;4;7;504;504001;-;03;5;3;2;3;11;2;490000;1
2025;4;7;504;504001;-;03;5;3;2;3;11;5;21000;1
2025;4;7;504;504001;-;64;13;3;4;4;11;3;570000;1
2025;4;7;504;504001;-;64;13;3;4;4;11;4;1400;1
2025;4;7;504;504001;-;64;13;3;4;4;11;5;5000;1
2025;4;7;504;504002;-;02;11;4;2;3;11;2;385569;1
2025;4;7;504;504002;-;02;11;4;2;3;11;4;200;1
2025;4;7;504;504002;-;02;11;4;2;3;11;5;10800;1
2025;4;7;504;504003;-;01;11;2;2;3;11;2;69893;1
2025;4;7;504;504003;-;01;11;2;2;3;11;4;600;1
2025;4;7;504;504003;-;01;11;2;2;3;11;5;4000;1
2025;4;7;504;504003;-;02;5;4;2;3;11;2;320000;1
2025;4;7;504;504003;-;02;5;4;2;3;11;4;2000;1
2025;4;7;504;504003;-;02;5;4;2;3;11;5;3000;1
2025;4;7;504;504003;-;02;11;4;2;3;11;2;696028;1
2025;4;7;504;504003;-;02;11;4;2;3;11;4;1800;1
2025;4;7;504;504003;-;02;11;4;2;3;11;5;22000;1
2025;4;8;0;0;-;18;5;1;1;1;11;2;72000;1
2025;4;9;502;502001;-;02;5;2;2;3;11;3;24000;1
2025;4;9;502;502001;-;02;5;2;2;3;11;4;730;1
2025;4;9;502;502001;-;02;11;2;2;3;11;2;40500;1
2025;4;9;502;502001;-;02;11;2;2;3;11;3;4800;1
2025;4;9;502;502001;-;02;11;2;2;3;11;4;720;1
2025;4;9;502;502001;-;02;11;2;2;3;11;5;4400;1
2025;4;9;502;502001;-;02;11;4;2;3;11;2;1363744;1
2025;4;9;502;502001;-;02;11;4;2;3;11;4;3600;1
2025;4;9;502;502001;-;02;11;4;2;3;11;5;3200;1
2025;4;9;502;502002;-;02;11;2;2;3;11;2;76597;1
2025;4;9;502;502002;-;02;11;2;2;3;11;4;700;1
2025;4;9;502;502003;-;01;5;3;2;3;11;3;220000;1
2025;4;9;502;502003;-;01;5;3;2;3;11;4;700;1
2025;4;9;502;502003;-;01;11;4;2;3;11;2;656125;1
2025;4;9;502;502003;-;01;11;4;2;3;11;4;360;1
2025;4;9;502;502003;-;01;11;4;2;3;11;5;10095;1
2025;4;9;502;502003;-;02;5;3;2;3;11;1;519988;1
2025;4;9;502;502003;-;02;5;3;2;3;11;2;2517977;5
2025;4;9;502;502003;-;02;5;3;2;3;11;3;240;1
2025;4;9;502;502003;-;02;5;3;2;3;11;4;6663;6
2025;4;9;502;502003;-;02;5;3;2;3;11;5;78859;6
2025;4;9;502;502003;-;02;5;4;2;3;11;2;1148284;2
2025;4;9;502;502003;-;02;5;4;2;3;11;3;310540;1
2025;4;9;502;502003;-;02;5;4;2;3;11;4;2677;3
2025;4;9;502;502003;-;02;5;4;2;3;11;5;26938;3
2025;4;9;502;502003;-;02;5;5;2;3;11;2;814336;1
2025;4;9;502;502003;-;02;5;5;2;3;11;4;2000;1
2025;4;9;502;502003;-;02;5;5;2;3;11;5;24200;1
2025;4;9;502;502003;-;02;8;3;2;3;11;2;66239;1
2025;4;9;502;502003;-;02;8;3;2;3;11;3;183392;2
2025;4;9;502;502003;-;02;8;3;2;3;11;4;2120;2
2025;4;9;502;502003;-;02;8;3;2;3;11;5;4830;2
2025;4;9;502;502003;-;02;11;2;2;3;11;2;180000;2
2025;4;9;502;502003;-;02;11;2;2;3;11;4;2150;2
2025;4;9;502;502003;-;02;11;2;2;3;11;5;3000;1
2025;4;9;502;502003;-;02;11;3;2;3;11;2;239438;2
2025;4;9;502;502003;-;02;11;3;2;3;11;4;4200;2
2025;4;9;502;502003;-;02;11;3;2;3;11;5;8000;1
2025;4;9;502;502003;-;02;11;4;2;3;11;2;1244830;3
2025;4;9;502;502003;-;02;11;4;2;3;11;3;640000;1
2025;4;9;502;502003;-;02;11;4;2;3;11;4;9100;3
2025;4;9;502;502003;-;02;11;4;2;3;11;5;63800;2
2025;4;9;502;502004;-;01;5;3;2;3;11;3;80300;1
2025;4;9;502;502004;-;01;5;3;2;3;11;4;655;1
2025;4;9;502;502004;-;01;5;3;2;3;11;5;820;1
2025;4;9;502;502004;-;02;2;6;2;3;11;2;6871258;1
2025;4;9;502;502004;-;02;2;6;2;3;11;4;66960;1
2025;4;9;502;502004;-;02;2;6;2;3;11;5;152530;1
2025;4;9;502;502004;-;02;5;2;2;3;11;2;30000;1
2025;4;9;502;502004;-;02;5;2;2;3;11;4;700;1
2025;4;9;502;502004;-;02;9;3;2;3;11;2;101003;1
2025;4;9;502;502004;-;02;9;3;2;3;11;4;650;1
2025;4;9;502;502004;-;02;9;3;2;3;11;5;1300;1
2025;4;9;502;502004;-;02;9;5;2;3;11;2;1873735;1
2025;4;9;502;502004;-;02;9;5;2;3;11;4;5480;1
2025;4;9;502;502004;-;02;9;5;2;3;11;5;58066;1
2025;4;10;501;501003;-;02;5;2;2;3;11;1;253943;1
2025;4;10;501;501003;-;02;5;2;2;3;11;4;700;1
2025;4;10;501;501003;-;02;5;2;2;3;11;5;3000;1
2025;4;10;501;501004;-;02;5;2;2;3;11;2;9000;1
2025;4;10;501;501004;-;02;5;2;2;3;11;4;300;1
2025;4;10;501;501004;-;02;5;3;2;3;11;2;246490;2
2025;4;10;501;501004;-;02;5;3;2;3;11;4;1300;2
2025;4;10;501;501004;-;02;5;3;2;3;11;5;18000;1
2025;4;10;501;501004;-;02;8;5;2;3;11;2;780000;1
2025;4;10;501;501004;-;02;8;5;2;3;11;4;730;1
2025;4;10;501;501004;-;02;8;5;2;3;11;5;35600;1
2025;4;10;501;501004;-;02;11;2;2;3;11;1;202500;1
2025;4;10;501;501004;-;02;11;2;2;3;11;2;555900;1
2025;4;10;501;501004;-;02;11;2;2;3;11;4;1200;1
2025;4;10;501;501004;-;02;11;2;2;3;11;5;39895;1
2025;4;10;501;501004;-;02;11;4;2;3;11;2;711750;1
2025;4;10;501;501004;-;02;11;4;2;3;11;4;9000;1
2025;4;10;501;501004;-;02;11;4;2;3;11;5;30000;1
2025;4;10;501;501005;-;02;5;2;2;3;11;2;66000;1
2025;4;10;501;501005;-;02;5;2;2;3;11;4;1100;2
2025;4;10;501;501005;-;02;5;2;2;3;11;5;4600;1
2025;4;10;501;501005;-;02;5;3;2;3;11;2;789970;1
2025;4;10;501;501005;-;02;5;3;2;3;11;4;3600;1
2025;4;10;501;501005;-;02;5;3;2;3;11;5;36000;1
2025;4;10;501;501005;-;02;11;2;2;3;11;2;34000;1
2025;4;10;501;501005;-;02;11;2;2;3;11;4;200;1
2025;4;10;501;501005;-;02;11;2;2;3;11;5;2400;1
2025;4;10;501;501005;-;02;11;6;2;3;11;2;2144858;1
2025;4;10;501;501005;-;02;11;6;2;3;11;4;3600;1
2025;4;10;501;501005;-;02;11;6;2;3;11;5;97000;1
2025;4;10;501;501006;-;02;5;3;2;3;11;3;270650;1
2025;4;10;501;501006;-;02;5;3;2;3;11;4;2190;1
2025;4;10;501;501006;-;02;5;3;2;3;11;5;1000;1
2025;4;10;501;501006;-;02;5;4;2;3;11;2;781010;1
2025;4;10;501;501006;-;02;5;4;2;3;11;4;700;1
2025;4;10;501;501006;-;02;5;4;2;3;11;5;24000;1
2025;4;10;502;502002;-;02;5;5;2;3;11;2;2125542;1
2025;4;10;502;502002;-;02;5;5;2;3;11;4;5000;1
2025;4;10;502;502002;-;02;5;5;2;3;11;5;65000;1
2025;4;10;502;502002;-;02;8;3;2;3;11;2;50000;1
2025;4;10;502;502002;-;02;8;3;2;3;11;4;1200;1
2025;4;10;502;502002;-;02;11;4;2;3;11;2;38400;1
2025;4;10;502;502002;-;02;11;4;2;3;11;4;700;1
2025;4;11;501;501002;-;01;5;2;2;3;11;1;33424;2
2025;4;11;501;501002;-;01;5;2;2;3;11;2;43250;1
2025;4;11;501;501002;-;01;5;2;2;3;11;4;800;2
2025;4;11;501;501002;-;01;5;2;2;3;11;5;100;1
2025;4;11;501;501002;-;02;5;2;2;3;11;2;690356;1
2025;4;11;501;501002;-;02;5;2;2;3;11;4;1500;1
2025;4;11;501;501002;-;02;5;2;2;3;11;5;22000;1
2025;4;11;501;501002;-;02;5;3;2;3;11;4;730;1
2025;4;11;501;501002;-;02;5;3;2;3;11;5;54750;1
2025;4;11;501;501002;-;02;8;5;2;3;11;2;175819;1
2025;4;11;501;501002;-;02;8;5;2;3;11;3;2647920;1
2025;4;11;501;501002;-;02;8;5;2;3;11;4;2000;1
2025;4;11;501;501002;-;02;8;5;2;3;11;5;9500;1
2025;4;11;501;501002;-;02;11;4;2;3;11;2;833255;1
2025;4;11;501;501002;-;02;11;4;2;3;11;4;730;1
2025;4;11;501;501002;-;02;11;4;2;3;11;5;27970;1
2025;4;11;501;501002;-;02;12;4;2;3;11;1;499784;1
2025;4;11;501;501002;-;02;12;4;2;3;11;4;2800;1
2025;4;11;501;501002;-;02;12;4;2;3;11;5;35225;1
2025;4;11;501;501002;-;02;12;5;2;3;11;2;894301;1
2025;4;11;501;501002;-;02;12;5;2;3;11;4;1000;1
2025;4;11;501;501002;-;02;12;5;2;3;11;5;28000;1
2025;4;12;502;502003;-;02;11;2;2;3;11;2;397890;1
2025;4;12;502;502003;-;02;11;2;2;3;11;4;1000;1
2025;4;12;502;502004;-;02;2;7;2;3;11;2;4594521;1
2025;4;12;502;502004;-;02;2;7;2;3;11;4;1213;1
2025;4;12;502;502004;-;02;2;7;2;3;11;5;130000;1
2025;4;12;502;502004;-;02;5;2;1;1;11;2;194000;1
2025;4;12;502;502004;-;02;5;2;1;1;11;5;4000;1
2025;4;12;502;502004;-;02;5;2;2;3;11;2;1103388;3
2025;4;12;502;502004;-;02;5;2;2;3;11;4;2350;3
2025;4;12;502;502004;-;02;5;2;2;3;11;5;9500;3
2025;4;12;502;502004;-;02;5;3;2;3;11;2;1059371;2
2025;4;12;502;502004;-;02;5;3;2;3;11;4;2060;2
2025;4;12;502;502004;-;02;5;3;2;3;11;5;28500;2
2025;4;12;502;502004;-;02;5;4;2;3;11;1;79424;1
2025;4;12;502;502004;-;02;5;4;2;3;11;2;1290890;4
2025;4;12;502;502004;-;02;5;4;2;3;11;4;4105;5
2025;4;12;502;502004;-;02;5;4;2;3;11;5;55860;4
2025;4;12;502;502004;-;02;5;5;2;3;11;2;3805188;2
2025;4;12;502;502004;-;02;5;5;2;3;11;4;2500;2
2025;4;12;502;502004;-;02;5;5;2;3;11;5;20500;2
2025;4;12;502;502004;-;02;8;4;2;3;11;2;1763759;1
2025;4;12;502;502004;-;02;8;4;2;3;11;4;1500;1
2025;4;12;502;502004;-;02;8;4;2;3;11;5;54750;1
2025;4;12;502;502004;-;02;11;2;2;3;11;2;494297;1
2025;4;12;502;502004;-;02;11;2;2;3;11;4;2000;1
2025;4;12;502;502004;-;02;11;2;2;3;11;5;15000;1
2025;4;12;502;502004;-;02;11;3;2;3;11;2;1505027;4
2025;4;12;502;502004;-;02;11;3;2;3;11;3;215000;1
2025;4;12;502;502004;-;02;11;3;2;3;11;4;6020;4
2025;4;12;502;502004;-;02;11;3;2;3;11;5;34738;4
2025;4;12;502;502004;-;02;11;4;2;3;11;2;780957;2
2025;4;12;502;502004;-;02;11;4;2;3;11;4;870;2
2025;4;12;502;502004;-;02;11;4;2;3;11;5;20340;2
2025;4;12;502;502004;-;03;11;5;2;3;11;4;500;1
2025;4;12;502;502004;-;03;11;5;2;3;11;5;3650;1
2025;4;12;502;502006;-;02;2;6;2;3;11;2;1838030;1
2025;4;12;502;502006;-;02;11;3;2;3;11;2;1002889;1
2025;4;12;502;502006;-;02;11;4;2;3;11;2;1053630;1
2025;4;12;502;502006;-;02;11;4;2;3;11;4;2600;1
2025;4;12;502;502006;-;02;11;4;2;3;11;5;41000;1
2025;4;12;502;502006;-;02;11;5;2;3;11;2;107479;1
2025;4;12;502;502006;-;02;11;5;2;3;11;4;750;1
2025;4;12;502;502006;-;02;11;5;2;3;11;5;12000;1
2025;4;12;503;503001;-;02;5;3;2;3;11;2;703765;2
2025;4;12;503;503001;-;02;5;3;2;3;11;4;800;1
2025;4;12;503;503001;-;02;5;3;2;3;11;5;26750;2
2025;4;12;503;503001;-;02;11;2;2;3;11;2;824677;1
2025;4;12;503;503001;-;02;11;2;2;3;11;4;700;1
2025;4;12;503;503001;-;02;11;2;2;3;11;5;30000;1
2025;4;12;503;503001;-;02;11;4;2;3;11;2;413029;1
2025;4;12;503;503001;-;02;11;4;2;3;11;3;240000;1
2025;4;12;503;503001;-;02;11;4;2;3;11;4;1200;1
2025;4;12;503;503001;-;02;11;4;2;3;11;5;21000;1
2025;4;12;503;503001;-;03;12;5;2;3;11;2;1293589;1
2025;4;12;503;503001;-;03;12;5;2;3;11;4;850;1
2025;4;12;503;503001;-;03;12;5;2;3;11;5;16100;1
2025;4;12;503;503002;-;01;5;3;2;3;11;2;34000;1
2025;4;12;503;503002;-;02;5;2;2;3;11;3;110000;1
2025;4;12;503;503002;-;02;5;2;2;3;11;4;1200;1
2025;4;12;503;503002;-;02;5;2;2;3;11;5;5000;1
2025;4;12;503;503002;-;02;5;3;2;3;11;2;335240;2
2025;4;12;503;503002;-;02;5;3;2;3;11;4;1605;2
2025;4;12;503;503002;-;02;5;3;2;3;11;5;5650;2
2025;4;12;503;503002;-;02;5;4;2;3;11;2;1739189;2
2025;4;12;503;503002;-;02;5;4;2;3;11;4;9400;2
2025;4;12;503;503002;-;02;5;4;2;3;11;5;73425;2
2025;4;12;503;503002;-;02;5;5;2;3;11;1;1015522;1
2025;4;12;503;503002;-;02;5;5;2;3;11;4;2000;1
2025;4;12;503;503002;-;02;5;5;2;3;11;5;35000;1
2025;4;12;503;503002;-;02;8;2;2;3;11;2;533400;1
2025;4;12;503;503002;-;02;8;6;2;3;11;2;1505691;1
2025;4;12;503;503002;-;02;8;6;2;3;11;4;900;1
2025;4;12;503;503002;-;02;8;6;2;3;11;5;30000;1
2025;4;12;503;503002;-;02;11;3;2;3;11;2;1274859;2
2025;4;12;503;503002;-;02;11;3;2;3;11;4;2850;2
2025;4;12;503;503002;-;02;11;3;2;3;11;5;47000;2
2025;4;12;503;503002;-;02;11;4;2;3;11;2;248500;1
2025;4;12;503;503002;-;02;11;4;2;3;11;4;480;1
2025;4;12;503;503002;-;02;11;4;2;3;11;5;20180;1
2025;4;12;503;503002;-;02;11;5;2;3;11;2;670000;1
2025;4;12;503;503002;-;02;12;5;2;3;11;1;695310;1
2025;4;12;503;503002;-;02;12;5;2;3;11;2;3398920;1
2025;4;12;503;503002;-;02;12;5;2;3;11;4;11850;2
2025;4;12;503;503002;-;02;12;5;2;3;11;5;105480;2
2025;4;13;502;502006;-;02;5;3;2;3;11;2;1056406;2
2025;4;13;502;502006;-;02;5;3;2;3;11;4;1400;2
2025;4;13;502;502006;-;02;5;3;2;3;11;5;48000;2
2025;4;13;502;502006;-;02;5;4;2;3;11;2;386383;1
2025;4;13;502;502006;-;02;5;4;2;3;11;4;1000;1
2025;4;13;502;502006;-;02;5;4;2;3;11;5;10800;1
2025;4;13;502;502006;-;02;5;5;2;3;11;2;1530848;2
2025;4;13;502;502006;-;02;5;5;2;3;11;4;2000;2
2025;4;13;502;502006;-;02;5;5;2;3;11;5;70659;2
2025;4;13;502;502006;-;02;11;2;2;3;11;2;96000;1
2025;4;13;502;502006;-;02;11;2;2;3;11;4;400;1
2025;4;13;502;502006;-;02;11;2;2;3;11;5;1300;1
2025;4;13;502;502006;-;02;11;4;2;3;11;2;311532;1
2025;4;13;502;502006;-;02;11;4;2;3;11;4;996;1
2025;4;13;502;502006;-;02;11;4;2;3;11;5;11000;1
2025;4;13;502;502006;-;02;11;5;2;3;11;2;4533748;2
2025;4;13;502;502006;-;02;11;5;2;3;11;5;1100;1
2025;4;13;502;502006;-;02;13;4;2;3;11;2;1220454;1
2025;4;13;503;503003;-;02;5;2;2;3;11;2;181890;1
2025;4;13;503;503003;-;02;5;2;2;3;11;4;1095;1
2025;4;13;503;503003;-;02;5;2;2;3;11;5;12600;1
2025;4;13;503;503003;-;02;5;3;2;3;11;2;2740594;6
2025;4;13;503;503003;-;02;5;3;2;3;11;3;100000;1
2025;4;13;503;503003;-;02;5;3;2;3;11;4;14980;7
2025;4;13;503;503003;-;02;5;3;2;3;11;5;63490;6
2025;4;13;503;503003;-;02;5;4;2;3;11;2;2445520;3
2025;4;13;503;503003;-;02;5;4;2;3;11;4;2430;3
2025;4;13;503;503003;-;02;5;4;2;3;11;5;58250;3
2025;4;13;503;503003;-;02;8;4;2;3;11;2;4254419;2
2025;4;13;503;503003;-;02;8;4;2;3;11;4;3390;2
2025;4;13;503;503003;-;02;8;4;2;3;11;5;90491;2
2025;4;13;503;503003;-;02;8;5;2;3;11;2;5593438;2
2025;4;13;503;503003;-;02;8;5;2;3;11;4;3000;2
2025;4;13;503;503003;-;02;8;5;2;3;11;5;119570;2
2025;4;13;503;503003;-;02;8;7;2;3;11;2;3394728;1
2025;4;13;503;503003;-;02;8;7;2;3;11;4;3650;1
2025;4;13;503;503003;-;02;8;7;2;3;11;5;84000;1
2025;4;13;503;503003;-;02;11;2;2;3;11;3;346750;1
2025;4;13;503;503003;-;02;11;2;2;3;11;4;730;1
2025;4;13;503;503003;-;02;11;2;2;3;11;5;14600;1
2025;4;13;503;503003;-;02;11;3;2;3;11;2;661993;1
2025;4;13;503;503003;-;02;11;3;2;3;11;4;400;1
2025;4;13;503;503003;-;02;11;3;2;3;11;5;10000;1
2025;4;13;503;503003;-;02;11;4;2;3;11;1;195000;1
2025;4;13;503;503003;-;02;11;4;2;3;11;3;98550;1
2025;4;13;503;503003;-;02;11;4;2;3;11;4;3130;2
2025;4;13;503;503003;-;02;11;4;2;3;11;5;8000;1
2025;4;13;503;503003;-;02;11;6;2;3;11;2;2560123;2
2025;4;13;503;503003;-;02;11;6;2;3;11;4;5250;2
2025;4;13;503;503003;-;02;11;6;2;3;11;5;103000;2
2025;4;13;503;503003;-;02;12;5;2;3;11;2;1981121;1
2025;4;13;503;503003;-;02;12;5;2;3;11;4;3660;1
2025;4;13;503;503003;-;02;12;5;2;3;11;5;31360;1
2025;4;13;503;503003;-;64;11;2;4;4;11;2;22000;1
2025;4;13;503;503003;-;64;11;2;4;4;11;3;155000;1
2025;4;13;503;503003;-;64;11;2;4;4;11;4;1000;1
2025;4;13;503;503003;-;64;11;2;4;4;11;5;1000;1
2025;4;13;503;503007;-;01;11;4;2;3;11;3;10220;1
2025;4;13;503;503007;-;01;11;4;2;3;11;4;800;1
2025;4;13;503;503007;-;02;5;2;2;3;11;1;307391;1
2025;4;13;503;503007;-;02;5;2;2;3;11;3;80000;1
2025;4;13;503;503007;-;02;5;2;2;3;11;4;10630;2
2025;4;13;503;503007;-;02;5;2;2;3;11;5;14600;1
2025;4;13;503;503007;-;02;5;3;2;3;11;2;252000;1
2025;4;13;503;503007;-;02;5;3;2;3;11;4;500;1
2025;4;13;503;503007;-;02;5;3;2;3;11;5;7000;1
2025;4;13;503;503007;-;02;5;4;2;3;11;2;1105000;2
2025;4;13;503;503007;-;02;5;4;2;3;11;3;253805;1
2025;4;13;503;503007;-;02;5;4;2;3;11;4;6460;3
2025;4;13;503;503007;-;02;5;4;2;3;11;5;18960;2
2025;4;13;503;503007;-;02;5;5;2;3;11;2;341392;1
2025;4;13;503;503007;-;02;5;5;2;3;11;4;2100;1
2025;4;13;503;503007;-;02;5;5;2;3;11;5;30200;1
2025;4;13;503;503007;-;02;9;7;2;3;11;2;4711820;1
2025;4;13;503;503007;-;02;9;7;2;3;11;4;5475;1
2025;4;13;503;503007;-;02;9;7;2;3;11;5;291000;1
2025;4;13;503;503007;-;02;11;3;2;3;11;2;464364;2
2025;4;13;503;503007;-;02;11;3;2;3;11;3;91250;1
2025;4;13;503;503007;-;02;11;3;2;3;11;4;1665;3
2025;4;13;503;503007;-;02;11;3;2;3;11;5;30588;1
2025;4;13;503;503007;-;02;11;4;2;3;11;2;682079;1
2025;4;13;503;503007;-;02;11;4;2;3;11;3;25000;1
2025;4;13;503;503007;-;02;11;4;2;3;11;4;9000;2
2025;4;13;503;503007;-;02;11;4;2;3;11;5;22500;2
2025;4;13;503;503007;-;02;11;5;2;3;11;2;1008319;1
2025;4;13;503;503007;-;02;11;5;2;3;11;4;3500;1
2025;4;13;503;503007;-;02;11;5;2;3;11;5;12200;1
2025;4;14;502;502006;-;01;11;5;2;3;11;2;618235;1
2025;4;14;502;502006;-;01;11;5;2;3;11;4;2248;1
2025;4;14;502;502006;-;01;11;5;2;3;11;5;22750;1
2025;4;14;502;502006;-;02;5;2;2;3;11;2;72000;1
2025;4;14;502;502006;-;02;5;2;2;3;11;4;400;1
2025;4;14;502;502006;-;02;5;2;2;3;11;5;3800;1
2025;4;14;502;502006;-;02;5;3;2;3;11;3;32850;1
2025;4;14;502;502006;-;02;5;3;2;3;11;4;1095;1
2025;4;14;502;502006;-;02;5;3;2;3;11;5;7680;1
2025;4;14;503;503003;-;02;5;5;2;3;11;2;1443520;1
2025;4;14;503;503003;-;02;5;5;2;3;11;4;1830;1
2025;4;14;503;503003;-;02;5;5;2;3;11;5;16500;1
2025;4;14;503;503004;-;01;8;4;2;3;11;2;1440357;1
2025;4;14;503;503004;-;02;5;4;2;3;11;2;855261;2
2025;4;14;503;503004;-;02;5;4;2;3;11;4;2965;2
2025;4;14;503;503004;-;02;5;4;2;3;11;5;10250;2
2025;4;14;503;503004;-;02;5;5;2;3;11;2;2438783;2
2025;4;14;503;503004;-;02;5;5;2;3;11;4;2400;2
2025;4;14;503;503004;-;02;5;5;2;3;11;5;18500;2
2025;4;14;503;503004;-;02;8;5;2;3;11;2;7082585;2
2025;4;14;503;503004;-;02;8;5;2;3;11;4;6692;2
2025;4;14;503;503004;-;02;8;5;2;3;11;5;188844;2
2025;4;14;503;503004;-;02;8;6;2;3;11;2;2215026;1
2025;4;14;503;503004;-;02;8;6;2;3;11;4;2000;1
2025;4;14;503;503004;-;02;8;6;2;3;11;5;8000;1
2025;4;14;503;503004;-;02;11;2;2;3;11;3;109500;1
2025;4;14;503;503004;-;02;11;2;2;3;11;4;943;1
2025;4;14;503;503004;-;02;11;2;2;3;11;5;8465;1
2025;4;14;503;503004;-;02;11;3;2;3;11;2;615811;1
2025;4;14;503;503004;-;02;11;3;2;3;11;4;350;1
2025;4;14;503;503004;-;02;11;3;2;3;11;5;6200;1
2025;4;14;503;503004;-;02;11;4;2;3;11;2;535269;1
2025;4;14;503;503004;-;02;13;4;2;3;11;2;968682;1
2025;4;14;503;503004;-;03;2;5;2;3;11;2;861825;1
2025;4;14;503;503004;-;03;2;5;2;3;11;4;1000;1
2025;4;14;503;503004;-;03;2;5;2;3;11;5;4500;1
2025;4;14;503;503004;-;03;5;4;2;3;11;2;180000;1
2025;4;14;503;503004;-;03;5;4;2;3;11;4;9000;1
2025;4;14;503;503004;-;03;5;4;2;3;11;5;45000;1
2025;4;14;504;504002;-;02;5;3;2;3;11;1;540000;1
2025;4;14;504;504002;-;02;5;3;2;3;11;2;1482024;4
2025;4;14;504;504002;-;02;5;3;2;3;11;4;5045;4
2025;4;14;504;504002;-;02;5;3;2;3;11;5;145300;5
2025;4;14;504;504002;-;02;5;4;2;3;11;2;3868348;6
2025;4;14;504;504002;-;02;5;4;2;3;11;4;6240;6
2025;4;14;504;504002;-;02;5;4;2;3;11;5;87774;6
2025;4;14;504;504002;-;02;5;5;2;3;11;2;3755844;3
2025;4;14;504;504002;-;02;5;5;2;3;11;4;4126;3
2025;4;14;504;504002;-;02;5;5;2;3;11;5;84379;2
2025;4;14;504;504002;-;02;5;6;2;3;11;2;2310977;2
2025;4;14;504;504002;-;02;5;6;2;3;11;4;3445;2
2025;4;14;504;504002;-;02;5;6;2;3;11;5;61900;2
2025;4;14;504;504002;-;02;8;4;2;3;11;2;900000;1
2025;4;14;504;504002;-;02;8;4;2;3;11;4;1200;1
2025;4;14;504;504002;-;02;8;5;2;3;11;2;5024458;3
2025;4;14;504;504002;-;02;8;5;2;3;11;4;4900;2
2025;4;14;504;504002;-;02;8;5;2;3;11;5;55000;2
2025;4;14;504;504002;-;02;8;6;2;3;11;2;1836214;1
2025;4;14;504;504002;-;02;8;6;2;3;11;4;1800;1
2025;4;14;504;504002;-;02;8;6;2;3;11;5;47370;1
2025;4;14;504;504002;-;02;9;4;2;3;11;2;438000;1
2025;4;14;504;504002;-;02;9;4;2;3;11;4;1000;1
2025;4;14;504;504002;-;02;9;5;2;3;11;2;380000;1
2025;4;14;504;504002;-;02;9;5;2;3;11;4;200;1
2025;4;14;504;504002;-;02;9;5;2;3;11;5;12000;1
2025;4;14;504;504002;-;02;11;2;2;3;11;2;252000;1
2025;4;14;504;504002;-;02;11;2;2;3;11;4;720;1
2025;4;14;504;504002;-;02;11;2;2;3;11;5;600;1
2025;4;14;504;504002;-;02;11;5;2;3;11;2;4770696;2
2025;4;14;504;504002;-;02;11;5;2;3;11;4;1400;1
2025;4;14;504;504002;-;02;11;5;2;3;11;5;33868;1
2025;4;14;504;504002;-;02;11;6;2;3;11;2;2087562;1
2025;4;14;504;504002;-;02;11;6;2;3;11;4;3525;1
2025;4;14;504;504002;-;02;11;6;2;3;11;5;22350;1
2025;4;14;504;504002;-;02;11;7;2;3;11;2;13766760;1
2025;4;14;504;504002;-;02;12;2;1;1;11;2;264257;1
2025;4;14;504;504002;-;02;12;2;1;1;11;4;890;1
2025;4;14;504;504002;-;02;12;2;1;1;11;5;3270;1
2025;4;14;504;504002;-;02;13;5;2;3;11;2;1436333;1
2025;4;14;504;504004;-;02;5;3;2;3;11;1;320793;1
2025;4;14;504;504004;-;02;5;3;2;3;11;4;4600;1
2025;4;14;504;504004;-;02;5;3;2;3;11;5;15000;1
2025;4;14;504;504004;-;02;5;5;2;3;11;2;784540;1
2025;4;14;504;504004;-;02;5;5;2;3;11;4;1200;1
2025;4;14;504;504004;-;02;5;5;2;3;11;5;39000;1
2025;4;14;504;504004;-;02;11;4;2;3;11;2;585438;1
2025;4;14;504;504004;-;02;11;4;2;3;11;4;2190;1
2025;4;14;504;504004;-;02;11;4;2;3;11;5;3000;1
2025;4;14;504;504005;-;02;2;5;2;3;11;2;1060819;1
2025;4;14;504;504005;-;02;2;5;2;3;11;4;640;1
2025;4;14;504;504005;-;02;2;5;2;3;11;5;2333;1
2025;4;14;504;504005;-;02;5;2;2;3;11;2;520000;1
2025;4;14;504;504005;-;02;5;2;2;3;11;4;1400;1
2025;4;14;504;504005;-;02;5;2;2;3;11;5;3000;1
2025;4;14;504;504005;-;02;5;3;2;3;11;2;2304994;5
2025;4;14;504;504005;-;02;5;3;2;3;11;4;2595;3
2025;4;14;504;504005;-;02;5;3;2;3;11;5;53100;3
2025;4;14;504;504005;-;02;5;4;2;3;11;2;1126734;3
2025;4;14;504;504005;-;02;5;4;2;3;11;3;145674;1
2025;4;14;504;504005;-;02;5;4;2;3;11;4;1095;1
2025;4;14;504;504005;-;02;5;4;2;3;11;5;8400;1
2025;4;14;504;504005;-;02;5;5;2;3;11;2;1512626;1
2025;4;14;504;504005;-;02;8;4;2;3;11;2;1254000;2
2025;4;14;504;504005;-;02;8;4;2;3;11;4;3000;2
2025;4;14;504;504005;-;02;8;4;2;3;11;5;4000;1
2025;4;14;504;504005;-;02;8;5;2;3;11;2;798759;1
2025;4;14;504;504005;-;02;8;5;2;3;11;4;3000;1
2025;4;14;504;504005;-;02;8;5;2;3;11;5;43200;1
2025;4;14;504;504005;-;02;11;3;2;3;11;2;897096;1
2025;4;14;504;504005;-;02;11;3;2;3;11;4;1200;1
2025;4;14;504;504005;-;02;11;3;2;3;11;5;32000;1
2025;4;14;504;504005;-;02;11;4;2;3;11;3;167133;1
2025;4;14;504;504005;-;02;11;4;2;3;11;4;1825;1
2025;4;14;504;504005;-;02;11;4;2;3;11;5;5000;1
2025;4;14;504;504005;-;02;12;4;2;3;11;2;580000;1
2025;4;14;504;504005;-;02;12;4;2;3;11;4;500;1
2025;4;14;504;504005;-;02;12;5;2;3;11;2;3123495;1
2025;4;14;504;504005;-;02;12;5;2;3;11;4;3240;1
2025;4;14;504;504005;-;02;12;5;2;3;11;5;31500;1
2025;4;14;504;504005;-;02;14;5;2;3;11;2;1618200;1
2025;4;14;506;506001;-;01;5;5;2;3;11;3;150000;1
2025;4;14;506;506001;-;01;5;5;2;3;11;5;6000;1
2025;4;14;506;506001;-;02;5;2;2;3;11;3;36500;1
2025;4;14;506;506001;-;02;5;2;2;3;11;4;1460;1
2025;4;14;506;506001;-;02;5;3;2;3;11;2;498802;1
2025;4;14;506;506001;-;02;5;3;2;3;11;4;1500;1
2025;4;14;506;506001;-;02;5;3;2;3;11;5;360;1
2025;4;14;506;506001;-;02;5;4;2;3;11;3;224500;1
2025;4;14;506;506001;-;02;5;4;2;3;11;4;2140;1
2025;4;14;506;506001;-;02;5;4;2;3;11;5;15300;1
2025;4;14;506;506001;-;02;5;5;2;3;11;2;1738291;1
2025;4;14;506;506001;-;02;5;5;2;3;11;4;1000;1
2025;4;14;506;506001;-;02;5;5;2;3;11;5;48000;1
2025;4;14;506;506001;-;02;5;6;2;3;11;2;4967821;1
2025;4;14;506;506001;-;02;5;6;2;3;11;4;1095;1
2025;4;14;506;506001;-;02;5;6;2;3;11;5;56880;1
2025;4;14;506;506001;-;02;11;4;2;3;11;2;1810512;3
2025;4;14;506;506001;-;02;11;4;2;3;11;4;38045;3
2025;4;14;506;506001;-;02;11;4;2;3;11;5;44800;3
2025;4;14;506;506001;-;02;11;5;2;3;11;2;344266;1
2025;4;14;506;506001;-;02;11;5;2;3;11;4;2200;1
2025;4;14;506;506001;-;02;11;5;2;3;11;5;5000;1
2025;4;14;506;506001;-;16;11;4;2;3;11;2;1416249;1
2025;4;15;504;504001;-;02;5;3;2;3;11;2;469737;1
2025;4;15;504;504001;-;02;5;3;2;3;11;4;840;1
2025;4;15;504;504001;-;02;5;3;2;3;11;5;12900;1
2025;4;15;504;504002;-;02;5;2;2;3;11;2;271747;1
2025;4;15;504;504002;-;02;5;5;2;3;11;1;565000;1
2025;4;15;504;504002;-;02;5;5;2;3;11;2;4845789;3
2025;4;15;504;504002;-;02;5;5;2;3;11;4;10245;4
2025;4;15;504;504002;-;02;5;5;2;3;11;5;189600;4
2025;4;15;504;504002;-;02;11;4;2;3;11;2;5730565;1
2025;4;15;504;504002;-;02;11;4;2;3;11;4;4320;1
2025;4;15;504;504002;-;02;11;4;2;3;11;5;1125400;1
2025;4;15;504;504002;-;02;12;4;2;3;11;2;1612485;2
2025;4;15;504;504002;-;02;12;4;2;3;11;4;2840;2
2025;4;15;504;504002;-;02;12;4;2;3;11;5;41415;2
2025;4;15;504;504002;-;03;5;4;2;3;11;2;192100;1
2025;4;15;504;504003;-;02;1;7;2;3;11;2;1945459;1
2025;4;15;504;504003;-;02;1;7;2;3;11;4;2000;1
2025;4;15;504;504003;-;02;1;7;2;3;11;5;1000;1
2025;4;15;504;504003;-;02;5;3;2;3;11;2;228000;1
2025;4;15;504;504003;-;02;5;3;2;3;11;4;990;1
2025;4;15;504;504003;-;02;5;3;2;3;11;5;3750;1
2025;4;15;504;504003;-;02;5;4;2;3;11;2;131600;1
2025;4;15;504;504003;-;02;5;4;2;3;11;4;2000;1
2025;4;15;504;504003;-;02;5;4;2;3;11;5;12000;1
2025;4;15;504;504003;-;02;5;6;2;3;11;2;3607156;2
2025;4;15;504;504003;-;02;5;6;2;3;11;4;3593;2
2025;4;15;504;504003;-;02;5;6;2;3;11;5;104970;2
2025;4;15;504;504003;-;02;11;3;2;3;11;1;68564;1
2025;4;15;504;504003;-;02;11;3;2;3;11;4;2650;1
2025;4;15;504;504004;-;02;5;3;2;3;11;2;441991;1
2025;4;15;504;504004;-;02;5;3;2;3;11;4;1095;1
2025;4;15;504;504004;-;02;5;3;2;3;11;5;1500;1
2025;4;15;504;504004;-;02;5;4;2;3;11;2;4345154;8
2025;4;15;504;504004;-;02;5;4;2;3;11;4;8140;6
2025;4;15;504;504004;-;02;5;4;2;3;11;5;146180;6
2025;4;15;504;504004;-;02;5;5;2;3;11;2;2577485;5
2025;4;15;504;504004;-;02;5;5;2;3;11;4;4740;4
2025;4;15;504;504004;-;02;5;5;2;3;11;5;99300;4
2025;4;15;504;504004;-;02;11;3;2;3;11;2;589184;1
2025;4;15;504;504004;-;02;11;3;2;3;11;4;9500;1
2025;4;15;504;504004;-;02;11;3;2;3;11;5;95000;1
2025;4;15;504;504004;-;02;11;5;2;3;11;2;1943997;2
2025;4;15;504;504004;-;02;11;5;2;3;11;4;6570;2
2025;4;15;504;504004;-;02;11;5;2;3;11;5;94900;2
2025;4;15;504;504004;-;02;12;3;2;3;11;2;534888;1
2025;4;15;504;504004;-;02;12;3;2;3;11;4;2000;1
2025;4;15;504;504004;-;02;12;3;2;3;11;5;15000;1
2025;4;15;504;504004;-;02;13;3;2;3;11;2;1337167;1
2025;4;15;504;504004;-;02;13;3;2;3;11;4;58400;1
2025;4;15;504;504005;-;01;5;4;2;3;11;2;220001;1
2025;4;15;504;504005;-;01;5;4;2;3;11;4;450;1
2025;4;15;504;504005;-;01;5;4;2;3;11;5;30000;1
2025;4;15;504;504005;-;02;5;3;2;3;11;2;360350;1
2025;4;15;504;504005;-;02;5;3;2;3;11;4;342;1
2025;4;15;504;504005;-;02;5;3;2;3;11;5;9720;1
2025;4;15;504;504005;-;02;5;4;2;3;11;2;385312;2
2025;4;15;504;504005;-;02;5;4;2;3;11;4;720;1
2025;4;15;504;504005;-;02;5;4;2;3;11;5;16800;1
2025;4;15;504;504005;-;02;5;5;2;3;11;2;511000;1
2025;4;15;504;504005;-;02;5;5;2;3;11;4;3285;1
2025;4;15;504;504005;-;02;5;5;2;3;11;5;2800;1
2025;4;15;504;504005;-;02;5;6;2;3;11;2;3818939;1
2025;4;15;504;504005;-;02;5;6;2;3;11;4;1095;1
2025;4;15;504;504005;-;02;5;6;2;3;11;5;188224;1
2025;4;15;504;504005;-;02;8;4;2;3;11;2;615298;1
2025;4;15;504;504005;-;02;8;4;2;3;11;4;1440;1
2025;4;15;504;504005;-;02;8;4;2;3;11;5;28700;1
2025;4;15;504;504005;-;02;11;3;2;3;11;2;147133;1
2025;4;15;504;504005;-;02;11;3;2;3;11;4;1200;1
2025;4;15;504;504005;-;02;11;3;2;3;11;5;1500;1
2025;4;15;504;504005;-;02;11;4;2;3;11;1;36500;1
2025;4;15;504;504005;-;02;11;4;2;3;11;2;2853160;1
2025;4;15;504;504005;-;02;11;4;2;3;11;3;84000;1
2025;4;15;504;504005;-;02;11;4;2;3;11;4;9520;2
2025;4;15;504;504005;-;02;11;4;2;3;11;5;59950;3
2025;4;15;504;504005;-;02;11;5;2;3;11;2;1200976;1
2025;4;15;504;504007;-;02;5;2;2;3;11;2;824499;2
2025;4;15;504;504007;-;02;5;2;2;3;11;4;300;1
2025;4;15;504;504007;-;02;5;2;2;3;11;5;6000;2
2025;4;15;504;504007;-;02;5;5;2;3;11;2;1456631;2
2025;4;15;504;504007;-;02;5;5;2;3;11;4;2200;2
2025;4;15;504;504007;-;02;5;5;2;3;11;5;65000;2
2025;4;15;504;504007;-;02;5;6;2;3;11;2;3923033;1
2025;4;15;504;504007;-;02;5;6;2;3;11;4;1800;1
2025;4;15;504;504007;-;02;5;6;2;3;11;5;104700;1
2025;4;15;504;504007;-;02;8;2;2;3;11;2;25000;1
2025;4;15;504;504007;-;02;8;2;2;3;11;4;1500;1
2025;4;15;504;504007;-;02;8;2;2;3;11;5;7000;1
2025;4;15;504;504007;-;02;8;6;2;3;11;2;2285364;1
2025;4;15;504;504007;-;02;8;6;2;3;11;4;1800;1
2025;4;15;504;504007;-;02;8;6;2;3;11;5;88000;1
2025;4;15;504;504007;-;02;11;4;2;3;11;1;121800;1
2025;4;15;504;504007;-;02;11;4;2;3;11;4;2500;1
2025;4;15;504;504007;-;02;11;4;2;3;11;5;19000;1
2025;4;15;504;504007;-;02;12;4;2;3;11;2;580304;2
2025;4;15;504;504007;-;02;12;4;2;3;11;4;1048;2
2025;4;15;504;504007;-;02;12;4;2;3;11;5;22800;2
2025;4;15;504;504007;-;03;5;6;2;3;11;2;982085;1
2025;4;15;504;504007;-;03;5;6;2;3;11;4;1240;1
2025;4;15;504;504007;-;03;5;6;2;3;11;5;17540;1
2025;4;15;504;504007;-;40;11;2;4;9;4;4;500;1
2025;4;15;504;504007;-;40;11;2;4;9;4;5;600;1
2025;4;16;501;501002;-;02;13;2;2;3;11;3;64800;1
2025;4;16;504;504006;-;01;5;2;2;3;11;3;147550;1
2025;4;16;504;504006;-;01;5;2;2;3;11;4;1095;1
2025;4;16;504;504006;-;01;5;2;2;3;11;5;2555;1
2025;4;16;504;504006;-;02;5;3;2;3;11;2;458346;2
2025;4;16;504;504006;-;02;5;3;2;3;11;3;273325;1
2025;4;16;504;504006;-;02;5;3;2;3;11;4;6650;2
2025;4;16;504;504006;-;02;5;3;2;3;11;5;16300;2
2025;4;16;504;504006;-;02;5;4;2;3;11;1;508109;2
2025;4;16;504;504006;-;02;5;4;2;3;11;2;2881800;3
2025;4;16;504;504006;-;02;5;4;2;3;11;3;80000;1
2025;4;16;504;504006;-;02;5;4;2;3;11;4;6250;6
2025;4;16;504;504006;-;02;5;4;2;3;11;5;67150;6
2025;4;16;504;504006;-;02;8;5;2;3;11;2;3146267;1
2025;4;16;504;504006;-;02;8;5;2;3;11;4;10000;1
2025;4;16;504;504006;-;02;8;5;2;3;11;5;230847;1
2025;4;16;504;504006;-;02;11;2;2;3;11;2;125000;1
2025;4;16;504;504006;-;02;11;4;2;3;11;1;504423;1
2025;4;16;504;504006;-;02;11;4;2;3;11;2;788922;3
2025;4;16;504;504006;-;02;11;4;2;3;11;4;3650;4
2025;4;16;504;504006;-;02;11;4;2;3;11;5;29000;4
2025;4;16;504;504006;-;02;12;3;2;3;11;3;164250;1
2025;4;16;504;504006;-;02;12;3;2;3;11;4;2190;1
2025;4;16;504;504006;-;02;12;3;2;3;11;5;11680;1
2025;4;16;504;504006;-;02;12;5;2;3;11;2;2021391;1
2025;4;16;504;504006;-;02;12;5;2;3;11;4;1500;1
2025;4;16;504;504006;-;02;12;5;2;3;11;5;67500;1
2025;4;16;506;506001;-;01;5;4;2;3;11;3;14720;1
2025;4;16;506;506001;-;01;5;4;2;3;11;4;730;1
2025;4;16;506;506001;-;02;5;4;2;3;11;2;170000;1
2025;4;16;506;506001;-;02;5;4;2;3;11;3;150000;1
2025;4;16;506;506001;-;02;5;4;2;3;11;4;1000;1
2025;4;16;506;506001;-;02;5;4;2;3;11;5;12550;1
2025;4;16;506;506001;-;02;11;5;2;3;11;2;465965;1
2025;4;16;506;506001;-;02;11;5;2;3;11;4;7000;1
2025;4;16;506;506001;-;02;11;5;2;3;11;5;30000;1
2025;4;16;506;506002;-;02;2;5;2;3;11;2;642520;1
2025;4;16;506;506002;-;02;2;5;2;3;11;4;1000;1
2025;4;16;506;506002;-;02;2;5;2;3;11;5;20000;1
2025;4;16;506;506002;-;02;2;7;2;3;11;2;3393024;1
2025;4;16;506;506002;-;02;2;7;2;3;11;4;2340;1
2025;4;16;506;506002;-;02;2;7;2;3;11;5;145090;1
2025;4;16;506;506002;-;02;5;4;2;3;11;2;1742397;2
2025;4;16;506;506002;-;02;5;4;2;3;11;4;1243;2
2025;4;16;506;506002;-;02;5;4;2;3;11;5;30952;2
2025;4;16;506;506002;-;02;5;5;2;3;11;2;993097;1
2025;4;16;506;506002;-;02;5;5;2;3;11;4;900;1
2025;4;16;506;506002;-;02;5;5;2;3;11;5;25000;1
2025;4;16;506;506002;-;02;11;2;2;3;11;2;412358;1
2025;4;16;506;506002;-;02;11;2;2;3;11;4;2000;1
2025;4;16;506;506002;-;02;11;2;2;3;11;5;2500;1
2025;4;16;506;506002;-;02;11;3;2;3;11;2;91772;1
2025;4;16;506;506002;-;02;11;3;2;3;11;4;720;1
2025;4;16;506;506002;-;02;11;3;2;3;11;5;4530;1
2025;4;16;506;506002;-;02;11;4;2;3;11;2;1667904;1
2025;4;16;506;506002;-;02;11;4;2;3;11;4;1240;1
2025;4;16;506;506002;-;02;11;4;2;3;11;5;55240;1
2025;4;16;506;506002;-;02;11;5;2;3;11;2;2952430;2
2025;4;16;506;506002;-;02;11;5;2;3;11;3;401500;1
2025;4;16;506;506002;-;02;11;5;2;3;11;4;3865;3
2025;4;16;506;506002;-;02;11;5;2;3;11;5;153845;3
2025;4;16;506;506007;-;02;5;2;2;3;11;2;9000;1
2025;4;16;506;506007;-;02;5;2;2;3;11;4;30;1
2025;4;16;506;506007;-;02;5;3;2;3;11;2;195707;1
2025;4;16;506;506007;-;02;5;3;2;3;11;4;1050;1
2025;4;16;506;506007;-;02;5;4;2;3;11;2;289000;1
2025;4;16;506;506007;-;02;5;4;2;3;11;4;3500;1
2025;4;16;506;506007;-;02;5;4;2;3;11;5;1500;1
2025;4;16;506;506007;-;02;8;5;2;3;11;2;2128951;1
2025;4;16;506;506007;-;02;11;2;2;3;11;2;205000;1
2025;4;16;506;506007;-;02;11;2;2;3;11;3;420000;1
2025;4;16;506;506007;-;02;11;2;2;3;11;4;2200;2
2025;4;16;506;506007;-;02;11;2;2;3;11;5;3200;2
2025;4;16;506;506007;-;02;11;3;2;3;11;2;469374;1
2025;4;16;506;506007;-;02;11;3;2;3;11;3;112700;1
2025;4;16;506;506007;-;02;11;3;2;3;11;4;2125;2
2025;4;16;506;506007;-;02;11;3;2;3;11;5;22200;2
2025;4;16;506;506007;-;02;11;4;2;3;11;2;304863;1
2025;4;16;506;506007;-;02;11;4;2;3;11;3;428000;2
2025;4;16;506;506007;-;02;11;4;2;3;11;4;6650;2
2025;4;16;506;506007;-;02;11;4;2;3;11;5;51000;2
2025;4;16;506;506007;-;64;5;3;4;4;11;3;132855;1
2025;4;16;506;506007;-;64;5;3;4;4;11;4;3000;1
2025;4;16;506;506008;-;01;5;2;2;3;11;3;135000;1
2025;4;16;506;506008;-;01;5;2;2;3;11;4;800;1
2025;4;16;506;506008;-;02;5;2;2;3;11;2;294642;1
2025;4;16;506;506008;-;02;5;2;2;3;11;4;2000;1
2025;4;16;506;506008;-;02;5;2;2;3;11;5;22800;1
2025;4;16;506;506008;-;02;5;4;2;3;11;2;280000;1
2025;4;16;506;506008;-;02;5;4;2;3;11;4;1000;1
2025;4;16;506;506008;-;02;5;4;2;3;11;5;15000;1
2025;4;16;506;506008;-;02;5;5;2;3;11;2;4941484;3
2025;4;16;506;506008;-;02;5;5;2;3;11;4;6920;3
2025;4;16;506;506008;-;02;5;5;2;3;11;5;111600;3
2025;4;16;506;506008;-;02;8;5;2;3;11;2;301688;1
2025;4;16;506;506008;-;02;11;2;2;3;11;2;278000;2
2025;4;16;506;506008;-;02;11;2;2;3;11;4;1095;1
2025;4;16;506;506008;-;02;11;2;2;3;11;5;5190;2
2025;4;16;506;506008;-;02;11;4;2;3;11;2;965101;1
2025;4;16;506;506008;-;02;11;4;2;3;11;4;220;1
2025;4;16;506;506008;-;02;11;4;2;3;11;5;3360;1
2025;4;16;506;506008;-;02;11;5;2;3;11;2;5900856;1
2025;4;16;506;506008;-;02;11;5;2;3;11;4;6000;1
2025;4;16;506;506008;-;02;11;5;2;3;11;5;65000;1
2025;4;16;506;506008;-;02;14;4;2;3;11;2;848551;1
2025;4;16;506;506008;-;02;14;4;2;3;11;4;2000;1
2025;4;16;506;506008;-;02;14;4;2;3;11;5;18000;1
2025;4;16;506;506008;-;02;14;5;2;3;11;2;2364525;1
2025;4;16;506;506008;-;02;14;5;2;3;11;4;2000;1
2025;4;16;506;506008;-;02;14;5;2;3;11;5;9500;1
2025;4;17;503;503005;-;01;5;4;2;3;11;2;109500;1
2025;4;17;503;503005;-;01;5;4;2;3;11;4;1200;1
2025;4;17;503;503005;-;01;5;4;2;3;11;5;43800;1
2025;4;17;503;503005;-;02;2;7;2;3;11;2;2759440;1
2025;4;17;503;503005;-;02;2;7;2;3;11;4;73500;1
2025;4;17;503;503005;-;02;2;7;2;3;11;5;120000;1
2025;4;17;503;503005;-;02;5;2;2;3;11;3;36500;1
2025;4;17;503;503005;-;02;5;2;2;3;11;4;900;1
2025;4;17;503;503005;-;02;5;2;2;3;11;5;2200;1
2025;4;17;503;503005;-;02;5;3;2;3;11;2;1847258;2
2025;4;17;503;503005;-;02;5;3;2;3;11;3;202500;2
2025;4;17;503;503005;-;02;5;3;2;3;11;4;3960;4
2025;4;17;503;503005;-;02;5;3;2;3;11;5;85770;3
2025;4;17;503;503005;-;02;5;4;2;3;11;2;539000;1
2025;4;17;503;503005;-;02;5;4;2;3;11;4;3600;1
2025;4;17;503;503005;-;02;5;4;2;3;11;5;1200;1
2025;4;17;503;503005;-;02;5;5;2;3;11;1;49685;1
2025;4;17;503;503005;-;02;5;5;2;3;11;4;1000;1
2025;4;17;503;503005;-;02;5;5;2;3;11;5;14000;1
2025;4;17;503;503005;-;02;11;2;2;3;11;3;36000;1
2025;4;17;503;503005;-;02;11;6;2;3;11;2;1711887;1
2025;4;17;503;503005;-;02;11;6;2;3;11;4;3330;1
2025;4;17;503;503005;-;02;11;6;2;3;11;5;55000;1
2025;4;17;503;503006;-;01;11;4;2;3;11;3;364000;1
2025;4;17;503;503006;-;01;11;4;2;3;11;4;1000;1
2025;4;17;503;503006;-;01;11;4;2;3;11;5;3000;1
2025;4;17;503;503006;-;01;11;7;2;3;11;2;569886;1
2025;4;17;503;503006;-;02;5;3;2;3;11;2;115931;1
2025;4;17;503;503006;-;02;5;4;2;3;11;1;600460;2
2025;4;17;503;503006;-;02;5;4;2;3;11;2;644648;2
2025;4;17;503;503006;-;02;5;4;2;3;11;3;144000;1
2025;4;17;503;503006;-;02;5;4;2;3;11;4;3465;5
2025;4;17;503;503006;-;02;5;4;2;3;11;5;54250;5
2025;4;17;503;503006;-;02;5;5;2;3;11;2;593563;1
2025;4;17;503;503006;-;02;5;5;2;3;11;4;1800;1
2025;4;17;503;503006;-;02;5;5;2;3;11;5;20000;1
2025;4;17;503;503006;-;02;5;6;2;3;11;2;10666498;2
2025;4;17;503;503006;-;02;5;6;2;3;11;4;7942;2
2025;4;17;503;503006;-;02;5;6;2;3;11;5;225334;1
2025;4;17;503;503006;-;02;11;2;2;3;11;3;36500;1
2025;4;17;503;503006;-;02;11;2;2;3;11;4;360;1
2025;4;17;503;503006;-;02;11;2;2;3;11;5;1080;1
2025;4;17;503;503006;-;02;11;4;2;3;11;2;1151500;2
2025;4;17;503;503006;-;02;11;4;2;3;11;4;1800;2
2025;4;17;503;503006;-;02;11;4;2;3;11;5;65000;2
2025;4;17;503;503006;-;02;11;5;2;3;11;2;3213851;2
2025;4;17;503;503006;-;02;11;5;2;3;11;4;2400;2
2025;4;17;503;503006;-;02;11;5;2;3;11;5;58800;2
2025;4;17;503;503007;-;02;5;2;2;3;11;3;47450;1
2025;4;17;503;503007;-;02;5;2;2;3;11;4;365;1
2025;4;17;503;503007;-;02;5;2;2;3;11;5;600;1
2025;4;17;503;503007;-;02;11;2;2;3;11;3;72000;1
2025;4;17;503;503007;-;02;11;2;2;3;11;4;400;1
2025;4;17;503;503007;-;02;11;2;2;3;11;5;3600;1
2025;4;17;503;503007;-;02;11;3;2;3;11;3;65000;1
2025;4;17;503;503007;-;02;11;3;2;3;11;4;1000;1
2025;4;17;505;505001;-;01;5;6;2;3;11;2;95000;1
2025;4;17;505;505001;-;01;5;6;2;3;11;3;95000;1
2025;4;17;505;505001;-;01;5;6;2;3;11;4;850;1
2025;4;17;505;505001;-;01;5;6;2;3;11;5;3500;1
2025;4;17;505;505001;-;02;5;4;2;3;11;2;638822;1
2025;4;17;505;505001;-;02;5;4;2;3;11;4;370;1
2025;4;17;505;505001;-;02;5;5;2;3;11;3;219000;1
2025;4;17;505;505001;-;02;5;5;2;3;11;4;950;1
2025;4;17;505;505001;-;02;5;5;2;3;11;5;19750;1
2025;4;17;505;505001;-;02;11;2;2;3;11;2;53500;1
2025;4;17;505;505001;-;02;11;2;2;3;11;3;53500;1
2025;4;17;505;505001;-;02;11;2;2;3;11;4;720;1
2025;4;17;505;505001;-;02;11;2;2;3;11;5;840;1
2025;4;17;505;505001;-;02;11;4;2;3;11;2;40000;1
2025;4;17;505;505001;-;02;11;4;2;3;11;4;800;1
2025;4;17;505;505001;-;02;11;4;2;3;11;5;2200;1
2025;4;17;505;505004;-;02;5;2;2;3;11;2;649286;1
2025;4;17;505;505004;-;02;5;2;2;3;11;4;2500;1
2025;4;17;505;505004;-;02;5;2;2;3;11;5;10000;1
2025;4;17;505;505004;-;02;5;4;2;3;11;2;288123;1
2025;4;17;505;505004;-;02;5;4;2;3;11;3;300000;1
2025;4;17;505;505004;-;02;5;4;2;3;11;4;2550;2
2025;4;17;505;505004;-;02;5;4;2;3;11;5;11500;2
2025;4;17;505;505004;-;02;5;5;2;3;11;3;1025100;1
2025;4;17;505;505004;-;02;5;5;2;3;11;4;750;1
2025;4;17;505;505004;-;02;5;5;2;3;11;5;29000;1
2025;4;17;505;505004;-;02;11;3;2;3;11;2;105297;1
2025;4;17;505;505004;-;02;11;3;2;3;11;4;730;1
2025;4;17;505;505004;-;02;11;3;2;3;11;5;2190;1
2025;4;17;505;505004;-;02;11;4;2;3;11;3;1141500;2
2025;4;17;505;505004;-;02;11;4;2;3;11;4;1750;2
2025;4;17;505;505004;-;02;11;4;2;3;11;5;13650;2
2025;4;17;505;505006;-;02;5;5;2;3;11;3;450000;1
2025;4;17;505;505006;-;02;5;5;2;3;11;4;2500;1
2025;4;17;505;505006;-;02;5;5;2;3;11;5;3500;1
2025;4;17;505;505006;-;02;8;2;2;3;11;2;35039;1
2025;4;17;505;505006;-;02;8;2;2;3;11;5;12000;1
2025;4;17;505;505006;-;02;8;5;2;3;11;2;1899505;1
2025;4;17;505;505006;-;02;8;5;2;3;11;4;5500;1
2025;4;17;505;505006;-;02;8;5;2;3;11;5;28000;1
2025;4;17;505;505006;-;02;11;3;2;3;11;2;180000;1
2025;4;17;505;505006;-;02;11;3;2;3;11;3;720000;1
2025;4;17;505;505006;-;02;11;3;2;3;11;4;2000;1
2025;4;17;505;505006;-;02;11;3;2;3;11;5;33500;1
2025;4;17;505;505006;-;02;12;5;2;3;11;2;1100000;1
2025;4;17;506;506001;-;02;5;4;2;3;11;2;188000;1
2025;4;17;506;506001;-;02;5;4;2;3;11;4;1095;1
2025;4;17;506;506001;-;02;5;4;2;3;11;5;58000;1
2025;4;17;506;506001;-;02;8;2;2;3;11;2;104000;1
2025;4;18;505;505001;-;01;5;3;2;3;11;3;109500;1
2025;4;18;505;505001;-;01;5;3;2;3;11;4;700;1
2025;4;18;505;505001;-;01;5;3;2;3;11;5;2500;1
2025;4;18;505;505001;-;01;11;2;2;3;11;3;117600;1
2025;4;18;505;505001;-;01;11;2;2;3;11;4;700;1
2025;4;18;505;505001;-;01;11;2;2;3;11;5;9000;1
2025;4;18;505;505001;-;01;11;5;2;3;11;3;314000;2
2025;4;18;505;505001;-;01;11;5;2;3;11;4;2500;2
2025;4;18;505;505001;-;01;11;5;2;3;11;5;18500;2
2025;4;18;505;505001;-;02;5;2;2;3;11;2;91250;1
2025;4;18;505;505001;-;02;5;2;2;3;11;3;30000;1
2025;4;18;505;505001;-;02;5;2;2;3;11;4;1350;2
2025;4;18;505;505001;-;02;5;2;2;3;11;5;4320;1
2025;4;18;505;505001;-;02;5;4;2;3;11;2;70000;1
2025;4;18;505;505001;-;02;5;4;2;3;11;3;150000;1
2025;4;18;505;505001;-;02;5;4;2;3;11;4;1800;2
2025;4;18;505;505001;-;02;5;4;2;3;11;5;5000;1
2025;4;18;505;505001;-;02;11;5;2;3;11;2;576000;1
2025;4;18;505;505001;-;02;11;5;2;3;11;3;108000;1
2025;4;18;505;505001;-;02;11;5;2;3;11;4;2500;1
2025;4;18;505;505001;-;02;11;5;2;3;11;5;8000;1
2025;4;18;505;505002;-;01;5;3;2;3;11;3;119000;1
2025;4;18;505;505002;-;01;5;3;2;3;11;4;1000;1
2025;4;18;505;505002;-;01;5;3;2;3;11;5;8200;1
2025;4;18;505;505002;-;01;11;3;2;3;11;3;780200;4
2025;4;18;505;505002;-;01;11;3;2;3;11;4;102600;4
2025;4;18;505;505002;-;01;11;3;2;3;11;5;30700;3
2025;4;18;505;505002;-;02;8;5;2;3;11;2;468295;1
2025;4;18;505;505002;-;02;8;5;2;3;11;4;1460;1
2025;4;18;505;505002;-;02;8;5;2;3;11;5;29200;1
2025;4;18;505;505002;-;02;11;2;2;3;11;3;158000;1
2025;4;18;505;505002;-;02;11;2;2;3;11;4;700;1
2025;4;18;505;505002;-;02;11;2;2;3;11;5;10000;1
2025;4;18;505;505002;-;02;11;4;2;3;11;3;65000;1
2025;4;18;505;505002;-;02;11;4;2;3;11;4;400;1
2025;4;18;505;505002;-;02;11;4;2;3;11;5;6500;1
2025;4;18;505;505002;-;02;11;5;2;3;11;3;620000;1
2025;4;18;505;505002;-;02;11;5;2;3;11;4;1500;1
2025;4;18;505;505002;-;02;11;5;2;3;11;5;40000;1
2025;4;18;505;505003;-;01;5;4;2;3;11;3;108000;1
2025;4;18;505;505003;-;01;5;4;2;3;11;4;1050;1
2025;4;18;505;505003;-;01;5;4;2;3;11;5;17500;1
2025;4;18;505;505003;-;02;5;3;2;3;11;1;99420;1
2025;4;18;505;505003;-;02;5;3;2;3;11;3;145000;1
2025;4;18;505;505003;-;02;5;3;2;3;11;4;1200;2
2025;4;18;505;505003;-;02;5;3;2;3;11;5;15500;2
2025;4;18;505;505003;-;02;8;6;2;3;11;2;3595519;1
2025;4;18;505;505003;-;02;8;6;2;3;11;3;673607;1
2025;4;18;505;505003;-;02;8;6;2;3;11;4;7000;1
2025;4;18;505;505003;-;02;8;6;2;3;11;5;120000;1
2025;4;18;505;505003;-;02;11;4;2;3;11;3;199620;2
2025;4;18;505;505003;-;02;11;4;2;3;11;4;750;2
2025;4;18;505;505003;-;02;11;4;2;3;11;5;17622;2
2025;4;18;505;505003;-;02;11;5;2;3;11;1;120000;1
2025;4;18;505;505003;-;02;11;5;2;3;11;4;100;1
2025;4;18;505;505003;-;02;11;5;2;3;11;5;10560;1
2025;4;18;505;505003;-;02;14;4;2;3;11;2;185000;1
2025;4;18;505;505003;-;02;14;4;2;3;11;4;1300;1
2025;4;18;505;505003;-;02;14;4;2;3;11;5;20000;1
2025;4;18;505;505005;-;01;5;3;2;3;11;3;150000;1
2025;4;18;505;505005;-;01;5;3;2;3;11;4;750;1
2025;4;18;505;505005;-;01;5;3;2;3;11;5;7800;1
2025;4;18;505;505005;-;01;8;3;2;3;11;2;250000;1
2025;4;18;505;505005;-;01;8;3;2;3;11;4;1000;1
2025;4;18;505;505005;-;01;11;5;2;3;11;3;240000;1
2025;4;18;505;505005;-;01;11;5;2;3;11;4;2000;1
2025;4;18;505;505005;-;01;11;5;2;3;11;5;15700;1
2025;4;18;505;505005;-;02;5;2;2;3;11;2;276927;1
2025;4;18;505;505005;-;02;5;2;2;3;11;3;204300;2
2025;4;18;505;505005;-;02;5;2;2;3;11;4;2800;3
2025;4;18;505;505005;-;02;5;2;2;3;11;5;10300;1
2025;4;18;505;505005;-;02;5;5;2;3;11;2;107052;1
2025;4;18;505;505005;-;02;5;5;2;3;11;4;2500;1
2025;4;18;505;505005;-;02;5;5;2;3;11;5;10000;1
2025;5;2;601;601004;-;02;1;3;2;3;11;2;85453;1
2025;5;2;601;601004;-;02;1;3;2;3;11;4;13500;1
2025;5;2;601;601004;-;02;1;3;2;3;11;5;14620;1
2025;5;2;601;601004;-;02;12;5;2;3;11;2;147521;1
2025;5;2;601;601004;-;02;12;5;2;3;11;3;150062493;1
2025;5;2;601;601004;-;02;12;5;2;3;11;5;1724412;1
2025;5;2;601;601004;-;02;12;8;2;3;11;2;12798922;1
2025;5;2;601;601004;-;02;12;8;2;3;11;3;34802510;1
2025;5;2;601;601004;-;02;12;8;2;3;11;5;592380;1
2025;5;2;602;602002;-;02;5;2;2;3;11;3;70000;1
2025;5;2;602;602002;-;02;5;2;2;3;11;4;700;1
2025;5;3;601;601003;-;02;12;6;2;3;11;2;2383412;1
2025;5;3;601;601003;-;02;12;6;2;3;11;4;1460;1
2025;5;3;601;601003;-;02;12;6;2;3;11;5;130037;1
2025;5;4;602;602005;-;02;5;7;2;3;11;2;6160162;1
2025;5;4;602;602005;-;02;5;7;2;3;11;5;240000;1
2025;5;11;601;601007;-;02;5;4;2;3;11;2;435000;1
2025;5;11;601;601007;-;02;5;4;2;3;11;4;1930;1
2025;5;11;601;601007;-;02;5;4;2;3;11;5;23750;1
2025;5;11;601;601007;-;02;5;5;2;3;11;2;838567;1
2025;5;11;601;601007;-;02;5;5;2;3;11;4;3500;1
2025;5;11;601;601007;-;02;5;5;2;3;11;5;75000;1
2025;5;13;601;601006;-;02;5;2;2;3;11;3;78745;1
2025;5;13;601;601006;-;02;5;2;2;3;11;4;540;1
2025;5;13;601;601006;-;02;5;2;2;3;11;5;3100;1
2025;5;13;601;601006;-;02;8;2;2;3;11;2;10500;1
2025;5;15;601;601005;-;02;5;3;2;3;11;4;600;1
2025;5;15;601;601005;-;02;8;6;2;3;11;2;1192494;1
2025;5;15;601;601005;-;02;8;6;2;3;11;4;3600;1
2025;5;15;601;601005;-;02;8;6;2;3;11;5;48000;1
2025;5;15;601;601005;-;02;11;2;2;3;11;2;185000;1
2025;5;15;601;601005;-;02;11;2;2;3;11;4;680;1
2025;5;15;601;601005;-;02;11;2;2;3;11;5;10500;1
2025;5;15;601;601005;-;02;12;4;2;3;11;2;437263;1
2025;5;15;601;601005;-;02;12;4;2;3;11;4;1000;1
2025;5;15;601;601005;-;02;12;4;2;3;11;5;22000;1
2025;6;2;701;701001;-;02;5;3;2;3;11;2;136831;1
2025;6;2;701;701001;-;02;5;3;2;3;11;4;1200;1
2025;6;2;701;701001;-;02;5;3;2;3;11;5;8000;1
2025;6;2;702;702002;-;02;5;2;2;3;11;2;362799;1
2025;6;2;702;702002;-;02;5;2;2;3;11;4;1440;1
2025;6;2;702;702002;-;02;5;2;2;3;11;5;17720;1
2025;6;2;702;702002;-;02;5;3;2;3;11;1;50000;1
2025;6;2;702;702002;-;02;5;3;2;3;11;2;70000;1
2025;6;2;702;702002;-;02;5;3;2;3;11;4;2000;1
2025;6;2;702;702002;-;02;5;3;2;3;11;5;15000;1
2025;6;2;702;702002;-;02;8;4;2;3;11;2;775985;1
2025;6;2;702;702002;-;02;8;4;2;3;11;4;1200;1
2025;6;2;702;702002;-;02;8;4;2;3;11;5;35000;1
2025;6;2;702;702002;-;02;11;3;2;3;11;2;467003;1
2025;6;2;702;702002;-;02;11;3;2;3;11;4;1465;1
2025;6;2;702;702002;-;02;11;3;2;3;11;5;29200;1
2025;6;4;701;701003;-;01;11;3;2;3;11;3;27000;1
2025;6;4;701;701003;-;01;11;3;2;3;11;4;300;1
2025;6;4;701;701003;-;02;2;7;2;3;11;1;7539244;1
2025;6;4;701;701003;-;02;2;7;2;3;11;4;600;1
2025;6;4;701;701003;-;02;2;7;2;3;11;5;83000;1
2025;6;4;701;701003;-;02;3;5;2;3;11;2;984509;1
2025;6;4;701;701003;-;02;3;5;2;3;11;4;3000;1
2025;6;4;701;701003;-;02;3;5;2;3;11;5;17000;1
2025;6;4;701;701003;-;02;5;2;2;3;11;2;650831;2
2025;6;4;701;701003;-;02;5;2;2;3;11;3;150000;1
2025;6;4;701;701003;-;02;5;2;2;3;11;4;1400;3
2025;6;4;701;701003;-;02;5;2;2;3;11;5;10700;3
2025;6;4;701;701003;-;02;5;3;1;1;11;2;49981;1
2025;6;4;701;701003;-;02;5;3;2;3;11;2;3703243;7
2025;6;4;701;701003;-;02;5;3;2;3;11;4;11000;7
2025;6;4;701;701003;-;02;5;3;2;3;11;5;237600;7
2025;6;4;701;701003;-;02;5;4;2;3;11;2;556050;2
2025;6;4;701;701003;-;02;5;4;2;3;11;4;3000;1
2025;6;4;701;701003;-;02;5;4;2;3;11;5;18000;1
2025;6;4;701;701003;-;02;5;5;2;3;11;2;574659;1
2025;6;4;701;701003;-;02;5;5;2;3;11;4;700;1
2025;6;4;701;701003;-;02;5;5;2;3;11;5;45900;1
2025;6;4;701;701003;-;02;8;4;2;3;11;2;181260;1
2025;6;4;701;701003;-;02;8;4;2;3;11;4;400;1
2025;6;4;701;701003;-;02;8;4;2;3;11;5;1000;1
2025;6;4;701;701003;-;02;11;2;2;3;11;3;43200;1
2025;6;4;701;701003;-;02;11;2;2;3;11;4;720;1
2025;6;4;701;701003;-;02;11;2;2;3;11;5;400;1
2025;6;4;701;701003;-;02;11;6;2;3;11;2;3950000;1
2025;6;4;701;701003;-;02;11;6;2;3;11;4;5200;1
2025;6;4;701;701003;-;02;11;6;2;3;11;5;71400;1
2025;6;4;701;701003;-;02;13;6;2;3;11;2;2618278;1
2025;6;4;701;701003;-;02;13;6;2;3;11;4;3550;1
2025;6;4;701;701003;-;02;13;6;2;3;11;5;120451;1
2025;6;4;701;701004;-;02;5;4;2;3;11;2;519714;1
2025;6;4;701;701004;-;02;5;4;2;3;11;3;110000;1
2025;6;4;701;701004;-;02;5;4;2;3;11;4;720;2
2025;6;4;701;701004;-;02;5;4;2;3;11;5;8200;2
2025;6;4;701;701005;-;01;11;5;2;3;11;2;340444;1
2025;6;4;701;701005;-;01;11;5;2;3;11;4;1825;1
2025;6;4;701;701005;-;01;11;5;2;3;11;5;25400;1
2025;6;4;701;701005;-;02;5;3;2;3;11;2;2258503;6
2025;6;4;701;701005;-;02;5;3;2;3;11;3;220000;2
2025;6;4;701;701005;-;02;5;3;2;3;11;4;3840;5
2025;6;4;701;701005;-;02;5;3;2;3;11;5;75180;5
2025;6;4;701;701005;-;02;5;4;2;3;11;2;2696006;3
2025;6;4;701;701005;-;02;5;4;2;3;11;4;1910;2
2025;6;4;701;701005;-;02;5;4;2;3;11;5;134000;3
2025;6;4;701;701005;-;02;5;5;2;3;11;2;1324438;1
2025;6;4;701;701005;-;02;5;5;2;3;11;3;98931;2
2025;6;4;701;701005;-;02;5;5;2;3;11;4;2813;3
2025;6;4;701;701005;-;02;5;5;2;3;11;5;80836;3
2025;6;4;701;701005;-;02;8;3;2;3;11;1;280405;1
2025;6;4;701;701005;-;02;8;3;2;3;11;4;503;1
2025;6;4;701;701005;-;02;8;3;2;3;11;5;1380;1
2025;6;4;701;701005;-;02;8;4;2;3;11;2;356000;1
2025;6;4;701;701005;-;02;8;4;2;3;11;4;200;1
2025;6;4;701;701005;-;02;8;4;2;3;11;5;12500;1
2025;6;4;701;701005;-;02;11;3;2;3;11;2;602490;3
2025;6;4;701;701005;-;02;11;3;2;3;11;4;3250;3
2025;6;4;701;701005;-;02;11;3;2;3;11;5;2500;1
2025;6;4;701;701005;-;02;11;4;2;3;11;2;2815338;4
2025;6;4;701;701005;-;02;11;4;2;3;11;4;4675;4
2025;6;4;701;701005;-;02;11;4;2;3;11;5;45070;4
2025;6;4;701;701005;-;16;5;3;2;3;11;2;74204;1
2025;6;4;701;701005;-;16;5;3;2;3;11;4;1000;1
2025;6;4;701;701005;-;16;5;3;2;3;11;5;2000;1
2025;6;4;702;702002;-;02;11;3;2;3;11;2;399936;1
2025;6;4;702;702002;-;02;11;3;2;3;11;5;3100;1
2025;6;5;702;702005;-;01;11;2;2;3;11;2;10000;1
2025;6;5;702;702005;-;01;11;2;2;3;11;3;10000;1
2025;6;5;702;702005;-;01;11;2;2;3;11;4;2000;1
2025;6;5;702;702005;-;01;11;2;2;3;11;5;3000;1
2025;6;5;702;702005;-;02;5;5;2;3;11;2;377031;1
2025;6;5;702;702005;-;02;5;5;2;3;11;4;1000;1
2025;6;5;702;702005;-;02;5;5;2;3;11;5;8000;1
2025;6;5;702;702005;-;02;13;5;2;3;11;2;1128826;1
2025;6;5;702;702005;-;02;13;5;2;3;11;4;2750;1
2025;6;5;702;702005;-;02;13;5;2;3;11;5;36500;1
2025;6;6;0;0;-;63;5;1;1;1;11;2;108000;1
2025;6;6;701;701006;-;02;5;3;2;3;11;2;465231;1
2025;6;6;701;701006;-;02;5;3;2;3;11;4;7200;1
2025;6;6;701;701006;-;02;5;3;2;3;11;5;18000;1
2025;6;6;701;701006;-;02;5;5;2;3;11;2;1033319;1
2025;6;6;701;701006;-;02;5;5;2;3;11;4;3500;1
2025;6;6;701;701006;-;02;5;5;2;3;11;5;47300;1
2025;6;6;702;702001;-;02;5;2;2;3;11;2;80000;1
2025;6;6;702;702001;-;02;5;2;2;3;11;4;3000;1
2025;6;6;702;702001;-;02;5;2;2;3;11;5;3000;1
2025;6;6;702;702001;-;02;5;5;2;3;11;2;949000;1
2025;6;6;702;702001;-;02;5;5;2;3;11;5;14600;1
2025;6;6;702;702001;-;02;8;3;2;3;11;2;417637;1
2025;6;6;702;702001;-;02;8;3;2;3;11;4;1350;1
2025;6;6;702;702001;-;02;8;3;2;3;11;5;14000;1
2025;6;6;702;702003;-;02;11;4;2;3;11;2;1124220;1
2025;6;6;702;702003;-;02;11;4;2;3;11;4;3000;1
2025;6;6;702;702003;-;02;11;4;2;3;11;5;33000;1
2025;6;6;702;702003;-;02;12;5;2;3;11;2;735245;2
2025;6;6;702;702003;-;02;12;5;2;3;11;4;2000;2
2025;6;6;702;702003;-;02;12;5;2;3;11;5;25000;2
2025;6;7;702;702001;-;02;5;2;2;3;11;3;69659;1
2025;6;7;702;702001;-;02;5;2;2;3;11;4;7665;2
2025;6;7;702;702001;-;02;5;2;2;3;11;5;20189;2
2025;6;7;702;702001;-;02;5;3;2;3;11;2;723763;1
2025;6;7;702;702001;-;02;5;3;2;3;11;4;740;1
2025;6;7;702;702001;-;02;5;3;2;3;11;5;29730;1
2025;6;7;702;702001;-;02;6;3;2;3;11;3;54000;1
2025;6;7;702;702001;-;02;6;3;2;3;11;4;700;1
2025;6;7;702;702001;-;02;6;3;2;3;11;5;2000;1
2025;6;7;702;702001;-;02;8;5;2;3;11;2;228923;1
2025;6;7;702;702001;-;02;8;5;2;3;11;4;10200;1
2025;6;7;702;702001;-;02;8;5;2;3;11;5;30000;1
2025;6;7;702;702001;-;02;11;3;2;3;11;1;160;1
2025;6;7;702;702001;-;02;11;3;2;3;11;3;160;1
2025;6;7;702;702001;-;02;11;3;2;3;11;4;100;1
2025;6;7;702;702001;-;02;11;3;2;3;11;5;200;1
2025;6;7;702;702001;-;02;12;6;2;3;11;2;3401954;1
2025;6;7;702;702001;-;02;12;6;2;3;11;4;3405;1
2025;6;7;702;702001;-;02;12;6;2;3;11;5;67000;1
2025;6;7;702;702001;-;02;14;4;2;3;11;2;900000;1
2025;6;7;702;702001;-;02;14;4;2;3;11;4;3600;1
2025;6;7;702;702002;-;01;11;2;2;3;11;1;36000;1
2025;6;7;702;702002;-;01;11;2;2;3;11;4;1460;1
2025;6;7;702;702002;-;01;11;2;2;3;11;5;18285;2
2025;6;7;702;702002;-;02;5;3;2;3;11;2;175447;1
2025;6;7;702;702002;-;02;5;3;2;3;11;4;2020;1
2025;6;7;702;702002;-;02;5;3;2;3;11;5;7480;1
2025;6;8;702;702003;-;02;12;3;2;3;11;2;150000;1
2025;6;8;702;702003;-;02;12;3;2;3;11;4;1800;1
2025;6;8;702;702003;-;02;12;3;2;3;11;5;5500;1
2025;6;8;702;702004;-;02;5;2;2;3;11;2;363285;1
2025;6;8;702;702004;-;02;5;2;2;3;11;4;400;1
2025;6;8;702;702004;-;02;5;2;2;3;11;5;2000;1
2025;6;8;702;702004;-;02;5;6;2;3;11;2;4352804;1
2025;6;8;702;702004;-;02;5;6;2;3;11;5;165000;1
2025;6;8;702;702004;-;02;8;5;2;3;11;2;248000;1
2025;6;8;702;702004;-;02;8;5;2;3;11;4;600;1
2025;6;8;702;702004;-;02;8;5;2;3;11;5;9500;1
2025;6;8;702;702004;-;02;11;5;2;3;11;2;1687039;1
2025;6;8;702;702004;-;02;11;5;2;3;11;4;4600;1
2025;6;8;702;702004;-;02;11;5;2;3;11;5;54000;1
2025;6;9;701;701004;-;02;5;2;2;3;11;2;119000;1
2025;6;9;701;701004;-;02;5;2;2;3;11;4;365;1
2025;6;9;701;701004;-;02;5;2;2;3;11;5;16000;1
2025;6;9;701;701004;-;02;5;3;2;3;11;3;73000;1
2025;6;9;701;701004;-;02;5;3;2;3;11;4;1000;1
2025;6;9;701;701004;-;02;5;3;2;3;11;5;300;1
2025;6;9;701;701004;-;02;11;3;2;3;11;3;80000;1
2025;6;9;701;701004;-;02;11;3;2;3;11;4;500;1
2025;6;9;701;701004;-;02;11;3;2;3;11;5;2000;1
2025;6;9;701;701004;-;16;1;4;2;3;11;2;375083;1
2025;6;9;701;701004;-;16;1;4;2;3;11;4;3862;1
2025;6;9;701;701004;-;16;1;4;2;3;11;5;24301;1
2025;6;9;701;701005;-;02;5;2;2;3;11;3;140;1
2025;7;1;801;801005;-;02;1;2;2;3;11;4;9000;1
2025;7;1;801;801005;-;02;1;2;2;3;11;5;1000;1
2025;7;2;803;803003;-;02;8;5;2;3;11;2;1940619;1
2025;7;2;803;803003;-;02;8;5;2;3;11;4;4000;1
2025;7;2;803;803003;-;02;8;5;2;3;11;5;150000;1
2025;7;2;803;803004;-;02;5;4;2;3;11;2;1045875;2
2025;7;2;803;803004;-;02;5;4;2;3;11;4;2825;2
2025;7;2;803;803004;-;02;5;4;2;3;11;5;32550;2
2025;7;2;803;803005;-;02;3;6;2;3;11;1;7117857;1
2025;7;2;803;803005;-;02;3;6;2;3;11;4;3500;1
2025;7;2;803;803005;-;02;3;6;2;3;11;5;150000;1
2025;7;2;803;803005;-;02;12;4;2;3;11;2;972709;1
2025;7;2;803;803005;-;02;12;4;2;3;11;4;2190;1
2025;7;2;803;803005;-;02;12;4;2;3;11;5;36600;1
2025;7;2;804;804003;-;02;5;4;2;3;11;2;127959;1
2025;7;2;804;804003;-;02;5;4;2;3;11;4;730;1
2025;7;2;804;804003;-;02;5;4;2;3;11;5;36500;1
2025;7;2;804;804003;-;02;5;5;2;3;11;2;738781;1
2025;7;2;804;804003;-;02;5;5;2;3;11;4;2190;1
2025;7;2;804;804003;-;02;5;5;2;3;11;5;29200;1
2025;7;2;804;804003;-;02;11;4;2;3;11;1;306972;1
2025;7;2;804;804003;-;02;11;4;2;3;11;4;1220;1
2025;7;2;804;804003;-;02;11;4;2;3;11;5;12100;1
2025;7;2;804;804003;-;02;11;5;2;3;11;1;120000;1
2025;7;2;804;804003;-;02;11;5;2;3;11;2;300000;1
2025;7;2;804;804003;-;02;11;5;2;3;11;3;300000;1
2025;7;2;804;804003;-;02;11;5;2;3;11;4;1000;1
2025;7;2;804;804003;-;02;11;5;2;3;11;5;1000;1
2025;7;2;804;804003;-;02;12;5;2;3;11;2;1001922;1
2025;7;2;804;804003;-;02;12;5;2;3;11;4;1300;1
2025;7;2;804;804003;-;02;12;5;2;3;11;5;3000;1
2025;7;2;804;804003;-;02;13;5;2;3;11;2;1081312;1
2025;7;2;804;804003;-;02;13;5;2;3;11;4;3000;1
2025;7;2;804;804003;-;02;13;5;2;3;11;5;40212;1
2025;7;2;804;804004;-;02;5;2;2;3;11;2;1091000;2
2025;7;2;804;804004;-;02;5;2;2;3;11;3;102200;1
2025;7;2;804;804004;-;02;5;2;2;3;11;4;16115;3
2025;7;2;804;804004;-;02;5;2;2;3;11;5;29200;1
2025;7;2;804;804004;-;02;5;3;2;3;11;2;468993;1
2025;7;2;804;804004;-;02;5;3;2;3;11;3;353428;1
2025;7;2;804;804004;-;02;5;3;2;3;11;4;750;1
2025;7;2;804;804004;-;02;5;3;2;3;11;5;43000;1
2025;7;2;804;804004;-;02;5;4;2;3;11;2;3058929;3
2025;7;2;804;804004;-;02;5;4;2;3;11;4;5425;3
2025;7;2;804;804004;-;02;5;4;2;3;11;5;104500;2
2025;7;2;804;804004;-;02;5;6;2;3;11;2;2007417;1
2025;7;2;804;804004;-;02;5;6;2;3;11;4;6500;1
2025;7;2;804;804004;-;02;5;6;2;3;11;5;12000;1
2025;7;2;804;804004;-;02;8;2;2;3;11;2;370300;1
2025;7;2;804;804004;-;02;8;2;2;3;11;3;370300;1
2025;7;2;804;804004;-;02;8;2;2;3;11;4;1500;1
2025;7;2;804;804004;-;02;8;2;2;3;11;5;44000;1
2025;7;2;804;804004;-;02;11;2;2;3;11;2;332939;2
2025;7;2;804;804004;-;02;11;2;2;3;11;4;1760;2
2025;7;2;804;804004;-;02;11;2;2;3;11;5;22078;2
2025;7;2;804;804004;-;02;11;4;2;3;11;1;245000;1
2025;7;2;804;804004;-;02;11;4;2;3;11;2;250000;1
2025;7;2;804;804004;-;02;11;4;2;3;11;3;240000;1
2025;7;2;804;804004;-;02;11;4;2;3;11;4;730;1
2025;7;2;804;804004;-;02;11;4;2;3;11;5;500;1
2025;7;2;804;804004;-;02;12;4;2;3;11;2;2560367;1
2025;7;2;804;804004;-;02;12;4;2;3;11;4;1800;1
2025;7;2;804;804004;-;02;12;4;2;3;11;5;36000;1
2025;7;2;804;804005;-;01;5;3;2;3;11;2;78534;1
2025;7;2;804;804005;-;01;5;3;2;3;11;4;500;1
2025;7;2;804;804005;-;01;5;3;2;3;11;5;2500;1
2025;7;2;804;804005;-;02;5;3;2;3;11;2;351000;2
2025;7;2;804;804005;-;02;5;3;2;3;11;4;1600;2
2025;7;2;804;804005;-;02;5;3;2;3;11;5;2700;2
2025;7;2;804;804005;-;02;5;5;2;3;11;2;1634711;1
2025;7;2;804;804005;-;02;5;5;2;3;11;4;4380;1
2025;7;2;804;804005;-;02;5;5;2;3;11;5;21900;1
2025;7;2;804;804005;-;02;11;4;2;3;11;2;610436;2
2025;7;2;804;804005;-;02;11;4;2;3;11;4;1500;1
2025;7;2;804;804005;-;02;11;4;2;3;11;5;12000;1
2025;7;3;805;805002;-;02;5;3;2;3;11;2;223837;1
2025;7;3;805;805002;-;02;5;3;2;3;11;4;750;1
2025;7;3;805;805002;-;02;5;3;2;3;11;5;21300;1
2025;7;3;805;805002;-;02;8;6;2;3;11;2;4013569;1
2025;7;3;805;805002;-;02;8;6;2;3;11;4;3000;1
2025;7;3;805;805002;-;02;8;6;2;3;11;5;157000;1
2025;7;3;805;805002;-;02;11;6;2;3;11;2;879732;1
2025;7;3;805;805002;-;02;11;6;2;3;11;4;7300;1
2025;7;3;805;805002;-;02;11;6;2;3;11;5;120000;1
2025;7;3;805;805002;-;02;13;6;2;3;11;2;7484604;1
2025;7;3;805;805002;-;02;13;6;2;3;11;4;3600;1
2025;7;3;805;805002;-;02;13;6;2;3;11;5;37354;1
2025;7;3;805;805006;-;02;5;2;2;3;11;2;1625654;2
2025;7;3;805;805006;-;02;5;2;2;3;11;4;2730;2
2025;7;3;805;805006;-;02;5;2;2;3;11;5;35750;1
2025;7;3;805;805006;-;02;5;3;2;3;11;2;1002099;2
2025;7;3;805;805006;-;02;5;3;2;3;11;4;1230;2
2025;7;3;805;805006;-;02;5;3;2;3;11;5;18000;1
2025;7;3;805;805006;-;02;5;4;2;3;11;2;1705335;1
2025;7;3;805;805006;-;02;5;4;2;3;11;3;20000;1
2025;7;3;805;805006;-;02;5;4;2;3;11;4;2890;2
2025;7;3;805;805006;-;02;5;4;2;3;11;5;36579;2
2025;7;3;805;805006;-;02;8;2;2;3;11;2;883653;1
2025;7;3;805;805006;-;02;8;2;2;3;11;4;1800;1
2025;7;3;805;805006;-;02;8;2;2;3;11;5;32500;1
2025;7;3;805;805006;-;02;8;3;1;1;11;2;118164;1
2025;7;3;805;805006;-;02;8;4;2;3;11;2;1491090;2
2025;7;3;805;805006;-;02;8;4;2;3;11;5;8500;1
2025;7;3;805;805006;-;02;8;5;2;3;11;2;3737120;2
2025;7;3;805;805006;-;02;8;5;2;3;11;4;4680;2
2025;7;3;805;805006;-;02;8;5;2;3;11;5;121425;2
2025;7;3;805;805006;-;02;8;6;2;3;11;2;4670578;3
2025;7;3;805;805006;-;02;8;6;2;3;11;4;18580;3
2025;7;3;805;805006;-;02;8;6;2;3;11;5;398750;3
2025;7;3;805;805006;-;02;9;4;2;3;11;2;816159;1
2025;7;3;805;805006;-;02;9;4;2;3;11;4;3000;1
2025;7;3;805;805006;-;02;9;5;2;3;11;2;928815;2
2025;7;3;805;805006;-;02;9;5;2;3;11;3;327530;1
2025;7;3;805;805006;-;02;9;5;2;3;11;4;9000;2
2025;7;3;805;805006;-;02;9;5;2;3;11;5;200000;2
2025;7;3;805;805006;-;02;11;2;2;3;11;2;252648;1
2025;7;3;805;805006;-;02;11;2;2;3;11;4;1500;1
2025;7;3;805;805006;-;02;11;2;2;3;11;5;15000;1
2025;7;3;805;805006;-;02;11;3;2;3;11;2;479988;2
2025;7;3;805;805006;-;02;11;3;2;3;11;4;5110;2
2025;7;3;805;805006;-;02;11;3;2;3;11;5;65700;2
2025;7;3;805;805006;-;02;11;4;2;3;11;2;1564035;5
2025;7;3;805;805006;-;02;11;4;2;3;11;4;11495;5
2025;7;3;805;805006;-;02;11;4;2;3;11;5;219595;5
2025;7;3;805;805006;-;02;11;5;1;1;11;2;320000;1
2025;7;3;805;805006;-;02;11;5;1;1;11;4;365;1
2025;7;3;805;805006;-;02;11;5;2;3;11;1;567000;1
2025;7;3;805;805006;-;02;11;5;2;3;11;2;4629439;5
2025;7;3;805;805006;-;02;11;5;2;3;11;4;23020;5
2025;7;3;805;805006;-;02;11;5;2;3;11;5;331750;5
2025;7;3;805;805006;-;02;11;6;2;3;11;2;2549275;1
2025;7;3;805;805006;-;02;11;6;2;3;11;4;14500;1
2025;7;3;805;805006;-;02;11;6;2;3;11;5;99500;1
2025;7;3;805;805006;-;02;12;4;2;3;11;2;1182062;1
2025;7;3;805;805006;-;02;12;4;2;3;11;4;1652;1
2025;7;3;805;805006;-;02;12;4;2;3;11;5;58721;1
2025;7;3;805;805006;-;02;12;5;2;3;11;2;5674206;3
2025;7;3;805;805006;-;02;12;5;2;3;11;4;10550;3
2025;7;3;805;805006;-;02;12;5;2;3;11;5;177400;3
2025;7;3;805;805006;-;02;12;6;2;3;11;2;11465108;2
2025;7;3;805;805006;-;02;12;6;2;3;11;4;14360;2
2025;7;3;805;805006;-;02;12;6;2;3;11;5;237050;2
2025;7;3;805;805006;-;02;12;7;2;3;11;2;14364365;2
2025;7;3;805;805006;-;02;12;7;2;3;11;4;35120;2
2025;7;3;805;805006;-;02;12;7;2;3;11;5;361140;2
2025;7;3;805;805006;-;02;13;5;2;3;11;2;4559734;1
2025;7;3;805;805006;-;02;13;5;2;3;11;4;6000;1
2025;7;3;805;805006;-;02;13;5;2;3;11;5;79255;1
2025;7;3;805;805006;-;02;13;6;2;3;11;2;18442168;2
2025;7;3;805;805006;-;02;13;6;2;3;11;4;13533;2
2025;7;3;805;805006;-;02;13;6;2;3;11;5;254038;2
2025;7;3;805;805006;-;02;14;4;2;3;11;2;793284;1
2025;7;3;805;805006;-;02;14;4;2;3;11;5;62300;1
2025;7;3;805;805007;-;02;5;5;2;3;11;2;814490;1
2025;7;3;805;805007;-;02;5;5;2;3;11;4;720;1
2025;7;3;805;805007;-;02;5;5;2;3;11;5;70580;1
2025;7;3;805;805007;-;02;11;5;2;3;11;2;2152714;1
2025;7;3;805;805007;-;02;11;5;2;3;11;4;730;1
2025;7;3;805;805007;-;02;11;5;2;3;11;5;73000;1
2025;7;3;805;805007;-;02;12;3;2;3;11;2;961323;1
2025;7;3;805;805007;-;02;12;3;2;3;11;4;1800;1
2025;7;3;805;805007;-;02;12;3;2;3;11;5;11500;1
2025;7;4;801;801001;-;02;11;4;2;3;11;2;300661;1
2025;7;4;801;801001;-;02;11;4;2;3;11;4;500;1
2025;7;4;801;801001;-;02;11;4;2;3;11;5;14600;1
2025;7;4;801;801002;-;02;2;7;2;3;11;2;5278883;1
2025;7;4;801;801002;-;02;2;7;2;3;11;4;5500;1
2025;7;4;801;801002;-;02;2;7;2;3;11;5;245053;1
2025;7;4;801;801002;-;02;9;7;2;3;11;2;10063877;1
2025;7;4;801;801002;-;02;9;7;2;3;11;5;313266;1
2025;7;4;801;801002;-;02;11;4;2;3;11;2;1320264;1
2025;7;4;801;801002;-;02;11;4;2;3;11;4;2080;1
2025;7;4;801;801002;-;02;11;4;2;3;11;5;21330;1
2025;7;4;801;801002;-;02;11;7;2;3;11;2;6682602;1
2025;7;4;801;801002;-;02;11;7;2;3;11;4;21900;1
2025;7;4;801;801002;-;02;11;7;2;3;11;5;408620;1
2025;7;4;801;801002;-;02;12;6;2;3;11;2;8089807;1
2025;7;4;801;801002;-;02;12;6;2;3;11;4;308100;1
2025;7;4;801;801003;-;01;11;3;2;3;11;3;41500;1
2025;7;4;801;801003;-;01;11;3;2;3;11;4;1460;1
2025;7;4;801;801003;-;01;11;3;2;3;11;5;11500;1
2025;7;4;801;801003;-;02;5;2;2;3;11;2;179000;2
2025;7;4;801;801003;-;02;5;2;2;3;11;4;1860;2
2025;7;4;801;801003;-;02;5;2;2;3;11;5;7950;2
2025;7;4;801;801003;-;02;5;3;2;3;11;2;1444325;3
2025;7;4;801;801003;-;02;5;3;2;3;11;4;3290;3
2025;7;4;801;801003;-;02;5;3;2;3;11;5;24500;3
2025;7;4;801;801003;-;02;5;6;2;3;11;2;2546739;1
2025;7;4;801;801003;-;02;5;6;2;3;11;4;30000;1
2025;7;4;801;801003;-;02;5;6;2;3;11;5;43140;1
2025;7;4;801;801003;-;02;8;3;2;3;11;2;89000;1
2025;7;4;801;801003;-;02;11;2;2;3;11;2;159074;4
2025;7;4;801;801003;-;02;11;2;2;3;11;4;4880;4
2025;7;4;801;801003;-;02;11;2;2;3;11;5;11000;3
2025;7;4;801;801003;-;02;11;3;2;3;11;2;1356932;4
2025;7;4;801;801003;-;02;11;3;2;3;11;4;5300;4
2025;7;4;801;801003;-;02;11;3;2;3;11;5;59000;4
2025;7;4;801;801003;-;02;11;4;2;3;11;2;297005;1
2025;7;4;801;801003;-;02;11;4;2;3;11;4;1500;1
2025;7;4;801;801003;-;02;11;4;2;3;11;5;8000;1
2025;7;4;801;801003;-;02;11;5;2;3;11;2;2057305;1
2025;7;4;801;801003;-;02;11;5;2;3;11;4;4000;1
2025;7;4;801;801003;-;02;11;5;2;3;11;5;86140;1
2025;7;4;801;801004;-;02;11;5;2;3;11;2;1948167;1
2025;7;4;801;801004;-;02;11;5;2;3;11;4;730;1
2025;7;4;801;801004;-;02;11;5;2;3;11;5;80500;1
2025;7;4;801;801005;-;02;1;4;2;3;11;1;157150;1
2025;7;4;801;801005;-;02;1;4;2;3;11;4;6400;1
2025;7;4;801;801005;-;02;1;4;2;3;11;5;7000;1
2025;7;4;801;801005;-;02;5;2;2;3;11;2;634980;3
2025;7;4;801;801005;-;02;5;2;2;3;11;4;2250;3
2025;7;4;801;801005;-;02;5;2;2;3;11;5;32150;3
2025;7;4;801;801005;-;02;5;3;2;3;11;2;421770;3
2025;7;4;801;801005;-;02;5;3;2;3;11;4;3190;3
2025;7;4;801;801005;-;02;5;3;2;3;11;5;7400;2
2025;7;4;801;801005;-;02;5;4;2;3;11;2;905120;1
2025;7;4;801;801005;-;02;5;4;2;3;11;4;1420;1
2025;7;4;801;801005;-;02;5;4;2;3;11;5;52600;1
2025;7;4;801;801005;-;02;5;6;2;3;11;2;10164915;1
2025;7;4;801;801005;-;02;5;6;2;3;11;4;9100;1
2025;7;4;801;801005;-;02;5;6;2;3;11;5;200000;1
2025;7;4;801;801005;-;02;8;5;2;3;11;2;2309079;1
2025;7;4;801;801005;-;02;8;5;2;3;11;4;7201;1
2025;7;4;801;801005;-;02;8;5;2;3;11;5;80250;1
2025;7;4;801;801005;-;02;11;3;2;3;11;2;1614978;3
2025;7;4;801;801005;-;02;11;3;2;3;11;4;5850;3
2025;7;4;801;801005;-;02;11;3;2;3;11;5;33385;3
2025;7;4;801;801005;-;02;11;4;2;3;11;1;412447;1
2025;7;4;801;801005;-;02;11;4;2;3;11;2;681573;1
2025;7;4;801;801005;-;02;11;4;2;3;11;4;2600;2
2025;7;4;801;801005;-;02;11;4;2;3;11;5;75000;2
2025;7;4;801;801005;-;02;11;5;2;3;11;2;2460846;1
2025;7;4;801;801005;-;02;11;5;2;3;11;4;15200;1
2025;7;4;801;801005;-;02;11;5;2;3;11;5;142204;1
2025;7;4;801;801005;-;02;12;4;2;3;11;2;180000;1
2025;7;4;801;801005;-;02;12;4;2;3;11;4;1800;1
2025;7;4;801;801005;-;02;12;4;2;3;11;5;20000;1
2025;7;4;801;801005;-;02;12;6;2;3;11;1;3892079;1
2025;7;4;801;801005;-;02;12;6;2;3;11;5;178090;1
2025;7;4;801;801006;-;02;11;2;2;3;11;2;213656;1
2025;7;4;801;801006;-;02;11;2;2;3;11;4;500;1
2025;7;4;801;801006;-;02;11;2;2;3;11;5;16000;1
2025;7;4;805;805002;-;02;5;7;2;3;11;2;7513369;1
2025;7;4;805;805002;-;02;5;7;2;3;11;4;18000;1
2025;7;4;805;805002;-;02;5;7;2;3;11;5;260000;1
2025;7;5;805;805002;-;02;5;2;2;3;11;3;36000;1
2025;7;5;805;805007;-;02;5;4;1;1;11;2;1159860;1
2025;7;5;805;805007;-;02;5;4;1;1;11;4;1460;1
2025;7;5;805;805007;-;02;5;4;1;1;11;5;18240;1
2025;7;5;805;805007;-;02;8;4;2;3;11;2;556123;1
2025;7;5;805;805007;-;02;8;4;2;3;11;4;3650;1
2025;7;5;805;805007;-;02;8;4;2;3;11;5;43800;1
2025;7;5;805;805007;-;02;9;5;2;3;11;2;3415924;2
2025;7;5;805;805007;-;02;9;5;2;3;11;4;10000;2
2025;7;5;805;805007;-;02;9;5;2;3;11;5;194484;2
2025;7;5;805;805007;-;02;12;4;2;3;11;2;96944;1
2025;7;5;805;805007;-;02;12;4;2;3;11;4;400;1
2025;7;5;805;805007;-;02;12;4;2;3;11;5;11600;1
2025;7;5;805;805007;-;02;14;6;2;3;11;2;3236516;1
2025;7;5;805;805007;-;02;14;6;2;3;11;5;105200;1
2025;7;6;803;803001;-;01;2;7;2;3;11;2;2743808;1
2025;7;6;803;803001;-;01;2;7;2;3;11;4;4500;1
2025;7;6;803;803001;-;01;2;7;2;3;11;5;80000;1
2025;7;6;803;803003;-;02;5;5;2;3;11;2;36000;1
2025;7;6;803;803003;-;02;5;5;2;3;11;4;700;1
2025;7;6;803;803003;-;02;5;5;2;3;11;5;6000;1
2025;7;6;803;803003;-;02;11;4;2;3;11;2;20000;1
2025;7;6;803;803003;-;02;11;4;2;3;11;4;600;1
2025;7;6;803;803003;-;02;11;4;2;3;11;5;1000;1
2025;7;7;805;805003;-;02;5;3;2;3;11;2;56626;1
2025;7;7;805;805003;-;02;5;3;2;3;11;4;1095;1
2025;7;7;805;805003;-;02;5;3;2;3;11;5;10950;1
2025;7;7;805;805003;-;02;8;5;2;3;11;2;1898459;2
2025;7;7;805;805003;-;02;8;5;2;3;11;4;5500;2
2025;7;7;805;805003;-;02;8;5;2;3;11;5;48000;2
2025;7;7;805;805003;-;02;11;3;2;3;11;1;14000;1
2025;7;7;805;805003;-;02;11;3;2;3;11;4;365;1
2025;7;7;805;805003;-;02;11;3;2;3;11;5;850;1
2025;7;7;805;805003;-;02;11;4;2;3;11;2;1346840;1
2025;7;7;805;805003;-;02;11;4;2;3;11;4;3200;1
2025;7;7;805;805003;-;02;11;4;2;3;11;5;25000;1
2025;7;7;805;805003;-;02;11;5;2;3;11;2;1200568;1
2025;7;7;805;805003;-;02;11;5;2;3;11;4;2300;1
2025;7;7;805;805003;-;02;11;5;2;3;11;5;65000;1
2025;7;7;805;805003;-;02;11;7;2;3;11;2;1617228;1
2025;7;7;805;805004;-;02;5;2;2;3;11;1;71500;1
2025;7;7;805;805004;-;02;5;2;2;3;11;2;161000;1
2025;7;7;805;805004;-;02;5;2;2;3;11;4;1645;2
2025;7;7;805;805004;-;02;5;2;2;3;11;5;7500;2
2025;7;7;805;805004;-;02;5;4;2;3;11;2;709781;2
2025;7;7;805;805004;-;02;5;4;2;3;11;4;1115;2
2025;7;7;805;805004;-;02;5;4;2;3;11;5;17155;2
2025;7;7;805;805004;-;02;8;3;2;3;11;2;482439;1
2025;7;7;805;805004;-;02;8;3;2;3;11;4;1095;1
2025;7;7;805;805004;-;02;8;3;2;3;11;5;10800;1
2025;7;7;805;805004;-;02;8;5;2;3;11;2;2728360;1
2025;7;7;805;805004;-;02;8;5;2;3;11;4;20000;1
2025;7;7;805;805004;-;02;8;5;2;3;11;5;50000;1
2025;7;7;805;805004;-;02;9;4;2;3;11;2;799715;1
2025;7;7;805;805004;-;02;9;4;2;3;11;4;1825;1
2025;7;7;805;805004;-;02;9;4;2;3;11;5;36500;1
2025;7;7;805;805004;-;02;11;3;2;3;11;2;1585879;2
2025;7;7;805;805004;-;02;11;3;2;3;11;4;8825;2
2025;7;7;805;805004;-;02;11;3;2;3;11;5;25000;2
2025;7;7;805;805004;-;02;11;4;2;3;11;2;494886;1
2025;7;7;805;805004;-;02;11;4;2;3;11;4;1825;1
2025;7;7;805;805004;-;02;11;4;2;3;11;5;36500;1
2025;7;7;805;805004;-;02;11;5;2;3;11;2;2243281;1
2025;7;7;805;805004;-;02;11;5;2;3;11;4;3650;1
2025;7;7;805;805004;-;02;11;5;2;3;11;5;265000;1
2025;7;7;805;805004;-;02;12;5;2;3;11;2;1529093;1
2025;7;7;805;805004;-;02;12;5;2;3;11;4;730;1
2025;7;7;805;805004;-;02;12;5;2;3;11;5;81000;1
2025;7;7;805;805004;-;02;13;4;2;3;11;2;652195;1
2025;7;7;805;805004;-;02;13;4;2;3;11;4;3285;1
2025;7;7;805;805004;-;02;13;4;2;3;11;5;50000;1
2025;7;7;805;805005;-;02;5;2;2;3;11;1;43800;1
2025;7;7;805;805005;-;02;5;2;2;3;11;2;126000;1
2025;7;7;805;805005;-;02;5;2;2;3;11;4;730;1
2025;7;7;805;805005;-;02;5;2;2;3;11;5;12775;2
2025;7;7;805;805005;-;02;5;4;2;3;11;2;693146;1
2025;7;7;805;805005;-;02;5;4;2;3;11;4;2300;1
2025;7;7;805;805005;-;02;5;4;2;3;11;5;25000;1
2025;7;7;805;805005;-;02;5;5;2;3;11;2;528172;1
2025;7;7;805;805005;-;02;5;5;2;3;11;4;1825;1
2025;7;7;805;805005;-;02;5;5;2;3;11;5;30000;1
2025;7;7;805;805005;-;02;5;6;2;3;11;2;2539950;1
2025;7;7;805;805005;-;02;5;6;2;3;11;4;3500;1
2025;7;7;805;805005;-;02;5;6;2;3;11;5;70000;1
2025;7;7;805;805005;-;02;11;2;2;3;11;2;30171;1
2025;7;7;805;805005;-;02;11;2;2;3;11;4;365;1
2025;7;7;805;805005;-;02;11;2;2;3;11;5;3650;1
2025;7;7;805;805005;-;02;11;3;2;3;11;2;740827;1
2025;7;7;805;805005;-;02;11;3;2;3;11;4;500;1
2025;7;7;805;805005;-;02;11;3;2;3;11;5;6000;1
2025;7;7;805;805005;-;02;11;5;2;3;11;2;1044480;2
2025;7;7;805;805005;-;02;11;5;2;3;11;4;6695;2
2025;7;7;805;805005;-;02;11;5;2;3;11;5;94400;2
2025;7;7;805;805005;-;02;13;7;2;3;11;2;9308180;1
2025;7;7;805;805005;-;02;13;7;2;3;11;4;15330;1
2025;7;7;805;805005;-;02;13;7;2;3;11;5;98666;1
2025;7;8;804;804001;-;02;5;4;2;3;11;2;117191;1
2025;7;8;804;804001;-;02;5;4;2;3;11;4;730;1
2025;7;8;804;804001;-;02;5;4;2;3;11;5;4500;1
2025;7;8;804;804001;-;02;5;5;2;3;11;2;621730;1
2025;7;8;804;804001;-;02;5;5;2;3;11;5;36500;1
2025;7;8;804;804001;-;02;8;5;2;3;11;2;1466046;2
2025;7;8;804;804001;-;02;8;5;2;3;11;4;1800;1
2025;7;8;804;804001;-;02;8;5;2;3;11;5;65000;1
2025;7;8;804;804001;-;02;11;2;2;3;11;2;237355;2
2025;7;8;804;804001;-;02;11;2;2;3;11;4;2500;2
2025;7;8;804;804001;-;02;11;2;2;3;11;5;17600;2
2025;7;8;804;804001;-;02;11;3;2;3;11;2;1100000;2
2025;7;8;804;804001;-;02;11;3;2;3;11;4;5400;2
2025;7;8;804;804001;-;02;11;3;2;3;11;5;44000;2
2025;7;8;804;804001;-;02;11;5;2;3;11;2;1713737;1
2025;7;8;804;804001;-;02;11;5;2;3;11;4;100;1
2025;7;8;804;804001;-;02;11;5;2;3;11;5;10000;1
2025;7;8;804;804001;-;02;11;6;2;3;11;2;3375498;1
2025;7;8;804;804001;-;02;11;6;2;3;11;4;7200;1
2025;7;8;804;804001;-;02;11;6;2;3;11;5;101300;1
2025;7;8;804;804001;-;02;12;7;2;3;11;2;8088913;1
2025;7;8;804;804001;-;02;12;7;2;3;11;4;3000;1
2025;7;8;804;804001;-;02;12;7;2;3;11;5;300000;1
2025;7;8;804;804001;-;02;13;7;2;3;11;2;14932842;1
2025;7;8;804;804001;-;02;13;7;2;3;11;4;7742;1
2025;7;8;804;804001;-;02;13;7;2;3;11;5;385420;1
2025;7;8;804;804001;-;02;14;5;2;3;11;2;1872415;1
2025;7;8;804;804001;-;02;14;5;2;3;11;4;3000;1
2025;7;8;804;804001;-;02;14;5;2;3;11;5;76000;1
2025;7;8;805;805001;-;02;5;4;2;3;11;2;314462;1
2025;7;8;805;805001;-;02;5;4;2;3;11;4;2100;1
2025;7;8;805;805001;-;02;5;4;2;3;11;5;43800;1
2025;7;8;805;805001;-;02;5;5;2;3;11;2;774606;1
2025;7;8;805;805001;-;02;5;5;2;3;11;4;3600;1
2025;7;8;805;805001;-;02;5;5;2;3;11;5;35000;1
2025;7;8;805;805001;-;02;5;6;2;3;11;2;3358400;1
2025;7;8;805;805001;-;02;5;6;2;3;11;4;10800;1
2025;7;8;805;805001;-;02;5;6;2;3;11;5;88800;1
2025;7;8;805;805001;-;02;8;4;2;3;11;2;284891;1
2025;7;8;805;805001;-;02;8;4;2;3;11;4;1460;1
2025;7;8;805;805001;-;02;8;4;2;3;11;5;18250;1
2025;7;8;805;805001;-;02;8;5;2;3;11;2;1411691;1
2025;7;8;805;805001;-;02;8;5;2;3;11;4;3600;1
2025;7;8;805;805001;-;02;8;5;2;3;11;5;30000;1
2025;7;8;805;805001;-;02;8;6;2;3;11;2;3709048;1
2025;7;8;805;805001;-;02;8;6;2;3;11;4;5400;1
2025;7;8;805;805001;-;02;8;6;2;3;11;5;45000;1
2025;7;8;805;805001;-;02;9;2;2;3;11;2;292917;1
2025;7;8;805;805001;-;02;9;2;2;3;11;4;3000;1
2025;7;8;805;805001;-;02;9;2;2;3;11;5;7000;1
2025;7;8;805;805001;-;02;9;5;2;3;11;2;448407;1
2025;7;8;805;805001;-;02;9;5;2;3;11;4;1800;1
2025;7;8;805;805001;-;02;9;5;2;3;11;5;50000;1
2025;7;8;805;805001;-;02;9;7;2;3;11;2;5160477;1
2025;7;8;805;805001;-;02;9;7;2;3;11;5;80000;1
2025;7;8;805;805001;-;02;11;4;2;3;11;2;1368183;3
2025;7;8;805;805001;-;02;11;4;2;3;11;4;2190;2
2025;7;8;805;805001;-;02;11;4;2;3;11;5;10950;1
2025;7;8;805;805001;-;02;12;6;2;3;11;2;21436114;5
2025;7;8;805;805001;-;02;12;6;2;3;11;4;17100;3
2025;7;8;805;805001;-;02;12;6;2;3;11;5;755393;4
2025;7;8;805;805002;-;02;11;3;2;3;11;2;174862;1
2025;7;8;805;805002;-;02;11;3;2;3;11;4;730;1
2025;7;8;805;805002;-;02;11;3;2;3;11;5;6840;1
2025;7;8;805;805002;-;02;13;6;2;3;11;2;8237095;1
2025;7;8;805;805002;-;02;13;6;2;3;11;4;4113;1
2025;7;8;805;805002;-;02;13;6;2;3;11;5;217601;1
2025;7;9;803;803001;-;02;2;7;2;3;11;2;1159860;1
2025;7;9;803;803001;-;02;2;7;2;3;11;4;14600;1
2025;7;9;803;803001;-;02;2;7;2;3;11;5;45840;1
2025;7;9;804;804002;-;02;5;7;2;3;11;2;4992863;1
2025;7;9;804;804002;-;02;5;7;2;3;11;4;8784;1
2025;7;9;804;804002;-;02;5;7;2;3;11;5;254580;1
2025;7;9;804;804002;-;02;8;5;2;3;11;2;1254578;1
2025;7;9;804;804002;-;02;8;5;2;3;11;4;3650;1
2025;7;9;804;804002;-;02;8;5;2;3;11;5;21900;1
2025;7;9;804;804002;-;02;9;6;2;3;11;2;2994061;2
2025;7;9;804;804002;-;02;9;6;2;3;11;4;19080;2
2025;7;9;804;804002;-;02;9;6;2;3;11;5;143000;1
2025;7;9;804;804002;-;02;9;7;2;3;11;2;1728039;1
2025;7;9;804;804002;-;02;9;7;2;3;11;4;7800;1
2025;7;9;804;804002;-;02;9;7;2;3;11;5;340000;1
2025;7;9;804;804002;-;02;11;2;2;3;11;1;2800;1
2025;7;9;804;804002;-;02;12;7;2;3;11;2;4402300;1
2025;7;9;804;804002;-;02;12;7;2;3;11;4;5000;1
2025;7;9;804;804002;-;02;12;7;2;3;11;5;140344;1
2025;7;9;804;804002;-;02;13;5;2;3;11;2;465999;1
2025;7;9;804;804002;-;02;13;5;2;3;11;4;230;1
2025;7;9;804;804002;-;02;13;5;2;3;11;5;23000;1
2025;7;9;804;804002;-;02;13;6;2;3;11;2;4047142;1
2025;7;9;804;804002;-;02;13;6;2;3;11;4;4000;1
2025;7;9;804;804002;-;02;13;6;2;3;11;5;112510;1
2025;7;9;804;804002;-;02;13;7;2;3;11;2;17610854;1
2025;7;9;804;804002;-;02;13;7;2;3;11;4;19853;1
2025;7;9;804;804002;-;02;13;7;2;3;11;5;196500;1
2025;7;9;804;804002;-;63;12;1;1;1;11;2;713576;1
2025;7;9;804;804002;-;63;12;1;1;1;11;4;730;1
2025;7;9;804;804002;-;63;12;1;1;1;11;5;18250;1
2025;7;9;804;804003;-;01;9;7;2;3;11;2;3328498;1
2025;7;9;804;804003;-;01;9;7;2;3;11;4;10441;1
2025;7;9;804;804003;-;01;9;7;2;3;11;5;88633;1
2025;7;9;804;804003;-;01;11;8;2;3;11;2;600000;1
2025;7;9;804;804003;-;01;11;8;2;3;11;4;1000;1
2025;7;9;804;804003;-;01;11;8;2;3;11;5;8500;1
2025;7;9;804;804003;-;02;5;2;2;3;11;2;14102;1
2025;7;9;804;804003;-;02;5;2;2;3;11;4;100;1
2025;7;9;804;804003;-;02;5;4;2;3;11;2;5334025;13
2025;7;9;804;804003;-;02;5;4;2;3;11;4;9425;9
2025;7;9;804;804003;-;02;5;4;2;3;11;5;185840;9
2025;7;9;804;804003;-;02;5;5;2;3;11;2;3137801;3
2025;7;9;804;804003;-;02;5;5;2;3;11;4;4165;3
2025;7;9;804;804003;-;02;5;5;2;3;11;5;88950;3
2025;7;9;804;804003;-;02;8;4;2;3;11;2;3775946;6
2025;7;9;804;804003;-;02;8;4;2;3;11;4;3660;6
2025;7;9;804;804003;-;02;8;4;2;3;11;5;209000;6
2025;7;9;804;804003;-;02;8;5;2;3;11;2;1335781;2
2025;7;9;804;804003;-;02;8;5;2;3;11;4;1095;2
2025;7;9;804;804003;-;02;8;5;2;3;11;5;29200;2
2025;7;9;804;804003;-;02;8;6;2;3;11;2;2600000;1
2025;7;9;804;804003;-;02;8;6;2;3;11;4;700;1
2025;7;9;804;804003;-;02;8;6;2;3;11;5;3600;1
2025;7;9;804;804003;-;02;9;5;2;3;11;2;1448888;1
2025;7;9;804;804003;-;02;9;5;2;3;11;4;3000;1
2025;7;9;804;804003;-;02;9;5;2;3;11;5;30000;1
2025;7;9;804;804003;-;02;11;3;2;3;11;2;676824;2
2025;7;9;804;804003;-;02;11;3;2;3;11;4;650;1
2025;7;9;804;804003;-;02;11;3;2;3;11;5;2500;1
2025;7;9;804;804003;-;02;11;4;2;3;11;2;11552905;5
2025;7;9;804;804003;-;02;11;4;2;3;11;4;9480;4
2025;7;9;804;804003;-;02;11;4;2;3;11;5;175720;5
2025;7;9;804;804003;-;02;11;5;2;3;11;2;5237233;5
2025;7;9;804;804003;-;02;11;5;2;3;11;4;11425;5
2025;7;9;804;804003;-;02;11;5;2;3;11;5;309900;5
2025;7;9;804;804003;-;02;11;6;2;3;11;2;433382;1
2025;7;9;804;804003;-;02;11;6;2;3;11;4;2190;1
2025;7;9;804;804003;-;02;11;6;2;3;11;5;36500;1
2025;7;9;804;804003;-;02;12;4;2;3;11;2;1960000;1
2025;7;9;804;804003;-;02;12;4;2;3;11;4;700;1
2025;7;9;804;804003;-;02;12;4;2;3;11;5;2400;1
2025;7;9;804;804003;-;02;12;5;2;3;11;2;4391324;2
2025;7;9;804;804003;-;02;12;5;2;3;11;4;4650;2
2025;7;9;804;804003;-;02;12;5;2;3;11;5;75000;2
2025;7;9;804;804003;-;02;13;5;2;3;11;2;6666000;1
2025;7;9;804;804003;-;02;13;5;2;3;11;4;2500;1
2025;7;9;804;804003;-;02;13;5;2;3;11;5;50000;1
2025;7;9;804;804004;-;02;11;4;2;3;11;2;1188766;1
2025;7;9;804;804004;-;02;11;4;2;3;11;4;2920;1
2025;7;9;804;804004;-;02;11;4;2;3;11;5;26700;1
2025;7;9;804;804006;-;02;5;3;2;3;11;2;180000;1
2025;7;9;804;804006;-;02;5;3;2;3;11;4;300;1
2025;7;9;804;804006;-;02;5;3;2;3;11;5;13000;1
2025;7;9;804;804006;-;02;8;5;2;3;11;2;1223750;1
2025;7;9;804;804006;-;02;8;5;2;3;11;4;1800;1
2025;7;9;804;804006;-;02;8;5;2;3;11;5;80000;1
2025;7;9;804;804006;-;02;11;2;2;3;11;1;45000;1
2025;7;9;804;804006;-;02;11;4;2;3;11;2;535577;1
2025;7;9;804;804006;-;02;11;4;2;3;11;4;3650;1
2025;7;9;804;804006;-;02;11;4;2;3;11;5;54750;1
2025;7;9;804;804006;-;02;12;7;2;3;11;2;3307570;1
2025;7;9;804;804006;-;02;12;7;2;3;11;4;14400;1
2025;7;9;804;804006;-;02;12;7;2;3;11;5;133162;1
2025;7;10;801;801004;-;02;5;4;2;3;11;2;1426255;1
2025;7;10;801;801004;-;02;5;4;2;3;11;4;1500;1
2025;7;10;801;801004;-;02;5;4;2;3;11;5;88500;1
2025;7;10;801;801004;-;02;9;5;2;3;11;2;1521896;1
2025;7;10;801;801004;-;02;9;5;2;3;11;4;2900;1
2025;7;10;801;801004;-;02;9;5;2;3;11;5;32600;1
2025;7;10;801;801004;-;02;12;6;2;3;11;2;5542968;1
2025;7;10;801;801004;-;02;12;6;2;3;11;4;5800;1
2025;7;10;801;801004;-;02;12;6;2;3;11;5;320000;1
2025;7;10;801;801007;-;01;11;5;2;3;11;4;1000;1
2025;7;10;801;801007;-;01;11;5;2;3;11;5;70000;1
2025;7;10;801;801007;-;02;5;3;2;3;11;2;69484;1
2025;7;10;801;801007;-;02;5;3;2;3;11;4;365;1
2025;7;10;801;801007;-;02;5;3;2;3;11;5;18250;1
2025;7;10;801;801007;-;02;5;4;2;3;11;2;763193;3
2025;7;10;801;801007;-;02;5;4;2;3;11;4;1480;2
2025;7;10;801;801007;-;02;5;4;2;3;11;5;3650;1
2025;7;10;801;801007;-;02;11;4;2;3;11;2;831432;4
2025;7;10;801;801007;-;02;11;4;2;3;11;4;1485;4
2025;7;10;801;801007;-;02;11;4;2;3;11;5;27000;4
2025;7;10;801;801007;-;02;14;4;1;1;11;2;59617;1
2025;7;10;802;802005;-;02;2;7;2;3;11;2;5416803;1
2025;7;10;802;802005;-;02;2;7;2;3;11;4;14560;1
2025;7;10;802;802005;-;02;2;7;2;3;11;5;116400;1
2025;7;10;802;802005;-;02;5;4;2;3;11;2;500000;1
2025;7;10;802;802005;-;02;5;4;2;3;11;4;50;1
2025;7;10;802;802005;-;02;5;4;2;3;11;5;300;1
2025;7;10;802;802005;-;02;14;4;2;3;11;2;515564;1
2025;7;10;802;802005;-;02;14;4;2;3;11;4;730;1
2025;7;10;802;802005;-;02;14;4;2;3;11;5;36500;1
2025;7;11;802;802002;-;02;5;4;2;3;11;2;2775590;4
2025;7;11;802;802002;-;02;5;4;2;3;11;4;2795;4
2025;7;11;802;802002;-;02;5;4;2;3;11;5;112700;4
2025;7;11;802;802002;-;02;11;3;2;3;11;3;5000;1
2025;7;11;802;802002;-;02;11;4;2;3;11;2;2772324;4
2025;7;11;802;802002;-;02;11;4;2;3;11;4;2727;4
2025;7;11;802;802002;-;02;11;4;2;3;11;5;131440;4
2025;7;11;802;802002;-;02;11;5;2;3;11;2;2340036;2
2025;7;11;802;802002;-;02;11;5;2;3;11;4;7025;2
2025;7;11;802;802002;-;02;11;5;2;3;11;5;73200;2
2025;7;11;802;802002;-;02;14;4;2;3;11;2;322176;1
2025;7;11;802;802002;-;02;14;4;2;3;11;4;730;1
2025;7;11;802;802002;-;02;14;4;2;3;11;5;36500;1
2025;7;11;802;802005;-;02;11;4;2;3;11;2;2164877;2
2025;7;11;802;802005;-;02;11;4;2;3;11;4;1970;2
2025;7;11;802;802005;-;02;11;4;2;3;11;5;127100;2
2025;7;13;801;801001;-;02;5;2;2;3;11;2;120000;1
2025;7;13;801;801001;-;02;5;2;2;3;11;4;730;1
2025;7;13;801;801001;-;02;5;2;2;3;11;5;6000;1
2025;7;13;801;801001;-;02;5;5;2;3;11;2;2379587;1
2025;7;13;801;801001;-;02;5;5;2;3;11;5;47500;1
2025;7;13;801;801001;-;02;8;4;1;1;11;2;135214;1
2025;7;13;801;801001;-;02;8;4;2;3;11;2;1883666;2
2025;7;13;801;801001;-;02;8;4;2;3;11;4;4700;2
2025;7;13;801;801001;-;02;8;4;2;3;11;5;50210;2
2025;7;13;801;801001;-;02;8;7;2;3;11;2;9537437;1
2025;7;13;801;801001;-;02;8;7;2;3;11;5;267000;1
2025;7;13;801;801001;-;02;11;4;1;1;11;2;96151;1
2025;7;13;801;801001;-;02;11;5;2;3;11;2;516506;1
2025;7;13;801;801001;-;02;11;5;2;3;11;4;1100;1
2025;7;13;801;801001;-;02;11;5;2;3;11;5;100000;1
2025;7;13;801;801001;-;02;13;6;2;3;11;2;2255938;1
2025;7;13;801;801001;-;02;13;6;2;3;11;4;5500;1
2025;7;13;801;801001;-;02;13;6;2;3;11;5;50000;1
2025;7;13;801;801003;-;02;5;3;2;3;11;2;785338;1
2025;7;13;801;801003;-;02;5;3;2;3;11;5;35000;1
2025;7;13;801;801003;-;02;5;4;2;3;11;2;780606;1
2025;7;13;801;801003;-;02;5;4;2;3;11;4;920;1
2025;7;13;801;801003;-;02;5;4;2;3;11;5;36820;1
2025;7;13;801;801003;-;02;5;5;2;3;11;2;63665;1
2025;7;13;801;801003;-;02;5;5;2;3;11;4;2200;1
2025;7;13;801;801003;-;02;5;5;2;3;11;5;25000;1
2025;7;13;801;801003;-;02;8;3;2;3;11;2;1764734;3
2025;7;13;801;801003;-;02;8;3;2;3;11;4;2525;3
2025;7;13;801;801003;-;02;8;3;2;3;11;5;73332;3
2025;7;13;801;801003;-;02;11;3;2;3;11;2;668699;1
2025;7;13;801;801003;-;02;11;3;2;3;11;4;200;1
2025;7;13;801;801003;-;02;11;3;2;3;11;5;19200;1
2025;7;13;801;801003;-;02;11;5;2;3;11;2;2995806;2
2025;7;13;801;801003;-;02;11;5;2;3;11;4;2500;2
2025;7;13;801;801003;-;02;11;5;2;3;11;5;55000;2
2025;7;13;801;801003;-;02;12;7;2;3;11;2;4994940;1
2025;7;13;801;801003;-;02;12;7;2;3;11;4;8760;1
2025;7;13;801;801003;-;02;12;7;2;3;11;5;201968;1
2025;7;13;801;801006;-;01;11;5;2;3;11;3;40000;1
2025;7;13;801;801006;-;01;11;5;2;3;11;4;700;1
2025;7;13;801;801006;-;01;11;5;2;3;11;5;6000;1
2025;7;13;801;801006;-;02;5;3;2;3;11;2;473825;2
2025;7;13;801;801006;-;02;5;3;2;3;11;4;1350;2
2025;7;13;801;801006;-;02;5;3;2;3;11;5;36800;2
2025;7;13;801;801006;-;02;5;4;2;3;11;2;2448671;3
2025;7;13;801;801006;-;02;5;4;2;3;11;4;5200;3
2025;7;13;801;801006;-;02;5;4;2;3;11;5;132400;3
2025;7;13;801;801006;-;02;8;3;2;3;11;5;35000;1
2025;7;13;801;801006;-;02;11;4;2;3;11;2;773358;1
2025;7;13;801;801006;-;02;11;4;2;3;11;4;1090;1
2025;7;13;801;801006;-;02;11;4;2;3;11;5;8580;1
2025;7;13;801;801006;-;02;13;5;2;3;11;2;643867;1
2025;7;13;801;801006;-;02;13;5;2;3;11;4;3600;1
2025;7;13;801;801006;-;02;13;5;2;3;11;5;33750;1
2025;7;13;802;802004;-;02;11;4;2;3;11;2;90000;1
2025;7;13;802;802004;-;02;11;4;2;3;11;4;500;1
2025;7;13;802;802004;-;02;11;4;2;3;11;5;3000;1
2025;7;14;802;802005;-;02;11;7;2;3;11;2;396951;1
2025;7;14;802;802005;-;02;11;7;2;3;11;4;1460;1
2025;7;14;802;802005;-;02;13;7;2;3;11;2;4839890;1
2025;7;14;802;802005;-;02;13;7;2;3;11;4;6800;1
2025;7;14;802;802005;-;02;13;7;2;3;11;5;56500;1
2025;7;15;804;804006;-;02;5;2;2;3;11;2;10518;1
2025;7;15;804;804006;-;02;5;2;2;3;11;4;365;1
2025;7;15;804;804006;-;02;5;2;2;3;11;5;2520;1
2025;7;15;804;804006;-;02;5;3;2;3;11;2;836077;2
2025;7;15;804;804006;-;02;5;3;2;3;11;4;2595;2
2025;7;15;804;804006;-;02;5;3;2;3;11;5;27950;2
2025;7;15;804;804006;-;02;5;4;2;3;11;2;1746243;3
2025;7;15;804;804006;-;02;5;4;2;3;11;4;1460;1
2025;7;15;804;804006;-;02;5;4;2;3;11;5;216000;2
2025;7;15;804;804006;-;02;5;5;2;3;11;2;2183602;3
2025;7;15;804;804006;-;02;5;5;2;3;11;4;16721;3
2025;7;15;804;804006;-;02;5;5;2;3;11;5;121725;3
2025;7;15;804;804006;-;02;5;6;2;3;11;2;5424363;3
2025;7;15;804;804006;-;02;5;6;2;3;11;4;12500;2
2025;7;15;804;804006;-;02;5;6;2;3;11;5;221970;2
2025;7;15;804;804006;-;02;8;3;2;3;11;2;430848;2
2025;7;15;804;804006;-;02;8;3;2;3;11;4;1095;1
2025;7;15;804;804006;-;02;8;3;2;3;11;5;10360;1
2025;7;15;804;804006;-;02;8;6;2;3;11;2;4971997;2
2025;7;15;804;804006;-;02;8;6;2;3;11;4;7300;2
2025;7;15;804;804006;-;02;8;6;2;3;11;5;111500;2
2025;7;15;804;804006;-;02;8;7;2;3;11;2;15923875;2
2025;7;15;804;804006;-;02;8;7;2;3;11;4;20000;1
2025;7;15;804;804006;-;02;8;7;2;3;11;5;475200;2
2025;7;15;804;804006;-;02;9;3;2;3;11;2;755133;2
2025;7;15;804;804006;-;02;9;3;2;3;11;4;2170;2
2025;7;15;804;804006;-;02;9;3;2;3;11;5;60000;2
2025;7;15;804;804006;-;02;9;6;2;3;11;2;5605422;2
2025;7;15;804;804006;-;02;9;6;2;3;11;4;12645;2
2025;7;15;804;804006;-;02;9;6;2;3;11;5;322460;2
2025;7;15;804;804006;-;02;11;2;2;3;11;2;313523;1
2025;7;15;804;804006;-;02;11;2;2;3;11;4;3000;1
2025;7;15;804;804006;-;02;11;2;2;3;11;5;12000;1
2025;7;15;804;804006;-;02;11;3;2;3;11;2;1430728;3
2025;7;15;804;804006;-;02;11;3;2;3;11;4;2895;3
2025;7;15;804;804006;-;02;11;3;2;3;11;5;32550;2
2025;7;15;804;804006;-;02;11;4;2;3;11;2;2346373;3
2025;7;15;804;804006;-;02;11;4;2;3;11;4;6595;3
2025;7;15;804;804006;-;02;11;4;2;3;11;5;120000;2
2025;7;15;804;804006;-;02;11;5;2;3;11;2;3420540;2
2025;7;15;804;804006;-;02;11;5;2;3;11;4;8000;2
2025;7;15;804;804006;-;02;11;5;2;3;11;5;181130;2
2025;7;15;804;804006;-;02;11;6;2;3;11;2;597237;1
2025;7;15;804;804006;-;02;11;7;2;3;11;2;1964885;1
2025;7;15;804;804006;-;02;11;7;2;3;11;4;18000;1
2025;7;15;804;804006;-;02;11;7;2;3;11;5;75000;1
2025;7;15;804;804006;-;02;12;4;2;3;11;2;1131859;1
2025;7;15;804;804006;-;02;12;4;2;3;11;4;5500;1
2025;7;15;804;804006;-;02;12;4;2;3;11;5;54550;1
2025;7;15;804;804006;-;02;12;5;2;3;11;2;10064659;3
2025;7;15;804;804006;-;02;12;5;2;3;11;4;10200;3
2025;7;15;804;804006;-;02;12;5;2;3;11;5;177500;2
2025;7;15;804;804006;-;02;12;6;2;3;11;2;2797884;2
2025;7;15;804;804006;-;02;12;6;2;3;11;4;26200;2
2025;7;15;804;804006;-;02;12;6;2;3;11;5;134750;2
2025;7;15;804;804006;-;02;13;2;2;3;11;2;729194;1
2025;7;15;804;804006;-;02;13;2;2;3;11;5;9125;1
2025;7;16;0;0;-;63;5;1;1;1;11;2;570063;2
2025;7;16;0;0;-;63;5;1;1;1;11;4;1745;2
2025;7;16;0;0;-;63;5;1;1;1;11;5;54750;1
2025;7;16;805;805007;-;02;2;7;2;3;11;2;1884658;1
2025;7;16;805;805007;-;02;2;7;2;3;11;4;14600;1
2025;7;16;805;805007;-;02;2;7;2;3;11;5;86400;1
2025;7;16;805;805007;-;02;5;2;2;3;11;2;72000;1
2025;7;16;805;805007;-;02;5;2;2;3;11;5;17000;1
2025;7;16;805;805007;-;02;5;3;2;3;11;2;26768;1
2025;7;16;805;805007;-;02;5;3;2;3;11;5;10000;1
2025;7;16;805;805007;-;02;5;4;2;3;11;2;2422843;3
2025;7;16;805;805007;-;02;5;4;2;3;11;4;4200;3
2025;7;16;805;805007;-;02;5;4;2;3;11;5;95000;3
2025;7;16;805;805007;-;02;5;5;1;1;11;2;449211;1
2025;7;16;805;805007;-;02;5;5;1;1;11;4;1825;1
2025;7;16;805;805007;-;02;5;5;1;1;11;5;18960;1
2025;7;16;805;805007;-;02;5;5;2;3;11;2;2491662;1
2025;7;16;805;805007;-;02;5;5;2;3;11;4;7000;1
2025;7;16;805;805007;-;02;5;5;2;3;11;5;90000;1
2025;7;16;805;805007;-;02;5;6;1;1;11;2;1159860;1
2025;7;16;805;805007;-;02;5;6;1;1;11;4;3650;1
2025;7;16;805;805007;-;02;5;6;1;1;11;5;16320;1
2025;7;16;805;805007;-;02;8;3;2;3;11;2;798212;1
2025;7;16;805;805007;-;02;8;3;2;3;11;4;1489;1
2025;7;16;805;805007;-;02;8;3;2;3;11;5;12100;1
2025;7;16;805;805007;-;02;8;4;2;3;11;2;1468144;1
2025;7;16;805;805007;-;02;8;4;2;3;11;4;5000;1
2025;7;16;805;805007;-;02;8;4;2;3;11;5;55000;1
2025;7;16;805;805007;-;02;8;6;2;3;11;2;2855445;1
2025;7;16;805;805007;-;02;8;6;2;3;11;5;215000;1
2025;7;16;805;805007;-;02;9;5;2;3;11;2;5316000;3
2025;7;16;805;805007;-;02;9;5;2;3;11;4;16392;3
2025;7;16;805;805007;-;02;9;5;2;3;11;5;331073;3
2025;7;16;805;805007;-;02;11;3;2;3;11;2;495866;1
2025;7;16;805;805007;-;02;11;4;2;3;11;2;3589586;5
2025;7;16;805;805007;-;02;11;4;2;3;11;4;17518;5
2025;7;16;805;805007;-;02;11;4;2;3;11;5;120800;4
2025;7;16;805;805007;-;02;11;5;2;3;11;2;4920171;4
2025;7;16;805;805007;-;02;11;5;2;3;11;4;39900;4
2025;7;16;805;805007;-;02;11;5;2;3;11;5;309700;4
2025;7;16;805;805007;-;02;13;5;2;3;11;2;1564699;1
2025;7;16;805;805007;-;02;13;5;2;3;11;4;5900;1
2025;7;16;805;805007;-;02;13;5;2;3;11;5;39500;1
2025;7;16;805;805007;-;02;13;6;2;3;11;2;2277972;1
2025;7;16;805;805007;-;02;13;6;2;3;11;4;6000;1
2025;7;16;805;805007;-;02;13;6;2;3;11;5;53000;1
2025;8;2;0;0;-;18;11;1;1;1;11;2;5000;1
2025;8;2;0;0;-;18;11;1;1;1;11;3;6100;1
2025;8;2;0;0;-;18;11;1;1;1;11;4;600;1
2025;8;2;0;0;-;18;11;1;1;1;11;5;800;1
2025;8;2;907;907001;-;02;5;2;2;3;11;1;410000;1
2025;8;2;907;907001;-;02;5;2;2;3;11;4;10000;1
2025;8;2;907;907001;-;02;5;2;2;3;11;5;15000;1
2025;8;2;907;907001;-;02;5;3;2;3;11;1;1054656;1
2025;8;2;907;907001;-;02;5;3;2;3;11;4;1800;1
2025;8;2;907;907001;-;02;5;3;2;3;11;5;40000;1
2025;8;2;907;907001;-;02;5;4;2;3;11;1;1200000;2
2025;8;2;907;907001;-;02;5;4;2;3;11;2;360000;1
2025;8;2;907;907001;-;02;5;4;2;3;11;4;5200;3
2025;8;2;907;907001;-;02;5;4;2;3;11;5;116000;3
2025;8;2;907;907001;-;02;11;2;2;3;11;1;425058;1
2025;8;2;907;907001;-;02;11;2;2;3;11;4;2000;1
2025;8;2;907;907001;-;02;11;2;2;3;11;5;15000;1
2025;8;2;907;907004;-;02;14;5;2;3;11;2;376910;1
2025;8;2;907;907004;-;02;14;5;2;3;11;4;720;1
2025;8;2;907;907004;-;02;14;5;2;3;11;5;36000;1
2025;8;3;904;904003;-;02;5;2;2;3;11;3;60000;1
2025;8;3;905;905001;-;02;5;5;2;3;11;2;1503001;2
2025;8;3;905;905001;-;02;5;5;2;3;11;4;3650;2
2025;8;3;905;905001;-;02;5;5;2;3;11;5;88000;2
2025;8;3;905;905002;-;02;5;4;2;3;11;2;2215489;1
2025;8;3;905;905002;-;02;5;4;2;3;11;4;150;1
2025;8;3;905;905002;-;02;5;4;2;3;11;5;90000;1
2025;8;3;905;905003;-;02;11;5;2;3;11;2;2245081;2
2025;8;3;905;905003;-;02;11;5;2;3;11;4;26150;2
2025;8;3;905;905003;-;02;11;5;2;3;11;5;69200;2
2025;8;4;903;903005;-;64;13;5;3;4;11;3;92721;1
2025;8;4;903;903005;-;64;13;5;3;4;11;4;62055;1
2025;8;4;903;903005;-;64;13;5;3;4;11;5;18320;1
2025;8;4;905;905001;-;02;5;2;2;3;11;1;3000;1
2025;8;4;905;905001;-;02;5;2;2;3;11;4;1000;1
2025;8;4;905;905001;-;02;5;2;2;3;11;5;500;1
2025;8;7;903;903003;-;01;5;4;2;3;11;3;20;1
2025;8;7;903;903003;-;01;5;4;2;3;11;4;10;1
2025;8;7;903;903003;-;01;5;4;2;3;11;5;30;1
2025;8;7;903;903003;-;40;1;2;4;6;4;4;320;1
2025;8;8;902;902005;-;02;5;6;2;3;11;2;365620;1
2025;8;8;902;902005;-;02;5;6;2;3;11;4;1720;1
2025;8;8;902;902005;-;02;5;6;2;3;11;5;25900;1
2025;8;9;902;902004;-;01;1;6;2;3;11;4;3900;1
2025;8;9;902;902004;-;01;1;6;2;3;11;5;6500;1
2025;8;13;905;905004;-;01;5;3;2;3;11;2;150;1
2025;8;13;905;905004;-;01;5;3;2;3;11;4;4;1
2025;8;13;905;905004;-;02;5;5;2;3;11;2;759822;1
2025;8;13;905;905004;-;02;5;5;2;3;11;4;1200;1
2025;8;13;905;905004;-;02;5;5;2;3;11;5;28907;1
2025;8;13;905;905004;-;02;8;2;2;3;11;2;81678;1
2025;8;13;905;905004;-;02;8;2;2;3;11;4;750;1
2025;8;13;905;905004;-;02;8;2;2;3;11;5;2600;1
2025;8;13;905;905005;-;02;8;2;2;3;11;3;64000;1
2025;8;13;905;905005;-;02;8;2;2;3;11;4;2000;1
2025;8;13;905;905005;-;02;8;2;2;3;11;5;6000;1
2025;8;13;905;905005;-;02;11;3;2;3;11;2;712916;1
2025;8;13;905;905005;-;02;11;3;2;3;11;4;1070;1
2025;8;13;905;905005;-;02;11;3;2;3;11;5;28500;1
2025;8;13;906;906001;-;-;11;2;4;4;4;3;8000;1
2025;8;13;906;906001;-;-;11;2;4;4;4;4;2000;1
2025;8;13;906;906001;-;02;5;2;2;3;11;2;514000;3
2025;8;13;906;906001;-;02;5;2;2;3;11;4;3400;3
2025;8;13;906;906001;-;02;5;2;2;3;11;5;18000;3
2025;8;13;906;906001;-;02;5;3;2;3;11;1;100;1
2025;8;13;906;906001;-;02;5;3;2;3;11;2;341543;1
2025;8;13;906;906001;-;02;5;3;2;3;11;4;504;2
2025;8;13;906;906001;-;02;5;3;2;3;11;5;15610;2
2025;8;13;906;906003;-;02;5;2;2;3;11;2;2000;1
2025;8;13;906;906003;-;02;5;3;2;3;11;2;335147;1
2025;8;13;906;906003;-;02;5;3;2;3;11;4;150;1
2025;9;2;1002;1002001;-;02;11;5;2;3;11;2;486008;1
2025;9;2;1002;1002001;-;02;11;5;2;3;11;4;3600;1
2025;9;2;1002;1002001;-;02;11;5;2;3;11;5;27000;1
2025;9;2;1002;1002005;-;02;11;5;2;3;11;2;277920;1
2025;9;2;1002;1002005;-;02;11;5;2;3;11;4;730;1
2025;9;2;1002;1002005;-;02;11;5;2;3;11;5;19000;1
2025;9;2;1002;1002007;-;02;5;4;2;3;11;2;419354;1
2025;9;2;1002;1002007;-;02;5;4;2;3;11;4;1000;1
2025;9;2;1002;1002007;-;02;5;4;2;3;11;5;6500;1
2025;9;2;1003;1003004;-;02;5;3;2;3;4;3;3200;1
2025;9;2;1003;1003004;-;02;5;3;2;3;4;4;200;1
2025;9;2;1003;1003004;-;02;5;3;2;3;4;5;350;1
2025;9;3;1004;1004003;-;64;5;4;4;4;11;3;32000;1
2025;9;5;1004;1004001;-;02;5;3;2;3;11;2;622691;2
2025;9;5;1004;1004001;-;02;5;3;2;3;11;4;400;2
2025;9;5;1004;1004001;-;02;5;3;2;3;11;5;9200;2
2025;9;5;1004;1004001;-;02;5;4;2;3;11;2;200000;1
2025;9;5;1004;1004001;-;02;5;4;2;3;11;4;3000;1
2025;9;5;1004;1004001;-;02;5;4;2;3;11;5;12000;1
2025;9;5;1004;1004001;-;02;5;6;2;3;11;2;1082820;1
2025;9;5;1004;1004001;-;02;5;6;2;3;11;4;10200;1
2025;9;5;1004;1004001;-;02;5;6;2;3;11;5;113408;1
2025;9;5;1004;1004001;-;02;8;4;2;3;11;2;520248;1
2025;9;5;1004;1004001;-;02;8;4;2;3;11;4;950;1
2025;9;5;1004;1004001;-;02;8;4;2;3;11;5;1000;1
2025;9;5;1004;1004001;-;02;11;3;2;3;11;2;281474;1
2025;9;5;1004;1004001;-;02;11;3;2;3;11;4;730;1
2025;9;5;1004;1004001;-;02;11;3;2;3;11;5;21600;1
2025;9;5;1004;1004001;-;02;11;4;2;3;11;2;1361009;3
2025;9;5;1004;1004001;-;02;11;4;2;3;11;4;3805;3
2025;9;5;1004;1004001;-;02;11;4;2;3;11;5;63000;3
2025;9;6;1003;1003006;-;02;2;5;2;3;11;1;15600;1
2025;9;6;1003;1003006;-;02;2;5;2;3;11;3;4976084;1
2025;9;6;1003;1003006;-;02;2;5;2;3;11;4;9750;1
2025;9;6;1003;1003006;-;02;8;4;2;3;11;2;79792;1
2025;9;6;1003;1003006;-;02;8;4;2;3;11;4;2195;1
2025;9;6;1003;1003006;-;02;8;4;2;3;11;5;14550;1
2025;9;8;1001;1001002;-;02;5;5;2;3;11;2;388539;1
2025;9;8;1001;1001002;-;02;5;5;2;3;11;5;15000;1
2025;9;12;1002;1002005;-;02;11;2;2;3;11;2;140000;1
2025;9;12;1002;1002005;-;02;11;2;2;3;11;4;800;1
2025;9;12;1002;1002005;-;02;11;2;2;3;11;5;11000;1
2025;9;12;1002;1002005;-;02;11;5;2;3;11;1;874054;1
2025;9;12;1002;1002005;-;02;11;5;2;3;11;4;2400;1
2025;9;12;1002;1002005;-;02;11;5;2;3;11;5;54000;1
2025;9;12;1002;1002006;-;02;5;2;2;3;4;3;78000;1
2025;9;12;1002;1002006;-;02;5;2;2;3;11;3;78000;1
2025;9;12;1002;1002006;-;02;5;4;2;3;11;2;1995926;1
2025;9;12;1002;1002006;-;02;5;4;2;3;11;4;3000;1
2025;9;12;1002;1002006;-;02;5;4;2;3;11;5;140000;1
2025;10;18;101;101002;-;02;14;2;2;3;11;3;27800;1
2025;10;18;101;101002;-;02;14;2;2;3;11;4;1000;1
2025;10;24;102;102006;-;02;5;2;2;3;11;2;78000;1
2025;10;24;102;102006;-;02;5;2;2;3;11;4;2360;1
2025;10;24;102;102006;-;02;5;2;2;3;11;5;2000;1
2025;11;3;1101;1101006;-;02;11;2;2;3;11;2;259460;1
2025;11;3;1101;1101006;-;02;11;2;2;3;11;4;750;1
2025;11;3;1101;1101006;-;02;11;2;2;3;11;5;12500;1
2025;11;3;1102;1102005;-;01;2;2;2;3;11;2;619000;1
2025;11;3;1102;1102005;-;01;2;2;2;3;11;4;1100;1
2025;11;3;1102;1102005;-;01;2;2;2;3;11;5;5300;1
2025;11;3;1102;1102005;-;02;5;2;2;3;11;2;100000;1
2025;11;3;1102;1102005;-;02;5;2;2;3;11;5;200;1
2025;11;3;1104;1104002;-;02;5;2;2;3;11;2;93669;1
2025;11;3;1104;1104002;-;02;5;2;2;3;11;4;365;1
2025;11;3;1104;1104002;-;02;5;2;2;3;11;5;1095;1
2025;11;4;1103;1103004;-;02;5;4;2;3;11;2;50000;1
2025;11;4;1103;1103005;-;02;12;5;2;3;11;2;1716052;1
2025;11;4;1103;1103005;-;02;12;5;2;3;11;5;70000;1
2025;11;4;1104;1104005;-;02;2;7;2;3;11;2;1512469;1
2025;11;4;1104;1104005;-;02;2;7;2;3;11;4;3460;1
2025;11;4;1104;1104005;-;02;2;7;2;3;11;5;293630;1
2025;11;4;1104;1104005;-;02;5;5;2;3;11;2;1179469;1
2025;11;4;1104;1104005;-;02;5;5;2;3;11;4;930;1
2025;11;4;1104;1104005;-;02;5;5;2;3;11;5;38730;1
2025;11;4;1104;1104005;-;02;11;3;2;3;11;2;208083;1
2025;11;4;1104;1104005;-;02;11;3;2;3;11;4;300;1
2025;11;4;1104;1104006;-;02;5;2;2;3;11;2;48000;1
2025;11;4;1104;1104006;-;02;5;2;2;3;11;4;280;1
2025;11;4;1104;1104006;-;02;5;2;2;3;11;5;6500;1
2025;11;4;1104;1104006;-;02;5;4;2;3;11;2;2062913;1
2025;11;4;1104;1104006;-;02;5;4;2;3;11;4;1500;1
2025;11;4;1104;1104006;-;02;5;4;2;3;11;5;26000;1
2025;11;4;1104;1104006;-;02;12;5;2;3;11;2;1437717;1
2025;11;4;1104;1104006;-;02;12;5;2;3;11;4;3650;1
2025;11;4;1104;1104006;-;02;12;5;2;3;11;5;24000;1
2025;11;4;1104;1104006;-;02;13;6;2;3;11;2;1134079;1
2025;11;4;1104;1104006;-;02;13;6;2;3;11;4;5759;1
2025;11;4;1104;1104006;-;02;13;6;2;3;11;5;48144;1
2025;11;4;1105;1105001;-;01;12;5;2;3;11;2;78000;1
2025;11;4;1105;1105001;-;01;12;5;2;3;11;4;500;1
2025;11;4;1105;1105001;-;02;1;3;2;3;11;2;79344;1
2025;11;4;1105;1105001;-;02;1;7;2;3;11;2;809581;1
2025;11;4;1105;1105001;-;02;1;7;2;3;11;5;5000;1
2025;11;4;1105;1105001;-;02;5;2;2;3;11;2;140200;2
2025;11;4;1105;1105001;-;02;5;2;2;3;11;4;3500;1
2025;11;4;1105;1105001;-;02;5;2;2;3;11;5;500;1
2025;11;4;1105;1105001;-;02;5;3;2;3;11;2;446000;2
2025;11;4;1105;1105001;-;02;5;3;2;3;11;4;450;2
2025;11;4;1105;1105001;-;02;5;3;2;3;11;5;14000;2
2025;11;4;1105;1105001;-;02;5;4;2;3;11;2;445135;2
2025;11;4;1105;1105001;-;02;5;4;2;3;11;4;2050;2
2025;11;4;1105;1105001;-;02;5;4;2;3;11;5;12950;2
2025;11;4;1105;1105001;-;02;8;4;2;3;11;2;1009800;1
2025;11;4;1105;1105001;-;02;8;4;2;3;11;4;1400;1
2025;11;4;1105;1105001;-;02;8;4;2;3;11;5;8000;1
2025;11;4;1105;1105001;-;02;11;3;2;3;11;2;97685;1
2025;11;4;1105;1105001;-;02;11;3;2;3;11;4;800;1
2025;11;4;1105;1105001;-;02;11;3;2;3;11;5;2000;1
2025;11;4;1105;1105001;-;02;11;4;2;3;11;2;650000;1
2025;11;4;1105;1105001;-;02;11;4;2;3;11;4;1460;1
2025;11;4;1105;1105001;-;02;11;4;2;3;11;5;26000;1
2025;11;4;1105;1105001;-;02;12;4;2;3;11;2;334831;1
2025;11;4;1105;1105001;-;02;12;4;2;3;11;4;600;1
2025;11;4;1105;1105001;-;02;12;4;2;3;11;5;1200;1
2025;11;4;1105;1105002;-;02;5;3;2;3;11;2;324000;1
2025;11;4;1105;1105002;-;02;5;3;2;3;11;4;200;1
2025;11;4;1105;1105002;-;02;5;3;2;3;11;5;7200;1
2025;11;4;1105;1105002;-;02;5;4;2;3;11;2;150000;1
2025;11;4;1105;1105002;-;02;5;4;2;3;11;4;1750;1
2025;11;4;1105;1105002;-;02;5;4;2;3;11;5;2000;1
2025;11;4;1105;1105002;-;02;8;2;2;3;11;2;36000;1
2025;11;4;1105;1105002;-;02;8;2;2;3;11;4;600;1
2025;11;4;1105;1105002;-;02;8;2;2;3;11;5;3600;1
2025;11;4;1105;1105002;-;02;8;3;2;3;11;2;399460;1
2025;11;4;1105;1105002;-;02;8;3;2;3;11;4;800;1
2025;11;4;1105;1105002;-;02;8;3;2;3;11;5;15000;1
2025;11;4;1105;1105002;-;02;11;2;2;3;11;1;54000;1
2025;11;4;1105;1105002;-;02;11;2;2;3;11;2;145200;1
2025;11;4;1105;1105002;-;02;11;2;2;3;11;4;720;1
2025;11;4;1105;1105002;-;02;11;2;2;3;11;5;7500;2
2025;11;4;1105;1105002;-;02;11;3;2;3;11;2;635760;1
2025;11;4;1105;1105002;-;02;11;3;2;3;11;4;1840;1
2025;11;4;1105;1105002;-;02;11;3;2;3;11;5;15400;1
2025;11;4;1105;1105002;-;02;11;4;2;3;11;2;976042;1
2025;11;4;1105;1105002;-;02;11;4;2;3;11;4;2746;1
2025;11;4;1105;1105002;-;02;11;4;2;3;11;5;38000;1
2025;11;4;1105;1105002;-;02;14;3;2;3;11;2;200000;1
2025;11;4;1105;1105002;-;02;14;3;2;3;11;4;500;1
2025;11;4;1105;1105002;-;02;14;3;2;3;11;5;3000;1
2025;11;4;1105;1105002;-;02;14;4;2;3;11;2;328138;1
2025;11;4;1105;1105002;-;02;14;4;2;3;11;4;1100;1
2025;11;4;1105;1105002;-;02;14;4;2;3;11;5;4500;1
2025;11;5;1102;1102002;-;02;5;5;2;3;11;2;830000;1
2025;11;5;1102;1102002;-;02;5;5;2;3;11;4;1500;1
2025;11;5;1102;1102002;-;02;5;5;2;3;11;5;22000;1
2025;11;5;1104;1104001;-;02;5;4;2;3;11;2;1549282;1
2025;11;5;1104;1104001;-;02;5;4;2;3;11;4;2500;1
2025;11;5;1104;1104001;-;02;5;4;2;3;11;5;60000;1
2025;11;5;1104;1104001;-;02;11;6;2;3;11;2;4015134;1
2025;11;5;1104;1104001;-;02;11;6;2;3;11;4;4000;1
2025;11;5;1104;1104001;-;02;11;6;2;3;11;5;280000;1
2025;11;5;1104;1104002;-;02;5;3;2;3;11;2;250000;1
2025;11;5;1104;1104002;-;02;5;3;2;3;11;4;200;1
2025;11;5;1104;1104002;-;02;5;3;2;3;11;5;15000;1
2025;11;5;1104;1104002;-;02;5;4;2;3;11;2;1667091;3
2025;11;5;1104;1104002;-;02;5;4;2;3;11;4;1538;3
2025;11;5;1104;1104002;-;02;5;4;2;3;11;5;77000;3
2025;11;5;1104;1104002;-;02;11;3;2;3;11;2;442713;1
2025;11;5;1104;1104002;-;02;11;3;2;3;11;4;11000;1
2025;11;5;1104;1104002;-;02;11;4;2;3;11;2;1486959;3
2025;11;5;1104;1104002;-;02;11;4;2;3;11;4;3795;3
2025;11;5;1104;1104002;-;02;11;4;2;3;11;5;42250;3
2025;11;5;1104;1104002;-;02;12;5;2;3;11;2;1725052;1
2025;11;5;1104;1104002;-;02;12;5;2;3;11;5;70000;1
2025;11;5;1105;1105001;-;02;5;3;2;3;11;1;390000;1
2025;11;5;1105;1105001;-;02;5;3;2;3;11;4;1600;1
2025;11;5;1105;1105001;-;02;5;3;2;3;11;5;3870;1
2025;11;5;1105;1105002;-;02;5;2;2;3;11;2;75000;1
2025;11;5;1105;1105002;-;02;5;4;2;3;11;1;390000;1
2025;11;5;1105;1105002;-;02;5;4;2;3;11;2;1008447;1
2025;11;5;1105;1105002;-;02;5;4;2;3;11;4;4415;2
2025;11;5;1105;1105002;-;02;5;4;2;3;11;5;45000;1
2025;11;5;1105;1105002;-;02;11;3;2;3;11;2;154700;1
2025;11;5;1105;1105002;-;02;11;3;2;3;11;4;960;1
2025;11;5;1105;1105002;-;02;14;5;2;3;11;2;892221;1
2025;11;5;1105;1105002;-;02;14;5;2;3;11;4;2500;1
2025;11;5;1105;1105002;-;02;14;5;2;3;11;5;39000;1
2025;11;6;1101;1101004;-;01;5;5;2;3;11;3;100000;1
2025;11;6;1101;1101004;-;01;5;5;2;3;11;4;365;1
2025;11;6;1101;1101004;-;01;5;5;2;3;11;5;100;1
2025;11;6;1101;1101004;-;02;11;4;2;3;11;2;3000000;1
2025;11;6;1101;1101004;-;02;11;4;2;3;11;4;500;1
2025;11;6;1101;1101004;-;02;11;4;2;3;11;5;5000;1
2025;11;6;1101;1101005;-;01;11;5;2;3;11;3;200000;1
2025;11;6;1101;1101005;-;01;11;5;2;3;11;4;300;1
2025;11;6;1101;1101005;-;01;11;5;2;3;11;5;3000;1
2025;11;6;1101;1101005;-;02;2;7;2;3;11;2;4513771;1
2025;11;6;1101;1101005;-;02;2;7;2;3;11;4;9065;1
2025;11;6;1101;1101005;-;02;2;7;2;3;11;5;130088;1
2025;11;6;1101;1101005;-;02;5;3;2;3;11;2;110540;1
2025;11;6;1101;1101005;-;02;5;3;2;3;11;4;3600;1
2025;11;6;1101;1101005;-;02;5;3;2;3;11;5;210000;1
2025;11;6;1101;1101005;-;02;5;5;2;3;11;2;190000;1
2025;11;6;1101;1101005;-;02;5;5;2;3;11;4;1100;1
2025;11;6;1101;1101005;-;02;5;5;2;3;11;5;15100;1
2025;11;6;1101;1101006;-;02;5;4;2;3;11;2;190000;1
2025;11;6;1101;1101006;-;02;5;4;2;3;11;4;1500;1
2025;11;6;1101;1101006;-;02;5;4;2;3;11;5;22000;1
2025;11;6;1101;1101006;-;02;5;6;2;3;11;2;690000;1
2025;11;6;1101;1101006;-;02;5;6;2;3;11;4;1100;1
2025;11;6;1101;1101006;-;02;5;6;2;3;11;5;21000;1
2025;11;6;1101;1101006;-;02;8;4;2;3;11;2;144000;1
2025;11;6;1101;1101006;-;02;8;4;2;3;11;4;360;1
2025;11;6;1101;1101006;-;02;8;4;2;3;11;5;7200;1
2025;11;6;1101;1101006;-;02;8;5;2;3;11;2;114359;1
2025;11;6;1101;1101006;-;02;8;5;2;3;11;4;730;1
2025;11;6;1101;1101006;-;02;11;4;2;3;11;2;375170;2
2025;11;6;1101;1101006;-;02;11;4;2;3;11;4;1250;2
2025;11;6;1101;1101006;-;02;11;4;2;3;11;5;22000;1
2025;11;6;1102;1102002;-;02;1;4;2;3;11;2;52271;1
2025;11;6;1102;1102002;-;02;1;4;2;3;11;5;3000;1
2025;11;6;1103;1103003;-;02;5;4;2;3;11;2;55855;1
2025;11;6;1103;1103003;-;02;5;4;2;3;11;4;730;1
2025;11;6;1103;1103003;-;02;5;4;2;3;11;5;1500;1
2025;11;7;1101;1101001;-;01;9;7;2;3;11;2;1620000;1
2025;11;7;1101;1101001;-;01;9;7;2;3;11;4;5900;1
2025;11;7;1101;1101001;-;01;9;7;2;3;11;5;72000;1
2025;11;7;1101;1101001;-;02;5;4;2;3;11;2;10100;1
2025;11;7;1101;1101001;-;02;5;4;2;3;11;4;3800;1
2025;11;7;1101;1101002;-;01;5;5;2;3;11;2;170000;1
2025;11;7;1101;1101002;-;01;5;5;2;3;11;4;1500;1
2025;11;7;1101;1101002;-;01;5;5;2;3;11;5;1500;1
2025;11;7;1101;1101002;-;01;11;3;2;3;11;1;23725;1
2025;11;7;1101;1101002;-;01;11;3;2;3;11;2;21000;1
2025;11;7;1101;1101002;-;01;11;3;2;3;11;4;516;1
2025;11;7;1101;1101002;-;02;5;2;2;3;4;4;1000;1
2025;11;7;1101;1101002;-;02;5;2;2;3;4;5;2500;1
2025;11;7;1101;1101002;-;02;5;3;2;3;11;2;716470;3
2025;11;7;1101;1101002;-;02;5;3;2;3;11;4;1865;3
2025;11;7;1101;1101002;-;02;5;3;2;3;11;5;14400;2
2025;11;7;1101;1101002;-;02;5;4;2;3;11;2;55000;1
2025;11;7;1101;1101002;-;02;5;4;2;3;11;4;1000;1
2025;11;7;1101;1101002;-;02;5;4;2;3;11;5;3000;1
2025;11;7;1101;1101002;-;02;11;5;2;3;11;2;180000;1
2025;11;7;1101;1101002;-;02;11;5;2;3;11;4;2000;1
2025;11;7;1101;1101002;-;02;11;5;2;3;11;5;10800;1
2025;11;8;1101;1101002;-;02;11;5;2;3;11;2;2775262;1
2025;11;8;1101;1101002;-;02;11;5;2;3;11;4;1800;1
2025;11;8;1101;1101002;-;02;11;5;2;3;11;5;36500;1
2025;11;10;1103;1103003;-;02;5;3;2;3;11;1;20100;1
2025;11;10;1103;1103003;-;02;5;3;2;3;11;4;800;1
2025;11;11;1102;1102008;-;01;5;5;2;3;11;3;15000;1
2025;11;11;1102;1102008;-;01;5;5;2;3;11;4;100;1
2025;11;12;1104;1104003;-;02;11;2;2;3;11;2;91285;1
2025;11;12;1104;1104003;-;02;11;2;2;3;11;4;730;1
2025;11;12;1104;1104003;-;02;11;2;2;3;11;5;7300;1
2025;11;12;1105;1105002;-;01;5;3;2;3;11;1;229000;1
2025;11;12;1105;1105002;-;01;5;3;2;3;11;4;2050;1
2025;11;12;1105;1105002;-;01;5;3;2;3;11;5;20800;1
2025;11;12;1105;1105002;-;01;5;5;2;3;11;2;218500;1
2025;11;12;1105;1105002;-;01;5;5;2;3;11;4;1550;1
2025;11;12;1105;1105002;-;01;5;5;2;3;11;5;24300;1
2025;11;12;1105;1105002;-;02;5;3;2;3;11;2;141520;1
2025;11;12;1105;1105002;-;02;5;3;2;3;11;4;910;1
2025;11;12;1105;1105002;-;02;5;3;2;3;11;5;4250;1
2025;11;12;1105;1105002;-;02;5;4;2;3;11;2;141598;1
2025;11;12;1105;1105002;-;02;5;4;2;3;11;4;365;1
2025;11;12;1105;1105002;-;02;5;4;2;3;11;5;1400;1
2025;11;12;1105;1105002;-;02;5;6;2;3;11;2;1179473;1
2025;11;12;1105;1105002;-;02;5;6;2;3;11;4;1400;1
2025;11;12;1105;1105002;-;02;5;6;2;3;11;5;39160;1
2025;11;12;1105;1105002;-;02;11;2;2;3;11;2;447608;2
2025;11;12;1105;1105002;-;02;11;2;2;3;11;4;150;1
2025;11;12;1105;1105002;-;02;11;2;2;3;11;5;9000;1
2025;12;3;1201;1201005;-;02;5;4;2;3;11;1;220000;1
2025;12;3;1201;1201005;-;02;5;4;2;3;11;2;1200000;1
2025;12;3;1201;1201005;-;02;5;4;2;3;11;4;3500;1
2025;12;3;1201;1201005;-;02;5;4;2;3;11;5;182000;1
2025;12;3;1203;1203003;-;02;5;3;2;3;11;2;155089;1
2025;12;3;1203;1203003;-;02;5;3;2;3;11;4;180;1
2025;12;3;1203;1203003;-;02;5;3;2;3;11;5;1800;1
2025;12;3;1203;1203003;-;02;5;5;2;3;11;2;373488;1
2025;12;3;1203;1203003;-;02;5;5;2;3;11;4;4000;1
2025;12;3;1203;1203003;-;02;5;5;2;3;11;5;35000;1
2025;12;3;1203;1203003;-;63;5;1;1;1;11;2;255500;1
2025;12;3;1203;1203003;-;63;5;1;1;1;11;4;1010;1
2025;12;3;1203;1203003;-;63;5;1;1;1;11;5;9600;1
2025;12;3;1203;1203004;-;02;5;3;2;3;11;3;39600;1
2025;12;3;1203;1203004;-;02;5;3;2;3;11;4;365;1
2025;12;3;1203;1203004;-;02;5;3;2;3;11;5;1200;1
2025;12;3;1203;1203004;-;02;5;4;2;3;11;2;268185;2
2025;12;3;1203;1203004;-;02;5;4;2;3;11;4;880;2
2025;12;3;1203;1203004;-;02;5;4;2;3;11;5;22580;1
2025;12;3;1203;1203004;-;02;8;4;2;3;11;3;229000;1
2025;12;3;1203;1203004;-;02;8;4;2;3;11;4;3200;1
2025;12;3;1203;1203004;-;02;8;4;2;3;11;5;15000;1
2025;12;3;1203;1203004;-;02;11;3;2;3;11;2;18834;1
2025;12;3;1203;1203004;-;02;11;3;2;3;11;4;360;1
2025;12;3;1203;1203004;-;02;11;3;2;3;11;5;1000;1
2025;12;3;1203;1203004;-;02;12;4;2;3;11;2;805960;1
2025;12;3;1203;1203004;-;02;12;4;2;3;11;4;3650;1
2025;12;3;1203;1203004;-;02;12;4;2;3;11;5;34427;1
2025;12;3;1203;1203004;-;03;5;5;2;3;11;2;183123;1
2025;12;3;1203;1203004;-;03;5;5;2;3;11;4;1500;1
2025;12;3;1203;1203004;-;03;5;5;2;3;11;5;25000;1
2025;12;3;1203;1203004;-;03;11;7;2;3;11;2;1320219;1
2025;12;3;1203;1203004;-;03;11;7;2;3;11;4;10950;1
2025;12;3;1203;1203004;-;03;11;7;2;3;11;5;74400;1
2025;12;3;1203;1203005;-;02;1;5;2;3;11;2;125055;1
2025;12;3;1203;1203005;-;02;1;5;2;3;11;4;3120;1
2025;12;3;1203;1203005;-;02;1;5;2;3;11;5;14130;1
2025;12;3;1203;1203005;-;02;5;2;2;3;11;1;40150;1
2025;12;3;1203;1203005;-;02;5;2;2;3;11;2;45689;1
2025;12;3;1203;1203005;-;02;5;2;2;3;11;4;1460;2
2025;12;3;1203;1203005;-;02;5;2;2;3;11;5;6720;2
2025;12;3;1203;1203005;-;02;5;3;2;3;11;1;359890;2
2025;12;3;1203;1203005;-;02;5;3;2;3;11;2;1947076;10
2025;12;3;1203;1203005;-;02;5;3;2;3;11;3;150;1
2025;12;3;1203;1203005;-;02;5;3;2;3;11;4;18515;12
2025;12;3;1203;1203005;-;02;5;3;2;3;11;5;156620;12
2025;12;3;1203;1203005;-;02;5;4;2;3;11;1;2291547;1
2025;12;3;1203;1203005;-;02;5;4;2;3;11;2;1696008;7
2025;12;3;1203;1203005;-;02;5;4;2;3;11;4;10250;8
2025;12;3;1203;1203005;-;02;5;4;2;3;11;5;121685;7
2025;12;3;1203;1203005;-;02;8;2;2;3;11;2;106650;2
2025;12;3;1203;1203005;-;02;8;2;2;3;11;4;2230;2
2025;12;3;1203;1203005;-;02;8;2;2;3;11;5;5920;2
2025;12;3;1203;1203005;-;02;8;3;2;3;11;1;320000;1
2025;12;3;1203;1203005;-;02;8;3;2;3;11;2;500000;1
2025;12;3;1203;1203005;-;02;8;3;2;3;11;4;365;1
2025;12;3;1203;1203005;-;02;8;4;2;3;11;1;364073;1
2025;12;3;1203;1203005;-;02;8;4;2;3;11;2;1085935;2
2025;12;3;1203;1203005;-;02;8;4;2;3;11;4;5182;3
2025;12;3;1203;1203005;-;02;8;4;2;3;11;5;40800;3
2025;12;3;1203;1203005;-;02;11;3;2;3;11;2;396481;1
2025;12;3;1203;1203005;-;02;11;3;2;3;11;3;83000;1
2025;12;3;1203;1203005;-;02;11;3;2;3;11;4;2720;2
2025;12;3;1203;1203005;-;02;11;3;2;3;11;5;8280;2
2025;12;3;1203;1203005;-;02;11;4;2;3;11;2;4574038;3
2025;12;3;1203;1203005;-;02;11;4;2;3;11;4;12650;3
2025;12;3;1203;1203005;-;02;11;4;2;3;11;5;140425;3
2025;12;3;1203;1203005;-;02;12;4;2;3;11;2;567080;1
2025;12;3;1203;1203005;-;02;12;4;2;3;11;4;3960;1
2025;12;3;1203;1203005;-;02;12;4;2;3;11;5;1080;1
2025;12;3;1203;1203005;-;02;14;2;2;3;11;2;3000;1
2025;12;3;1203;1203005;-;02;14;2;2;3;11;4;150;1
2025;12;4;0;0;-;63;5;1;1;1;11;3;798100;1
2025;12;4;0;0;-;63;5;1;1;1;11;4;750;1
2025;12;4;0;0;-;63;5;1;1;1;11;5;2400;1
2025;12;4;1203;1203003;-;02;14;7;2;3;11;2;4507506;1
2025;12;4;1203;1203003;-;02;14;7;2;3;11;4;8000;1
2025;12;4;1203;1203003;-;02;14;7;2;3;11;5;60000;1
2025;12;4;1203;1203004;-;02;11;7;2;3;11;2;4188261;1
2025;12;4;1203;1203004;-;02;11;7;2;3;11;4;10950;1
2025;12;4;1203;1203004;-;02;11;7;2;3;11;5;132300;1
2025;12;5;1201;1201001;-;01;11;3;2;3;11;3;47040;2
2025;12;5;1201;1201001;-;01;11;3;2;3;11;4;370;2
2025;12;5;1201;1201001;-;01;11;3;2;3;11;5;2020;2
2025;12;5;1201;1201001;-;02;5;2;2;3;11;1;128000;1
2025;12;5;1201;1201001;-;02;5;2;2;3;11;2;136800;2
2025;12;5;1201;1201001;-;02;5;2;2;3;11;4;1420;2
2025;12;5;1201;1201001;-;02;5;2;2;3;11;5;12320;2
2025;12;5;1201;1201001;-;02;5;3;2;3;11;2;250000;1
2025;12;5;1201;1201001;-;02;5;3;2;3;11;4;350;1
2025;12;5;1201;1201001;-;02;5;3;2;3;11;5;20000;1
2025;12;5;1201;1201001;-;02;5;4;2;3;11;2;694199;1
2025;12;5;1201;1201001;-;02;5;4;2;3;11;4;320;1
2025;12;5;1201;1201001;-;02;5;4;2;3;11;5;12375;1
2025;12;5;1201;1201001;-;02;8;4;2;3;11;3;29950;1
2025;12;5;1201;1201001;-;02;8;4;2;3;11;4;120;1
2025;12;5;1201;1201001;-;02;8;4;2;3;11;5;6900;1
2025;12;5;1201;1201001;-;02;11;4;2;3;11;1;223274;1
2025;12;5;1201;1201001;-;02;11;4;2;3;11;4;10950;1
2025;12;5;1201;1201001;-;02;11;4;2;3;11;5;6000;1
2025;12;5;1201;1201002;-;01;5;4;2;3;11;1;134500;1
2025;12;5;1201;1201002;-;01;5;4;2;3;11;4;750;1
2025;12;5;1201;1201002;-;01;5;4;2;3;11;5;2500;1
2025;12;5;1201;1201002;-;01;13;6;2;3;11;2;1757885;1
2025;12;5;1201;1201002;-;01;13;6;2;3;11;4;2000;1
2025;12;5;1201;1201002;-;01;13;6;2;3;11;5;17000;1
2025;12;5;1201;1201002;-;02;5;3;2;3;11;2;156721;1
2025;12;5;1201;1201002;-;02;5;3;2;3;11;4;730;1
2025;12;5;1201;1201002;-;02;5;3;2;3;11;5;15840;1
2025;12;5;1201;1201002;-;02;5;4;2;3;11;2;3481369;6
2025;12;5;1201;1201002;-;02;5;4;2;3;11;4;8000;5
2025;12;5;1201;1201002;-;02;5;4;2;3;11;5;59500;4
2025;12;5;1201;1201002;-;02;5;5;2;3;11;1;2086316;1
2025;12;5;1201;1201002;-;02;5;5;2;3;11;2;1471458;1
2025;12;5;1201;1201002;-;02;5;5;2;3;11;4;5650;2
2025;12;5;1201;1201002;-;02;5;5;2;3;11;5;103000;2
2025;12;5;1201;1201002;-;63;5;1;1;1;11;4;700;1
2025;12;5;1201;1201002;-;63;5;1;1;1;11;5;10000;1
2025;12;5;1201;1201002;-;63;11;1;1;1;11;3;246370;1
2025;12;5;1201;1201002;-;63;11;1;1;1;11;4;750;1
2025;12;5;1201;1201002;-;63;11;1;1;1;11;5;3360;1
2025;12;5;1201;1201003;-;01;5;4;2;3;11;2;287010;1
2025;12;5;1201;1201003;-;01;5;4;2;3;11;4;720;1
2025;12;5;1201;1201003;-;01;5;4;2;3;11;5;5000;1
2025;12;5;1201;1201003;-;02;2;5;2;3;11;2;2508824;1
2025;12;5;1201;1201003;-;02;2;5;2;3;11;4;7300;1
2025;12;5;1201;1201003;-;02;2;5;2;3;11;5;150000;1
2025;12;5;1201;1201003;-;02;5;3;2;3;11;2;210627;1
2025;12;5;1201;1201003;-;02;5;4;2;3;11;1;1152254;1
2025;12;5;1201;1201003;-;02;5;4;2;3;11;2;1763835;1
2025;12;5;1201;1201003;-;02;5;4;2;3;11;4;7570;2
2025;12;5;1201;1201003;-;02;5;4;2;3;11;5;105950;2
2025;12;5;1201;1201003;-;02;5;5;2;3;11;1;1070375;1
2025;12;5;1201;1201003;-;02;5;5;2;3;11;2;1280037;1
2025;12;5;1201;1201003;-;02;5;5;2;3;11;4;6580;2
2025;12;5;1201;1201003;-;02;5;5;2;3;11;5;156400;2
2025;12;5;1201;1201003;-;02;9;6;2;3;11;2;4635139;1
2025;12;5;1201;1201003;-;02;9;6;2;3;11;4;6848;1
2025;12;5;1201;1201003;-;02;9;6;2;3;11;5;183909;1
2025;12;5;1201;1201003;-;02;11;2;2;3;11;3;192500;1
2025;12;5;1201;1201003;-;02;11;2;2;3;11;4;750;1
2025;12;5;1201;1201003;-;02;11;2;2;3;11;5;5040;1
2025;12;5;1201;1201003;-;02;12;2;1;1;11;2;626185;1
2025;12;5;1201;1201003;-;02;12;2;1;1;11;4;1850;1
2025;12;5;1203;1203003;-;02;5;3;2;3;11;2;144000;1
2025;12;5;1203;1203003;-;02;5;3;2;3;11;4;360;1
2025;12;5;1203;1203003;-;02;5;3;2;3;11;5;1200;1
2025;12;6;1201;1201004;-;02;5;4;2;3;11;1;300000;1
2025;12;6;1201;1201004;-;02;5;4;2;3;11;4;1000;1
2025;12;6;1201;1201004;-;02;5;4;2;3;11;5;12000;1
2025;12;6;1201;1201004;-;02;8;3;2;3;11;2;589663;1
2025;12;6;1201;1201004;-;02;8;3;2;3;11;4;1200;1
2025;12;6;1201;1201004;-;02;8;3;2;3;11;5;10950;1
2025;12;6;1201;1201005;-;02;3;7;2;3;11;2;2423046;1
2025;12;6;1201;1201005;-;02;3;7;2;3;11;4;1500;1
2025;12;6;1201;1201005;-;02;3;7;2;3;11;5;108600;1
2025;12;6;1201;1201005;-;02;12;5;2;3;11;2;1836358;1
2025;12;6;1201;1201005;-;02;12;5;2;3;11;4;2496;1
2025;12;6;1201;1201005;-;02;12;5;2;3;11;5;82825;1
2025;12;6;1202;1202004;-;02;11;6;2;3;11;2;901433;1
2025;12;6;1202;1202004;-;02;11;6;2;3;11;4;5400;1
2025;12;6;1202;1202004;-;02;11;6;2;3;11;5;87600;1
2025;12;7;1201;1201004;-;02;13;4;2;3;11;2;171174;1
2025;12;7;1201;1201004;-;02;13;4;2;3;11;4;1000;1
2025;12;7;1201;1201004;-;02;13;4;2;3;11;5;4000;1
2025;12;11;1202;1202004;-;01;8;4;2;3;11;2;191724;1
2025;12;11;1202;1202004;-;01;8;4;2;3;11;5;11000;1
2025;12;11;1202;1202004;-;02;3;5;2;3;11;2;1249600;1
2025;12;11;1202;1202004;-;02;3;5;2;3;11;4;4500;1
2025;12;11;1202;1202004;-;02;3;5;2;3;11;5;122700;1
2025;12;11;1202;1202004;-;02;5;3;2;3;11;2;878490;2
2025;12;11;1202;1202004;-;02;5;3;2;3;11;4;1265;2
2025;12;11;1202;1202004;-;02;5;3;2;3;11;5;7275;2
2025;12;11;1202;1202004;-;02;5;4;2;3;11;1;470;1
2025;12;11;1202;1202004;-;02;5;4;2;3;11;2;3362140;4
2025;12;11;1202;1202004;-;02;5;4;2;3;11;4;6415;4
2025;12;11;1202;1202004;-;02;5;4;2;3;11;5;98850;5
2025;12;11;1202;1202004;-;02;5;5;2;3;11;2;1400000;1
2025;12;11;1202;1202004;-;02;5;5;2;3;11;4;250;1
2025;12;11;1202;1202004;-;02;5;5;2;3;11;5;28800;1
2025;12;11;1202;1202004;-;02;8;4;2;3;11;2;2130577;1
2025;12;11;1202;1202004;-;02;8;4;2;3;11;4;5475;1
2025;12;11;1202;1202004;-;02;8;4;2;3;11;5;40374;1
2025;12;11;1202;1202004;-;02;8;5;2;3;11;2;555257;1
2025;12;11;1202;1202004;-;02;8;5;2;3;11;4;6464;1
2025;12;11;1202;1202004;-;02;8;5;2;3;11;5;71107;1
2025;12;11;1202;1202004;-;02;11;4;2;3;11;2;1614115;4
2025;12;11;1202;1202004;-;02;11;4;2;3;11;4;3375;4
2025;12;11;1202;1202004;-;02;11;4;2;3;11;5;89470;4
2025;12;11;1202;1202004;-;02;11;5;2;3;11;2;2391623;1
2025;12;11;1202;1202004;-;02;11;5;2;3;11;4;1906;1
2025;12;11;1202;1202004;-;02;11;5;2;3;11;5;155383;1
2025;12;12;1203;1203001;-;02;5;3;2;3;11;2;1266748;3
2025;12;12;1203;1203001;-;02;5;3;2;3;11;4;2225;3
2025;12;12;1203;1203001;-;02;5;3;2;3;11;5;25400;2
2025;12;12;1203;1203001;-;02;5;4;2;3;11;2;414151;1
2025;12;12;1203;1203001;-;02;5;4;2;3;11;4;500;1
2025;12;12;1203;1203001;-;02;5;4;2;3;11;5;5500;1
2025;12;12;1203;1203001;-;02;11;4;2;3;11;2;457769;1
2025;12;12;1203;1203001;-;02;11;4;2;3;11;4;120;1
2025;12;12;1203;1203001;-;02;14;3;2;3;11;2;320100;1
2025;12;12;1203;1203001;-;02;14;3;2;3;11;4;2000;1
2025;12;12;1203;1203001;-;02;14;3;2;3;11;5;5000;1
2025;12;12;1203;1203002;-;02;5;5;2;3;11;1;1504417;1
2025;12;12;1203;1203002;-;02;5;5;2;3;11;2;957581;1
2025;12;12;1203;1203002;-;02;5;5;2;3;11;4;11625;2
2025;12;12;1203;1203002;-;02;5;5;2;3;11;5;108800;2
2025;12;12;1203;1203002;-;02;12;3;2;3;11;1;451254;1
2025;13;2;1301;1301005;-;01;5;5;2;3;11;4;2000;1
2025;13;2;1301;1301005;-;01;5;5;2;3;11;5;3200;1
2025;13;2;1301;1301005;-;02;5;2;2;3;11;1;43200;1
2025;13;2;1301;1301005;-;02;5;2;2;3;11;2;17700;1
2025;13;2;1301;1301005;-;02;5;2;2;3;11;4;970;1
2025;13;2;1301;1301005;-;02;5;2;2;3;11;5;5200;1
2025;13;2;1301;1301005;-;02;5;4;2;3;11;2;400000;1
2025;13;2;1301;1301005;-;02;5;4;2;3;11;4;3000;1
2025;13;2;1301;1301005;-;02;5;4;2;3;11;5;20000;1
2025;13;2;1301;1301006;-;02;5;3;2;3;11;1;127211;1
2025;13;2;1301;1301006;-;02;5;3;2;3;11;4;730;1
2025;13;2;1301;1301006;-;02;5;3;2;3;11;5;7000;1
2025;13;6;1303;1303006;-;02;5;7;2;3;11;2;3015040;1
2025;13;6;1303;1303006;-;02;5;7;2;3;11;4;1800;1
2025;13;6;1303;1303006;-;02;5;7;2;3;11;5;100000;1
2025;13;7;1303;1303005;-;01;14;7;2;3;11;2;79905;1
2025;13;7;1303;1303005;-;02;5;5;2;3;11;2;530000;1
2025;13;7;1303;1303005;-;02;5;5;2;3;11;4;1800;1
2025;13;7;1303;1303005;-;02;5;5;2;3;11;5;35000;1
2025;13;9;1301;1301002;-;01;5;2;2;3;11;2;4000;1
2025;13;9;1301;1301002;-;01;5;2;2;3;11;4;1000;1
2025;13;9;1301;1301002;-;01;5;2;2;3;11;5;1000;1
2025;14;2;1402;1402005;-;01;1;7;2;3;11;4;40;1
2025;14;3;1401;1401006;-;02;14;5;2;3;11;2;239637;1
2025;14;3;1401;1401006;-;02;14;5;2;3;11;4;2390;1
2025;14;3;1401;1401006;-;02;14;5;2;3;11;5;11980;1
2025;14;3;1403;1403001;-;01;5;5;2;3;11;2;1570038;1
2025;14;3;1403;1403001;-;01;5;5;2;3;11;4;1400;1
2025;14;3;1403;1403001;-;01;5;5;2;3;11;5;32800;1
2025;14;3;1403;1403002;-;01;5;6;2;3;11;1;750000;1
2025;14;3;1403;1403002;-;01;5;6;2;3;11;4;4600;1
2025;14;3;1403;1403002;-;01;5;6;2;3;11;5;29500;1
2025;14;4;1402;1402006;-;01;5;2;2;3;11;3;32400;1
2025;14;4;1402;1402006;-;01;5;2;2;3;11;4;1080;1
2025;14;4;1402;1402006;-;02;5;2;2;3;11;3;1200;1
2025;14;4;1402;1402006;-;02;5;4;2;3;11;1;8500;1
2025;14;4;1402;1402006;-;02;5;4;2;3;11;3;50000;1
2025;14;4;1402;1402006;-;02;5;4;2;3;11;4;4000;1
2025;14;4;1402;1402006;-;02;5;4;2;3;11;5;5500;1
2025;14;4;1404;1404003;-;01;11;3;2;3;11;3;60000;1
2025;14;4;1404;1404003;-;01;11;3;2;3;11;4;750;1
2025;14;4;1404;1404003;-;01;11;3;2;3;11;5;10800;1
2025;14;4;1404;1404007;-;01;5;2;2;3;11;3;97200;1
2025;14;4;1404;1404007;-;01;5;2;2;3;11;4;1080;1
2025;14;4;1404;1404007;-;01;5;2;2;3;11;5;10800;1
2025;14;4;1404;1404007;-;01;5;4;2;3;11;3;425000;1
2025;14;4;1404;1404007;-;01;5;4;2;3;11;4;950;1
2025;14;4;1404;1404007;-;01;5;4;2;3;11;5;8000;1
2025;14;7;1405;1405007;-;02;5;5;2;3;11;2;1494250;1
2025;14;7;1405;1405007;-;02;5;5;2;3;11;4;3480;1
2025;14;7;1405;1405007;-;02;5;5;2;3;11;5;63857;1
2025;14;8;1403;1403007;-;02;5;2;2;3;11;2;7000;1
2025;14;8;1404;1404005;-;02;5;4;2;3;11;3;146000;1
2025;14;8;1404;1404005;-;02;5;4;2;3;11;4;720;1
2025;14;8;1404;1404005;-;02;5;4;2;3;11;5;4000;1
2025;14;10;1403;1403006;-;02;5;5;2;3;11;2;1314000;1
2025;14;10;1403;1403006;-;02;5;5;2;3;11;4;710;1
2025;14;10;1403;1403007;-;01;8;5;2;3;11;3;183000;1
2025;14;10;1403;1403007;-;02;5;4;2;3;11;2;120000;1
2025;14;10;1403;1403007;-;02;5;4;2;3;11;4;300;1
2025;14;10;1403;1403007;-;02;5;4;2;3;11;5;12500;1
2025;14;10;1403;1403007;-;02;5;6;2;3;11;1;1538727;1
2025;14;10;1403;1403007;-;02;5;6;2;3;11;4;2300;1
2025;14;10;1403;1403007;-;02;5;6;2;3;11;5;145000;1
2025;14;11;1405;1405006;-;02;12;6;2;3;11;2;1275753;1
2025;14;11;1405;1405006;-;02;12;6;2;3;11;4;2000;1
2025;14;11;1405;1405006;-;02;12;6;2;3;11;5;18000;1
2025;14;12;1405;1405001;-;02;5;4;2;3;11;3;150000;1
2025;14;12;1405;1405001;-;02;5;4;2;3;11;4;1800;1
2025;14;12;1405;1405001;-;02;5;4;2;3;11;5;7200;1
2025;14;12;1405;1405002;-;02;14;2;2;3;11;2;316092;1
2025;14;12;1405;1405002;-;02;14;2;2;3;11;4;200;1
2025;14;12;1405;1405002;-;02;14;2;2;3;11;5;43800;1
2025;14;12;1405;1405004;-;01;5;2;2;3;11;2;15600;1
2025;14;12;1405;1405004;-;01;5;2;2;3;11;4;1200;1
2025;14;12;1405;1405004;-;01;5;2;2;3;11;5;5000;1
2025;14;12;1405;1405005;-;01;1;4;2;3;11;3;62903;1
2025;14;12;1405;1405005;-;01;1;4;2;3;11;4;5902;1
2025;14;12;1405;1405005;-;01;1;4;2;3;11;5;7429;1
2025;14;12;1405;1405005;-;01;11;4;2;3;11;1;510350;1
2025;14;12;1405;1405005;-;01;11;4;2;3;11;4;250;1
2025;14;12;1405;1405005;-;01;11;4;2;3;11;5;400;1
2025;14;12;1405;1405005;-;02;5;2;2;3;11;1;22265;1
2025;14;12;1405;1405005;-;02;5;2;2;3;11;4;365;1
2025;14;12;1405;1405005;-;02;5;2;2;3;11;5;2190;1
2025;14;12;1405;1405005;-;02;5;3;2;3;11;1;167000;1
2025;14;12;1405;1405005;-;02;5;3;2;3;11;3;72000;1
2025;14;12;1405;1405005;-;02;5;3;2;3;11;4;700;1
2025;15;1;0;0;-;63;5;1;1;1;11;2;108000;1
2025;15;3;1505;1505006;-;02;5;4;2;3;11;1;105000;1
2025;15;3;1505;1505006;-;02;5;4;2;3;11;4;4000;1
2025;15;3;1505;1505006;-;02;5;4;2;3;11;5;1500;1
2025;15;3;1505;1505007;-;02;11;2;2;3;11;2;3000;1
2025;15;3;1505;1505007;-;02;11;2;2;3;11;4;200;1
2025;15;3;1505;1505007;-;02;11;2;2;3;11;5;800;1
2025;15;3;1505;1505007;-;02;11;7;1;1;11;2;584698;1
2025;15;3;1505;1505007;-;02;11;7;1;1;11;4;1095;1
2025;15;4;1504;1504004;-;01;5;5;2;3;11;2;13680;1
2025;15;4;1504;1504004;-;02;5;2;2;3;11;4;900;1
2025;15;4;1505;1505003;-;01;14;2;2;3;11;1;24000;1
2025;15;4;1505;1505003;-;01;14;2;2;3;11;4;3000;1
2025;15;4;1505;1505003;-;01;14;2;2;3;11;5;13000;1
2025;15;4;1505;1505003;-;02;11;2;2;3;11;2;85000;1
2025;15;4;1505;1505003;-;02;11;2;2;3;11;4;400;1
2025;15;4;1505;1505003;-;02;11;2;2;3;11;5;1200;1
2025;15;4;1505;1505006;-;02;5;3;2;3;11;1;100000;1
2025;15;4;1505;1505006;-;02;5;3;2;3;11;4;4000;1
2025;15;4;1505;1505006;-;02;5;3;2;3;11;5;2000;1
2025;15;6;1504;1504001;-;01;5;6;2;3;11;2;500000;1
2025;15;6;1504;1504001;-;01;5;6;2;3;11;4;2000;1
2025;15;6;1504;1504001;-;01;5;6;2;3;11;5;30000;1
2025;15;6;1504;1504005;-;02;14;6;2;3;11;2;5826495;1
2025;15;6;1504;1504005;-;02;14;6;2;3;11;5;73000;1
2025;15;6;1505;1505003;-;02;11;3;2;3;11;2;120000;1
2025;15;6;1505;1505003;-;02;11;3;2;3;11;4;1100;1
2025;15;6;1505;1505003;-;02;11;3;2;3;11;5;8500;1
2025;15;6;1505;1505004;-;02;5;2;2;3;11;2;28000;1
2025;15;6;1505;1505004;-;02;5;4;2;3;11;2;205000;1
2025;15;6;1505;1505004;-;02;5;4;2;3;11;4;300;1
2025;15;6;1505;1505004;-;02;5;4;2;3;11;5;4000;1
2025;15;6;1505;1505004;-;02;8;4;2;3;11;2;188764;1
2025;15;6;1505;1505004;-;02;8;4;2;3;11;4;1000;1
2025;15;6;1505;1505004;-;02;8;4;2;3;11;5;18240;1
2025;15;6;1505;1505005;-;01;1;7;2;3;11;2;381226;1
2025;15;6;1505;1505005;-;01;1;7;2;3;11;4;2158;1
2025;15;6;1505;1505005;-;01;1;7;2;3;11;5;5548;1
2025;15;7;1503;1503004;-;02;8;6;2;3;11;2;813988;1
2025;15;7;1503;1503004;-;02;8;6;2;3;11;4;20000;1
2025;15;7;1503;1503004;-;02;8;6;2;3;11;5;43200;1
2025;15;7;1503;1503004;-;02;13;5;2;3;11;2;97894;1
2025;15;7;1503;1503004;-;02;13;5;2;3;11;4;800;1
2025;15;7;1503;1503004;-;02;13;5;2;3;11;5;9000;1
2025;15;7;1503;1503005;-;02;5;5;2;3;11;3;100000;1
2025;15;7;1503;1503005;-;02;5;5;2;3;11;4;1000;1
2025;15;7;1503;1503005;-;02;5;5;2;3;11;5;1200;1
2025;15;7;1504;1504003;-;02;9;7;2;3;11;2;7472493;1
2025;15;7;1504;1504003;-;02;9;7;2;3;11;4;14600;1
2025;15;7;1504;1504003;-;02;9;7;2;3;11;5;200000;1
2025;15;7;1504;1504006;-;02;5;5;2;3;11;1;823650;1
2025;15;7;1504;1504006;-;02;5;5;2;3;11;4;2600;1
2025;15;7;1504;1504006;-;02;5;5;2;3;11;5;115000;1
2025;15;9;0;0;-;18;11;1;1;1;11;2;29160;1
2025;15;9;1503;1503005;-;01;11;5;2;3;11;2;300000;1
2025;15;9;1503;1503005;-;01;11;5;2;3;11;4;1500;1
2025;15;9;1503;1503005;-;01;11;5;2;3;11;5;30000;1
2025;15;9;1503;1503005;-;02;5;4;2;3;11;1;95100;1
2025;15;9;1503;1503005;-;02;5;4;2;3;11;2;29160;1
2025;15;9;1503;1503005;-;02;5;4;2;3;11;4;1000;1
2025;15;9;1503;1503005;-;02;5;5;2;3;11;2;395000;1
2025;15;9;1503;1503005;-;02;5;5;2;3;11;5;3900;1
2025;15;9;1503;1503005;-;02;5;6;2;3;11;2;1017581;1
2025;15;9;1503;1503005;-;02;5;6;2;3;11;4;2700;1
2025;15;9;1503;1503005;-;02;5;6;2;3;11;5;55250;1
2025;15;9;1503;1503005;-;02;8;3;2;3;11;2;14000;1
2025;15;9;1503;1503005;-;02;8;3;2;3;11;4;500;1
2025;15;9;1503;1503005;-;02;8;5;2;3;11;4;2000;1
2025;15;9;1503;1503005;-;02;8;5;2;3;11;5;100;1
2025;15;9;1503;1503005;-;02;11;4;2;3;11;2;222293;1
2025;15;9;1503;1503005;-;02;11;4;2;3;11;4;960;1
2025;15;9;1503;1503005;-;02;11;4;2;3;11;5;1920;1
2025;15;9;1503;1503005;-;02;11;5;2;3;11;2;253000;3
2025;15;9;1503;1503005;-;02;11;5;2;3;11;4;950;3
2025;15;9;1503;1503005;-;02;11;5;2;3;11;5;20080;2
2025;15;9;1504;1504001;-;01;5;4;2;3;11;1;320000;1
2025;15;9;1504;1504001;-;01;5;4;2;3;11;4;2000;1
2025;15;9;1504;1504001;-;01;5;4;2;3;11;5;12000;1
2025;15;9;1504;1504001;-;01;5;5;2;3;11;2;27500;1
2025;15;9;1504;1504001;-;01;5;5;2;3;11;4;500;1
2025;15;9;1504;1504001;-;02;5;5;2;3;11;2;320000;1
2025;15;9;1504;1504001;-;02;5;5;2;3;11;4;500;1
2025;15;9;1504;1504001;-;02;5;5;2;3;11;5;60000;1
2025;15;9;1504;1504001;-;02;8;4;2;3;11;2;213560;1
2025;15;9;1504;1504001;-;02;8;4;2;3;11;4;850;1
2025;15;9;1504;1504001;-;02;8;4;2;3;11;5;21360;1
2025;15;16;1502;1502004;-;02;12;5;2;3;11;2;123679;1
2025;15;16;1502;1502004;-;02;12;5;2;3;11;4;650;1
2025;15;16;1502;1502004;-;02;12;5;2;3;11;5;25000;1
2025;16;1;0;0;-;63;12;1;1;1;11;2;370902;1
2025;16;1;0;0;-;63;12;1;1;1;11;4;1500;1
2025;16;1;0;0;-;63;12;1;1;1;11;5;43800;1
2025;16;1;1605;1605002;-;01;5;2;2;3;11;3;28000;1
2025;16;1;1605;1605002;-;01;5;2;2;3;11;4;300;1
2025;16;1;1605;1605002;-;01;5;2;2;3;11;5;800;1
2025;16;1;1605;1605002;-;02;2;5;2;3;11;2;219000;1
2025;16;1;1605;1605002;-;02;2;5;2;3;11;4;730;1
2025;16;1;1605;1605002;-;02;2;5;2;3;11;5;27375;1
2025;16;1;1605;1605002;-;02;5;2;2;3;11;1;2200;1
2025;16;1;1605;1605002;-;02;5;2;2;3;11;2;437000;2
2025;16;1;1605;1605002;-;02;5;2;2;3;11;3;8600;1
2025;16;1;1605;1605002;-;02;5;2;2;3;11;4;3000;3
2025;16;1;1605;1605002;-;02;5;2;2;3;11;5;7500;3
2025;16;1;1605;1605002;-;02;5;4;2;3;11;2;132280;1
2025;16;1;1605;1605002;-;02;5;4;2;3;11;4;1500;1
2025;16;1;1605;1605002;-;02;5;4;2;3;11;5;5400;1
2025;16;1;1605;1605002;-;02;11;2;2;3;11;3;30000;1
2025;16;1;1605;1605002;-;02;11;2;2;3;11;4;900;1
2025;16;1;1605;1605002;-;02;11;2;2;3;11;5;1500;1
2025;16;1;1605;1605002;-;02;11;4;2;3;11;2;614981;1
2025;16;1;1605;1605002;-;02;11;4;2;3;11;3;170000;1
2025;16;1;1605;1605002;-;02;11;4;2;3;11;4;9080;1
2025;16;1;1605;1605002;-;02;11;4;2;3;11;5;76000;1
2025;16;1;1605;1605002;-;02;12;5;2;3;11;2;676958;1
2025;16;1;1605;1605002;-;02;12;5;2;3;11;4;2920;1
2025;16;2;0;0;-;63;5;1;1;1;11;2;185000;1
2025;16;2;0;0;-;63;5;1;1;1;11;5;35000;1
2025;16;3;1601;1601001;-;02;5;3;2;3;11;3;110000;1
2025;16;3;1601;1601001;-;02;5;3;2;3;11;4;800;1
2025;16;3;1601;1601001;-;02;5;3;2;3;11;5;18000;1
2025;16;3;1601;1601002;-;02;5;4;2;3;11;3;385000;1
2025;16;3;1601;1601002;-;02;5;4;2;3;11;4;1000;1
2025;16;3;1601;1601002;-;02;5;4;2;3;11;5;24000;1
2025;16;3;1601;1601003;-;02;2;4;2;3;11;3;190000;1
2025;16;3;1601;1601003;-;02;2;4;2;3;11;4;1200;1
2025;16;3;1601;1601003;-;02;2;4;2;3;11;5;14000;1
2025;16;3;1601;1601003;-;02;5;2;2;3;11;1;120000;1
2025;16;3;1601;1601003;-;02;5;2;2;3;11;2;778569;4
2025;16;3;1601;1601003;-;02;5;2;2;3;11;3;500550;2
2025;16;3;1601;1601003;-;02;5;2;2;3;11;4;7930;6
2025;16;3;1601;1601003;-;02;5;2;2;3;11;5;51020;6
2025;16;3;1601;1601003;-;02;5;3;2;3;11;2;371620;3
2025;16;3;1601;1601003;-;02;5;3;2;3;11;3;2084200;5
2025;16;3;1601;1601003;-;02;5;3;2;3;11;4;9950;7
2025;16;3;1601;1601003;-;02;5;3;2;3;11;5;74825;7
2025;16;3;1601;1601003;-;02;5;4;2;3;11;2;1682750;2
2025;16;3;1601;1601003;-;02;5;4;2;3;11;3;672400;2
2025;16;3;1601;1601003;-;02;5;4;2;3;11;4;4300;4
2025;16;3;1601;1601003;-;02;5;4;2;3;11;5;73500;4
2025;16;3;1601;1601003;-;02;5;5;2;3;11;2;276000;1
2025;16;3;1601;1601003;-;02;5;5;2;3;11;3;270100;1
2025;16;3;1601;1601003;-;02;5;5;2;3;11;4;1400;1
2025;16;3;1601;1601003;-;02;5;5;2;3;11;5;24000;1
2025;16;3;1601;1601003;-;02;11;2;2;3;11;2;97273;1
2025;16;3;1601;1601003;-;02;11;2;2;3;11;4;3000;1
2025;16;3;1601;1601003;-;02;11;2;2;3;11;5;16000;1
2025;16;3;1601;1601003;-;02;11;3;2;3;11;3;409900;2
2025;16;3;1601;1601003;-;02;11;3;2;3;11;4;2250;2
2025;16;3;1601;1601003;-;02;11;3;2;3;11;5;8300;2
2025;16;3;1601;1601003;-;02;11;4;2;3;11;2;346715;2
2025;16;3;1601;1601003;-;02;11;4;2;3;11;3;146000;1
2025;16;3;1601;1601003;-;02;11;4;2;3;11;4;1095;1
2025;16;3;1601;1601003;-;02;11;4;2;3;11;5;20300;2
2025;16;3;1601;1601003;-;02;11;5;2;3;11;2;1304395;1
2025;16;3;1601;1601003;-;02;11;5;2;3;11;4;2190;1
2025;16;3;1601;1601003;-;02;11;5;2;3;11;5;80000;1
2025;16;3;1601;1601004;-;02;5;2;2;3;11;2;100000;1
2025;16;3;1601;1601004;-;02;5;2;2;3;11;3;53000;1
2025;16;3;1601;1601004;-;02;5;2;2;3;11;4;1700;2
2025;16;3;1601;1601004;-;02;5;2;2;3;11;5;3450;2
2025;16;3;1601;1601004;-;02;5;3;2;3;11;2;214250;3
2025;16;3;1601;1601004;-;02;5;3;2;3;11;3;906400;3
2025;16;3;1601;1601004;-;02;5;3;2;3;11;4;3040;5
2025;16;3;1601;1601004;-;02;5;3;2;3;11;5;29100;4
2025;16;3;1601;1601004;-;02;5;4;2;3;11;2;160000;1
2025;16;3;1601;1601004;-;02;5;4;2;3;11;4;800;1
2025;16;3;1601;1601004;-;02;5;4;2;3;11;5;12000;1
2025;16;3;1601;1601004;-;02;11;2;2;3;11;3;183210;2
2025;16;3;1601;1601004;-;02;11;2;2;3;11;4;2100;2
2025;16;3;1601;1601004;-;02;11;2;2;3;11;5;8000;2
2025;16;3;1601;1601004;-;02;11;5;2;3;11;2;2824405;1
2025;16;3;1601;1601004;-;02;11;5;2;3;11;4;4000;1
2025;16;3;1601;1601004;-;02;11;5;2;3;11;5;80000;1
2025;16;3;1601;1601004;-;03;12;6;2;3;11;5;2000;1
2025;16;3;1601;1601005;-;02;5;2;2;3;11;3;223846;2
2025;16;3;1601;1601005;-;02;5;2;2;3;11;4;1600;2
2025;16;3;1601;1601005;-;02;5;2;2;3;11;5;3000;1
2025;16;3;1601;1601005;-;02;5;3;2;3;11;2;110000;1
2025;16;3;1601;1601005;-;02;5;3;2;3;11;4;800;1
2025;16;3;1601;1601005;-;02;5;3;2;3;11;5;11000;1
2025;16;3;1601;1601005;-;02;5;4;2;3;11;2;2800739;4
2025;16;3;1601;1601005;-;02;5;4;2;3;11;3;182500;1
2025;16;3;1601;1601005;-;02;5;4;2;3;11;4;4600;4
2025;16;3;1601;1601005;-;02;5;4;2;3;11;5;50600;4
2025;16;3;1601;1601005;-;02;11;2;2;3;11;2;112452;1
2025;16;3;1601;1601005;-;02;11;2;2;3;11;3;36000;1
2025;16;3;1601;1601005;-;02;11;2;2;3;11;4;1700;2
2025;16;3;1601;1601005;-;02;11;2;2;3;11;5;3240;1
2025;16;3;1601;1601005;-;02;14;4;2;3;11;3;160500;1
2025;16;3;1601;1601005;-;02;14;4;2;3;11;4;900;1
2025;16;3;1601;1601005;-;02;14;4;2;3;11;5;3000;1
2025;16;3;1601;1601006;-;02;5;2;2;3;11;1;22000;1
2025;16;3;1601;1601006;-;02;5;2;2;3;11;2;232891;2
2025;16;3;1601;1601006;-;02;5;2;2;3;11;3;29930;1
2025;16;3;1601;1601006;-;02;5;2;2;3;11;4;3700;4
2025;16;3;1601;1601006;-;02;5;2;2;3;11;5;26300;4
2025;16;3;1601;1601006;-;02;5;3;2;3;11;2;404469;2
2025;16;3;1601;1601006;-;02;5;3;2;3;11;3;315000;1
2025;16;3;1601;1601006;-;02;5;3;2;3;11;4;2800;3
2025;16;3;1601;1601006;-;02;5;3;2;3;11;5;27000;3
2025;16;3;1601;1601006;-;02;5;4;2;3;11;2;131792;1
2025;16;3;1601;1601006;-;02;5;4;2;3;11;4;250;1
2025;16;3;1601;1601006;-;02;5;4;2;3;11;5;21000;1
2025;16;3;1601;1601006;-;02;5;5;2;3;11;2;758756;1
2025;16;3;1601;1601006;-;02;5;5;2;3;11;4;2500;1
2025;16;3;1601;1601006;-;02;5;5;2;3;11;5;35000;1
2025;16;3;1601;1601006;-;02;11;2;2;3;11;2;143000;1
2025;16;3;1601;1601006;-;02;11;2;2;3;11;3;142830;2
2025;16;3;1601;1601006;-;02;11;2;2;3;11;4;2180;3
2025;16;3;1601;1601006;-;02;11;2;2;3;11;5;8600;2
2025;16;3;1601;1601006;-;02;11;3;2;3;11;2;1070028;2
2025;16;3;1601;1601006;-;02;11;3;2;3;11;3;438700;2
2025;16;3;1601;1601006;-;02;11;3;2;3;11;4;2760;3
2025;16;3;1601;1601006;-;02;11;3;2;3;11;5;68200;4
2025;16;3;1601;1601006;-;02;11;4;2;3;11;2;535990;1
2025;16;3;1601;1601006;-;02;11;4;2;3;11;4;1500;1
2025;16;3;1601;1601006;-;02;11;4;2;3;11;5;30000;1
2025;16;3;1601;1601006;-;02;12;5;2;3;11;2;480000;1
2025;16;3;1601;1601006;-;02;13;4;2;3;11;2;991775;1
2025;16;3;1601;1601006;-;02;13;4;2;3;11;4;1500;1
2025;16;3;1601;1601006;-;02;13;4;2;3;11;5;30000;1
2025;16;3;1602;1602004;-;02;5;2;2;3;11;2;150000;1
2025;16;3;1602;1602004;-;02;5;2;2;3;11;3;453500;6
2025;16;3;1602;1602004;-;02;5;2;2;3;11;4;4200;5
2025;16;3;1602;1602004;-;02;5;2;2;3;11;5;18300;5
2025;16;3;1602;1602004;-;02;5;3;2;3;11;1;249215;1
2025;16;3;1602;1602004;-;02;5;3;2;3;11;2;361700;2
2025;16;3;1602;1602004;-;02;5;3;2;3;11;3;452600;1
2025;16;3;1602;1602004;-;02;5;3;2;3;11;4;3680;4
2025;16;3;1602;1602004;-;02;5;3;2;3;11;5;45000;4
2025;16;3;1602;1602004;-;02;5;4;2;3;11;2;2103632;4
2025;16;3;1602;1602004;-;02;5;4;2;3;11;3;862400;2
2025;16;3;1602;1602004;-;02;5;4;2;3;11;4;7465;5
2025;16;3;1602;1602004;-;02;5;4;2;3;11;5;109000;5
2025;16;3;1602;1602004;-;02;5;5;2;3;11;1;1885850;1
2025;16;3;1602;1602004;-;02;5;5;2;3;11;3;280000;1
2025;16;3;1602;1602004;-;02;5;5;2;3;11;4;2000;1
2025;16;3;1602;1602004;-;02;5;5;2;3;11;5;137000;2
2025;16;3;1602;1602004;-;02;8;5;2;3;11;2;2691873;1
2025;16;3;1602;1602004;-;02;8;5;2;3;11;4;2000;1
2025;16;3;1602;1602004;-;02;8;5;2;3;11;5;80000;1
2025;16;3;1602;1602004;-;02;11;2;2;3;11;2;409120;2
2025;16;3;1602;1602004;-;02;11;2;2;3;11;3;356900;3
2025;16;3;1602;1602004;-;02;11;2;2;3;11;4;5600;5
2025;16;3;1602;1602004;-;02;11;2;2;3;11;5;30400;5
2025;16;3;1602;1602004;-;02;11;3;2;3;11;2;172526;1
2025;16;3;1602;1602004;-;02;11;3;2;3;11;4;1095;1
2025;16;3;1602;1602004;-;02;11;3;2;3;11;5;4380;1
2025;16;3;1602;1602004;-;02;11;4;2;3;11;2;586669;1
2025;16;3;1602;1602004;-;02;11;4;2;3;11;4;450;1
2025;16;3;1605;1605001;-;02;11;2;2;3;11;1;880;1
2025;16;3;1605;1605001;-;02;11;2;2;3;11;2;150000;1
2025;16;3;1605;1605001;-;02;11;2;2;3;11;4;500;1
2025;16;3;1605;1605001;-;02;11;2;2;3;11;5;3200;1
2025;16;3;1605;1605004;-;02;5;2;2;3;11;2;85000;1
2025;16;3;1605;1605004;-;02;11;2;2;3;11;3;111325;1
2025;16;3;1605;1605004;-;02;11;2;2;3;11;4;1100;1
2025;16;3;1605;1605004;-;02;11;2;2;3;11;5;6700;1
2025;16;4;1601;1601001;-;01;5;2;2;3;11;3;110900;1
2025;16;4;1601;1601001;-;01;5;2;2;3;11;4;1100;1
2025;16;4;1601;1601001;-;01;5;2;2;3;11;5;4800;1
2025;16;4;1601;1601001;-;02;5;2;2;3;11;2;162000;2
2025;16;4;1601;1601001;-;02;5;2;2;3;11;3;321400;5
2025;16;4;1601;1601001;-;02;5;2;2;3;11;4;3000;5
2025;16;4;1601;1601001;-;02;5;2;2;3;11;5;21400;4
2025;16;4;1601;1601001;-;02;5;3;2;3;11;2;54222;1
2025;16;4;1601;1601001;-;02;5;3;2;3;11;3;512000;5
2025;16;4;1601;1601001;-;02;5;3;2;3;11;4;3820;6
2025;16;4;1601;1601001;-;02;5;3;2;3;11;5;18860;6
2025;16;4;1601;1601001;-;02;5;4;2;3;11;2;1129257;2
2025;16;4;1601;1601001;-;02;5;4;2;3;11;3;661505;2
2025;16;4;1601;1601001;-;02;5;4;2;3;11;4;3295;3
2025;16;4;1601;1601001;-;02;5;4;2;3;11;5;125650;3
2025;16;4;1601;1601001;-;02;5;5;2;3;11;2;289487;1
2025;16;4;1601;1601001;-;02;5;5;2;3;11;4;730;1
2025;16;4;1601;1601001;-;02;5;5;2;3;11;5;1100;1
2025;16;4;1601;1601001;-;02;8;2;2;3;11;3;19800;1
2025;16;4;1601;1601001;-;02;8;2;2;3;11;4;1500;1
2025;16;4;1601;1601001;-;02;8;2;2;3;11;5;1500;1
2025;16;4;1601;1601001;-;02;8;4;2;3;11;2;827585;1
2025;16;4;1601;1601001;-;02;8;4;2;3;11;4;400;1
2025;16;4;1601;1601001;-;02;8;4;2;3;11;5;18250;1
2025;16;4;1601;1601001;-;02;11;2;1;1;11;2;120000;1
2025;16;4;1601;1601001;-;02;11;4;2;3;11;2;333374;1
2025;16;4;1601;1601001;-;02;11;4;2;3;11;3;499000;2
2025;16;4;1601;1601001;-;02;11;4;2;3;11;4;3500;2
2025;16;4;1601;1601001;-;02;11;4;2;3;11;5;29500;3
2025;16;4;1601;1601001;-;02;11;5;2;3;11;2;1745257;1
2025;16;4;1601;1601001;-;02;11;5;2;3;11;3;500000;1
2025;16;4;1601;1601001;-;02;11;5;2;3;11;4;3300;2
2025;16;4;1601;1601001;-;02;11;5;2;3;11;5;41000;2
2025;16;4;1601;1601001;-;02;12;6;2;3;11;2;3807281;1
2025;16;4;1601;1601001;-;02;12;6;2;3;11;4;3000;1
2025;16;4;1601;1601001;-;02;12;6;2;3;11;5;45000;1
2025;16;4;1601;1601002;-;02;2;5;2;3;11;2;1394013;1
2025;16;4;1601;1601002;-;02;2;5;2;3;11;4;150;1
2025;16;4;1601;1601002;-;02;2;5;2;3;11;5;30000;1
2025;16;4;1601;1601002;-;02;5;2;2;3;11;2;91250;1
2025;16;4;1601;1601002;-;02;5;2;2;3;11;3;527400;5
2025;16;4;1601;1601002;-;02;5;2;2;3;11;4;5500;6
2025;16;4;1601;1601002;-;02;5;2;2;3;11;5;12500;5
2025;16;4;1601;1601002;-;02;5;3;2;3;11;2;1115240;4
2025;16;4;1601;1601002;-;02;5;3;2;3;11;3;173013;2
2025;16;4;1601;1601002;-;02;5;3;2;3;11;4;6250;6
2025;16;4;1601;1601002;-;02;5;3;2;3;11;5;46650;6
2025;16;4;1601;1601002;-;02;5;4;2;3;11;2;2750601;4
2025;16;4;1601;1601002;-;02;5;4;2;3;11;3;75920;1
2025;16;4;1601;1601002;-;02;5;4;2;3;11;4;4900;4
2025;16;4;1601;1601002;-;02;5;4;2;3;11;5;100700;4
2025;16;4;1601;1601002;-;02;5;5;2;3;11;2;976035;1
2025;16;4;1601;1601002;-;02;5;5;2;3;11;4;1350;1
2025;16;4;1601;1601002;-;02;5;5;2;3;11;5;56800;1
2025;16;4;1601;1601002;-;02;8;3;2;3;11;3;182500;1
2025;16;4;1601;1601002;-;02;8;3;2;3;11;4;700;1
2025;16;4;1601;1601002;-;02;8;3;2;3;11;5;6800;1
2025;16;4;1601;1601002;-;02;11;2;2;3;4;3;17800;1
2025;16;4;1601;1601002;-;02;11;2;2;3;4;4;250;1
2025;16;4;1601;1601002;-;02;11;2;2;3;11;3;171000;2
2025;16;4;1601;1601002;-;02;11;2;2;3;11;4;1700;2
2025;16;4;1601;1601002;-;02;11;2;2;3;11;5;3080;2
2025;16;4;1601;1601002;-;02;11;3;2;3;11;2;1489214;3
2025;16;4;1601;1601002;-;02;11;3;2;3;11;3;448950;1
2025;16;4;1601;1601002;-;02;11;3;2;3;11;4;5300;4
2025;16;4;1601;1601002;-;02;11;3;2;3;11;5;116300;4
2025;16;4;1601;1601002;-;02;11;4;2;3;11;3;81000;1
2025;16;4;1601;1601002;-;02;11;4;2;3;11;4;1000;1
2025;16;4;1601;1601002;-;02;11;4;2;3;11;5;3200;1
2025;16;4;1601;1601003;-;02;5;4;2;3;11;2;186150;1
2025;16;4;1601;1601003;-;02;5;4;2;3;11;3;109500;1
2025;16;4;1601;1601003;-;02;5;4;2;3;11;4;1200;1
2025;16;4;1601;1601003;-;02;5;4;2;3;11;5;16100;1
2025;16;4;1601;1601003;-;02;5;5;2;3;11;2;721524;1
2025;16;4;1601;1601003;-;02;5;5;2;3;11;4;1200;1
2025;16;4;1601;1601003;-;02;5;5;2;3;11;5;35000;1
2025;16;4;1601;1601003;-;02;11;3;2;3;11;3;292000;1
2025;16;4;1601;1601003;-;02;11;3;2;3;11;4;1000;1
2025;16;4;1601;1601003;-;02;11;5;2;3;11;2;644803;2
2025;16;4;1601;1601003;-;02;11;5;2;3;11;4;2500;1
2025;16;4;1601;1601003;-;02;11;5;2;3;11;5;90500;2
2025;16;4;1602;1602004;-;02;5;2;2;3;11;2;129600;1
2025;16;4;1602;1602004;-;02;5;2;2;3;11;3;55000;1
2025;16;4;1602;1602004;-;02;5;2;2;3;11;4;1900;1
2025;16;4;1602;1602004;-;02;5;2;2;3;11;5;15000;1
2025;16;5;1601;1601003;-;02;5;2;2;3;11;3;19000;1
2025;16;5;1601;1601003;-;02;5;2;2;3;11;4;500;1
2025;16;5;1601;1601003;-;02;5;2;2;3;11;5;500;1
2025;16;5;1604;1604001;-;01;5;5;2;3;11;3;532000;2
2025;16;5;1604;1604001;-;01;5;5;2;3;11;4;3000;2
2025;16;5;1604;1604001;-;01;5;5;2;3;11;5;31000;2
2025;16;5;1604;1604001;-;01;11;2;2;3;11;2;73000;1
2025;16;5;1604;1604001;-;01;11;2;2;3;11;3;26000;1
2025;16;5;1604;1604001;-;01;11;2;2;3;11;4;1400;1
2025;16;5;1604;1604001;-;01;11;2;2;3;11;5;10000;2
2025;16;5;1604;1604001;-;01;11;4;2;3;11;3;155000;1
2025;16;5;1604;1604001;-;01;11;4;2;3;11;4;1000;1
2025;16;5;1604;1604001;-;01;11;5;2;3;11;2;96130;1
2025;16;5;1604;1604001;-;01;11;5;2;3;11;3;1079050;2
2025;16;5;1604;1604001;-;01;11;5;2;3;11;4;3720;3
2025;16;5;1604;1604001;-;01;11;5;2;3;11;5;17100;2
2025;16;5;1604;1604001;-;02;5;2;2;3;11;2;2235074;5
2025;16;5;1604;1604001;-;02;5;2;2;3;11;3;748800;2
2025;16;5;1604;1604001;-;02;5;2;2;3;11;4;9000;7
2025;16;5;1604;1604001;-;02;5;2;2;3;11;5;152200;7
2025;16;5;1604;1604001;-;02;5;3;2;3;11;1;10000;1
2025;16;5;1604;1604001;-;02;5;3;2;3;11;2;808542;1
2025;16;5;1604;1604001;-;02;5;3;2;3;11;3;438000;1
2025;16;5;1604;1604001;-;02;5;3;2;3;11;4;3805;3
2025;16;5;1604;1604001;-;02;5;3;2;3;11;5;49510;3
2025;16;5;1604;1604001;-;02;5;4;2;3;11;2;1080000;1
2025;16;5;1604;1604001;-;02;5;4;2;3;11;3;115000;1
2025;16;5;1604;1604001;-;02;5;4;2;3;11;4;3095;2
2025;16;5;1604;1604001;-;02;5;4;2;3;11;5;75000;2
2025;16;5;1604;1604001;-;02;5;5;2;3;11;2;3070736;2
2025;16;5;1604;1604001;-;02;5;5;2;3;11;4;5300;2
2025;16;5;1604;1604001;-;02;5;5;2;3;11;5;8000;2
2025;16;5;1604;1604001;-;02;11;2;2;3;11;3;143000;1
2025;16;5;1604;1604001;-;02;11;2;2;3;11;4;1000;1
2025;16;5;1604;1604001;-;02;11;2;2;3;11;5;7000;1
2025;16;5;1604;1604001;-;02;11;3;2;3;11;3;150500;1
2025;16;5;1604;1604001;-;02;11;3;2;3;11;4;1000;1
2025;16;5;1604;1604001;-;02;11;4;2;3;11;2;122000;1
2025;16;5;1604;1604001;-;02;11;4;2;3;11;3;116800;1
2025;16;5;1604;1604001;-;02;11;4;2;3;11;4;1800;2
2025;16;5;1604;1604001;-;02;11;4;2;3;11;5;11700;2
2025;16;5;1604;1604001;-;02;12;4;2;3;11;3;180000;1
2025;16;5;1604;1604001;-;02;12;4;2;3;11;4;400;1
2025;16;5;1604;1604001;-;02;12;4;2;3;11;5;15000;1
2025;16;5;1604;1604002;-;02;5;2;2;3;11;2;90000;1
2025;16;5;1604;1604002;-;02;5;2;2;3;11;3;336050;4
2025;16;5;1604;1604002;-;02;5;2;2;3;11;4;3400;5
2025;16;5;1604;1604002;-;02;5;2;2;3;11;5;18500;5
2025;16;5;1604;1604002;-;02;5;3;2;3;11;2;520641;3
2025;16;5;1604;1604002;-;02;5;3;2;3;11;3;1148500;5
2025;16;5;1604;1604002;-;02;5;3;2;3;11;4;8215;7
2025;16;5;1604;1604002;-;02;5;3;2;3;11;5;40050;8
2025;16;5;1604;1604002;-;02;5;4;2;3;11;2;428120;2
2025;16;5;1604;1604002;-;02;5;4;2;3;11;3;573200;2
2025;16;5;1604;1604002;-;02;5;4;2;3;11;4;4960;4
2025;16;5;1604;1604002;-;02;5;4;2;3;11;5;46900;4
2025;16;5;1604;1604002;-;02;8;3;2;3;11;3;86800;1
2025;16;5;1604;1604002;-;02;8;3;2;3;11;4;1000;1
2025;16;5;1604;1604002;-;02;8;3;2;3;11;5;11500;1
2025;16;5;1604;1604002;-;02;11;2;2;3;11;3;363425;2
2025;16;5;1604;1604002;-;02;11;2;2;3;11;4;1650;2
2025;16;5;1604;1604002;-;02;11;2;2;3;11;5;2200;2
2025;16;5;1604;1604002;-;02;11;3;2;3;11;2;158076;1
2025;16;5;1604;1604002;-;02;11;3;2;3;11;3;549489;2
2025;16;5;1604;1604002;-;02;11;3;2;3;11;4;2900;2
2025;16;5;1604;1604002;-;02;11;3;2;3;11;5;16100;2
2025;16;5;1604;1604002;-;02;11;4;2;3;11;2;823240;1
2025;16;5;1604;1604002;-;02;11;4;2;3;11;4;800;1
2025;16;5;1604;1604002;-;02;11;4;2;3;11;5;32000;1
2025;16;5;1604;1604003;-;02;2;2;2;3;11;3;150730;1
2025;16;5;1604;1604003;-;02;2;2;2;3;11;4;1500;1
2025;16;5;1604;1604003;-;02;2;2;2;3;11;5;8000;1
2025;16;5;1604;1604003;-;02;5;2;2;3;11;3;519100;6
2025;16;5;1604;1604003;-;02;5;2;2;3;11;4;4350;4
2025;16;5;1604;1604003;-;02;5;2;2;3;11;5;22250;5
2025;16;5;1604;1604003;-;02;5;3;2;3;11;2;70000;1
2025;16;5;1604;1604003;-;02;5;3;2;3;11;4;1000;1
2025;16;5;1604;1604003;-;02;5;3;2;3;11;5;6000;1
2025;16;5;1604;1604003;-;02;5;4;2;3;11;1;360000;1
2025;16;5;1604;1604003;-;02;5;4;2;3;11;2;185813;1
2025;16;5;1604;1604003;-;02;5;4;2;3;11;3;330000;2
2025;16;5;1604;1604003;-;02;5;4;2;3;11;4;3000;2
2025;16;5;1604;1604003;-;02;5;4;2;3;11;5;18400;2
2025;16;5;1604;1604003;-;02;8;5;2;3;11;2;273750;1
2025;16;5;1604;1604003;-;02;8;5;2;3;11;3;547500;1
2025;16;5;1604;1604003;-;02;8;5;2;3;11;4;3650;1
2025;16;5;1604;1604003;-;02;8;5;2;3;11;5;73000;1
2025;16;5;1604;1604003;-;02;11;3;2;3;11;2;116000;1
2025;16;5;1604;1604003;-;02;11;3;2;3;11;3;806000;2
2025;16;5;1604;1604003;-;02;11;3;2;3;11;4;3700;3
2025;16;5;1604;1604003;-;02;11;3;2;3;11;5;13500;3
2025;16;5;1604;1604003;-;02;11;5;2;3;11;1;221664;1
2025;16;5;1604;1604003;-;02;11;5;2;3;11;3;221664;1
2025;16;5;1604;1604003;-;02;11;5;2;3;11;4;100;1
2025;16;5;1604;1604003;-;02;11;5;2;3;11;5;700;1
2025;16;5;1604;1604003;-;02;12;4;2;3;11;2;336797;1
2025;16;5;1604;1604003;-;02;12;4;2;3;11;4;365;1
2025;16;5;1604;1604003;-;02;12;4;2;3;11;5;40000;1
2025;16;5;1604;1604003;-;02;13;5;2;3;11;2;8163168;1
2025;16;5;1604;1604003;-;02;13;5;2;3;11;3;317974;1
2025;16;5;1604;1604003;-;02;13;5;2;3;11;4;14600;1
2025;16;5;1604;1604003;-;02;13;5;2;3;11;5;482938;1
2025;16;5;1604;1604004;-;01;5;4;2;3;11;3;50000;1
2025;16;5;1604;1604004;-;01;5;4;2;3;11;4;300;1
2025;16;5;1604;1604004;-;01;5;4;2;3;11;5;300;1
2025;16;5;1604;1604004;-;01;5;7;2;3;11;2;1170701;1
2025;16;5;1604;1604004;-;01;5;7;2;3;11;4;3000;1
2025;16;5;1604;1604004;-;01;5;7;2;3;11;5;70000;1
2025;16;5;1604;1604004;-;01;11;3;1;1;11;3;1600000;1
2025;16;5;1604;1604004;-;01;11;3;1;1;11;4;3000;1
2025;16;5;1604;1604004;-;01;11;3;1;1;11;5;50000;1
2025;16;5;1604;1604004;-;02;5;2;2;3;11;1;90000;1
2025;16;5;1604;1604004;-;02;5;2;2;3;11;2;267001;2
2025;16;5;1604;1604004;-;02;5;2;2;3;11;3;238103;4
2025;16;5;1604;1604004;-;02;5;2;2;3;11;4;8370;7
2025;16;5;1604;1604004;-;02;5;2;2;3;11;5;21330;7
2025;16;5;1604;1604004;-;02;5;3;2;3;11;3;160000;1
2025;16;5;1604;1604004;-;02;5;3;2;3;11;4;1000;1
2025;16;5;1604;1604004;-;02;5;3;2;3;11;5;4000;1
2025;16;5;1604;1604004;-;02;5;4;2;3;11;2;474705;1
2025;16;5;1604;1604004;-;02;5;4;2;3;11;3;511000;1
2025;16;5;1604;1604004;-;02;5;4;2;3;11;4;2200;2
2025;16;5;1604;1604004;-;02;5;4;2;3;11;5;25000;2
2025;16;5;1604;1604004;-;02;5;5;2;3;11;3;514000;1
2025;16;5;1604;1604004;-;02;5;5;2;3;11;4;1500;1
2025;16;5;1604;1604004;-;02;5;5;2;3;11;5;38000;1
2025;16;5;1604;1604004;-;02;11;2;2;3;11;2;336400;2
2025;16;5;1604;1604004;-;02;11;2;2;3;11;3;168800;2
2025;16;5;1604;1604004;-;02;11;2;2;3;11;4;3530;3
2025;16;5;1604;1604004;-;02;11;2;2;3;11;5;18700;3
2025;16;5;1604;1604004;-;02;11;3;2;3;11;2;769366;3
2025;16;5;1604;1604004;-;02;11;3;2;3;11;3;1572883;2
2025;16;5;1604;1604004;-;02;11;3;2;3;11;4;5480;3
2025;16;5;1604;1604004;-;02;11;3;2;3;11;5;69360;2
2025;16;5;1604;1604004;-;02;11;4;2;3;11;2;380000;1
2025;16;5;1604;1604004;-;02;11;4;2;3;11;3;200000;1
2025;16;5;1604;1604004;-;02;11;4;2;3;11;4;1000;1
2025;16;5;1604;1604004;-;02;11;4;2;3;11;5;42000;1
2025;16;5;1604;1604004;-;02;11;6;2;3;11;3;2140000;1
2025;16;5;1604;1604004;-;02;11;6;2;3;11;4;2000;1
2025;16;5;1604;1604004;-;02;11;6;2;3;11;5;50000;1
2025;16;5;1604;1604004;-;02;14;3;2;3;11;1;175650;1
2025;16;5;1604;1604004;-;02;14;3;2;3;11;4;550;1
2025;16;5;1604;1604004;-;02;14;3;2;3;11;5;4000;1
2025;16;5;1604;1604005;-;01;5;5;2;3;11;2;65625;1
2025;16;5;1604;1604005;-;01;5;5;2;3;11;4;830;1
2025;16;5;1604;1604005;-;01;5;5;2;3;11;5;14900;1
2025;16;5;1604;1604005;-;02;2;4;2;3;11;1;785883;1
2025;16;5;1604;1604005;-;02;2;4;2;3;11;4;3000;1
2025;16;5;1604;1604005;-;02;2;4;2;3;11;5;15000;1
2025;16;5;1604;1604005;-;02;5;2;2;3;11;2;267404;2
2025;16;5;1604;1604005;-;02;5;2;2;3;11;3;416000;2
2025;16;5;1604;1604005;-;02;5;2;2;3;11;4;2400;3
2025;16;5;1604;1604005;-;02;5;2;2;3;11;5;13100;3
2025;16;5;1604;1604005;-;02;5;3;2;3;11;2;126241;1
2025;16;5;1604;1604005;-;02;5;3;2;3;11;4;350;1
2025;16;5;1604;1604005;-;02;5;3;2;3;11;5;5250;1
2025;16;5;1604;1604005;-;02;5;4;2;3;11;1;4800000;1
2025;16;5;1604;1604005;-;02;5;4;2;3;11;3;661200;2
2025;16;5;1604;1604005;-;02;5;4;2;3;11;4;1730;2
2025;16;5;1604;1604005;-;02;5;4;2;3;11;5;5850;2
2025;16;5;1604;1604005;-;02;5;5;2;3;11;2;3312238;4
2025;16;5;1604;1604005;-;02;5;5;2;3;11;3;220000;1
2025;16;5;1604;1604005;-;02;5;5;2;3;11;4;5100;4
2025;16;5;1604;1604005;-;02;5;5;2;3;11;5;103220;5
2025;16;5;1604;1604005;-;02;8;6;2;3;11;2;2325399;1
2025;16;5;1604;1604005;-;02;8;6;2;3;11;4;5000;1
2025;16;5;1604;1604005;-;02;8;6;2;3;11;5;55000;1
2025;16;5;1604;1604005;-;02;9;5;2;3;11;2;2433197;1
2025;16;5;1604;1604005;-;02;9;5;2;3;11;4;7000;1
2025;16;5;1604;1604005;-;02;9;5;2;3;11;5;96000;1
2025;16;5;1604;1604005;-;02;11;2;2;3;11;2;460000;1
2025;16;5;1604;1604005;-;02;11;2;2;3;11;3;193450;1
2025;16;5;1604;1604005;-;02;11;2;2;3;11;4;900;2
2025;16;5;1604;1604005;-;02;11;2;2;3;11;5;4660;2
2025;16;5;1604;1604005;-;02;11;3;2;3;11;2;1295914;3
2025;16;5;1604;1604005;-;02;11;3;2;3;11;3;464500;4
2025;16;5;1604;1604005;-;02;11;3;2;3;11;4;6600;7
2025;16;5;1604;1604005;-;02;11;3;2;3;11;5;15400;6
2025;16;5;1604;1604005;-;02;11;4;2;3;11;3;90000;1
2025;16;5;1604;1604005;-;02;11;4;2;3;11;4;500;1
2025;16;5;1604;1604005;-;02;12;5;2;3;11;2;2777919;1
2025;16;5;1604;1604005;-;02;12;5;2;3;11;4;3650;1
2025;16;5;1604;1604006;-;01;5;5;2;3;11;3;2336000;1
2025;16;5;1604;1604006;-;01;5;5;2;3;11;4;1400;1
2025;16;5;1604;1604006;-;01;5;5;2;3;11;5;108000;1
2025;16;5;1604;1604006;-;01;11;2;2;3;11;3;40000;1
2025;16;5;1604;1604006;-;01;11;2;2;3;11;4;300;1
2025;16;5;1604;1604006;-;01;11;2;2;3;11;5;800;1
2025;16;5;1604;1604006;-;02;5;2;2;3;11;2;219000;1
2025;16;5;1604;1604006;-;02;5;2;2;3;11;3;757240;4
2025;16;5;1604;1604006;-;02;5;2;2;3;11;4;5560;5
2025;16;5;1604;1604006;-;02;5;2;2;3;11;5;7100;5
2025;16;5;1604;1604006;-;02;5;4;2;3;11;2;1233694;3
2025;16;5;1604;1604006;-;02;5;4;2;3;11;3;1383990;3
2025;16;5;1604;1604006;-;02;5;4;2;3;11;4;10850;6
2025;16;5;1604;1604006;-;02;5;4;2;3;11;5;83650;6
2025;16;5;1604;1604006;-;02;5;5;2;3;11;2;1665106;1
2025;16;5;1604;1604006;-;02;5;5;2;3;11;3;2455000;1
2025;16;5;1604;1604006;-;02;5;5;2;3;11;4;4000;2
2025;16;5;1604;1604006;-;02;5;5;2;3;11;5;105000;2
2025;16;5;1604;1604006;-;02;11;2;2;3;11;1;21600;1
2025;16;5;1604;1604006;-;02;11;2;2;3;11;4;200;1
2025;16;5;1604;1604006;-;02;11;2;2;3;11;5;850;1
2025;16;5;1604;1604006;-;02;11;3;2;3;11;2;105850;1
2025;16;5;1604;1604006;-;02;11;3;2;3;11;3;105000;1
2025;16;5;1604;1604006;-;02;11;3;2;3;11;4;2000;2
2025;16;5;1604;1604006;-;02;11;3;2;3;11;5;3500;2
2025;16;5;1604;1604007;-;01;5;4;2;3;11;4;3700;1
2025;16;5;1604;1604007;-;01;5;4;2;3;11;5;25500;1
2025;16;5;1604;1604007;-;01;11;2;2;3;11;3;318500;1
2025;16;5;1604;1604007;-;01;11;2;2;3;11;4;730;1
2025;16;5;1604;1604007;-;01;11;2;2;3;11;5;7300;1
2025;16;5;1604;1604007;-;02;5;2;2;3;11;2;198606;2
2025;16;5;1604;1604007;-;02;5;2;2;3;11;3;631350;6
2025;16;5;1604;1604007;-;02;5;2;2;3;11;4;8850;8
2025;16;5;1604;1604007;-;02;5;2;2;3;11;5;23730;6
2025;16;5;1604;1604007;-;02;5;3;2;3;11;1;338839;1
2025;16;5;1604;1604007;-;02;5;3;2;3;11;2;2440521;8
2025;16;5;1604;1604007;-;02;5;3;2;3;11;3;1366561;5
2025;16;5;1604;1604007;-;02;5;3;2;3;11;4;11940;11
2025;16;5;1604;1604007;-;02;5;3;2;3;11;5;95030;13
2025;16;5;1604;1604007;-;02;5;4;2;3;11;2;2860561;5
2025;16;5;1604;1604007;-;02;5;4;2;3;11;3;846050;2
2025;16;5;1604;1604007;-;02;5;4;2;3;11;4;13885;7
2025;16;5;1604;1604007;-;02;5;4;2;3;11;5;152601;7
2025;16;5;1604;1604007;-;02;5;5;2;3;11;1;50000;1
2025;16;5;1604;1604007;-;02;5;5;2;3;11;2;2357440;2
2025;16;5;1604;1604007;-;02;5;5;2;3;11;4;3200;2
2025;16;5;1604;1604007;-;02;5;5;2;3;11;5;16400;2
2025;16;5;1604;1604007;-;02;8;2;2;3;11;3;600000;1
2025;16;5;1604;1604007;-;02;8;2;2;3;11;4;1500;1
2025;16;5;1604;1604007;-;02;8;2;2;3;11;5;60000;1
2025;16;5;1604;1604007;-;02;8;3;2;3;11;1;52833;1
2025;16;5;1604;1604007;-;02;8;3;2;3;11;4;200;1
2025;16;5;1604;1604007;-;02;8;3;2;3;11;5;300;1
2025;16;5;1604;1604007;-;02;8;7;2;3;11;2;3650000;1
2025;16;5;1604;1604007;-;02;8;7;2;3;11;4;1500;1
2025;16;5;1604;1604007;-;02;8;7;2;3;11;5;22000;1
2025;16;5;1604;1604007;-;02;11;2;2;3;11;2;125000;1
2025;16;5;1604;1604007;-;02;11;2;2;3;11;3;244350;3
2025;16;5;1604;1604007;-;02;11;2;2;3;11;4;4235;4
2025;16;5;1604;1604007;-;02;11;2;2;3;11;5;12000;3
2025;16;5;1604;1604007;-;02;11;3;2;3;11;2;1357970;6
2025;16;5;1604;1604007;-;02;11;3;2;3;11;3;667120;3
2025;16;5;1604;1604007;-;02;11;3;2;3;11;4;4412;7
2025;16;5;1604;1604007;-;02;11;3;2;3;11;5;84990;8
2025;16;5;1604;1604007;-;02;11;5;2;3;11;2;1120816;1
2025;16;5;1604;1604007;-;02;11;5;2;3;11;4;2400;1
2025;16;5;1604;1604007;-;02;11;5;2;3;11;5;3000;1
2025;16;5;1604;1604007;-;02;12;4;2;3;11;2;4010000;1
2025;16;5;1604;1604007;-;02;12;4;2;3;11;4;1500;1
2025;16;5;1604;1604007;-;02;12;4;2;3;11;5;47000;1
2025;16;5;1604;1604007;-;02;14;5;2;3;11;3;283000;1
2025;16;5;1604;1604007;-;02;14;5;2;3;11;4;1500;1
2025;16;5;1604;1604007;-;02;14;5;2;3;11;5;10000;1
2025;16;5;1607;1607004;-;02;5;2;2;3;11;3;29000;1
2025;16;5;1607;1607004;-;02;5;2;2;3;11;4;1000;1
2025;16;5;1607;1607004;-;02;5;2;2;3;11;5;1000;1
2025;16;6;0;0;-;18;5;1;1;1;11;2;7000;1
2025;16;6;0;0;-;18;5;1;1;1;11;4;1200;1
2025;16;6;1601;1601004;-;02;11;5;2;3;11;2;1427150;1
2025;16;6;1601;1601004;-;02;11;5;2;3;11;4;1400;1
2025;16;6;1601;1601004;-;02;11;5;2;3;11;5;18000;1
2025;16;6;1601;1601006;-;02;5;3;2;3;11;2;900000;1
2025;16;6;1601;1601006;-;02;5;3;2;3;11;4;5500;1
2025;16;6;1601;1601006;-;02;5;3;2;3;11;5;55000;1
2025;16;6;1601;1601006;-;02;11;3;2;3;11;2;212000;1
2025;16;6;1601;1601006;-;02;11;3;2;3;11;4;365;1
2025;16;6;1601;1601006;-;02;11;3;2;3;11;5;4000;1
2025;16;6;1605;1605001;-;02;5;2;2;3;11;3;74800;1
2025;16;6;1605;1605001;-;02;5;2;2;3;11;4;1300;1
2025;16;6;1605;1605001;-;02;5;2;2;3;11;5;3900;1
2025;16;6;1605;1605001;-;02;5;3;2;3;11;2;751870;3
2025;16;6;1605;1605001;-;02;5;3;2;3;11;4;2825;3
2025;16;6;1605;1605001;-;02;5;3;2;3;11;5;46750;3
2025;16;6;1605;1605001;-;02;5;5;2;3;11;2;834260;1
2025;16;6;1605;1605001;-;02;5;5;2;3;11;4;4200;1
2025;16;6;1605;1605001;-;02;5;5;2;3;11;5;84000;1
2025;16;6;1605;1605001;-;02;8;2;2;3;11;2;128000;1
2025;16;6;1605;1605001;-;02;8;2;2;3;11;4;800;1
2025;16;6;1605;1605001;-;02;8;2;2;3;11;5;3000;1
2025;16;6;1605;1605001;-;02;8;6;2;3;11;2;6974343;1
2025;16;6;1605;1605001;-;02;8;6;2;3;11;4;18250;1
2025;16;6;1605;1605001;-;02;8;6;2;3;11;5;287246;1
2025;16;6;1605;1605001;-;02;11;3;2;3;11;2;210878;1
2025;16;6;1605;1605001;-;02;11;3;2;3;11;4;1100;1
2025;16;6;1605;1605001;-;02;11;3;2;3;11;5;26500;1
2025;16;6;1605;1605001;-;02;11;4;2;3;11;2;1752200;3
2025;16;6;1605;1605001;-;02;11;4;2;3;11;4;4900;3
2025;16;6;1605;1605001;-;02;11;4;2;3;11;5;79000;3
2025;16;6;1605;1605001;-;63;5;1;1;1;11;3;17000;1
2025;16;6;1605;1605001;-;63;5;1;1;1;11;4;700;1
2025;16;6;1605;1605002;-;02;5;2;2;3;11;2;311000;2
2025;16;6;1605;1605002;-;02;5;2;2;3;11;4;150;1
2025;16;6;1605;1605002;-;02;5;2;2;3;11;5;13600;2
2025;16;6;1605;1605002;-;02;5;4;2;3;11;2;454682;1
2025;16;6;1605;1605002;-;02;5;4;2;3;11;5;7000;1
2025;16;6;1605;1605002;-;02;11;2;1;1;11;2;267874;1
2025;16;6;1605;1605002;-;02;11;2;1;1;11;4;220;1
2025;16;6;1605;1605002;-;02;11;2;2;3;11;1;35000;1
2025;16;6;1605;1605002;-;02;11;2;2;3;11;2;20000;1
2025;16;6;1605;1605002;-;02;11;2;2;3;11;4;1200;2
2025;16;6;1605;1605002;-;02;11;2;2;3;11;5;900;1
2025;16;6;1605;1605003;-;01;5;2;2;3;11;3;93000;1
2025;16;6;1605;1605003;-;01;5;2;2;3;11;4;500;1
2025;16;6;1605;1605003;-;01;5;2;2;3;11;5;4500;1
2025;16;6;1605;1605003;-;01;8;2;2;3;11;3;11000;1
2025;16;6;1605;1605003;-;01;8;2;2;3;11;4;800;1
2025;16;6;1605;1605003;-;02;3;7;2;3;11;2;9665396;1
2025;16;6;1605;1605003;-;02;3;7;2;3;11;4;13140;1
2025;16;6;1605;1605003;-;02;3;7;2;3;11;5;497857;1
2025;16;6;1605;1605003;-;02;5;2;2;3;11;2;508862;2
2025;16;6;1605;1605003;-;02;5;2;2;3;11;3;69045;1
2025;16;6;1605;1605003;-;02;5;2;2;3;11;4;2269;3
2025;16;6;1605;1605003;-;02;5;2;2;3;11;5;48850;3
2025;16;6;1605;1605003;-;02;5;3;2;3;11;2;598312;1
2025;16;6;1605;1605003;-;02;5;3;2;3;11;4;400;1
2025;16;6;1605;1605003;-;02;5;3;2;3;11;5;11000;1
2025;16;6;1605;1605003;-;02;5;4;2;3;11;2;425500;1
2025;16;6;1605;1605003;-;02;5;4;2;3;11;4;3500;1
2025;16;6;1605;1605003;-;02;5;4;2;3;11;5;25200;1
2025;16;6;1605;1605003;-;02;11;6;2;3;11;2;1799115;1
2025;16;6;1605;1605003;-;02;11;6;2;3;11;4;3800;1
2025;16;6;1605;1605003;-;02;11;6;2;3;11;5;102000;1
2025;16;6;1605;1605004;-;02;5;2;2;3;11;2;774469;2
2025;16;6;1605;1605004;-;02;5;2;2;3;11;3;19000;1
2025;16;6;1605;1605004;-;02;5;2;2;3;11;4;2645;3
2025;16;6;1605;1605004;-;02;5;2;2;3;11;5;47000;2
2025;16;6;1605;1605004;-;02;5;3;2;3;11;3;59000;1
2025;16;6;1605;1605004;-;02;5;3;2;3;11;4;1000;1
2025;16;6;1605;1605004;-;02;5;4;2;3;11;2;482662;1
2025;16;6;1605;1605004;-;02;5;4;2;3;11;4;1000;1
2025;16;6;1605;1605004;-;02;5;4;2;3;11;5;27500;1
2025;16;6;1605;1605004;-;02;8;2;1;1;11;2;4933377;1
2025;16;6;1605;1605004;-;02;8;2;1;1;11;4;4000;1
2025;16;6;1605;1605004;-;02;8;2;1;1;11;5;106500;1
2025;16;6;1605;1605004;-;02;11;2;2;3;11;2;225274;1
2025;16;6;1605;1605004;-;02;11;2;2;3;11;4;1830;1
2025;16;6;1605;1605004;-;02;11;2;2;3;11;5;4500;1
2025;16;6;1605;1605004;-;02;11;4;2;3;11;2;293000;2
2025;16;6;1605;1605004;-;02;11;4;2;3;11;4;1180;2
2025;16;6;1605;1605004;-;02;11;4;2;3;11;5;32825;2
2025;16;6;1605;1605005;-;02;5;2;2;3;11;2;300000;1
2025;16;6;1605;1605005;-;02;5;2;2;3;11;4;700;1
2025;16;6;1605;1605005;-;02;5;2;2;3;11;5;2800;1
2025;16;6;1605;1605005;-;02;5;4;2;3;11;2;1623281;1
2025;16;6;1605;1605005;-;02;5;4;2;3;11;4;2200;1
2025;16;6;1605;1605005;-;02;5;4;2;3;11;5;5600;1
2025;16;6;1605;1605005;-;02;9;5;2;3;11;2;937617;1
2025;16;6;1605;1605005;-;02;9;5;2;3;11;4;2720;1
2025;16;6;1605;1605005;-;02;9;5;2;3;11;5;66840;1
2025;16;6;1605;1605005;-;02;11;2;2;3;11;2;176763;1
2025;16;6;1605;1605005;-;02;11;2;2;3;11;4;700;1
2025;16;6;1605;1605005;-;02;11;2;2;3;11;5;10800;1
2025;16;6;1605;1605005;-;02;11;4;2;3;11;1;612276;1
2025;16;6;1605;1605005;-;02;11;4;2;3;11;4;250;1
2025;16;6;1605;1605005;-;02;11;4;2;3;11;5;250;1
2025;16;6;1605;1605005;-;02;14;4;2;3;11;2;2121266;1
2025;16;6;1605;1605005;-;02;14;4;2;3;11;4;1500;1
2025;16;6;1605;1605005;-;02;14;4;2;3;11;5;52227;1
2025;16;6;1605;1605006;-;01;5;2;2;3;11;2;120000;1
2025;16;6;1605;1605006;-;01;5;2;2;3;11;4;1600;1
2025;16;6;1605;1605006;-;01;5;2;2;3;11;5;2000;1
2025;16;6;1605;1605006;-;02;5;2;2;3;11;2;685900;4
2025;16;6;1605;1605006;-;02;5;2;2;3;11;4;2525;4
2025;16;6;1605;1605006;-;02;5;2;2;3;11;5;23770;4
2025;16;6;1605;1605006;-;02;5;3;2;3;11;2;1431985;3
2025;16;6;1605;1605006;-;02;5;3;2;3;11;3;10000;1
2025;16;6;1605;1605006;-;02;5;3;2;3;11;4;4000;3
2025;16;6;1605;1605006;-;02;5;3;2;3;11;5;19400;3
2025;16;6;1605;1605006;-;02;5;4;2;3;11;2;574885;1
2025;16;6;1605;1605006;-;02;5;4;2;3;11;3;735000;1
2025;16;6;1605;1605006;-;02;5;4;2;3;11;4;2080;2
2025;16;6;1605;1605006;-;02;5;4;2;3;11;5;37000;2
2025;16;6;1605;1605006;-;02;11;2;2;3;11;2;100000;1
2025;16;6;1605;1605006;-;02;11;2;2;3;11;3;200000;1
2025;16;6;1605;1605006;-;02;11;2;2;3;11;4;1000;1
2025;16;6;1605;1605006;-;02;11;2;2;3;11;5;4000;1
2025;16;6;1605;1605006;-;02;11;4;2;3;11;2;682740;1
2025;16;6;1605;1605006;-;02;11;4;2;3;11;4;730;1
2025;16;6;1605;1605006;-;02;11;4;2;3;11;5;39600;1
2025;16;6;1606;1606003;-;02;8;7;2;3;11;2;5172682;1
2025;16;6;1606;1606003;-;02;8;7;2;3;11;4;12200;1
2025;16;6;1606;1606003;-;02;8;7;2;3;11;5;264550;1
2025;16;6;1606;1606004;-;02;5;2;2;3;11;2;52200;1
2025;16;6;1606;1606004;-;02;5;2;2;3;11;4;700;1
2025;16;6;1606;1606004;-;02;5;2;2;3;11;5;45900;1
2025;16;6;1606;1606004;-;02;5;4;2;3;11;2;1123425;2
2025;16;6;1606;1606004;-;02;5;4;2;3;11;4;1230;2
2025;16;6;1606;1606004;-;02;5;4;2;3;11;5;19000;2
2025;16;6;1606;1606004;-;02;11;2;2;3;11;2;52285;1
2025;16;6;1606;1606004;-;02;11;2;2;3;11;4;1900;1
2025;16;6;1606;1606004;-;02;11;2;2;3;11;5;700;1
2025;16;6;1606;1606004;-;03;8;2;2;3;11;4;10;1
2025;16;6;1606;1606004;-;03;8;2;2;3;11;5;10;1
2025;16;6;1606;1606005;-;01;5;2;2;3;11;2;55810;1
2025;16;6;1606;1606005;-;01;5;2;2;3;11;3;193000;1
2025;16;6;1606;1606005;-;01;5;2;2;3;11;4;1500;2
2025;16;6;1606;1606005;-;01;5;2;2;3;11;5;3000;1
2025;16;6;1606;1606005;-;01;5;4;2;3;11;2;125000;1
2025;16;6;1606;1606005;-;01;5;4;2;3;11;4;370;1
2025;16;6;1606;1606005;-;01;5;4;2;3;11;5;13000;1
2025;16;6;1606;1606005;-;02;5;2;2;3;11;1;128000;1
2025;16;6;1606;1606005;-;02;5;2;2;3;11;2;176950;2
2025;16;6;1606;1606005;-;02;5;2;2;3;11;3;345825;2
2025;16;6;1606;1606005;-;02;5;2;2;3;11;4;3140;5
2025;16;6;1606;1606005;-;02;5;2;2;3;11;5;27700;4
2025;16;6;1606;1606005;-;02;5;3;2;3;11;2;796000;2
2025;16;6;1606;1606005;-;02;5;3;2;3;11;3;256000;1
2025;16;6;1606;1606005;-;02;5;3;2;3;11;4;3300;3
2025;16;6;1606;1606005;-;02;5;3;2;3;11;5;42200;3
2025;16;6;1606;1606005;-;02;5;4;2;3;11;2;1209201;2
2025;16;6;1606;1606005;-;02;5;4;2;3;11;4;10180;2
2025;16;6;1606;1606005;-;02;5;4;2;3;11;5;33400;2
2025;16;6;1606;1606005;-;02;11;2;2;3;11;2;332878;1
2025;16;6;1606;1606005;-;02;11;2;2;3;11;3;36500;1
2025;16;6;1606;1606005;-;02;11;2;2;3;11;4;545;2
2025;16;6;1606;1606005;-;02;11;2;2;3;11;5;14000;2
2025;16;6;1606;1606005;-;02;11;3;2;3;11;1;280000;1
2025;16;6;1606;1606005;-;02;11;3;2;3;11;2;691003;2
2025;16;6;1606;1606005;-;02;11;3;2;3;11;4;4100;3
2025;16;6;1606;1606005;-;02;11;3;2;3;11;5;52500;3
2025;16;6;1606;1606005;-;02;14;2;2;3;11;3;10500;1
2025;16;6;1606;1606005;-;02;14;3;2;3;11;1;250460;1
2025;16;6;1606;1606005;-;02;14;3;2;3;11;3;819800;2
2025;16;6;1606;1606005;-;02;14;3;2;3;11;4;2000;3
2025;16;6;1606;1606005;-;02;14;3;2;3;11;5;74500;3
2025;16;6;1607;1607001;-;02;5;2;2;3;11;2;318260;1
2025;16;6;1607;1607001;-;02;5;2;2;3;11;4;300;1
2025;16;6;1607;1607001;-;02;5;2;2;3;11;5;7500;1
2025;16;6;1607;1607003;-;02;5;3;2;3;11;1;325511;1
2025;16;6;1607;1607003;-;02;5;3;2;3;11;2;257283;1
2025;16;6;1607;1607003;-;02;5;3;2;3;11;4;1720;2
2025;16;6;1607;1607003;-;02;5;3;2;3;11;5;20100;2
2025;16;7;1605;1605004;-;02;5;3;2;3;11;2;139088;1
2025;16;7;1605;1605004;-;02;5;3;2;3;11;4;1000;1
2025;16;7;1605;1605004;-;02;5;3;2;3;11;5;3875;1
2025;16;7;1605;1605004;-;02;5;4;2;3;11;2;1843926;1
2025;16;7;1605;1605004;-;02;5;4;2;3;11;4;6670;1
2025;16;7;1605;1605004;-;02;5;4;2;3;11;5;71850;1
2025;16;7;1605;1605006;-;02;12;5;2;3;11;2;3211636;1
2025;16;7;1605;1605006;-;02;12;5;2;3;11;4;4800;1
2025;16;7;1605;1605006;-;02;12;5;2;3;11;5;51500;1
2025;16;7;1605;1605006;-;18;14;1;1;1;11;2;224428;1
2025;16;7;1605;1605006;-;18;14;1;1;1;11;4;300;1
2025;16;7;1605;1605006;-;18;14;1;1;1;11;5;4000;1
2025;16;7;1606;1606003;-;02;5;2;2;3;11;1;7200;1
2025;16;7;1606;1606003;-;02;5;2;2;3;11;2;785320;2
2025;16;7;1606;1606003;-;02;5;2;2;3;11;4;3595;3
2025;16;7;1606;1606003;-;02;5;2;2;3;11;5;23000;3
2025;16;7;1606;1606003;-;02;5;3;2;3;11;2;43800;1
2025;16;7;1606;1606003;-;02;5;3;2;3;11;4;365;1
2025;16;7;1606;1606003;-;02;5;3;2;3;11;5;7300;1
2025;16;7;1606;1606003;-;02;5;4;2;3;11;2;380157;1
2025;16;7;1606;1606003;-;02;5;4;2;3;11;4;720;1
2025;16;7;1606;1606003;-;02;5;4;2;3;11;5;17000;1
2025;16;7;1606;1606003;-;02;5;5;2;3;11;2;860531;1
2025;16;7;1606;1606003;-;02;5;5;2;3;11;4;700;1
2025;16;7;1606;1606003;-;02;5;5;2;3;11;5;30000;1
2025;16;7;1606;1606003;-;02;8;4;2;3;11;2;836377;2
2025;16;7;1606;1606003;-;02;8;4;2;3;11;4;4150;2
2025;16;7;1606;1606003;-;02;8;4;2;3;11;5;51000;2
2025;16;7;1606;1606003;-;02;11;2;2;3;11;2;99088;1
2025;16;7;1606;1606003;-;02;11;2;2;3;11;4;2160;1
2025;16;7;1606;1606003;-;02;11;2;2;3;11;5;4320;1
2025;16;7;1606;1606004;-;02;5;2;2;3;11;2;1742512;8
2025;16;7;1606;1606004;-;02;5;2;2;3;11;4;5600;9
2025;16;7;1606;1606004;-;02;5;2;2;3;11;5;37050;8
2025;16;7;1606;1606004;-;02;5;3;2;3;11;2;1513500;3
2025;16;7;1606;1606004;-;02;5;3;2;3;11;4;4900;3
2025;16;7;1606;1606004;-;02;5;3;2;3;11;5;150200;3
2025;16;7;1606;1606004;-;02;5;4;2;3;11;2;656898;2
2025;16;7;1606;1606004;-;02;5;4;2;3;11;4;9200;2
2025;16;7;1606;1606004;-;02;5;4;2;3;11;5;86400;2
2025;16;7;1606;1606004;-;02;11;2;2;3;11;2;94399;2
2025;16;7;1606;1606004;-;02;11;2;2;3;11;4;2095;2
2025;16;7;1606;1606004;-;02;11;2;2;3;11;5;8080;2
2025;16;7;1606;1606004;-;02;14;3;2;3;11;2;251292;1
2025;16;7;1606;1606004;-;02;14;3;2;3;11;4;735;1
2025;16;7;1606;1606004;-;02;14;3;2;3;11;5;7200;1
2025;16;7;1607;1607001;-;02;1;5;2;3;11;2;1137648;1
2025;16;7;1607;1607001;-;02;1;5;2;3;11;4;632;1
2025;16;7;1607;1607001;-;02;1;5;2;3;11;5;32512;1
2025;16;7;1607;1607001;-;02;3;4;2;3;4;3;110000;1
2025;16;7;1607;1607001;-;02;3;5;2;3;11;2;2239185;1
2025;16;7;1607;1607001;-;02;3;5;2;3;11;4;12000;1
2025;16;7;1607;1607001;-;02;3;5;2;3;11;5;164000;1
2025;16;7;1607;1607001;-;02;5;2;1;1;11;2;156205;1
2025;16;7;1607;1607001;-;02;5;3;2;3;11;2;887211;1
2025;16;7;1607;1607001;-;02;5;3;2;3;11;4;2500;1
2025;16;7;1607;1607001;-;02;5;3;2;3;11;5;35000;1
2025;16;7;1607;1607003;-;01;5;3;2;3;11;2;424275;1
2025;16;7;1607;1607003;-;01;5;3;2;3;11;4;500;1
2025;16;7;1607;1607003;-;01;5;3;2;3;11;5;9500;1
2025;16;7;1607;1607003;-;01;11;2;2;3;11;2;41600;1
2025;16;7;1607;1607003;-;01;11;2;2;3;11;5;2000;1
2025;16;7;1607;1607003;-;02;1;5;2;3;11;2;210500;1
2025;16;7;1607;1607003;-;02;1;5;2;3;11;4;8000;1
2025;16;7;1607;1607003;-;02;1;5;2;3;11;5;6000;1
2025;16;7;1607;1607003;-;02;5;2;2;3;11;2;1613082;5
2025;16;7;1607;1607003;-;02;5;2;2;3;11;4;3005;5
2025;16;7;1607;1607003;-;02;5;2;2;3;11;5;32000;5
2025;16;7;1607;1607003;-;02;5;3;2;3;11;2;5172878;13
2025;16;7;1607;1607003;-;02;5;3;2;3;11;4;8230;12
2025;16;7;1607;1607003;-;02;5;3;2;3;11;5;104800;13
2025;16;7;1607;1607003;-;02;5;4;2;3;11;2;1621027;2
2025;16;7;1607;1607003;-;02;5;4;2;3;11;4;1350;2
2025;16;7;1607;1607003;-;02;5;4;2;3;11;5;67500;2
2025;16;7;1607;1607003;-;02;5;5;2;3;11;2;2834363;2
2025;16;7;1607;1607003;-;02;5;5;2;3;11;4;9800;2
2025;16;7;1607;1607003;-;02;5;5;2;3;11;5;182615;2
2025;16;7;1607;1607003;-;02;8;2;2;3;11;2;26360;1
2025;16;7;1607;1607003;-;02;8;2;2;3;11;4;750;1
2025;16;7;1607;1607003;-;02;8;2;2;3;11;5;4000;1
2025;16;7;1607;1607003;-;02;8;3;2;3;4;3;3600;1
2025;16;7;1607;1607003;-;02;8;3;2;3;11;2;679300;1
2025;16;7;1607;1607003;-;02;8;3;2;3;11;3;630150;1
2025;16;7;1607;1607003;-;02;8;3;2;3;11;4;950;2
2025;16;7;1607;1607003;-;02;8;3;2;3;11;5;35750;2
2025;16;7;1607;1607003;-;02;11;3;2;3;11;3;328260;1
2025;16;7;1607;1607003;-;02;11;3;2;3;11;4;400;1
2025;16;7;1607;1607003;-;02;11;3;2;3;11;5;12000;1
2025;16;7;1607;1607003;-;02;13;6;2;3;11;2;798613;1
2025;16;7;1607;1607003;-;02;13;6;2;3;11;4;1460;1
2025;16;7;1607;1607003;-;02;13;6;2;3;11;5;30000;1
2025;16;7;1607;1607003;-;02;14;2;2;3;11;2;83207;1
2025;16;7;1607;1607003;-;02;14;2;2;3;11;4;365;1
2025;16;7;1607;1607003;-;02;14;2;2;3;11;5;900;1
2025;16;7;1607;1607004;-;02;5;2;2;3;11;2;223679;1
2025;16;7;1607;1607004;-;02;5;2;2;3;11;4;725;1
2025;16;7;1607;1607004;-;02;5;2;2;3;11;5;9500;1
2025;16;7;1607;1607004;-;02;14;5;2;3;11;2;378613;1
2025;16;7;1607;1607004;-;02;14;5;2;3;11;4;3000;1
2025;16;7;1607;1607004;-;02;14;5;2;3;11;5;30000;1
2025;16;8;1602;1602001;-;02;5;2;2;3;11;3;24500;1
2025;16;8;1602;1602001;-;02;5;2;2;3;11;4;1000;1
2025;16;8;1602;1602001;-;02;5;2;2;3;11;5;1500;1
2025;16;8;1603;1603001;-;01;5;2;2;3;11;3;143200;1
2025;16;8;1603;1603001;-;01;5;2;2;3;11;4;365;1
2025;16;8;1603;1603001;-;02;3;7;2;3;11;2;2547550;1
2025;16;8;1603;1603001;-;02;3;7;2;3;11;4;7300;1
2025;16;8;1603;1603001;-;02;3;7;2;3;11;5;31440;1
2025;16;8;1603;1603001;-;02;5;2;2;3;11;3;430000;1
2025;16;8;1603;1603001;-;02;5;2;2;3;11;4;1800;1
2025;16;8;1603;1603001;-;02;5;2;2;3;11;5;4300;1
2025;16;8;1603;1603001;-;02;5;3;2;3;11;2;1461299;3
2025;16;8;1603;1603001;-;02;5;3;2;3;11;4;4750;3
2025;16;8;1603;1603001;-;02;5;3;2;3;11;5;23400;2
2025;16;8;1603;1603001;-;02;5;4;2;3;11;2;658077;1
2025;16;8;1603;1603001;-;02;5;4;2;3;11;4;1095;1
2025;16;8;1603;1603001;-;02;5;4;2;3;11;5;54750;1
2025;16;8;1603;1603001;-;02;5;5;2;3;11;2;1337703;1
2025;16;8;1603;1603001;-;02;5;5;2;3;11;4;1095;1
2025;16;8;1603;1603001;-;02;5;5;2;3;11;5;43800;1
2025;16;8;1603;1603001;-;02;8;5;2;3;11;2;907822;1
2025;16;8;1603;1603001;-;02;8;5;2;3;11;4;1095;1
2025;16;8;1603;1603001;-;02;8;5;2;3;11;5;51900;1
2025;16;8;1603;1603001;-;02;9;5;2;3;11;2;3667552;1
2025;16;8;1603;1603001;-;02;9;5;2;3;11;4;1700;1
2025;16;8;1603;1603001;-;02;9;5;2;3;11;5;48000;1
2025;16;8;1603;1603001;-;02;11;4;2;3;11;2;505125;1
2025;16;8;1603;1603001;-;02;11;4;2;3;11;4;2500;1
2025;16;8;1603;1603001;-;02;11;4;2;3;11;5;11500;1
2025;16;8;1603;1603001;-;02;12;3;2;3;11;2;2118251;1
2025;16;8;1603;1603001;-;02;12;3;2;3;11;4;1095;1
2025;16;8;1603;1603001;-;02;12;3;2;3;11;5;15000;1
2025;16;8;1603;1603002;-;01;11;2;2;3;11;3;223380;1
2025;16;8;1603;1603002;-;01;11;2;2;3;11;4;1000;1
2025;16;8;1603;1603002;-;01;11;2;2;3;11;5;7750;1
2025;16;8;1603;1603002;-;02;5;2;2;3;11;2;420001;1
2025;16;8;1603;1603002;-;02;5;2;2;3;11;3;52000;1
2025;16;8;1603;1603002;-;02;5;2;2;3;11;4;1500;2
2025;16;8;1603;1603002;-;02;5;2;2;3;11;5;18650;2
2025;16;8;1603;1603002;-;02;5;3;2;3;11;2;237432;1
2025;16;8;1603;1603002;-;02;5;3;2;3;11;4;10600;1
2025;16;8;1603;1603002;-;02;5;3;2;3;11;5;130000;1
2025;16;8;1603;1603002;-;02;5;4;2;3;11;2;489198;1
2025;16;8;1603;1603002;-;02;5;4;2;3;11;4;750;1
2025;16;8;1603;1603002;-;02;5;4;2;3;11;5;24000;1
2025;16;8;1603;1603002;-;02;5;5;2;3;11;2;3093616;2
2025;16;8;1603;1603002;-;02;5;5;2;3;11;4;10700;2
2025;16;8;1603;1603002;-;02;5;5;2;3;11;5;66800;2
2025;16;8;1603;1603002;-;02;8;4;2;3;11;1;1002967;1
2025;16;8;1603;1603002;-;02;8;4;2;3;11;4;1000;1
2025;16;8;1603;1603002;-;02;8;4;2;3;11;5;15000;1
2025;16;8;1603;1603002;-;02;8;5;2;3;11;2;3083000;2
2025;16;8;1603;1603002;-;02;8;5;2;3;11;4;5000;2
2025;16;8;1603;1603002;-;02;8;5;2;3;11;5;77800;2
2025;16;8;1603;1603002;-;02;11;4;2;3;11;2;67500;1
2025;16;8;1603;1603002;-;02;11;4;2;3;11;5;200;1
2025;16;8;1603;1603002;-;02;11;5;2;3;11;2;2086346;1
2025;16;8;1603;1603002;-;02;11;5;2;3;11;4;3800;1
2025;16;8;1603;1603002;-;02;11;5;2;3;11;5;72000;1
2025;16;8;1603;1603003;-;01;5;3;2;3;11;3;15000;1
2025;16;8;1603;1603003;-;01;5;3;2;3;11;4;730;1
2025;16;8;1603;1603003;-;01;5;3;2;3;11;5;9000;1
2025;16;8;1603;1603003;-;02;5;2;2;3;4;3;57000;1
2025;16;8;1603;1603003;-;02;5;2;2;3;4;4;200;1
2025;16;8;1603;1603003;-;02;5;2;2;3;4;5;1500;1
2025;16;8;1603;1603003;-;02;5;2;2;3;4;10;1000;1
2025;16;8;1603;1603003;-;02;5;2;2;3;11;2;246143;2
2025;16;8;1603;1603003;-;02;5;2;2;3;11;3;217200;2
2025;16;8;1603;1603003;-;02;5;2;2;3;11;4;1610;4
2025;16;8;1603;1603003;-;02;5;2;2;3;11;5;8580;4
2025;16;8;1603;1603003;-;02;5;3;2;3;11;2;533483;3
2025;16;8;1603;1603003;-;02;5;3;2;3;11;4;500;3
2025;16;8;1603;1603003;-;02;5;3;2;3;11;5;20500;3
2025;16;8;1603;1603003;-;02;5;4;2;3;11;2;1417150;3
2025;16;8;1603;1603003;-;02;5;4;2;3;11;4;1065;2
2025;16;8;1603;1603003;-;02;5;4;2;3;11;5;89340;3
2025;16;8;1603;1603003;-;02;5;6;2;3;11;2;5478231;1
2025;16;8;1603;1603003;-;02;5;6;2;3;11;4;2700;1
2025;16;8;1603;1603003;-;02;5;6;2;3;11;5;57760;1
2025;16;8;1603;1603003;-;02;8;3;2;3;11;2;372944;1
2025;16;8;1603;1603003;-;02;8;3;2;3;11;4;1100;1
2025;16;8;1603;1603003;-;02;8;3;2;3;11;5;28600;1
2025;16;8;1603;1603003;-;02;8;4;2;3;11;2;324000;1
2025;16;8;1603;1603003;-;02;8;4;2;3;11;4;365;1
2025;16;8;1603;1603003;-;02;8;4;2;3;11;5;10510;1
2025;16;8;1603;1603003;-;02;9;7;2;3;11;1;965956;1
2025;16;8;1603;1603003;-;02;9;7;2;3;11;2;3633835;1
2025;16;8;1603;1603003;-;02;9;7;2;3;11;4;6169;1
2025;16;8;1603;1603003;-;02;9;7;2;3;11;5;90300;1
2025;16;8;1603;1603003;-;02;11;2;2;3;11;3;184325;1
2025;16;8;1603;1603003;-;02;11;2;2;3;11;4;1100;1
2025;16;8;1603;1603003;-;02;11;2;2;3;11;5;4400;1
2025;16;8;1603;1603003;-;02;11;5;2;3;11;2;2751405;3
2025;16;8;1603;1603003;-;02;11;5;2;3;11;4;11400;3
2025;16;8;1603;1603003;-;02;11;5;2;3;11;5;74200;3
2025;16;8;1603;1603003;-;02;11;6;2;3;11;2;2591091;1
2025;16;8;1603;1603003;-;02;11;6;2;3;11;4;5500;1
2025;16;8;1603;1603003;-;02;11;6;2;3;11;5;70300;1
2025;16;8;1603;1603003;-;02;12;5;2;3;11;2;352800;1
2025;16;8;1603;1603003;-;02;14;3;2;3;11;2;446400;1
2025;16;8;1603;1603003;-;02;14;3;2;3;11;4;1100;1
2025;16;8;1603;1603003;-;02;14;3;2;3;11;5;10000;1
2025;16;8;1603;1603004;-;01;5;3;2;3;11;3;239750;1
2025;16;8;1603;1603004;-;01;5;3;2;3;11;5;730;1
2025;16;8;1603;1603004;-;02;5;2;2;3;11;2;475876;2
2025;16;8;1603;1603004;-;02;5;2;2;3;11;4;2200;1
2025;16;8;1603;1603004;-;02;5;2;2;3;11;5;15000;1
2025;16;8;1603;1603004;-;02;5;3;2;3;11;2;1470949;5
2025;16;8;1603;1603004;-;02;5;3;2;3;11;4;2300;4
2025;16;8;1603;1603004;-;02;5;3;2;3;11;5;53750;4
2025;16;8;1603;1603004;-;02;5;4;2;3;11;2;2896100;4
2025;16;8;1603;1603004;-;02;5;4;2;3;11;4;3430;3
2025;16;8;1603;1603004;-;02;5;4;2;3;11;5;148800;4
2025;16;8;1603;1603004;-;02;8;2;2;3;11;2;540000;1
2025;16;8;1603;1603004;-;02;8;4;2;3;11;2;1144685;1
2025;16;8;1603;1603004;-;02;8;4;2;3;11;4;700;1
2025;16;8;1603;1603004;-;02;8;4;2;3;11;5;500;1
2025;16;8;1603;1603004;-;02;8;5;2;3;11;2;2380888;2
2025;16;8;1603;1603004;-;02;8;5;2;3;11;4;5295;2
2025;16;8;1603;1603004;-;02;8;5;2;3;11;5;287830;2
2025;16;8;1603;1603004;-;02;8;6;2;3;11;2;8399640;3
2025;16;8;1603;1603004;-;02;8;6;2;3;11;4;7380;3
2025;16;8;1603;1603004;-;02;8;6;2;3;11;5;309525;3
2025;16;8;1603;1603004;-;02;9;5;2;3;11;2;1788734;1
2025;16;8;1603;1603004;-;02;9;5;2;3;11;4;7200;1
2025;16;8;1603;1603004;-;02;9;5;2;3;11;5;170000;1
2025;16;8;1603;1603004;-;02;9;6;2;3;11;2;3044504;1
2025;16;8;1603;1603004;-;02;9;6;2;3;11;4;2500;1
2025;16;8;1603;1603004;-;02;9;6;2;3;11;5;140000;1
2025;16;8;1603;1603004;-;02;9;7;2;3;11;2;8064622;1
2025;16;8;1603;1603004;-;02;9;7;2;3;11;4;17576;1
2025;16;8;1603;1603004;-;02;9;7;2;3;11;5;607764;1
2025;16;8;1603;1603004;-;02;11;3;2;3;11;2;78000;1
2025;16;8;1603;1603004;-;02;11;3;2;3;11;4;730;1
2025;16;8;1603;1603004;-;02;11;3;2;3;11;5;6000;1
2025;16;8;1603;1603004;-;02;11;4;2;3;11;2;639547;1
2025;16;8;1603;1603004;-;02;11;4;2;3;11;4;1825;1
2025;16;8;1603;1603004;-;02;11;4;2;3;11;5;53000;1
2025;16;8;1603;1603004;-;02;11;5;2;3;11;2;5742041;4
2025;16;8;1603;1603004;-;02;11;5;2;3;11;4;13300;4
2025;16;8;1603;1603004;-;02;11;5;2;3;11;5;187230;4
2025;16;8;1603;1603004;-;02;11;6;2;3;11;2;4714602;1
2025;16;8;1603;1603004;-;02;11;6;2;3;11;4;8640;1
2025;16;8;1603;1603004;-;02;11;6;2;3;11;5;153738;1
2025;16;8;1603;1603004;-;02;12;4;2;3;11;2;2501780;1
2025;16;8;1603;1603004;-;02;12;4;2;3;11;5;70000;1
2025;16;8;1603;1603004;-;02;12;5;2;3;11;2;1335032;1
2025;16;8;1603;1603004;-;02;12;5;2;3;11;4;1460;1
2025;16;8;1603;1603004;-;02;12;5;2;3;11;5;134500;1
2025;16;8;1603;1603004;-;02;12;6;2;3;11;2;5015362;2
2025;16;8;1603;1603004;-;02;12;6;2;3;11;4;7275;2
2025;16;8;1603;1603004;-;02;12;6;2;3;11;5;284000;2
2025;16;8;1603;1603004;-;02;13;4;2;3;11;2;1152000;1
2025;16;8;1603;1603004;-;02;13;4;2;3;11;4;730;1
2025;16;8;1603;1603004;-;02;14;6;2;3;11;2;1610000;1
2025;16;8;1603;1603004;-;02;14;6;2;3;11;4;5475;1
2025;16;8;1603;1603004;-;02;14;6;2;3;11;5;60000;1
2025;16;8;1603;1603005;-;02;5;2;2;3;11;1;300;1
2025;16;8;1603;1603005;-;02;5;2;2;3;11;3;54000;1
2025;16;8;1603;1603005;-;02;5;2;2;3;11;4;360;1
2025;16;8;1603;1603005;-;02;5;2;2;3;11;5;1200;2
2025;16;8;1603;1603005;-;02;5;3;2;3;11;2;606282;4
2025;16;8;1603;1603005;-;02;5;3;2;3;11;3;120000;1
2025;16;8;1603;1603005;-;02;5;3;2;3;11;4;3015;4
2025;16;8;1603;1603005;-;02;5;3;2;3;11;5;99900;4
2025;16;8;1603;1603005;-;02;5;4;2;3;11;2;902817;1
2025;16;8;1603;1603005;-;02;5;4;2;3;11;4;1100;1
2025;16;8;1603;1603005;-;02;5;4;2;3;11;5;13495;1
2025;16;8;1603;1603005;-;02;5;5;2;3;11;2;2979453;2
2025;16;8;1603;1603005;-;02;5;5;2;3;11;4;7900;2
2025;16;8;1603;1603005;-;02;5;5;2;3;11;5;88900;2
2025;16;8;1603;1603005;-;02;8;2;2;3;11;3;47895;1
2025;16;8;1603;1603005;-;02;8;2;2;3;11;4;1095;1
2025;16;8;1603;1603005;-;02;8;2;2;3;11;5;5760;1
2025;16;8;1603;1603005;-;02;8;3;2;3;11;2;238610;1
2025;16;8;1603;1603005;-;02;8;3;2;3;11;4;200;1
2025;16;8;1603;1603005;-;02;8;3;2;3;11;5;3000;1
2025;16;8;1603;1603005;-;02;8;4;2;3;11;2;365641;1
2025;16;8;1603;1603005;-;02;8;4;2;3;11;4;2910;1
2025;16;8;1603;1603005;-;02;8;4;2;3;11;5;8880;1
2025;16;8;1603;1603005;-;02;8;5;2;3;11;2;4873609;2
2025;16;8;1603;1603005;-;02;8;5;2;3;11;4;8380;2
2025;16;8;1603;1603005;-;02;8;5;2;3;11;5;87450;2
2025;16;8;1603;1603005;-;02;8;6;2;3;11;2;3421876;1
2025;16;8;1603;1603005;-;02;8;6;2;3;11;4;12000;1
2025;16;8;1603;1603005;-;02;8;6;2;3;11;5;192000;1
2025;16;8;1603;1603005;-;02;11;3;2;3;11;2;665204;2
2025;16;8;1603;1603005;-;02;11;3;2;3;11;4;1230;2
2025;16;8;1603;1603005;-;02;11;3;2;3;11;5;19700;2
2025;16;8;1603;1603005;-;02;11;5;2;3;11;2;847882;1
2025;16;8;1603;1603005;-;02;11;5;2;3;11;4;1800;1
2025;16;8;1603;1603005;-;02;11;5;2;3;11;5;50000;1
2025;16;8;1603;1603005;-;02;11;6;2;3;11;2;3676458;1
2025;16;8;1603;1603005;-;02;11;6;2;3;11;4;1820;1
2025;16;8;1603;1603005;-;02;11;6;2;3;11;5;21550;1
2025;16;8;1603;1603005;-;02;12;5;2;3;11;2;2761161;1
2025;16;8;1603;1603005;-;02;12;5;2;3;11;4;1100;1
2025;16;8;1603;1603005;-;02;12;5;2;3;11;5;21570;1
2025;16;8;1603;1603006;-;02;1;3;2;3;11;2;149805;1
2025;16;8;1603;1603006;-;02;1;3;2;3;11;4;7000;1
2025;16;8;1603;1603006;-;02;1;3;2;3;11;5;10000;1
2025;16;8;1603;1603006;-;02;2;4;2;3;11;2;2844618;2
2025;16;8;1603;1603006;-;02;2;4;2;3;11;4;3300;2
2025;16;8;1603;1603006;-;02;2;4;2;3;11;5;160000;2
2025;16;8;1603;1603006;-;02;5;2;1;1;11;2;1922940;2
2025;16;8;1603;1603006;-;02;5;2;1;1;11;4;2500;1
2025;16;8;1603;1603006;-;02;5;2;1;1;11;5;22000;1
2025;16;8;1603;1603006;-;02;5;2;2;3;11;2;1983616;6
2025;16;8;1603;1603006;-;02;5;2;2;3;11;3;118215;2
2025;16;8;1603;1603006;-;02;5;2;2;3;11;4;5085;8
2025;16;8;1603;1603006;-;02;5;2;2;3;11;5;59220;8
2025;16;8;1603;1603006;-;02;5;3;1;1;11;2;540000;1
2025;16;8;1603;1603006;-;02;5;3;2;3;11;2;769087;3
2025;16;8;1603;1603006;-;02;5;3;2;3;11;4;3973;3
2025;16;8;1603;1603006;-;02;5;3;2;3;11;5;32558;3
2025;16;8;1603;1603006;-;02;5;4;2;3;11;1;728670;1
2025;16;8;1603;1603006;-;02;5;4;2;3;11;2;2442616;3
2025;16;8;1603;1603006;-;02;5;4;2;3;11;4;5600;4
2025;16;8;1603;1603006;-;02;5;4;2;3;11;5;98200;3
2025;16;8;1603;1603006;-;02;5;5;2;3;11;2;2250000;1
2025;16;8;1603;1603006;-;02;5;5;2;3;11;4;3600;1
2025;16;8;1603;1603006;-;02;5;5;2;3;11;5;58000;1
2025;16;8;1603;1603006;-;02;5;7;2;3;11;2;15712357;2
2025;16;8;1603;1603006;-;02;5;7;2;3;11;4;19050;2
2025;16;8;1603;1603006;-;02;5;7;2;3;11;5;504990;2
2025;16;8;1603;1603006;-;02;8;4;2;3;11;4;720;1
2025;16;8;1603;1603006;-;02;8;4;2;3;11;5;75000;1
2025;16;8;1603;1603006;-;02;8;6;2;3;11;2;6343292;2
2025;16;8;1603;1603006;-;02;8;6;2;3;11;4;5550;2
2025;16;8;1603;1603006;-;02;8;6;2;3;11;5;147040;2
2025;16;8;1603;1603006;-;02;11;2;2;3;11;3;25550;1
2025;16;8;1603;1603006;-;02;11;2;2;3;11;4;700;1
2025;16;8;1603;1603006;-;02;11;2;2;3;11;5;900;1
2025;16;8;1603;1603006;-;02;11;3;2;3;11;2;868621;3
2025;16;8;1603;1603006;-;02;11;3;2;3;11;4;2425;3
2025;16;8;1603;1603006;-;02;11;3;2;3;11;5;23300;3
2025;16;8;1603;1603006;-;02;11;4;2;3;11;2;2899889;3
2025;16;8;1603;1603006;-;02;11;4;2;3;11;4;13400;3
2025;16;8;1603;1603006;-;02;11;4;2;3;11;5;112100;3
2025;16;8;1603;1603006;-;02;11;5;2;3;11;2;1957339;1
2025;16;8;1603;1603006;-;02;11;5;2;3;11;4;2400;1
2025;16;8;1603;1603006;-;02;11;5;2;3;11;5;33500;1
2025;16;8;1603;1603006;-;02;11;6;2;3;11;2;1454799;1
2025;16;8;1603;1603006;-;02;11;6;2;3;11;4;2290;1
2025;16;8;1603;1603006;-;02;11;6;2;3;11;5;90000;1
2025;16;8;1603;1603006;-;02;12;6;2;3;11;2;6468000;1
2025;16;8;1603;1603006;-;02;12;6;2;3;11;4;2190;1
2025;16;8;1603;1603006;-;02;13;6;2;3;11;2;6699492;1
2025;16;8;1603;1603006;-;02;13;6;2;3;11;4;5110;1
2025;16;8;1603;1603006;-;02;13;6;2;3;11;5;108594;1
2025;16;8;1606;1606001;-;02;2;6;2;3;11;2;4015026;1
2025;16;8;1606;1606001;-;02;2;6;2;3;11;4;5040;1
2025;16;8;1606;1606001;-;02;2;6;2;3;11;5;53756;1
2025;16;8;1606;1606001;-;02;3;6;2;3;11;2;1201855;1
2025;16;8;1606;1606001;-;02;3;6;2;3;11;4;6570;1
2025;16;8;1606;1606001;-;02;3;6;2;3;11;5;23400;1
2025;16;8;1606;1606001;-;02;5;2;2;3;11;2;436902;2
2025;16;8;1606;1606001;-;02;5;4;2;3;11;2;1500;1
2025;16;8;1606;1606001;-;02;5;4;2;3;11;4;4;1
2025;16;8;1606;1606001;-;02;5;4;2;3;11;5;300;1
2025;16;8;1606;1606001;-;02;5;5;2;3;11;2;365641;1
2025;16;8;1606;1606001;-;02;5;5;2;3;11;4;2910;1
2025;16;8;1606;1606001;-;02;5;5;2;3;11;5;13320;1
2025;16;8;1606;1606001;-;02;8;3;2;3;11;2;360000;1
2025;16;8;1606;1606001;-;02;8;3;2;3;11;3;380000;1
2025;16;8;1606;1606001;-;02;8;3;2;3;11;4;1000;1
2025;16;8;1606;1606001;-;02;8;3;2;3;11;5;8900;2
2025;16;8;1606;1606001;-;02;8;4;2;3;11;2;2644954;2
2025;16;8;1606;1606001;-;02;8;4;2;3;11;4;13020;2
2025;16;8;1606;1606001;-;02;8;4;2;3;11;5;57600;2
2025;16;8;1606;1606001;-;02;8;5;2;3;11;2;1639017;1
2025;16;8;1606;1606001;-;02;8;5;2;3;11;4;1460;1
2025;16;8;1606;1606001;-;02;8;5;2;3;11;5;75000;1
2025;16;8;1606;1606001;-;02;8;7;2;3;11;2;7765944;1
2025;16;8;1606;1606001;-;02;8;7;2;3;11;4;13000;1
2025;16;8;1606;1606001;-;02;8;7;2;3;11;5;240000;1
2025;16;8;1606;1606001;-;02;9;5;2;3;11;2;3126466;1
2025;16;8;1606;1606001;-;02;9;5;2;3;11;4;1250;1
2025;16;8;1606;1606001;-;02;9;5;2;3;11;5;127750;1
2025;16;8;1606;1606001;-;02;11;2;2;3;11;2;348627;1
2025;16;8;1606;1606001;-;02;11;2;2;3;11;4;1800;1
2025;16;8;1606;1606001;-;02;11;2;2;3;11;5;14200;1
2025;16;8;1606;1606001;-;02;11;3;2;3;11;2;482022;1
2025;16;8;1606;1606001;-;02;11;3;2;3;11;4;1425;1
2025;16;8;1606;1606001;-;02;11;3;2;3;11;5;18000;1
2025;16;8;1606;1606001;-;02;11;5;2;3;11;2;1238700;1
2025;16;8;1606;1606001;-;02;11;5;2;3;11;4;5820;1
2025;16;8;1606;1606001;-;02;11;5;2;3;11;5;47450;1
2025;16;8;1606;1606001;-;02;12;4;2;3;11;2;1036262;1
2025;16;8;1606;1606001;-;02;12;4;2;3;11;4;1500;1
2025;16;8;1606;1606001;-;02;12;4;2;3;11;5;25000;1
2025;16;8;1606;1606001;-;02;13;3;2;3;11;2;843150;1
2025;16;8;1606;1606001;-;02;13;3;2;3;11;4;1500;1
2025;16;8;1606;1606001;-;02;13;3;2;3;11;5;35000;1
2025;16;8;1606;1606002;-;02;5;2;2;3;11;2;24000;1
2025;16;8;1606;1606002;-;02;5;2;2;3;11;3;21225;2
2025;16;8;1606;1606002;-;02;5;2;2;3;11;4;1335;3
2025;16;8;1606;1606002;-;02;5;2;2;3;11;5;3250;3
2025;16;8;1606;1606002;-;02;5;3;2;3;11;2;51000;1
2025;16;8;1606;1606002;-;02;5;3;2;3;11;4;1095;1
2025;16;8;1606;1606002;-;02;5;3;2;3;11;5;4600;1
2025;16;8;1606;1606002;-;02;5;4;2;3;11;2;400580;1
2025;16;8;1606;1606002;-;02;5;4;2;3;11;4;1700;1
2025;16;8;1606;1606002;-;02;5;4;2;3;11;5;20000;1
2025;16;8;1606;1606002;-;02;5;5;2;3;11;2;3451009;2
2025;16;8;1606;1606002;-;02;5;5;2;3;11;4;5000;2
2025;16;8;1606;1606002;-;02;5;5;2;3;11;5;52129;2
2025;16;8;1606;1606002;-;02;6;6;2;3;11;2;2586937;1
2025;16;8;1606;1606002;-;02;6;6;2;3;11;4;9000;1
2025;16;8;1606;1606002;-;02;6;6;2;3;11;5;72720;1
2025;16;8;1606;1606002;-;02;8;4;2;3;11;2;911104;1
2025;16;8;1606;1606002;-;02;8;4;2;3;11;4;2160;1
2025;16;8;1606;1606002;-;02;8;4;2;3;11;5;23038;1
2025;16;8;1606;1606002;-;02;8;6;2;3;11;2;2709609;1
2025;16;8;1606;1606002;-;02;8;6;2;3;11;4;10500;1
2025;16;8;1606;1606002;-;02;8;6;2;3;11;5;72000;1
2025;16;8;1606;1606002;-;02;11;6;2;3;11;2;896698;1
2025;16;8;1606;1606002;-;02;11;6;2;3;11;4;1460;1
2025;16;8;1606;1606002;-;02;11;6;2;3;11;5;21900;1
2025;16;8;1606;1606002;-;02;12;4;2;3;11;2;841117;1
2025;16;8;1606;1606002;-;02;12;4;2;3;11;4;1000;1
2025;16;8;1606;1606002;-;02;12;4;2;3;11;5;10000;1
2025;16;9;1602;1602001;-;01;5;7;2;3;11;3;224000;1
2025;16;9;1602;1602001;-;01;5;7;2;3;11;4;3650;1
2025;16;9;1602;1602001;-;01;5;7;2;3;11;5;70000;1
2025;16;9;1602;1602001;-;01;11;4;2;3;11;2;667050;1
2025;16;9;1602;1602001;-;01;11;4;2;3;11;4;720;1
2025;16;9;1602;1602001;-;01;11;4;2;3;11;5;33750;1
2025;16;9;1602;1602001;-;02;5;2;2;3;11;1;36500;1
2025;16;9;1602;1602001;-;02;5;2;2;3;11;2;73000;1
2025;16;9;1602;1602001;-;02;5;2;2;3;11;4;1230;2
2025;16;9;1602;1602001;-;02;5;2;2;3;11;5;1270;2
2025;16;9;1602;1602001;-;02;5;3;2;3;11;2;732400;3
2025;16;9;1602;1602001;-;02;5;3;2;3;11;3;722000;3
2025;16;9;1602;1602001;-;02;5;3;2;3;11;4;1680;3
2025;16;9;1602;1602001;-;02;5;3;2;3;11;5;24950;2
2025;16;9;1602;1602001;-;02;5;4;2;3;11;2;1227545;2
2025;16;9;1602;1602001;-;02;5;4;2;3;11;4;1925;2
2025;16;9;1602;1602001;-;02;5;4;2;3;11;5;50000;2
2025;16;9;1602;1602001;-;02;5;5;2;3;11;1;1389512;1
2025;16;9;1602;1602001;-;02;5;5;2;3;11;4;1825;1
2025;16;9;1602;1602001;-;02;5;5;2;3;11;5;58500;1
2025;16;9;1602;1602001;-;02;8;5;2;3;11;2;2934;1
2025;16;9;1602;1602001;-;02;8;5;2;3;11;3;497780;1
2025;16;9;1602;1602001;-;02;8;5;2;3;11;4;1825;1
2025;16;9;1602;1602001;-;02;8;5;2;3;11;5;22760;1
2025;16;9;1602;1602001;-;02;9;6;2;3;11;2;1512694;1
2025;16;9;1602;1602001;-;02;9;6;2;3;11;4;1900;1
2025;16;9;1602;1602001;-;02;9;6;2;3;11;5;950;1
2025;16;9;1602;1602001;-;02;11;4;2;3;11;2;942234;3
2025;16;9;1602;1602001;-;02;11;4;2;3;11;3;219000;1
2025;16;9;1602;1602001;-;02;11;4;2;3;11;4;2530;3
2025;16;9;1602;1602001;-;02;11;4;2;3;11;5;27400;3
2025;16;9;1602;1602001;-;02;11;5;2;3;11;2;430000;1
2025;16;9;1602;1602001;-;02;11;5;2;3;11;4;30000;1
2025;16;9;1602;1602001;-;02;11;5;2;3;11;5;26000;1
2025;16;9;1602;1602001;-;02;11;6;2;3;11;2;4060894;1
2025;16;9;1602;1602001;-;02;11;6;2;3;11;4;7900;1
2025;16;9;1602;1602001;-;02;11;6;2;3;11;5;150956;1
2025;16;9;1602;1602001;-;02;14;4;2;3;11;2;510000;1
2025;16;9;1602;1602001;-;02;14;4;2;3;11;4;250;1
2025;16;9;1602;1602001;-;02;14;4;2;3;11;5;1250;1
2025;16;9;1602;1602001;-;64;5;2;4;4;11;3;90000;1
2025;16;9;1602;1602001;-;64;5;2;4;4;11;4;500;1
2025;16;9;1602;1602001;-;64;5;2;4;4;11;5;1500;1
2025;16;9;1602;1602002;-;01;9;7;2;3;11;2;11999;1
2025;16;9;1602;1602002;-;01;9;7;2;3;11;4;7800;1
2025;16;9;1602;1602002;-;01;9;7;2;3;11;5;63500;1
2025;16;9;1602;1602002;-;02;2;7;2;3;11;2;5023945;1
2025;16;9;1602;1602002;-;02;2;7;2;3;11;4;7300;1
2025;16;9;1602;1602002;-;02;2;7;2;3;11;5;180000;1
2025;16;9;1602;1602002;-;02;5;4;2;3;11;3;600000;1
2025;16;9;1602;1602002;-;02;5;5;2;3;11;2;2679126;3
2025;16;9;1602;1602002;-;02;5;5;2;3;11;4;18300;3
2025;16;9;1602;1602002;-;02;5;5;2;3;11;5;108000;3
2025;16;9;1602;1602002;-;02;5;6;2;3;11;2;2015447;1
2025;16;9;1602;1602002;-;02;5;6;2;3;11;4;1200;1
2025;16;9;1602;1602002;-;02;5;6;2;3;11;5;22000;1
2025;16;9;1602;1602002;-;02;8;6;2;3;11;2;1450842;1
2025;16;9;1602;1602002;-;02;8;6;2;3;11;4;2050;1
2025;16;9;1602;1602002;-;02;8;6;2;3;11;5;72100;1
2025;16;9;1602;1602003;-;01;11;3;2;3;11;3;80000;1
2025;16;9;1602;1602003;-;01;11;3;2;3;11;4;750;1
2025;16;9;1602;1602003;-;01;11;3;2;3;11;5;5000;1
2025;16;9;1602;1602003;-;02;5;2;2;3;11;3;213000;2
2025;16;9;1602;1602003;-;02;5;2;2;3;11;4;2400;2
2025;16;9;1602;1602003;-;02;5;2;2;3;11;5;6400;2
2025;16;9;1602;1602003;-;02;5;3;2;3;11;2;2132232;5
2025;16;9;1602;1602003;-;02;5;3;2;3;11;3;352800;2
2025;16;9;1602;1602003;-;02;5;3;2;3;11;4;11300;7
2025;16;9;1602;1602003;-;02;5;3;2;3;11;5;110800;7
2025;16;9;1602;1602003;-;02;5;4;2;3;11;1;808600;2
2025;16;9;1602;1602003;-;02;5;4;2;3;11;2;3810973;5
2025;16;9;1602;1602003;-;02;5;4;2;3;11;4;7150;6
2025;16;9;1602;1602003;-;02;5;4;2;3;11;5;125200;6
2025;16;9;1602;1602003;-;02;5;5;2;3;11;2;5001272;3
2025;16;9;1602;1602003;-;02;5;5;2;3;11;4;8010;3
2025;16;9;1602;1602003;-;02;5;5;2;3;11;5;191100;3
2025;16;9;1602;1602003;-;02;11;2;2;3;11;2;115000;1
2025;16;9;1602;1602003;-;02;11;2;2;3;11;3;3000;1
2025;16;9;1602;1602003;-;02;11;2;2;3;11;4;1400;2
2025;16;9;1602;1602003;-;02;11;2;2;3;11;5;6780;2
2025;16;9;1602;1602003;-;02;11;3;1;1;11;2;680002;1
2025;16;9;1602;1602003;-;02;11;3;2;3;11;2;721851;2
2025;16;9;1602;1602003;-;02;11;3;2;3;11;3;595000;3
2025;16;9;1602;1602003;-;02;11;3;2;3;11;4;3825;4
2025;16;9;1602;1602003;-;02;11;3;2;3;11;5;26790;3
2025;16;9;1602;1602003;-;02;11;4;2;3;11;2;1201442;1
2025;16;9;1602;1602003;-;02;11;4;2;3;11;4;300;1
2025;16;9;1602;1602003;-;02;11;4;2;3;11;5;11000;1
2025;16;9;1602;1602003;-;02;11;5;2;3;11;2;1937389;2
2025;16;9;1602;1602003;-;02;11;5;2;3;11;4;2400;2
2025;16;9;1602;1602003;-;02;11;5;2;3;11;5;109500;2
2025;16;9;1602;1602003;-;63;5;1;1;1;11;2;594000;1
2025;16;10;0;0;-;63;5;1;1;1;11;3;335600;1
2025;16;10;0;0;-;63;5;1;1;1;11;4;150;1
2025;16;10;0;0;-;63;5;1;1;1;11;5;10000;1
2025;16;10;1607;1607005;-;63;5;1;1;1;11;2;126480;1
2025;16;10;1607;1607005;-;63;5;1;1;1;11;4;7300;1
2025;16;10;1607;1607005;-;63;5;1;1;1;11;5;11000;1
2025;17;1;0;0;-;63;5;1;1;1;11;2;835218;2
2025;17;1;0;0;-;63;5;1;1;1;11;4;1800;1
2025;17;1;0;0;-;63;5;1;1;1;11;5;35400;2
2025;17;2;0;0;-;63;5;1;1;1;11;2;81054;1
2025;17;3;1701;1701001;-;02;3;6;2;3;11;2;2732495;1
2025;17;3;1701;1701001;-;02;3;6;2;3;11;4;3650;1
2025;17;3;1701;1701001;-;02;3;6;2;3;11;5;40000;1
2025;17;3;1701;1701003;-;02;5;7;2;3;11;2;830000;1
2025;17;3;1701;1701003;-;02;5;7;2;3;11;4;700;1
2025;17;3;1701;1701003;-;02;5;7;2;3;11;5;14000;1
2025;17;3;1701;1701005;-;02;2;5;2;3;11;2;3673724;1
2025;17;3;1701;1701005;-;02;2;5;2;3;11;5;4400;1
2025;17;3;1701;1701005;-;02;5;2;2;3;11;2;176823;1
2025;17;3;1701;1701005;-;02;5;2;2;3;11;4;450;1
2025;17;3;1701;1701005;-;02;5;2;2;3;11;5;3800;1
2025;17;3;1701;1701005;-;02;5;3;2;3;11;2;1591424;1
2025;17;3;1701;1701005;-;02;5;3;2;3;11;4;1300;1
2025;17;3;1701;1701005;-;02;5;3;2;3;11;5;23600;1
2025;17;3;1701;1701005;-;02;14;6;2;3;11;2;3912030;1
2025;17;3;1701;1701005;-;02;14;6;2;3;11;4;1000;1
2025;17;3;1701;1701005;-;02;14;6;2;3;11;5;51000;1
2025;17;3;1701;1701005;-;03;2;4;2;3;11;2;165569;1
2025;17;4;1703;1703001;-;02;5;5;2;3;11;2;270000;1
2025;17;4;1703;1703001;-;02;5;5;2;3;11;4;1500;1
2025;17;4;1703;1703001;-;02;5;5;2;3;11;5;36500;1
2025;17;4;1703;1703002;-;02;9;5;2;3;11;1;133200;1
2025;17;4;1703;1703002;-;02;9;5;2;3;11;4;480;1
2025;17;4;1703;1703002;-;02;9;5;2;3;11;5;21200;1
2025;17;4;1703;1703002;-;02;12;6;2;3;11;2;4450840;1
2025;17;4;1703;1703002;-;02;12;6;2;3;11;4;12000;1
2025;17;4;1703;1703002;-;02;12;6;2;3;11;5;110000;1
2025;17;4;1703;1703002;-;02;13;3;2;3;11;2;1163702;1
2025;17;4;1703;1703002;-;02;13;3;2;3;11;4;799;1
2025;17;4;1703;1703002;-;02;13;3;2;3;11;5;17156;1
2025;17;4;1703;1703004;-;03;11;6;2;3;11;2;835773;1
2025;17;4;1703;1703004;-;03;11;6;2;3;11;4;1830;1
2025;17;4;1703;1703004;-;03;11;6;2;3;11;5;75000;1
2025;17;4;1703;1703006;-;02;5;5;2;3;11;2;2243204;1
2025;17;4;1703;1703006;-;02;5;5;2;3;11;4;3650;1
2025;17;4;1703;1703006;-;02;5;5;2;3;11;5;40000;1
2025;17;4;1703;1703006;-;02;9;4;2;3;11;2;612032;1
2025;17;4;1703;1703006;-;02;9;4;2;3;11;4;3650;1
2025;17;4;1703;1703006;-;02;9;4;2;3;11;5;58400;1
2025;17;4;1704;1704001;-;02;5;2;2;3;11;2;37298;1
2025;17;4;1704;1704001;-;02;5;2;2;3;11;4;600;1
2025;17;4;1704;1704001;-;02;5;2;2;3;11;5;3000;1
2025;17;5;1704;1704001;-;01;5;2;2;3;11;2;40000;1
2025;17;5;1704;1704001;-;01;5;2;2;3;11;4;1500;1
2025;17;5;1704;1704001;-;01;5;2;2;3;11;5;1300;1
2025;17;5;1704;1704001;-;02;5;2;2;3;11;2;1607641;4
2025;17;5;1704;1704001;-;02;5;2;2;3;11;4;3360;4
2025;17;5;1704;1704001;-;02;5;2;2;3;11;5;17300;3
2025;17;5;1704;1704001;-;02;5;4;2;3;11;2;596345;1
2025;17;5;1704;1704001;-;02;5;4;2;3;11;4;2190;1
2025;17;5;1704;1704001;-;02;5;4;2;3;11;5;41550;1
2025;17;5;1704;1704001;-;02;11;4;2;3;11;2;150000;1
2025;17;5;1704;1704001;-;02;11;4;2;3;11;4;1000;1
2025;17;5;1704;1704001;-;02;11;4;2;3;11;5;7000;1
2025;17;5;1704;1704002;-;02;11;4;2;3;11;3;101214;1
2025;17;5;1704;1704002;-;02;11;4;2;3;11;4;1058;1
2025;17;5;1704;1704002;-;02;11;4;2;3;11;5;21328;1
2025;17;5;1704;1704002;-;02;14;4;2;3;11;1;431043;1
2025;17;5;1704;1704002;-;02;14;4;2;3;11;4;1190;1
2025;17;5;1704;1704002;-;02;14;4;2;3;11;5;19340;1
2025;17;6;1702;1702006;-;02;5;2;2;3;11;1;11000;1
2025;17;6;1702;1702006;-;02;5;2;2;3;11;2;28473;1
2025;17;6;1702;1702006;-;02;5;2;2;3;11;3;80000;1
2025;17;6;1702;1702006;-;02;5;2;2;3;11;4;700;1
2025;17;6;1702;1702006;-;02;5;2;2;3;11;5;21700;2
2025;17;6;1702;1702006;-;02;5;3;2;3;11;2;72000;1
2025;17;6;1702;1702006;-;02;5;4;2;3;11;2;524512;1
2025;17;6;1702;1702006;-;02;5;4;2;3;11;4;3500;1
2025;17;6;1702;1702006;-;02;5;4;2;3;11;5;14990;1
2025;17;6;1702;1702006;-;02;11;4;2;3;11;2;698116;1
2025;17;6;1702;1702006;-;02;11;4;2;3;11;4;800;1
2025;17;6;1702;1702006;-;02;11;4;2;3;11;5;6000;1
2025;17;6;1703;1703003;-;02;5;2;2;3;11;2;377436;1
2025;17;6;1703;1703003;-;02;5;2;2;3;11;4;150;1
2025;17;6;1703;1703003;-;02;5;3;2;3;11;2;609653;1
2025;17;6;1703;1703003;-;02;5;3;2;3;11;4;730;1
2025;17;6;1703;1703003;-;02;5;3;2;3;11;5;21900;1
2025;17;6;1703;1703003;-;02;5;4;2;3;11;2;826776;3
2025;17;6;1703;1703003;-;02;5;4;2;3;11;4;6995;3
2025;17;6;1703;1703003;-;02;5;4;2;3;11;5;37160;3
2025;17;6;1703;1703003;-;02;8;3;2;3;11;2;54000;1
2025;17;6;1703;1703003;-;02;8;3;2;3;11;4;720;1
2025;17;6;1703;1703003;-;02;8;3;2;3;11;5;1400;1
2025;17;6;1703;1703003;-;02;11;3;2;3;11;2;810406;1
2025;17;6;1703;1703003;-;02;11;3;2;3;11;4;3700;1
2025;17;6;1703;1703003;-;02;11;3;2;3;11;5;60000;1
2025;17;6;1703;1703003;-;02;11;4;2;3;11;2;233699;1
2025;17;6;1703;1703003;-;02;11;4;2;3;11;4;365;1
2025;17;6;1703;1703003;-;02;11;4;2;3;11;5;7300;1
2025;17;6;1703;1703003;-;02;13;5;2;3;11;2;2138800;1
2025;17;6;1703;1703003;-;02;13;5;2;3;11;4;6000;1
2025;17;6;1703;1703003;-;02;13;5;2;3;11;5;60000;1
2025;17;6;1703;1703003;-;64;5;4;4;4;11;3;182500;1
2025;17;6;1703;1703003;-;64;5;4;4;4;11;4;1825;1
2025;17;6;1703;1703003;-;64;5;4;4;4;11;5;18250;1
2025;17;6;1703;1703004;-;02;5;4;2;3;11;2;250311;2
2025;17;6;1703;1703004;-;02;5;4;2;3;11;4;3025;2
2025;17;6;1703;1703004;-;02;5;4;2;3;11;5;24600;2
2025;17;6;1703;1703004;-;02;11;3;2;3;11;2;431466;1
2025;17;6;1703;1703004;-;02;11;3;2;3;11;4;1095;1
2025;17;6;1703;1703004;-;02;11;3;2;3;11;5;14600;1
2025;17;6;1703;1703006;-;02;5;3;2;3;11;2;406805;1
2025;17;6;1703;1703006;-;02;5;3;2;3;11;4;1500;1
2025;17;6;1703;1703006;-;02;5;3;2;3;11;5;18250;1
2025;17;6;1703;1703006;-;02;11;3;2;3;11;2;387067;1
2025;17;6;1703;1703006;-;02;11;3;2;3;11;4;520;1
2025;17;6;1703;1703006;-;02;11;3;2;3;11;5;25000;1
2025;17;6;1703;1703006;-;02;12;2;2;3;11;2;329293;1
2025;17;6;1703;1703006;-;02;12;2;2;3;11;4;800;1
2025;17;6;1703;1703006;-;02;14;5;2;3;11;2;1317180;1
2025;17;6;1703;1703006;-;02;14;5;2;3;11;4;3650;1
2025;17;6;1703;1703006;-;02;14;5;2;3;11;5;61200;1
2025;17;7;1701;1701001;-;03;4;6;2;3;11;1;930959;1
2025;17;7;1701;1701001;-;03;4;6;2;3;11;3;141008;1
2025;17;7;1701;1701001;-;03;4;6;2;3;11;4;9000;1
2025;17;7;1701;1701001;-;03;4;6;2;3;11;5;60050;1
2025;17;7;1701;1701002;-;02;5;3;2;3;11;2;790399;2
2025;17;7;1701;1701002;-;02;5;3;2;3;11;4;3000;2
2025;17;7;1701;1701002;-;02;5;3;2;3;11;5;13750;1
2025;17;7;1701;1701002;-;02;5;4;2;3;11;1;306500;1
2025;17;7;1701;1701002;-;02;5;4;2;3;11;2;2454597;4
2025;17;7;1701;1701002;-;02;5;4;2;3;11;4;9475;5
2025;17;7;1701;1701002;-;02;5;4;2;3;11;5;406150;5
2025;17;7;1701;1701002;-;02;11;3;2;3;11;1;519161;1
2025;17;7;1701;1701002;-;02;11;3;2;3;11;2;722966;1
2025;17;7;1701;1701002;-;02;11;3;2;3;11;4;1640;2
2025;17;7;1701;1701002;-;02;11;3;2;3;11;5;158400;2
2025;17;7;1701;1701002;-;02;11;4;2;3;11;2;2262369;3
2025;17;7;1701;1701002;-;02;11;4;2;3;11;4;3620;3
2025;17;7;1701;1701002;-;02;11;4;2;3;11;5;123180;3
2025;17;7;1701;1701003;-;02;11;2;2;3;11;2;1500;1
2025;17;7;1701;1701003;-;02;11;5;2;3;11;2;874072;1
2025;17;7;1701;1701003;-;02;11;5;2;3;11;4;1800;1
2025;17;7;1701;1701003;-;02;11;5;2;3;11;5;76780;1
2025;17;7;1703;1703006;-;02;11;4;2;3;11;2;242086;1
2025;17;7;1703;1703006;-;02;11;4;2;3;11;4;2000;1
2025;17;7;1703;1703006;-;02;11;4;2;3;11;5;12650;1
2025;17;8;1702;1702002;-;01;5;2;2;3;11;3;36000;1
2025;17;8;1702;1702002;-;01;5;2;2;3;11;4;500;1
2025;17;8;1702;1702002;-;01;5;2;2;3;11;5;1500;1
2025;17;8;1702;1702002;-;02;8;5;2;3;11;2;430294;1
2025;17;8;1702;1702002;-;02;8;5;2;3;11;4;2000;1
2025;17;8;1702;1702002;-;02;8;5;2;3;11;5;15000;1
2025;17;8;1702;1702005;-;01;5;3;2;3;11;3;110000;1
2025;17;8;1702;1702005;-;01;5;3;2;3;11;4;1000;1
2025;17;8;1702;1702005;-;01;5;3;2;3;11;5;12000;1
2025;17;8;1702;1702005;-;01;8;4;2;3;11;2;180000;1
2025;17;8;1702;1702005;-;01;8;4;2;3;11;4;1000;1
2025;17;8;1702;1702005;-;01;8;4;2;3;11;5;8000;1
2025;17;8;1702;1702005;-;01;11;2;2;3;11;3;79200;1
2025;17;8;1702;1702005;-;02;0;2;2;3;11;3;17000;1
2025;17;8;1702;1702005;-;02;0;2;2;3;11;5;1100;1
2025;17;8;1702;1702005;-;02;5;2;2;3;11;2;1188551;5
2025;17;8;1702;1702005;-;02;5;2;2;3;11;3;38700;2
2025;17;8;1702;1702005;-;02;5;2;2;3;11;4;3302;5
2025;17;8;1702;1702005;-;02;5;2;2;3;11;5;10185;2
2025;17;8;1702;1702005;-;02;5;3;2;3;11;2;206000;1
2025;17;8;1702;1702005;-;02;5;3;2;3;11;3;130000;1
2025;17;8;1702;1702005;-;02;5;3;2;3;11;4;360;1
2025;17;8;1702;1702005;-;02;5;3;2;3;11;5;9600;1
2025;17;8;1702;1702005;-;02;5;4;2;3;11;2;165171;1
2025;17;8;1702;1702005;-;02;5;4;2;3;11;3;110000;1
2025;17;8;1702;1702005;-;02;5;4;2;3;11;4;700;2
2025;17;8;1702;1702005;-;02;5;4;2;3;11;5;12000;2
2025;17;8;1702;1702005;-;02;5;5;2;3;11;2;109500;1
2025;17;8;1702;1702005;-;02;5;5;2;3;11;4;1460;1
2025;17;8;1702;1702005;-;02;5;5;2;3;11;5;10950;1
2025;17;8;1702;1702005;-;02;8;3;2;3;11;2;331567;1
2025;17;8;1702;1702005;-;02;8;3;2;3;11;4;365;1
2025;17;8;1702;1702005;-;02;8;3;2;3;11;5;3000;1
2025;17;8;1702;1702005;-;02;8;4;2;3;11;2;264152;1
2025;17;8;1702;1702005;-;02;8;4;2;3;11;4;310;1
2025;17;8;1702;1702005;-;02;8;4;2;3;11;5;8200;1
2025;17;8;1702;1702005;-;02;8;5;2;3;11;2;2024654;1
2025;17;8;1702;1702005;-;02;8;5;2;3;11;4;700;1
2025;17;8;1702;1702005;-;02;8;5;2;3;11;5;5000;1
2025;17;8;1702;1702005;-;02;9;5;2;3;11;2;1044717;1
2025;17;8;1702;1702005;-;02;9;5;2;3;11;4;2350;1
2025;17;8;1702;1702005;-;02;9;5;2;3;11;5;34560;1
2025;17;8;1702;1702005;-;02;11;2;2;3;11;2;293501;1
2025;17;8;1702;1702005;-;02;11;2;2;3;11;3;62300;2
2025;17;8;1702;1702005;-;02;11;2;2;3;11;4;2465;3
2025;17;8;1702;1702005;-;02;11;2;2;3;11;5;9125;2
2025;17;8;1702;1702005;-;02;11;3;2;3;11;2;747575;2
2025;17;8;1702;1702005;-;02;11;3;2;3;11;4;900;2
2025;17;8;1702;1702005;-;02;11;3;2;3;11;5;37000;2
2025;17;8;1702;1702005;-;02;11;4;2;3;11;2;1306337;2
2025;17;8;1702;1702005;-;02;11;4;2;3;11;4;1500;2
2025;17;8;1702;1702005;-;02;11;4;2;3;11;5;55000;2
2025;17;8;1702;1702005;-;02;11;5;2;3;11;2;1967236;2
2025;17;8;1702;1702005;-;02;11;5;2;3;11;3;918000;1
2025;17;8;1702;1702005;-;02;11;5;2;3;11;4;730;1
2025;17;8;1702;1702005;-;02;11;5;2;3;11;5;132728;3
2025;17;8;1702;1702005;-;02;12;5;2;3;11;2;2304246;1
2025;17;8;1702;1702005;-;02;12;5;2;3;11;5;85800;1
2025;17;8;1702;1702005;-;02;14;2;2;3;11;2;325600;1
2025;17;8;1702;1702005;-;02;14;2;2;3;11;4;500;1
2025;17;8;1702;1702005;-;02;14;2;2;3;11;5;25800;1
2025;17;8;1702;1702005;-;02;14;7;2;3;11;2;13677169;1
2025;17;8;1702;1702005;-;02;14;7;2;3;11;4;7300;1
2025;17;8;1702;1702005;-;02;14;7;2;3;11;5;300000;1
2025;17;8;1703;1703004;-;02;5;5;2;3;11;2;96000;1
2025;17;8;1703;1703004;-;02;5;5;2;3;11;4;100;1
2025;17;8;1703;1703005;-;02;5;2;2;3;11;2;96418;1
2025;17;8;1703;1703005;-;02;5;2;2;3;11;4;700;1
2025;17;8;1703;1703005;-;02;5;2;2;3;11;5;5000;1
2025;17;8;1703;1703005;-;02;5;3;2;3;11;1;65000;1
2025;17;8;1703;1703005;-;02;5;3;2;3;11;4;1500;1
2025;17;8;1703;1703005;-;02;5;3;2;3;11;5;15000;1
2025;17;9;1704;1704003;-;02;5;4;2;3;11;2;2404891;2
2025;17;9;1704;1704003;-;02;5;4;2;3;11;3;556552;1
2025;17;9;1704;1704003;-;02;5;4;2;3;11;4;8250;2
2025;17;9;1704;1704003;-;02;5;4;2;3;11;5;72880;2
2025;17;9;1704;1704003;-;03;8;6;2;3;11;2;2476742;1
2025;17;9;1704;1704003;-;03;8;6;2;3;11;4;750;1
2025;17;9;1704;1704003;-;03;8;6;2;3;11;5;35000;1
2025;17;9;1704;1704004;-;01;5;2;1;1;11;3;238522;1
2025;17;9;1704;1704004;-;01;5;2;1;1;11;4;1550;1
2025;17;9;1704;1704004;-;01;5;2;1;1;11;5;16920;1
2025;17;9;1704;1704004;-;02;1;3;2;3;11;2;158329;1
2025;17;9;1704;1704004;-;02;1;3;2;3;11;4;7000;1
2025;17;9;1704;1704004;-;02;1;3;2;3;11;5;5500;1
2025;17;9;1704;1704004;-;02;5;4;2;3;11;2;344841;1
2025;17;9;1704;1704004;-;02;5;4;2;3;11;4;500;1
2025;17;9;1704;1704004;-;02;5;4;2;3;11;5;5000;1
2025;17;9;1704;1704005;-;01;11;2;2;3;11;2;643487;1
2025;17;9;1704;1704005;-;02;5;2;2;3;11;2;16424;1
2025;17;9;1704;1704005;-;02;5;3;2;3;11;2;903271;1
2025;17;9;1704;1704005;-;02;5;3;2;3;11;3;1320000;1
2025;17;9;1704;1704005;-;02;5;3;2;3;11;4;400;1
2025;17;9;1704;1704005;-;02;11;2;2;3;11;2;22363;1
2025;17;9;1704;1704005;-;02;11;3;2;3;11;2;546000;2
2025;17;9;1704;1704005;-;02;11;3;2;3;11;4;1900;1
2025;17;9;1704;1704005;-;02;11;3;2;3;11;5;45000;1
2025;17;9;1704;1704005;-;02;12;3;2;3;11;2;486377;1
2025;17;9;1704;1704005;-;02;12;3;2;3;11;4;40;1
2025;17;9;1704;1704006;-;01;11;3;2;3;11;3;437650;1
2025;17;9;1704;1704006;-;01;11;3;2;3;11;4;300;1
2025;17;9;1704;1704006;-;01;11;3;2;3;11;5;18250;1
2025;17;10;0;0;-;63;5;1;1;1;11;2;72000;1
2025;17;10;0;0;-;63;5;1;1;1;11;3;766664;1
2025;17;10;0;0;-;63;5;1;1;1;11;4;1800;1
2025;17;10;1701;1701006;-;01;5;3;2;3;11;1;252000;1
2025;17;10;1701;1701006;-;01;5;3;2;3;11;4;2000;1
2025;17;10;1701;1701006;-;01;5;3;2;3;11;5;24000;1
2025;17;10;1702;1702002;-;01;5;4;2;3;11;2;1013021;1
2025;17;10;1702;1702002;-;01;5;4;2;3;11;4;2500;1
2025;17;10;1702;1702002;-;01;5;4;2;3;11;5;20000;1
2025;17;10;1702;1702002;-;02;5;2;2;3;11;2;551741;1
2025;17;10;1702;1702002;-;02;5;2;2;3;11;4;1200;1
2025;17;10;1702;1702002;-;02;5;2;2;3;11;5;25200;1
2025;17;10;1702;1702002;-;02;5;3;2;3;11;1;31203;1
2025;17;10;1702;1702002;-;02;5;3;2;3;11;4;1460;1
2025;17;10;1702;1702002;-;02;5;3;2;3;11;5;3600;1
2025;17;10;1702;1702002;-;02;5;4;1;1;11;2;279340;1
2025;17;10;1702;1702002;-;02;5;5;2;3;11;2;2412025;2
2025;17;10;1702;1702002;-;02;5;5;2;3;11;4;2305;2
2025;17;10;1702;1702002;-;02;5;5;2;3;11;5;86600;2
2025;17;10;1702;1702002;-;02;11;2;2;3;11;2;354057;1
2025;17;10;1702;1702002;-;02;11;2;2;3;11;4;3130;1
2025;17;10;1702;1702002;-;02;11;2;2;3;11;5;43200;1
2025;17;10;1702;1702002;-;02;11;3;2;3;11;3;95000;1
2025;17;10;1702;1702002;-;02;11;3;2;3;11;4;1200;1
2025;17;10;1702;1702002;-;02;11;3;2;3;11;5;9500;1
2025;17;10;1702;1702002;-;02;11;4;2;3;11;2;526300;1
2025;17;10;1702;1702002;-;02;11;4;2;3;11;4;1500;1
2025;17;10;1702;1702002;-;02;11;4;2;3;11;5;18000;1
2025;17;10;1702;1702002;-;02;12;6;2;3;11;2;2369974;1
2025;17;10;1702;1702002;-;02;12;6;2;3;11;4;1430;1
2025;17;10;1702;1702002;-;02;12;6;2;3;11;5;54530;1
2025;17;10;1702;1702005;-;02;11;4;2;3;11;3;80000;1
2025;17;10;1702;1702005;-;02;11;4;2;3;11;4;1000;1
2025;17;10;1702;1702005;-;02;11;4;2;3;11;5;2000;1
2025;17;10;1702;1702006;-;01;11;2;2;3;11;4;400;1
2025;17;10;1702;1702006;-;01;11;2;2;3;11;5;18000;1
2025;17;10;1702;1702006;-;02;5;2;2;3;11;2;991856;3
2025;17;10;1702;1702006;-;02;5;2;2;3;11;4;2535;3
2025;17;10;1702;1702006;-;02;5;2;2;3;11;5;25032;3
2025;17;10;1702;1702006;-;02;5;3;2;3;11;2;553180;3
2025;17;10;1702;1702006;-;02;5;3;2;3;11;4;3650;2
2025;17;10;1702;1702006;-;02;5;3;2;3;11;5;179020;3
2025;17;10;1702;1702006;-;02;5;4;2;3;11;2;4827506;6
2025;17;10;1702;1702006;-;02;5;4;2;3;11;4;5500;3
2025;17;10;1702;1702006;-;02;5;4;2;3;11;5;98808;5
2025;17;10;1702;1702006;-;02;5;5;2;3;11;2;2041826;1
2025;17;10;1702;1702006;-;02;5;5;2;3;11;4;532;1
2025;17;10;1702;1702006;-;02;5;5;2;3;11;5;80200;1
2025;17;10;1702;1702006;-;02;11;2;2;3;11;2;277704;2
2025;17;10;1702;1702006;-;02;11;2;2;3;11;4;1350;2
2025;17;10;1702;1702006;-;02;11;2;2;3;11;5;10500;2
2025;17;10;1702;1702006;-;02;11;6;2;3;11;2;1226463;1
2025;17;10;1702;1702006;-;02;11;6;2;3;11;3;469920;1
2025;17;10;1702;1702006;-;02;11;6;2;3;11;4;1800;1
2025;17;10;1702;1702006;-;02;11;6;2;3;11;5;30000;1
2025;17;10;1702;1702006;-;02;14;5;2;3;11;2;240000;1
2025;17;10;1702;1702006;-;02;14;5;2;3;11;4;1400;1
2025;17;10;1702;1702006;-;02;14;5;2;3;11;5;21600;1
2025;17;10;1702;1702006;-;03;5;3;2;3;11;2;120000;1
2025;17;10;1702;1702007;-;02;11;4;2;3;11;2;483000;1
2025;17;10;1702;1702007;-;02;11;4;2;3;11;4;600;1
2025;17;10;1702;1702007;-;02;11;4;2;3;11;5;21600;1
2025;17;11;1702;1702003;-;01;5;2;2;3;11;2;14000;1
2025;17;11;1702;1702003;-;01;5;2;2;3;11;4;900;1
2025;17;11;1702;1702003;-;02;5;2;2;3;11;3;80500;1
2025;17;11;1702;1702003;-;02;5;2;2;3;11;4;850;1
2025;17;11;1702;1702003;-;02;5;2;2;3;11;5;8350;1
2025;17;11;1702;1702003;-;02;5;3;2;3;11;2;2412724;3
2025;17;11;1702;1702003;-;02;5;3;2;3;11;4;5400;3
2025;17;11;1702;1702003;-;02;5;3;2;3;11;5;68500;3
2025;17;11;1702;1702003;-;02;5;4;2;3;11;2;983746;2
2025;17;11;1702;1702003;-;02;5;4;2;3;11;4;1500;2
2025;17;11;1702;1702003;-;02;5;4;2;3;11;5;29000;2
2025;17;11;1702;1702003;-;02;5;5;2;3;11;2;256200;1
2025;17;11;1702;1702003;-;02;5;5;2;3;11;4;200;1
2025;17;11;1702;1702003;-;02;5;5;2;3;11;5;22400;1
2025;17;11;1702;1702003;-;02;11;4;2;3;11;2;875000;1
2025;17;11;1702;1702003;-;02;11;4;2;3;11;4;1000;1
2025;17;11;1702;1702003;-;02;11;4;2;3;11;5;10000;1
2025;17;11;1702;1702003;-;03;9;6;2;3;11;2;2698756;1
2025;17;11;1702;1702003;-;03;9;6;2;3;11;4;2000;1
2025;17;11;1702;1702003;-;03;9;6;2;3;11;5;60000;1
2025;17;11;1702;1702004;-;01;5;4;2;3;11;3;62000;1
2025;17;11;1702;1702004;-;01;5;4;2;3;11;4;1040;1
2025;17;11;1702;1702004;-;01;5;4;2;3;11;5;8500;1
2025;17;11;1702;1702004;-;02;5;3;2;3;11;1;355000;1
2025;17;11;1702;1702004;-;02;5;3;2;3;11;3;438000;1
2025;17;11;1702;1702004;-;02;5;3;2;3;11;4;7350;2
2025;17;11;1702;1702004;-;02;5;3;2;3;11;5;46500;2
2025;17;11;1702;1702004;-;02;5;4;2;3;11;2;612000;1
2025;17;11;1702;1702004;-;02;5;4;2;3;11;4;1000;1
2025;17;11;1702;1702004;-;02;5;4;2;3;11;5;15000;1
2025;17;11;1702;1702004;-;02;5;5;2;3;11;2;580000;1
2025;17;11;1702;1702004;-;02;5;5;2;3;11;4;500;1
2025;17;11;1702;1702004;-;02;5;5;2;3;11;5;45000;1
2025;17;11;1702;1702004;-;02;5;6;2;3;11;1;6600000;1
2025;17;11;1702;1702004;-;02;5;6;2;3;11;4;2000;1
2025;17;11;1702;1702004;-;02;5;6;2;3;11;5;80000;1
2025;17;11;1702;1702004;-;02;11;3;2;3;11;1;1;1
2025;17;11;1702;1702004;-;02;11;3;2;3;11;2;1;1
2025;17;11;1702;1702004;-;02;11;3;2;3;11;3;32402;1
2025;17;11;1702;1702004;-;02;11;3;2;3;11;4;550;1
2025;17;11;1702;1702004;-;02;11;3;2;3;11;5;500;1
2025;17;11;1702;1702005;-;02;11;5;2;3;11;2;657000;1
2025;17;11;1702;1702005;-;02;11;5;2;3;11;4;230;1
2025;17;11;1702;1702007;-;02;11;2;2;3;11;2;242107;1
2025;17;11;1702;1702007;-;02;11;2;2;3;11;4;250;1
2025;17;11;1702;1702007;-;02;11;2;2;3;11;5;3500;1
2025;17;11;1702;1702007;-;02;11;5;2;3;11;2;1054651;1
2025;17;11;1702;1702007;-;02;11;5;2;3;11;4;1500;1
2025;17;11;1702;1702007;-;02;11;5;2;3;11;5;26500;1
2025;17;11;1702;1702008;-;01;3;5;2;3;11;2;220929;1
2025;17;11;1702;1702008;-;02;5;4;2;3;11;2;92500;1
2025;17;11;1702;1702008;-;02;5;4;2;3;11;3;250000;1
2025;17;11;1702;1702008;-;02;5;4;2;3;11;4;2000;1
2025;17;11;1702;1702008;-;02;5;4;2;3;11;5;3000;1
2025;17;12;1701;1701002;-;02;2;8;2;3;11;2;4468781;1
2025;17;12;1701;1701002;-;02;2;8;2;3;11;4;12775;1
2025;17;12;1701;1701002;-;02;2;8;2;3;11;5;296070;1
2025;18;1;1801;1801004;-;01;1;5;2;3;11;4;4730;1
2025;18;1;1801;1801004;-;01;1;5;2;3;11;5;18500;1
2025;18;2;1802;1802003;-;01;5;2;2;3;11;1;18000;1
2025;18;2;1802;1802003;-;01;5;2;2;3;11;4;600;1
2025;18;4;1806;1806004;-;02;12;5;2;3;11;2;1204299;1
2025;18;6;0;0;-;63;5;1;1;1;11;1;12000;1
2025;18;6;0;0;-;63;5;1;1;1;11;4;2000;1
2025;18;6;0;0;-;63;5;1;1;1;11;5;6095;2
2025;18;6;1802;1802001;-;01;5;2;2;3;11;1;43000;1
2025;18;6;1802;1802001;-;01;5;2;2;3;11;4;1500;1
2025;18;6;1802;1802001;-;01;5;2;2;3;11;5;4500;1
2025;18;6;1802;1802001;-;02;5;2;2;3;11;3;20000;1
2025;18;6;1802;1802001;-;02;5;2;2;3;11;4;700;1
2025;18;6;1802;1802002;-;02;5;2;2;3;11;3;36500;1
2025;18;6;1802;1802002;-;02;5;2;2;3;11;4;1825;1
2025;18;6;1802;1802002;-;02;5;2;2;3;11;5;5475;1
2025;18;7;1803;1803001;-;02;5;5;2;3;11;2;180000;1
2025;18;7;1803;1803001;-;02;5;5;2;3;11;4;300;1
2025;18;7;1803;1803001;-;02;5;5;2;3;11;5;10000;1
2025;18;7;1803;1803001;-;02;11;4;2;3;11;2;99000;1
2025;18;7;1803;1803001;-;02;11;4;2;3;11;4;720;1
2025;18;7;1803;1803001;-;02;11;4;2;3;11;5;720;1
2025;18;7;1804;1804001;-;02;8;5;2;3;11;2;789692;1
2025;18;7;1804;1804001;-;02;8;5;2;3;11;4;2500;1
2025;18;7;1804;1804001;-;02;8;5;2;3;11;5;40000;1
2025;18;7;1804;1804001;-;02;11;4;2;3;11;1;1700;1
2025;18;7;1804;1804002;-;02;14;5;2;3;11;2;404383;1
2025;18;7;1804;1804002;-;02;14;5;2;3;11;4;3000;1
2025;18;7;1804;1804002;-;02;14;5;2;3;11;5;43200;1
2025;18;8;1803;1803005;-;02;9;7;2;3;11;2;200000;1
2025;18;8;1803;1803005;-;02;9;7;2;3;11;4;1800;1
2025;18;10;1805;1805005;-;01;5;2;2;3;11;1;18550;1
2025;18;10;1805;1805005;-;01;5;2;2;3;11;4;700;1
2025;18;11;1805;1805005;-;01;5;4;2;3;11;2;309463;1
2025;18;11;1805;1805005;-;01;5;4;2;3;11;4;1095;1
2025;18;11;1805;1805005;-;01;5;4;2;3;11;5;4500;1
2025;18;16;1806;1806001;-;01;5;7;2;3;11;2;500000;1
2025;18;16;1806;1806001;-;01;5;7;2;3;11;4;4000;1
2025;18;16;1806;1806001;-;01;5;7;2;3;11;5;30000;1
2025;19;5;1902;1902007;-;02;11;6;2;3;11;2;1984395;1
2025;19;5;1902;1902007;-;02;11;6;2;3;11;4;12550;1
2025;19;5;1902;1902007;-;02;11;6;2;3;11;5;66580;1
2025;19;7;1901;1901005;-;01;5;2;2;3;11;1;11800;1
2025;19;7;1901;1901005;-;01;5;2;2;3;11;4;680;1
2025;19;7;1901;1901005;-;01;11;2;2;3;11;3;45700;1
2025;19;7;1901;1901005;-;01;11;2;2;3;11;4;300;1
2025;19;7;1901;1901005;-;01;11;2;2;3;11;5;800;1
2025;19;7;1903;1903004;-;02;9;5;2;3;11;2;1971620;1
2025;19;7;1903;1903004;-;02;9;5;2;3;11;4;4400;1
2025;19;7;1903;1903004;-;02;9;5;2;3;11;5;93000;1
2025;19;10;1903;1903001;-;02;5;2;2;3;11;3;70000;1
2025;19;10;1903;1903001;-;02;5;2;2;3;11;4;700;1
2025;19;10;1903;1903002;-;01;8;3;2;3;11;3;90000;1
