ns1:Ejercicio;ns1:DepartamentoCodigo;ns1:SeccionalPolicialCodigo;ns1:AreaSupervision;ns1:AreaEnumeracion;ns1:ActividadCodigo;ns1:GiroCodigo;ns1:NaturalezaJuridicaCodigo;ns1:EstratoCodigo;ns1:EspecializacionMGAPCodigo;ns1:TipoProduccionMGAPCodigo;ns1:EspecieCodigo;ns1:TipoProduccionCodigo;ns1:Litros;ns1:CantidadTenedoresPorProduccionLeche
2022;1;2;204;204001;-;2;1;3;2;3;11;3;5000;1
2022;1;2;204;204001;-;2;1;3;2;3;11;4;17000;1
2022;1;2;204;204001;-;2;1;3;2;3;11;5;8000;1
2022;1;2;204;204001;-;18;5;1;1;1;11;1;74000;1
2022;1;2;204;204001;-;18;5;1;1;1;11;4;1000;1
2022;1;2;204;204001;-;18;5;1;1;1;11;5;15000;1
2022;1;3;0;0;-;18;5;1;1;1;11;1;14400;1
2022;1;3;0;0;-;18;5;1;1;1;11;4;1100;1
2022;1;3;204;204001;-;18;5;1;1;1;4;3;200;1
2022;1;12;203;203002;-;1;11;4;2;3;11;1;34000;1
2022;1;12;203;203002;-;1;11;4;2;3;11;4;200;1
2022;1;12;203;203002;-;1;11;4;2;3;11;5;800;1
2022;1;12;203;203003;-;1;11;2;2;3;11;1;88000;1
2022;1;12;203;203003;-;1;11;2;2;3;11;4;800;1
2022;1;12;203;203003;-;1;11;2;2;3;11;5;11000;1
2022;1;12;203;203003;-;1;11;5;2;3;11;1;72000;1
2022;1;12;203;203003;-;1;11;5;2;3;11;4;500;1
2022;1;12;203;203004;-;1;11;2;2;3;11;1;109000;2
2022;1;12;203;203004;-;1;11;2;2;3;11;4;2000;2
2022;1;12;203;203004;-;1;11;2;2;3;11;5;7700;2
2022;1;12;203;203004;-;2;11;2;2;3;11;1;41700;1
2022;1;12;203;203004;-;2;11;2;2;3;11;4;300;1
2022;1;12;203;203004;-;2;11;2;2;3;11;5;2000;1
2022;2;1;302;302002;-;1;5;5;2;3;11;1;49000;1
2022;2;1;302;302002;-;1;5;5;2;3;11;4;2400;1
2022;2;1;302;302002;-;1;5;5;2;3;11;5;15000;1
2022;2;1;302;302002;-;2;5;5;2;3;11;2;986455;1
2022;2;1;302;302002;-;2;5;5;2;3;11;4;2602;1
2022;2;1;302;302002;-;2;5;5;2;3;11;5;41090;1
2022;2;1;302;302003;-;2;2;4;2;3;11;2;555018;1
2022;2;1;302;302003;-;2;2;4;2;3;11;4;1800;1
2022;2;1;302;302003;-;2;2;4;2;3;11;5;30500;1
2022;2;1;302;302003;-;2;5;3;2;3;11;1;45625;1
2022;2;1;302;302003;-;2;5;3;2;3;11;2;759010;2
2022;2;1;302;302003;-;2;5;3;2;3;11;4;1710;2
2022;2;1;302;302003;-;2;5;3;2;3;11;5;60630;2
2022;2;1;302;302003;-;2;11;4;2;3;11;1;380000;1
2022;2;1;302;302003;-;2;11;4;2;3;11;5;24000;1
2022;2;1;302;302003;-;2;14;5;2;3;11;2;982228;1
2022;2;1;302;302003;-;2;14;5;2;3;11;4;4500;1
2022;2;1;302;302003;-;2;14;5;2;3;11;5;43600;1
2022;2;1;302;302005;-;2;5;2;2;3;11;2;60000;1
2022;2;1;302;302005;-;2;5;3;2;3;11;2;830544;2
2022;2;1;302;302005;-;2;5;3;2;3;11;4;4300;2
2022;2;1;302;302005;-;2;5;3;2;3;11;5;53000;2
2022;2;1;302;302006;-;2;5;2;2;3;11;2;69674;1
2022;2;1;302;302006;-;2;5;2;2;3;11;4;2000;1
2022;2;1;302;302006;-;2;5;2;2;3;11;5;10000;1
2022;2;1;304;304005;-;2;5;3;2;3;11;2;780000;1
2022;2;1;304;304005;-;2;5;3;2;3;11;4;400;1
2022;2;1;304;304005;-;2;5;3;2;3;11;5;8000;1
2022;2;1;304;304006;-;2;5;2;2;3;11;2;141200;2
2022;2;1;304;304006;-;2;5;2;2;3;11;4;1060;2
2022;2;1;304;304006;-;2;5;2;2;3;11;5;7500;2
2022;2;1;304;304006;-;2;5;4;2;3;11;2;438000;1
2022;2;1;304;304006;-;2;5;4;2;3;11;4;1500;1
2022;2;1;304;304006;-;2;5;4;2;3;11;5;7000;1
2022;2;1;304;304006;-;2;11;3;2;3;11;2;191008;1
2022;2;1;304;304006;-;2;11;3;2;3;11;4;745;1
2022;2;1;304;304006;-;2;11;3;2;3;11;5;2379;1
2022;2;2;301;301001;-;2;8;2;2;3;11;2;223000;1
2022;2;2;301;301001;-;2;8;2;2;3;11;4;365;1
2022;2;2;301;301001;-;2;8;2;2;3;11;5;2500;1
2022;2;2;301;301001;-;2;11;3;2;3;11;2;258677;1
2022;2;2;301;301001;-;2;11;3;2;3;11;4;1200;1
2022;2;2;301;301001;-;2;11;3;2;3;11;5;3500;1
2022;2;2;301;301001;-;2;11;6;2;3;11;2;2158129;1
2022;2;2;301;301001;-;2;11;6;2;3;11;4;3320;1
2022;2;2;301;301001;-;2;11;6;2;3;11;5;39560;1
2022;2;2;301;301002;-;2;2;6;2;3;11;2;1024971;1
2022;2;2;301;301002;-;2;2;6;2;3;11;4;2100;1
2022;2;2;301;301002;-;2;2;6;2;3;11;5;72000;1
2022;2;2;301;301002;-;2;5;2;2;3;11;2;48000;1
2022;2;2;301;301002;-;2;5;3;2;3;11;2;712748;1
2022;2;2;301;301002;-;2;5;3;2;3;11;4;1500;1
2022;2;2;301;301002;-;2;5;3;2;3;11;5;1500;1
2022;2;2;301;301002;-;2;5;4;2;3;11;2;805000;1
2022;2;2;301;301002;-;2;5;5;2;3;11;2;2581049;2
2022;2;2;301;301002;-;2;5;5;2;3;11;4;7300;2
2022;2;2;301;301002;-;2;5;5;2;3;11;5;63840;2
2022;2;2;301;301002;-;2;11;3;2;3;11;1;47000;1
2022;2;2;301;301002;-;2;11;3;2;3;11;2;295650;1
2022;2;2;301;301002;-;2;11;3;2;3;11;4;2200;1
2022;2;2;301;301002;-;2;11;3;2;3;11;5;7500;1
2022;2;2;301;301002;-;2;11;5;2;3;11;2;436165;1
2022;2;2;301;301002;-;2;11;5;2;3;11;4;3650;1
2022;2;2;301;301002;-;2;11;5;2;3;11;5;36000;1
2022;2;2;301;301003;-;2;5;2;2;3;11;2;373875;2
2022;2;2;301;301003;-;2;5;2;2;3;11;4;2810;3
2022;2;2;301;301003;-;2;5;2;2;3;11;5;31000;3
2022;2;2;301;301003;-;2;8;3;2;3;11;2;383539;1
2022;2;2;301;301003;-;2;8;3;2;3;11;4;730;1
2022;2;2;301;301003;-;2;8;3;2;3;11;5;10950;1
2022;2;2;301;301003;-;2;11;3;2;3;11;2;833859;2
2022;2;2;301;301003;-;2;11;3;2;3;11;4;1330;2
2022;2;2;301;301003;-;2;11;3;2;3;11;5;21900;1
2022;2;2;301;301004;-;2;5;2;2;3;11;2;128827;2
2022;2;2;301;301004;-;2;5;2;2;3;11;4;1095;1
2022;2;2;301;301004;-;2;5;3;2;3;11;2;249490;1
2022;2;2;301;301004;-;2;5;3;2;3;11;4;1095;1
2022;2;2;301;301004;-;2;11;5;2;3;11;1;1195128;1
2022;2;2;301;301004;-;2;11;5;2;3;11;4;6000;1
2022;2;2;301;301004;-;2;11;5;2;3;11;5;40000;1
2022;2;2;301;301005;-;2;5;4;2;3;11;2;823670;3
2022;2;2;301;301005;-;2;5;4;2;3;11;4;5300;3
2022;2;2;301;301005;-;2;5;4;2;3;11;5;27000;2
2022;2;2;301;301005;-;2;8;5;2;3;11;2;2251557;2
2022;2;2;301;301005;-;2;8;5;2;3;11;4;2400;2
2022;2;2;301;301005;-;2;8;5;2;3;11;5;107700;2
2022;2;2;301;301005;-;2;9;4;2;3;11;2;1021722;1
2022;2;2;301;301005;-;2;9;4;2;3;11;4;5475;1
2022;2;2;301;301005;-;2;9;4;2;3;11;5;45000;1
2022;2;2;301;301006;-;2;5;2;2;3;11;2;164721;1
2022;2;2;301;301006;-;2;5;2;2;3;11;4;1460;1
2022;2;2;301;301006;-;2;5;2;2;3;11;5;18700;1
2022;2;2;301;301006;-;2;5;3;2;3;11;4;4000;1
2022;2;2;301;301006;-;2;5;3;2;3;11;5;105000;1
2022;2;2;301;301006;-;2;5;5;2;3;11;2;580455;1
2022;2;2;301;301006;-;2;5;5;2;3;11;4;12000;1
2022;2;2;301;301006;-;2;5;5;2;3;11;5;60000;1
2022;2;2;301;301007;-;2;5;2;2;3;11;1;252000;1
2022;2;2;301;301007;-;2;5;2;2;3;11;5;15000;1
2022;2;2;301;301007;-;2;5;4;2;3;11;2;814943;1
2022;2;2;301;301007;-;2;5;4;2;3;11;4;1200;1
2022;2;2;301;301007;-;2;5;4;2;3;11;5;51000;1
2022;2;2;306;306003;-;2;5;3;2;3;11;2;758598;1
2022;2;2;306;306003;-;2;5;3;2;3;11;4;1000;1
2022;2;2;306;306003;-;2;5;3;2;3;11;5;20000;1
2022;2;3;302;302001;-;1;5;3;2;3;11;1;65000;1
2022;2;3;302;302001;-;2;11;4;2;3;11;2;1043440;1
2022;2;3;302;302001;-;2;11;4;2;3;11;4;5475;1
2022;2;3;302;302001;-;2;11;4;2;3;11;5;79200;1
2022;2;3;302;302002;-;2;5;4;2;3;11;1;169000;1
2022;2;3;302;302002;-;2;5;4;2;3;11;4;2500;1
2022;2;3;302;302002;-;2;5;4;2;3;11;5;18000;1
2022;2;3;302;302002;-;2;8;2;2;3;11;2;584068;1
2022;2;3;302;302002;-;2;8;2;2;3;11;5;14600;1
2022;2;3;303;303001;-;2;11;2;2;3;11;2;203973;1
2022;2;3;303;303001;-;2;11;2;2;3;11;4;1200;1
2022;2;3;303;303001;-;2;11;2;2;3;11;5;12000;1
2022;2;3;303;303001;-;2;12;4;2;3;11;2;1967295;1
2022;2;3;303;303001;-;2;12;4;2;3;11;4;3100;1
2022;2;3;303;303001;-;2;12;4;2;3;11;5;82000;1
2022;2;3;303;303002;-;2;5;3;2;3;11;1;158501;1
2022;2;3;303;303002;-;2;5;3;2;3;11;4;1000;1
2022;2;3;303;303002;-;2;5;3;2;3;11;5;7500;1
2022;2;3;303;303003;-;2;5;2;2;3;11;2;360000;1
2022;2;3;303;303003;-;2;5;2;2;3;11;4;2000;1
2022;2;3;303;303003;-;2;5;2;2;3;11;5;15000;1
2022;2;3;303;303003;-;2;11;2;2;3;11;2;330000;1
2022;2;3;303;303003;-;2;11;2;2;3;11;4;2000;1
2022;2;3;303;303003;-;2;11;2;2;3;11;5;10000;1
2022;2;3;303;303003;-;2;11;3;2;3;11;2;892499;1
2022;2;3;303;303003;-;2;11;3;2;3;11;4;3500;1
2022;2;3;303;303003;-;2;11;3;2;3;11;5;15000;1
2022;2;3;303;303004;-;2;5;2;2;3;11;2;39500;1
2022;2;3;303;303004;-;2;5;2;2;3;11;3;5000;1
2022;2;3;303;303004;-;2;5;2;2;3;11;4;1000;2
2022;2;3;303;303004;-;2;5;2;2;3;11;5;13600;2
2022;2;3;303;303004;-;2;11;5;2;3;11;2;947256;1
2022;2;3;303;303004;-;2;11;5;2;3;11;4;1500;1
2022;2;3;303;303004;-;2;11;5;2;3;11;5;40000;1
2022;2;3;304;304002;-;2;5;2;2;3;11;2;180000;1
2022;2;3;304;304002;-;2;5;2;2;3;11;4;1500;1
2022;2;3;304;304002;-;2;5;2;2;3;11;5;5000;1
2022;2;3;304;304002;-;40;11;2;2;3;4;3;45000;1
2022;2;3;304;304002;-;40;11;2;2;3;4;4;300;1
2022;2;3;304;304002;-;40;11;2;2;3;4;5;8000;1
2022;2;3;304;304002;-;40;11;2;2;3;11;3;19500;1
2022;2;3;304;304002;-;40;11;2;2;3;11;4;500;1
2022;2;5;305;305004;-;1;2;6;2;3;11;2;3546273;1
2022;2;5;305;305004;-;1;2;6;2;3;11;4;10388;1
2022;2;5;305;305004;-;1;2;6;2;3;11;5;12030;1
2022;2;6;310;310008;-;2;5;4;2;3;11;2;317092;1
2022;2;6;310;310008;-;2;5;4;2;3;11;4;30;1
2022;2;6;310;310008;-;2;5;4;2;3;11;5;50;1
2022;2;6;317;317006;-;2;5;2;2;3;11;1;28000;1
2022;2;6;317;317006;-;2;5;2;2;3;11;4;720;1
2022;2;6;317;317006;-;2;5;2;2;3;11;5;2400;1
2022;2;6;317;317006;-;2;11;3;2;3;11;1;15000;1
2022;2;6;317;317006;-;2;11;3;2;3;11;4;1000;1
2022;2;6;317;317006;-;2;11;3;2;3;11;5;1200;1
2022;2;6;317;317006;-;2;11;4;2;3;11;2;294640;1
2022;2;6;317;317006;-;2;11;4;2;3;11;4;3000;1
2022;2;6;317;317006;-;2;11;4;2;3;11;5;18000;1
2022;2;6;318;318005;-;2;5;3;2;3;11;2;766696;1
2022;2;6;318;318005;-;2;5;3;2;3;11;4;1825;1
2022;2;6;318;318005;-;2;5;3;2;3;11;5;30000;1
2022;2;6;319;319004;-;40;5;2;4;9;4;4;750;1
2022;2;6;319;319004;-;40;5;2;4;9;4;5;4150;1
2022;2;7;315;315004;-;2;8;6;2;3;11;1;950284;1
2022;2;7;315;315004;-;2;8;6;2;3;11;4;1000;1
2022;2;7;315;315004;-;2;8;6;2;3;11;5;91250;1
2022;2;7;315;315007;-;2;5;3;2;3;11;2;310000;1
2022;2;7;315;315007;-;2;5;3;2;3;11;4;2500;1
2022;2;7;315;315007;-;2;5;3;2;3;11;5;32000;1
2022;2;7;316;316001;-;2;11;5;2;3;11;1;2629713;1
2022;2;7;316;316001;-;2;11;5;2;3;11;4;79000;1
2022;2;7;316;316001;-;2;11;5;2;3;11;5;15000;1
2022;2;7;317;317004;-;2;1;5;2;3;11;5;21600;1
2022;2;8;314;314001;-;1;5;2;2;3;11;3;4000;1
2022;2;8;314;314001;-;1;5;2;2;3;11;5;1000;1
2022;2;8;314;314001;-;1;5;3;2;3;11;3;2000;1
2022;2;8;314;314001;-;1;5;3;2;3;11;4;200;1
2022;2;8;314;314001;-;1;5;3;2;3;11;5;500;1
2022;2;8;314;314001;-;2;5;3;2;3;11;2;475503;1
2022;2;8;314;314001;-;2;5;3;2;3;11;4;730;1
2022;2;8;314;314001;-;2;5;3;2;3;11;5;14900;1
2022;2;8;314;314001;-;2;5;6;2;3;11;1;204320;1
2022;2;8;314;314001;-;2;5;6;2;3;11;4;1080;1
2022;2;8;314;314001;-;2;5;6;2;3;11;5;2400;1
2022;2;8;314;314001;-;2;8;4;2;3;11;2;499523;1
2022;2;8;314;314001;-;2;8;4;2;3;11;4;1460;1
2022;2;8;314;314001;-;2;8;4;2;3;11;5;29200;1
2022;2;8;314;314008;-;2;11;2;2;3;11;2;82000;1
2022;2;8;314;314008;-;2;11;2;2;3;11;3;20000;1
2022;2;8;314;314008;-;2;11;2;2;3;11;4;160;1
2022;2;8;314;314008;-;2;11;2;2;3;11;5;13000;2
2022;2;8;314;314008;-;2;14;6;2;3;11;2;550908;1
2022;2;8;314;314008;-;2;14;6;2;3;11;4;3600;1
2022;2;8;314;314008;-;2;14;6;2;3;11;5;43200;1
2022;2;8;315;315006;-;2;5;4;2;3;11;1;21600;1
2022;2;8;315;315006;-;2;5;4;2;3;11;2;1574777;2
2022;2;8;315;315006;-;2;5;4;2;3;11;4;1604;1
2022;2;8;315;315006;-;2;5;4;2;3;11;5;54274;2
2022;2;8;315;315006;-;2;8;5;2;3;11;2;1045769;1
2022;2;8;315;315006;-;2;8;5;2;3;11;4;4000;1
2022;2;8;315;315006;-;2;8;5;2;3;11;5;72000;1
2022;2;9;303;303004;-;2;5;4;2;3;11;2;425000;1
2022;2;9;303;303004;-;2;5;4;2;3;11;4;2000;1
2022;2;9;303;303004;-;2;5;4;2;3;11;5;16000;1
2022;2;9;313;313003;-;2;5;4;2;3;11;2;469090;1
2022;2;9;313;313003;-;2;5;4;2;3;11;4;1000;1
2022;2;9;313;313003;-;2;11;2;2;3;11;1;23000;1
2022;2;9;313;313003;-;2;11;2;2;3;11;4;460;1
2022;2;9;313;313003;-;2;11;2;2;3;11;5;600;1
2022;2;9;313;313006;-;2;11;4;2;3;11;2;300000;1
2022;2;9;313;313006;-;2;11;4;2;3;11;4;2200;1
2022;2;9;313;313006;-;2;11;4;2;3;11;5;15000;1
2022;2;9;314;314006;-;2;5;4;2;3;11;2;320000;1
2022;2;9;314;314006;-;2;5;4;2;3;11;4;1000;1
2022;2;10;307;307002;-;2;5;2;2;3;11;2;147445;2
2022;2;10;307;307002;-;2;5;2;2;3;11;4;565;2
2022;2;10;307;307002;-;2;5;2;2;3;11;5;11160;2
2022;2;10;307;307002;-;2;5;3;2;3;11;1;70000;1
2022;2;10;307;307002;-;2;5;3;2;3;11;2;469200;2
2022;2;10;307;307002;-;2;5;3;2;3;11;4;2730;2
2022;2;10;307;307002;-;2;5;3;2;3;11;5;17200;2
2022;2;10;307;307002;-;2;5;4;2;3;11;1;87500;2
2022;2;10;307;307002;-;2;5;4;2;3;11;2;1559596;4
2022;2;10;307;307002;-;2;5;4;2;3;11;4;9300;4
2022;2;10;307;307002;-;2;5;4;2;3;11;5;69600;3
2022;2;10;307;307002;-;2;5;5;2;3;11;2;1009274;3
2022;2;10;307;307002;-;2;5;5;2;3;11;4;3670;3
2022;2;10;307;307002;-;2;5;5;2;3;11;5;86000;3
2022;2;10;307;307002;-;2;8;5;2;3;11;2;1119910;1
2022;2;10;307;307002;-;2;8;5;2;3;11;4;1100;1
2022;2;10;307;307002;-;2;8;5;2;3;11;5;60000;1
2022;2;10;307;307002;-;2;11;2;2;3;11;3;3000;1
2022;2;10;307;307002;-;2;11;2;2;3;11;4;600;1
2022;2;10;307;307002;-;2;11;2;2;3;11;5;2000;1
2022;2;10;307;307002;-;2;11;4;2;3;11;2;563472;1
2022;2;10;307;307002;-;2;11;4;2;3;11;4;1000;1
2022;2;10;307;307002;-;2;11;4;2;3;11;5;20000;1
2022;2;10;307;307002;-;2;14;4;2;3;11;2;218631;1
2022;2;10;307;307002;-;2;14;4;2;3;11;4;370;1
2022;2;10;307;307002;-;2;14;4;2;3;11;5;8400;1
2022;2;10;307;307002;-;16;8;2;2;3;11;2;82000;1
2022;2;10;307;307002;-;16;8;2;2;3;11;4;370;1
2022;2;10;307;307002;-;16;8;2;2;3;11;5;1440;1
2022;2;10;307;307004;-;2;8;3;2;3;11;2;1407550;1
2022;2;10;307;307004;-;2;8;3;2;3;11;4;4000;1
2022;2;10;307;307004;-;2;8;3;2;3;11;5;146000;1
2022;2;10;308;308001;-;2;5;2;2;3;11;1;21900;1
2022;2;10;308;308001;-;2;5;2;2;3;11;2;40920;1
2022;2;10;308;308001;-;2;5;2;2;3;11;4;1100;1
2022;2;10;308;308001;-;2;5;2;2;3;11;5;3500;1
2022;2;10;308;308001;-;2;8;2;2;3;11;2;399250;1
2022;2;10;308;308001;-;2;8;2;2;3;11;4;1500;1
2022;2;10;308;308001;-;2;8;2;2;3;11;5;10440;1
2022;2;10;308;308001;-;2;11;4;2;3;11;2;540485;1
2022;2;10;308;308001;-;2;11;4;2;3;11;4;700;1
2022;2;10;308;308001;-;2;11;4;2;3;11;5;15000;1
2022;2;10;308;308002;-;1;5;2;2;3;11;3;80000;1
2022;2;10;308;308002;-;1;5;2;2;3;11;4;1000;1
2022;2;10;308;308002;-;1;5;2;2;3;11;5;2000;1
2022;2;10;308;308004;-;2;5;3;2;3;11;2;142124;1
2022;2;10;308;308005;-;1;5;4;2;3;11;1;54850;1
2022;2;10;308;308005;-;1;5;4;2;3;11;2;54850;1
2022;2;10;308;308005;-;1;5;4;2;3;11;4;2800;1
2022;2;10;308;308005;-;1;5;4;2;3;11;5;9280;1
2022;2;10;308;308005;-;2;11;2;2;3;11;3;250000;1
2022;2;10;308;308005;-;2;11;2;2;3;11;4;550;1
2022;2;10;308;308005;-;2;11;2;2;3;11;5;5475;1
2022;2;10;308;308005;-;2;11;3;2;3;11;3;233600;1
2022;2;10;308;308005;-;2;11;3;2;3;11;4;730;1
2022;2;10;308;308005;-;2;11;3;2;3;11;5;9600;1
2022;2;10;308;308006;-;1;5;3;2;3;11;1;23700;1
2022;2;10;308;308006;-;1;5;3;2;3;11;2;328500;1
2022;2;10;308;308006;-;1;5;3;2;3;11;4;800;1
2022;2;10;308;308006;-;1;5;3;2;3;11;5;15000;1
2022;2;10;308;308006;-;2;11;2;2;3;11;2;352820;2
2022;2;10;308;308006;-;2;11;2;2;3;11;4;1800;2
2022;2;10;308;308006;-;2;11;2;2;3;11;5;6320;2
2022;2;10;309;309001;-;1;11;2;3;5;4;4;6;1
2022;2;10;309;309001;-;2;5;2;2;3;11;3;65700;1
2022;2;10;309;309001;-;2;5;2;2;3;11;4;1000;1
2022;2;10;309;309001;-;2;5;2;2;3;11;5;2000;1
2022;2;10;309;309001;-;2;12;5;2;3;11;2;776266;1
2022;2;10;309;309001;-;2;12;5;2;3;11;4;2800;1
2022;2;10;309;309001;-;2;12;5;2;3;11;5;7600;1
2022;2;10;309;309002;-;2;5;3;2;3;11;2;101027;1
2022;2;10;309;309002;-;2;5;3;2;3;11;4;370;1
2022;2;10;309;309002;-;2;5;3;2;3;11;5;5600;1
2022;2;10;309;309003;-;1;5;2;2;3;11;2;60000;1
2022;2;10;309;309003;-;1;5;2;2;3;11;4;365;1
2022;2;10;309;309003;-;1;5;2;2;3;11;5;4000;1
2022;2;10;309;309003;-;2;5;2;2;3;11;1;450000;1
2022;2;10;309;309003;-;2;5;2;2;3;11;3;20000;1
2022;2;10;309;309003;-;2;5;2;2;3;11;4;1830;2
2022;2;10;309;309003;-;2;5;2;2;3;11;5;5000;2
2022;2;10;309;309003;-;2;5;3;2;3;11;2;106000;1
2022;2;10;309;309003;-;2;5;3;2;3;11;4;230;1
2022;2;10;309;309003;-;2;5;3;2;3;11;5;2100;1
2022;2;10;309;309003;-;2;11;3;2;3;11;2;371445;1
2022;2;10;309;309003;-;2;11;3;2;3;11;4;500;1
2022;2;10;309;309003;-;2;11;3;2;3;11;5;30000;1
2022;2;10;309;309004;-;1;11;2;2;3;11;2;130000;2
2022;2;10;309;309004;-;1;11;2;2;3;11;3;70000;1
2022;2;10;309;309004;-;1;11;2;2;3;11;4;1065;2
2022;2;10;309;309004;-;1;11;2;2;3;11;5;6595;2
2022;2;10;309;309004;-;2;5;2;2;3;11;2;247140;1
2022;2;10;309;309004;-;2;5;2;2;3;11;4;365;1
2022;2;10;309;309004;-;2;5;2;2;3;11;5;8300;1
2022;2;10;309;309005;-;2;11;2;2;3;11;3;96300;1
2022;2;10;309;309005;-;2;11;2;2;3;11;4;1800;1
2022;2;10;309;309005;-;2;11;2;2;3;11;5;8000;1
2022;2;10;312;312001;-;1;5;3;2;3;11;2;200750;1
2022;2;10;312;312001;-;1;5;3;2;3;11;4;600;1
2022;2;10;312;312001;-;1;5;3;2;3;11;5;22000;1
2022;2;10;312;312001;-;2;5;3;2;3;11;1;21900;1
2022;2;10;312;312001;-;2;5;3;2;3;11;2;116000;2
2022;2;10;312;312001;-;2;5;3;2;3;11;4;1000;1
2022;2;10;312;312001;-;2;5;3;2;3;11;5;3400;2
2022;2;10;312;312001;-;2;5;4;2;3;11;2;693500;1
2022;2;10;312;312001;-;2;5;4;2;3;11;4;800;1
2022;2;10;312;312001;-;2;5;4;2;3;11;5;36500;1
2022;2;10;312;312001;-;2;8;3;2;3;11;1;606683;1
2022;2;10;312;312001;-;2;8;3;2;3;11;4;1500;1
2022;2;10;312;312001;-;2;8;3;2;3;11;5;12000;1
2022;2;10;312;312002;-;2;5;2;2;3;11;2;136926;1
2022;2;10;312;312002;-;2;5;2;2;3;11;5;7200;1
2022;2;10;312;312002;-;2;5;3;2;3;11;2;121731;1
2022;2;10;312;312002;-;2;5;3;2;3;11;4;150;1
2022;2;10;312;312002;-;2;5;3;2;3;11;5;5500;1
2022;2;10;312;312002;-;2;11;4;2;3;11;2;497397;1
2022;2;10;312;312002;-;2;11;4;2;3;11;4;1825;1
2022;2;10;312;312002;-;2;11;4;2;3;11;5;12240;1
2022;2;10;313;313004;-;2;5;3;2;3;11;2;500000;1
2022;2;10;313;313004;-;2;5;3;2;3;11;4;800;1
2022;2;10;313;313004;-;2;5;3;2;3;11;5;15000;1
2022;2;11;306;306001;-;2;5;2;2;3;11;2;186922;1
2022;2;11;306;306001;-;2;5;2;2;3;11;4;600;1
2022;2;11;306;306001;-;2;5;3;2;3;11;2;1379086;2
2022;2;11;306;306001;-;2;5;3;2;3;11;4;1450;2
2022;2;11;306;306001;-;2;5;3;2;3;11;5;45870;2
2022;2;11;306;306001;-;2;5;4;2;3;11;2;93963;1
2022;2;11;306;306001;-;2;5;4;2;3;11;4;600;1
2022;2;11;306;306001;-;2;5;4;2;3;11;5;19200;1
2022;2;11;306;306001;-;2;11;5;2;3;11;2;1165941;1
2022;2;11;306;306001;-;2;11;5;2;3;11;4;2000;1
2022;2;11;306;306001;-;2;11;5;2;3;11;5;72000;1
2022;2;11;306;306001;-;2;12;5;2;3;11;2;1680297;1
2022;2;11;306;306001;-;2;12;5;2;3;11;4;3650;1
2022;2;11;306;306001;-;2;12;5;2;3;11;5;67212;1
2022;2;11;306;306002;-;2;5;2;2;3;11;2;232433;1
2022;2;11;306;306002;-;2;5;2;2;3;11;5;7200;1
2022;2;11;306;306002;-;2;5;4;2;3;11;2;2409992;4
2022;2;11;306;306002;-;2;5;4;2;3;11;4;4100;4
2022;2;11;306;306002;-;2;5;4;2;3;11;5;396500;4
2022;2;11;306;306002;-;2;5;5;2;3;11;2;1538681;1
2022;2;11;306;306002;-;2;5;5;2;3;11;4;1000;1
2022;2;11;306;306002;-;2;5;5;2;3;11;5;15600;1
2022;2;11;306;306002;-;2;12;5;2;3;11;1;421242;1
2022;2;11;306;306002;-;2;12;5;2;3;11;4;1080;1
2022;2;11;306;306002;-;2;12;5;2;3;11;5;9000;1
2022;2;11;306;306002;-;2;14;6;2;3;11;2;1059219;1
2022;2;11;306;306002;-;2;14;6;2;3;11;4;3800;1
2022;2;11;306;306002;-;2;14;6;2;3;11;5;35000;1
2022;2;11;306;306003;-;1;5;2;2;3;11;2;97002;1
2022;2;11;306;306003;-;1;5;2;2;3;11;4;370;1
2022;2;11;306;306003;-;1;5;2;2;3;11;5;4800;1
2022;2;11;306;306003;-;2;1;4;2;3;11;2;291465;1
2022;2;11;306;306003;-;2;1;4;2;3;11;4;9000;1
2022;2;11;306;306003;-;2;1;4;2;3;11;5;30400;1
2022;2;11;306;306003;-;2;5;2;2;3;11;1;28500;1
2022;2;11;306;306003;-;2;5;2;2;3;11;2;381936;3
2022;2;11;306;306003;-;2;5;2;2;3;11;4;3100;3
2022;2;11;306;306003;-;2;5;2;2;3;11;5;14480;3
2022;2;11;306;306003;-;2;5;3;2;3;11;2;236793;2
2022;2;11;306;306003;-;2;5;3;2;3;11;4;1183;2
2022;2;11;306;306003;-;2;5;3;2;3;11;5;6500;1
2022;2;11;306;306003;-;2;5;4;2;3;11;2;1798347;3
2022;2;11;306;306003;-;2;5;4;2;3;11;4;3700;3
2022;2;11;306;306003;-;2;5;4;2;3;11;5;82000;3
2022;2;11;306;306003;-;2;5;5;2;3;11;2;1352798;1
2022;2;11;306;306003;-;2;5;5;2;3;11;4;500;1
2022;2;11;306;306003;-;2;5;5;2;3;11;5;32000;1
2022;2;11;306;306003;-;2;11;2;2;3;11;2;20383;1
2022;2;11;306;306003;-;2;11;2;2;3;11;4;730;1
2022;2;11;306;306003;-;2;11;2;2;3;11;5;2160;1
2022;2;11;306;306003;-;2;11;4;1;1;11;2;415991;1
2022;2;11;306;306003;-;2;11;4;1;1;11;4;365;1
2022;2;11;306;306003;-;2;11;4;1;1;11;5;9600;1
2022;2;11;306;306003;-;2;11;4;2;3;11;2;887425;2
2022;2;11;306;306003;-;2;11;4;2;3;11;4;2365;2
2022;2;11;306;306003;-;2;11;4;2;3;11;5;36520;2
2022;2;11;306;306004;-;2;5;3;2;3;11;2;200100;1
2022;2;11;306;306004;-;2;5;3;2;3;11;4;730;1
2022;2;11;306;306004;-;2;5;3;2;3;11;5;7600;1
2022;2;11;306;306004;-;2;5;5;2;3;11;2;301636;1
2022;2;11;306;306004;-;2;5;5;2;3;11;4;1095;1
2022;2;11;306;306004;-;2;5;5;2;3;11;5;18960;1
2022;2;11;307;307001;-;2;5;2;2;3;11;3;16200;1
2022;2;11;307;307001;-;2;5;2;2;3;11;4;1000;1
2022;2;11;307;307001;-;2;5;2;2;3;11;5;1440;1
2022;2;11;307;307001;-;2;5;3;2;3;11;2;1508825;2
2022;2;11;307;307001;-;2;5;3;2;3;11;4;1100;2
2022;2;11;307;307001;-;2;5;3;2;3;11;5;41400;2
2022;2;11;307;307001;-;2;5;4;2;3;11;1;190000;1
2022;2;11;307;307001;-;2;5;4;2;3;11;2;406657;2
2022;2;11;307;307001;-;2;5;4;2;3;11;4;370;1
2022;2;11;307;307001;-;2;5;4;2;3;11;5;42800;3
2022;2;11;307;307001;-;2;5;5;2;3;11;2;866690;2
2022;2;11;307;307001;-;2;5;5;2;3;11;4;3195;2
2022;2;11;307;307001;-;2;5;5;2;3;11;5;39120;2
2022;2;11;307;307001;-;2;8;5;2;3;11;2;626490;1
2022;2;11;307;307001;-;2;8;5;2;3;11;4;4000;1
2022;2;11;307;307001;-;2;8;5;2;3;11;5;31320;1
2022;2;11;307;307001;-;2;9;5;2;3;11;2;879810;1
2022;2;11;307;307001;-;2;9;5;2;3;11;4;1500;1
2022;2;11;307;307001;-;2;9;5;2;3;11;5;19000;1
2022;2;11;307;307001;-;2;11;2;2;3;11;2;1056377;1
2022;2;11;307;307001;-;2;11;2;2;3;11;4;750;1
2022;2;11;307;307001;-;2;11;3;2;3;11;1;68400;1
2022;2;11;307;307001;-;2;11;3;2;3;11;2;600000;1
2022;2;11;307;307001;-;2;11;3;2;3;11;4;2000;1
2022;2;11;307;307001;-;2;11;3;2;3;11;5;5000;1
2022;2;11;307;307001;-;2;11;4;2;3;11;2;632819;1
2022;2;11;307;307001;-;2;11;4;2;3;11;4;11400;1
2022;2;11;307;307001;-;2;11;4;2;3;11;5;730;1
2022;2;11;307;307004;-;2;5;2;2;3;11;2;48534;1
2022;2;11;307;307004;-;2;5;2;2;3;11;4;728;1
2022;2;11;307;307004;-;2;5;2;2;3;11;5;5100;1
2022;2;12;306;306004;-;1;5;4;2;3;11;2;144000;1
2022;2;12;306;306004;-;1;5;4;2;3;11;4;365;1
2022;2;12;306;306004;-;1;5;4;2;3;11;5;1200;1
2022;2;12;306;306004;-;2;5;2;2;3;11;2;180300;1
2022;2;12;306;306004;-;2;5;2;2;3;11;4;365;1
2022;2;12;306;306004;-;2;5;2;2;3;11;5;4200;1
2022;2;12;306;306004;-;2;5;4;2;3;11;2;182894;2
2022;2;12;306;306004;-;2;5;4;2;3;11;4;815;2
2022;2;12;306;306004;-;2;5;4;2;3;11;5;10600;2
2022;2;12;307;307003;-;2;11;2;2;3;11;2;243884;1
2022;2;12;307;307003;-;2;11;2;2;3;11;4;370;1
2022;2;12;307;307003;-;2;11;2;2;3;11;5;5520;1
2022;2;12;307;307004;-;2;5;2;2;3;11;2;36000;1
2022;2;12;307;307004;-;2;5;2;2;3;11;4;2000;1
2022;2;12;307;307004;-;2;5;4;2;3;11;1;700000;1
2022;2;12;307;307004;-;2;5;4;2;3;11;2;1943565;3
2022;2;12;307;307004;-;2;5;4;2;3;11;4;1820;3
2022;2;12;307;307004;-;2;5;4;2;3;11;5;105500;3
2022;2;12;307;307005;-;2;11;4;2;3;11;2;609759;1
2022;2;12;307;307005;-;2;11;4;2;3;11;4;1500;1
2022;2;12;307;307005;-;2;11;4;2;3;11;5;13920;1
2022;2;12;307;307006;-;2;5;3;2;3;11;2;162252;1
2022;2;12;307;307006;-;2;5;3;2;3;11;4;1000;1
2022;2;12;307;307006;-;2;5;3;2;3;11;5;5040;1
2022;2;12;311;311001;-;2;5;2;2;3;11;1;21900;1
2022;2;12;311;311001;-;2;5;2;2;3;11;4;1000;1
2022;2;12;311;311001;-;2;5;2;2;3;11;5;4700;1
2022;2;12;311;311002;-;2;5;5;2;3;11;2;1323202;1
2022;2;12;311;311002;-;2;5;5;2;3;11;4;4000;1
2022;2;13;310;310008;-;2;11;5;2;3;11;2;2470933;1
2022;2;13;310;310008;-;2;11;5;2;3;11;4;5500;1
2022;2;13;310;310008;-;2;11;5;2;3;11;5;10500;1
2022;2;14;312;312005;-;1;5;4;2;3;11;2;30000;1
2022;2;14;312;312005;-;1;5;4;2;3;11;5;1000;1
2022;2;14;313;313001;-;2;5;3;2;3;11;2;110527;1
2022;2;14;313;313001;-;2;5;3;2;3;11;4;800;1
2022;2;14;313;313001;-;2;5;3;2;3;11;5;16000;1
2022;2;14;313;313001;-;40;5;2;4;9;4;3;54000;1
2022;2;14;314;314001;-;2;11;4;2;3;11;1;21000;1
2022;2;14;314;314001;-;2;11;4;2;3;11;2;98000;1
2022;2;14;314;314001;-;2;11;4;2;3;11;4;1500;1
2022;2;14;314;314001;-;2;11;4;2;3;11;5;30000;1
2022;2;14;315;315001;-;1;5;3;2;3;11;2;400000;1
2022;2;14;315;315001;-;1;5;3;2;3;11;4;1000;1
2022;2;14;315;315001;-;1;5;3;2;3;11;5;12000;1
2022;2;14;315;315001;-;2;5;4;2;3;11;1;324000;1
2022;2;14;315;315001;-;2;5;4;2;3;11;4;5750;1
2022;2;14;315;315001;-;2;5;4;2;3;11;5;36000;1
2022;2;14;315;315001;-;2;11;2;2;3;11;1;86000;1
2022;2;14;315;315001;-;2;11;2;2;3;11;4;200;1
2022;2;14;315;315001;-;2;11;2;2;3;11;5;2900;1
2022;2;15;306;306005;-;2;5;4;2;3;11;2;632172;1
2022;2;15;306;306005;-;2;5;4;2;3;11;4;750;1
2022;2;15;306;306005;-;2;5;4;2;3;11;5;18500;1
2022;2;15;306;306005;-;2;8;2;2;3;11;2;108000;1
2022;2;15;306;306005;-;2;8;2;2;3;11;5;3600;1
2022;2;15;306;306006;-;2;5;4;2;3;11;2;320459;1
2022;2;15;306;306006;-;2;5;4;2;3;11;4;2200;1
2022;2;15;306;306006;-;2;5;4;2;3;11;5;12000;1
2022;2;15;306;306007;-;2;2;5;2;3;11;2;3481924;1
2022;2;15;306;306007;-;2;2;5;2;3;11;4;3800;1
2022;2;15;306;306007;-;2;2;5;2;3;11;5;61000;1
2022;2;15;306;306007;-;2;2;6;2;3;11;2;3571204;1
2022;2;15;306;306007;-;2;2;6;2;3;11;4;15000;1
2022;2;15;306;306007;-;2;2;6;2;3;11;5;190000;1
2022;2;15;306;306007;-;2;5;2;2;3;11;2;394000;2
2022;2;15;306;306007;-;2;5;2;2;3;11;4;900;1
2022;2;15;306;306007;-;2;5;2;2;3;11;5;600;1
2022;2;15;306;306007;-;2;5;3;2;3;11;2;167600;1
2022;2;15;306;306007;-;2;5;3;2;3;11;4;360;1
2022;2;15;306;306007;-;2;5;3;2;3;11;5;4000;1
2022;2;15;306;306007;-;2;8;4;2;3;11;2;618500;1
2022;2;15;306;306007;-;2;8;4;2;3;11;4;500;1
2022;2;15;306;306007;-;2;8;4;2;3;11;5;23500;1
2022;2;15;306;306007;-;2;11;3;2;3;11;2;538000;1
2022;2;15;306;306007;-;2;11;3;2;3;11;4;1500;1
2022;2;15;306;306007;-;2;11;3;2;3;11;5;20000;1
2022;2;15;306;306007;-;2;11;5;2;3;11;2;1600000;1
2022;2;15;306;306007;-;2;11;5;2;3;11;4;7000;1
2022;2;15;306;306007;-;2;11;5;2;3;11;5;150000;1
2022;2;15;306;306007;-;2;12;6;2;3;11;1;1806125;1
2022;2;15;306;306007;-;2;12;6;2;3;11;4;9000;1
2022;2;15;306;306007;-;2;12;6;2;3;11;5;63000;1
2022;2;15;310;310002;-;2;12;4;2;3;11;2;770256;1
2022;2;15;310;310002;-;2;12;4;2;3;11;4;4800;1
2022;2;15;310;310002;-;2;12;4;2;3;11;5;28000;1
2022;2;15;310;310003;-;2;5;4;2;3;11;2;215244;1
2022;2;15;310;310003;-;2;5;4;2;3;11;4;1500;1
2022;2;15;310;310003;-;2;5;4;2;3;11;5;14000;1
2022;2;15;310;310004;-;2;5;3;2;3;11;2;213293;1
2022;2;15;310;310004;-;2;5;3;2;3;11;4;370;1
2022;2;15;310;310004;-;2;5;3;2;3;11;5;11520;1
2022;2;15;310;310004;-;2;5;4;2;3;11;2;175316;1
2022;2;15;310;310004;-;2;5;4;2;3;11;4;1000;1
2022;2;15;310;310004;-;2;5;4;2;3;11;5;3500;1
2022;2;19;0;0;-;63;8;1;1;1;11;2;221000;1
2022;2;19;0;0;-;63;8;1;1;1;11;4;1100;1
2022;2;19;0;0;-;63;8;1;1;1;11;5;2100;1
2022;2;19;304;304007;-;2;1;5;2;3;11;2;1283045;1
2022;2;19;304;304007;-;2;1;5;2;3;11;4;2000;1
2022;2;19;304;304007;-;2;1;5;2;3;11;5;17720;1
2022;2;19;305;305002;-;1;5;4;2;3;11;2;325278;1
2022;2;19;305;305002;-;1;5;4;2;3;11;4;3800;1
2022;2;19;305;305002;-;1;5;4;2;3;11;5;14600;1
2022;2;19;305;305003;-;2;5;3;2;3;11;2;221000;1
2022;2;19;305;305003;-;2;5;3;2;3;11;4;1100;1
2022;2;19;305;305003;-;2;5;3;2;3;11;5;2100;1
2022;2;19;315;315008;-;2;9;2;2;3;11;3;30000;1
2022;2;19;315;315008;-;2;9;2;2;3;11;4;10000;1
2022;2;19;315;315008;-;2;9;2;2;3;11;5;1000;1
2022;2;19;319;319001;-;2;2;5;2;3;11;2;1414146;1
2022;2;19;319;319001;-;2;2;5;2;3;11;4;2443;1
2022;2;19;319;319001;-;2;2;5;2;3;11;5;9990;1
2022;2;19;319;319001;-;2;11;4;2;3;11;1;173456;1
2022;2;24;315;315005;-;2;11;2;2;3;11;3;50000;1
2022;2;24;315;315005;-;2;11;2;2;3;11;4;1000;1
2022;2;24;315;315005;-;2;11;2;2;3;11;5;2000;1
2022;3;5;403;403003;-;2;11;2;2;3;11;1;27259;1
2022;3;5;403;403003;-;2;11;2;2;3;11;2;60781;1
2022;3;5;403;403003;-;2;11;2;2;3;11;4;500;1
2022;3;5;403;403003;-;2;11;2;2;3;11;5;8500;1
2022;3;5;403;403003;-;2;14;2;2;3;11;2;81741;1
2022;3;5;403;403003;-;2;14;2;2;3;11;4;360;1
2022;3;5;403;403003;-;2;14;2;2;3;11;5;4000;1
2022;3;6;402;402002;-;1;1;6;2;3;11;2;293052;1
2022;3;6;402;402002;-;1;1;6;2;3;11;5;35166;1
2022;3;6;402;402002;-;2;14;6;2;3;11;2;1392759;1
2022;3;6;402;402002;-;2;14;6;2;3;11;4;3500;1
2022;3;6;402;402002;-;2;14;6;2;3;11;5;30100;1
2022;3;7;401;401006;-;63;5;1;1;1;11;1;80339;1
2022;3;7;401;401006;-;63;5;1;1;1;11;2;140204;1
2022;3;7;401;401006;-;63;5;1;1;1;11;4;800;1
2022;3;7;402;402001;-;1;2;8;2;3;11;1;584205;1
2022;3;7;402;402001;-;1;2;8;2;3;11;2;452791;1
2022;3;7;402;402001;-;1;2;8;2;3;11;4;4323;1
2022;3;7;402;402001;-;1;2;8;2;3;11;5;78817;1
2022;3;7;402;402001;-;2;12;5;2;3;11;1;412734;1
2022;3;7;402;402001;-;2;12;5;2;3;11;2;425831;1
2022;3;7;402;402001;-;2;12;5;2;3;11;4;900;1
2022;3;7;402;402001;-;2;12;5;2;3;11;5;13535;1
2022;3;10;404;404004;-;2;1;3;2;3;11;1;1346;1
2022;3;10;404;404004;-;2;1;3;2;3;11;2;93117;1
2022;3;10;404;404004;-;2;1;3;2;3;11;4;4875;1
2022;3;10;404;404004;-;2;1;3;2;3;11;5;17094;1
2022;3;11;401;401003;-;2;5;5;2;3;11;1;394937;1
2022;3;11;401;401003;-;2;5;5;2;3;11;2;371267;1
2022;3;11;401;401003;-;2;5;5;2;3;11;4;1050;1
2022;3;11;401;401003;-;2;5;5;2;3;11;5;8200;1
2022;3;11;402;402003;-;2;5;4;2;3;11;1;103069;1
2022;3;11;402;402003;-;2;5;4;2;3;11;2;119898;1
2022;3;11;402;402003;-;2;5;4;2;3;11;4;800;1
2022;3;11;402;402003;-;2;5;4;2;3;11;5;36000;1
2022;3;11;402;402003;-;2;5;5;2;3;11;1;175072;1
2022;3;11;402;402003;-;2;5;5;2;3;11;2;110281;1
2022;3;11;402;402003;-;2;5;5;2;3;11;4;800;1
2022;3;11;402;402003;-;2;5;5;2;3;11;5;14600;1
2022;3;11;402;402003;-;2;11;5;2;3;11;1;151315;1
2022;3;11;402;402003;-;2;11;5;2;3;11;2;124287;1
2022;3;11;402;402003;-;2;11;5;2;3;11;4;850;1
2022;3;11;402;402003;-;2;14;5;2;3;11;1;207302;1
2022;3;11;402;402003;-;2;14;5;2;3;11;2;290044;1
2022;3;11;402;402003;-;2;14;5;2;3;11;4;1800;1
2022;3;11;402;402003;-;2;14;5;2;3;11;5;18500;1
2022;3;11;402;402004;-;2;11;2;2;3;11;1;498;1
2022;3;11;402;402004;-;2;11;2;2;3;11;2;11263;1
2022;3;11;402;402004;-;2;11;2;2;3;11;4;700;1
2022;3;11;402;402004;-;2;11;2;2;3;11;5;1200;1
2022;3;11;402;402004;-;63;5;1;1;1;11;1;7000;1
2022;3;11;402;402004;-;63;5;1;1;1;11;4;1080;1
2022;3;11;402;402004;-;63;5;1;1;1;11;5;14400;1
2022;3;11;402;402005;-;1;5;7;2;3;11;1;256939;1
2022;3;11;402;402005;-;1;5;7;2;3;11;2;278464;1
2022;3;11;402;402005;-;1;5;7;2;3;11;4;3750;1
2022;3;11;402;402005;-;1;5;7;2;3;11;5;110000;1
2022;3;11;402;402005;-;2;5;3;2;3;11;1;20777;1
2022;3;11;402;402005;-;2;5;3;2;3;11;2;37239;1
2022;3;11;402;402005;-;2;5;3;2;3;11;4;700;1
2022;3;11;402;402005;-;2;5;3;2;3;11;5;2800;1
2022;3;11;402;402005;-;2;5;4;2;3;11;1;130368;1
2022;3;11;402;402005;-;2;5;4;2;3;11;2;131244;1
2022;3;11;402;402005;-;2;5;4;2;3;11;4;700;1
2022;3;12;405;405001;-;2;5;2;2;3;11;2;40512;1
2022;3;12;405;405001;-;2;5;2;2;3;11;4;715;1
2022;3;12;405;405001;-;2;5;2;2;3;11;5;10;1
2022;3;14;404;404004;-;1;5;3;2;3;11;2;80;1
2022;3;14;404;404004;-;1;5;3;2;3;11;4;10;1
2022;3;14;404;404004;-;1;5;3;2;3;11;5;20;1
2022;3;14;404;404004;-;2;11;2;2;3;11;1;92465;1
2022;3;14;404;404004;-;2;11;2;2;3;11;2;105685;1
2022;3;15;0;0;-;63;9;1;1;1;11;2;150000;1
2022;3;15;0;0;-;63;9;1;1;1;11;4;1200;1
2022;3;16;405;405005;-;2;5;2;2;3;11;1;7800;1
2022;3;16;405;405005;-;2;5;2;2;3;11;4;600;1
2022;3;16;405;405005;-;2;5;2;2;3;11;5;1200;1
2022;4;2;505;505004;-;1;5;3;2;3;11;2;144800;1
2022;4;2;505;505004;-;1;5;3;2;3;11;3;120000;1
2022;4;2;505;505004;-;1;5;3;2;3;11;4;3200;1
2022;4;2;505;505004;-;1;5;3;2;3;11;5;21200;1
2022;4;2;505;505004;-;2;5;2;2;3;11;3;20000;1
2022;4;2;505;505004;-;2;5;2;2;3;11;4;100;1
2022;4;2;505;505006;-;2;2;6;2;3;11;2;4640968;1
2022;4;2;505;505006;-;2;2;6;2;3;11;4;11000;1
2022;4;2;505;505006;-;2;2;6;2;3;11;5;117000;1
2022;4;2;505;505006;-;2;5;4;2;3;11;2;535070;1
2022;4;2;505;505006;-;2;5;4;2;3;11;4;170;1
2022;4;2;505;505006;-;2;5;4;2;3;11;5;30500;1
2022;4;2;505;505006;-;2;5;5;2;3;11;2;806108;1
2022;4;2;505;505006;-;2;5;5;2;3;11;4;2000;1
2022;4;2;505;505006;-;2;5;5;2;3;11;5;80000;1
2022;4;2;505;505006;-;2;11;2;2;3;11;3;59000;1
2022;4;2;505;505006;-;2;11;2;2;3;11;4;700;1
2022;4;2;505;505006;-;2;11;2;2;3;11;5;2900;1
2022;4;2;505;505006;-;2;11;3;2;3;11;2;277100;1
2022;4;2;505;505006;-;2;11;3;2;3;11;3;200000;1
2022;4;2;505;505006;-;2;11;3;2;3;11;4;1300;2
2022;4;2;505;505006;-;2;11;3;2;3;11;5;18600;2
2022;4;2;505;505006;-;2;11;4;2;3;11;3;94040;1
2022;4;2;505;505006;-;2;11;4;2;3;11;4;700;1
2022;4;2;506;506008;-;2;1;3;2;3;11;2;62123;1
2022;4;2;506;506008;-;2;1;3;2;3;11;4;5200;1
2022;4;2;506;506008;-;2;1;3;2;3;11;5;1800;1
2022;4;3;0;0;-;63;11;1;1;1;11;2;340188;1
2022;4;3;0;0;-;63;11;1;1;1;11;4;1100;1
2022;4;3;0;0;-;63;11;1;1;1;11;5;17010;1
2022;4;3;502;502001;-;2;8;3;2;3;11;2;24311;1
2022;4;3;502;502001;-;2;8;3;2;3;11;4;400;1
2022;4;3;502;502002;-;2;5;4;2;3;11;2;30996;1
2022;4;3;502;502002;-;2;5;4;2;3;11;5;11000;1
2022;4;4;501;501001;-;2;5;2;2;3;11;2;35049;1
2022;4;4;501;501001;-;2;5;2;2;3;11;4;600;1
2022;4;4;501;501001;-;2;5;2;2;3;11;5;5400;1
2022;4;4;504;504006;-;2;5;2;2;3;11;2;21403;1
2022;4;5;503;503006;-;2;11;3;2;3;11;3;130000;1
2022;4;5;503;503006;-;2;11;3;2;3;11;4;1000;1
2022;4;5;505;505003;-;2;5;5;2;3;11;2;1265590;1
2022;4;5;505;505003;-;2;5;5;2;3;11;4;3000;1
2022;4;5;505;505003;-;2;5;5;2;3;11;5;30000;1
2022;4;5;505;505003;-;2;11;3;2;3;11;3;82000;1
2022;4;5;505;505003;-;2;11;3;2;3;11;4;950;1
2022;4;5;505;505003;-;2;11;3;2;3;11;5;7200;1
2022;4;5;505;505005;-;2;5;3;2;3;11;2;162340;2
2022;4;5;505;505005;-;2;5;3;2;3;11;4;3300;2
2022;4;5;505;505005;-;2;5;3;2;3;11;5;8000;2
2022;4;5;505;505005;-;2;5;4;2;3;11;2;267500;1
2022;4;5;505;505005;-;2;5;4;2;3;11;3;120750;1
2022;4;5;505;505005;-;2;5;4;2;3;11;4;3325;2
2022;4;5;505;505005;-;2;5;4;2;3;11;5;15475;2
2022;4;5;505;505005;-;2;5;6;2;3;11;2;751000;1
2022;4;5;505;505005;-;2;5;6;2;3;11;5;30000;1
2022;4;5;505;505005;-;2;11;2;2;3;11;2;177645;1
2022;4;5;505;505005;-;2;11;2;2;3;11;4;1350;1
2022;4;5;505;505005;-;2;11;2;2;3;11;5;12500;1
2022;4;5;505;505005;-;2;11;4;2;3;11;2;273202;1
2022;4;5;505;505005;-;2;11;4;2;3;11;3;442774;1
2022;4;5;505;505005;-;2;11;4;2;3;11;4;1300;1
2022;4;5;505;505005;-;2;11;4;2;3;11;5;41000;1
2022;4;5;505;505005;-;2;11;5;2;3;11;2;1548129;3
2022;4;5;505;505005;-;2;11;5;2;3;11;3;432000;1
2022;4;5;505;505005;-;2;11;5;2;3;11;4;16860;3
2022;4;5;505;505005;-;2;11;5;2;3;11;5;125000;3
2022;4;5;506;506005;-;1;11;2;2;3;11;3;65500;1
2022;4;5;506;506005;-;1;11;2;2;3;11;4;1800;1
2022;4;5;506;506005;-;1;11;2;2;3;11;5;1700;1
2022;4;5;506;506005;-;1;11;3;2;3;11;2;126713;1
2022;4;5;506;506005;-;1;11;3;2;3;11;3;179112;1
2022;4;5;506;506005;-;1;11;3;2;3;11;4;1420;1
2022;4;5;506;506005;-;1;11;3;2;3;11;5;12500;1
2022;4;5;506;506005;-;2;5;2;2;3;11;3;52000;1
2022;4;5;506;506005;-;2;5;2;2;3;11;4;350;1
2022;4;5;506;506005;-;2;5;2;2;3;11;5;2400;1
2022;4;5;506;506005;-;2;5;3;2;3;11;2;522860;1
2022;4;5;506;506005;-;2;5;3;2;3;11;4;1100;1
2022;4;5;506;506005;-;2;5;3;2;3;11;5;8000;1
2022;4;5;506;506005;-;2;5;4;2;3;11;2;535702;2
2022;4;5;506;506005;-;2;5;4;2;3;11;3;1200000;2
2022;4;5;506;506005;-;2;5;4;2;3;11;4;7860;2
2022;4;5;506;506005;-;2;5;4;2;3;11;5;84540;3
2022;4;5;506;506005;-;2;11;3;2;3;11;3;427200;2
2022;4;5;506;506005;-;2;11;3;2;3;11;4;3430;2
2022;4;5;506;506005;-;2;11;3;2;3;11;5;27880;2
2022;4;5;506;506005;-;2;11;4;2;3;11;2;318778;1
2022;4;5;506;506005;-;2;11;4;2;3;11;3;248200;1
2022;4;5;506;506005;-;2;11;4;2;3;11;4;2700;2
2022;4;5;506;506005;-;2;11;4;2;3;11;5;35900;2
2022;4;5;506;506005;-;2;11;5;2;3;11;2;1105557;1
2022;4;5;506;506005;-;2;11;5;2;3;11;3;449700;1
2022;4;5;506;506005;-;2;11;5;2;3;11;4;26800;2
2022;4;5;506;506005;-;2;11;5;2;3;11;5;42800;2
2022;4;5;506;506005;-;2;12;6;2;3;11;2;1695801;1
2022;4;5;506;506005;-;2;12;6;2;3;11;4;1600;1
2022;4;5;506;506005;-;2;12;6;2;3;11;5;68000;1
2022;4;5;506;506006;-;1;8;2;2;3;11;1;127000;1
2022;4;5;506;506006;-;1;8;2;2;3;11;4;1500;1
2022;4;5;506;506006;-;1;8;2;2;3;11;5;5000;1
2022;4;5;506;506006;-;2;1;4;2;3;11;2;208007;1
2022;4;5;506;506006;-;2;1;4;2;3;11;3;301650;1
2022;4;5;506;506006;-;2;1;4;2;3;11;4;9000;1
2022;4;5;506;506006;-;2;1;4;2;3;11;5;10000;1
2022;4;5;506;506006;-;2;5;2;2;3;11;2;97650;1
2022;4;5;506;506006;-;2;5;2;2;3;11;3;28000;1
2022;4;5;506;506006;-;2;5;2;2;3;11;4;1200;2
2022;4;5;506;506006;-;2;5;2;2;3;11;5;7900;2
2022;4;5;506;506006;-;2;5;3;2;3;11;3;146000;1
2022;4;5;506;506006;-;2;5;3;2;3;11;4;900;1
2022;4;5;506;506006;-;2;5;3;2;3;11;5;10500;1
2022;4;5;506;506006;-;2;5;4;2;3;11;2;631933;1
2022;4;5;506;506006;-;2;5;4;2;3;11;4;850;1
2022;4;5;506;506006;-;2;5;4;2;3;11;5;42900;1
2022;4;5;506;506006;-;2;5;5;2;3;11;2;764952;1
2022;4;5;506;506006;-;2;5;5;2;3;11;4;1525;1
2022;4;5;506;506006;-;2;5;5;2;3;11;5;9150;1
2022;4;5;506;506006;-;2;11;2;2;3;11;2;91250;1
2022;4;5;506;506006;-;2;11;2;2;3;11;4;1200;1
2022;4;5;506;506006;-;2;11;2;2;3;11;5;12400;1
2022;4;5;506;506006;-;2;11;3;2;3;11;3;280000;1
2022;4;5;506;506006;-;2;11;3;2;3;11;4;5000;1
2022;4;5;506;506006;-;2;11;3;2;3;11;5;36000;1
2022;4;5;506;506006;-;2;11;4;2;3;11;2;318705;1
2022;4;5;506;506006;-;2;11;4;2;3;11;4;1300;1
2022;4;5;506;506006;-;2;11;4;2;3;11;5;22390;1
2022;4;6;505;505002;-;2;5;2;2;3;11;3;335800;1
2022;4;6;505;505002;-;2;5;2;2;3;11;4;1825;1
2022;4;6;505;505002;-;2;5;2;2;3;11;5;16425;1
2022;4;6;506;506003;-;1;5;3;2;3;11;1;200;1
2022;4;6;506;506003;-;1;5;3;2;3;11;4;5;1
2022;4;6;506;506003;-;1;5;4;2;3;11;2;301723;1
2022;4;6;506;506003;-;1;5;4;2;3;11;4;1800;1
2022;4;6;506;506003;-;1;5;4;2;3;11;5;67000;1
2022;4;6;506;506003;-;1;11;2;2;3;4;3;16425;1
2022;4;6;506;506003;-;1;11;2;2;3;11;3;16425;1
2022;4;6;506;506003;-;2;5;2;2;3;11;3;141300;2
2022;4;6;506;506003;-;2;5;2;2;3;11;4;1600;1
2022;4;6;506;506003;-;2;5;2;2;3;11;5;2000;2
2022;4;6;506;506003;-;2;5;3;1;1;11;2;192000;1
2022;4;6;506;506003;-;2;5;3;2;3;11;3;24000;1
2022;4;6;506;506003;-;2;5;3;2;3;11;4;1000;1
2022;4;6;506;506003;-;2;5;3;2;3;11;5;2000;1
2022;4;6;506;506003;-;2;5;4;2;3;11;2;148570;1
2022;4;6;506;506003;-;2;5;4;2;3;11;4;1000;1
2022;4;6;506;506003;-;2;5;4;2;3;11;5;14000;1
2022;4;6;506;506003;-;2;5;5;2;3;11;2;2306639;2
2022;4;6;506;506003;-;2;5;5;2;3;11;4;5800;2
2022;4;6;506;506003;-;2;5;5;2;3;11;5;74493;2
2022;4;6;506;506003;-;2;8;4;2;3;11;2;547866;1
2022;4;6;506;506003;-;2;8;4;2;3;11;4;1800;1
2022;4;6;506;506003;-;2;8;4;2;3;11;5;25000;1
2022;4;6;506;506003;-;2;9;2;2;3;11;3;37862;1
2022;4;6;506;506003;-;2;9;2;2;3;11;4;1020;1
2022;4;6;506;506003;-;2;9;2;2;3;11;5;2185;1
2022;4;6;506;506003;-;2;11;2;2;3;11;2;153000;1
2022;4;6;506;506003;-;2;11;2;2;3;11;4;500;1
2022;4;6;506;506003;-;2;11;2;2;3;11;5;1200;1
2022;4;6;506;506003;-;2;11;4;2;3;11;2;387083;1
2022;4;6;506;506003;-;2;11;4;2;3;11;4;500;1
2022;4;6;506;506003;-;2;11;4;2;3;11;5;12500;1
2022;4;6;506;506004;-;1;11;3;2;3;11;2;17300;1
2022;4;6;506;506004;-;1;11;3;2;3;11;4;700;1
2022;4;6;506;506004;-;1;11;3;2;3;11;5;19000;1
2022;4;6;506;506004;-;1;11;4;2;3;11;2;15092;1
2022;4;6;506;506004;-;1;11;4;2;3;11;4;3150;1
2022;4;6;506;506004;-;1;11;4;2;3;11;5;18560;1
2022;4;6;506;506004;-;1;11;5;2;3;11;2;359000;1
2022;4;6;506;506004;-;1;11;5;2;3;11;4;800;1
2022;4;6;506;506004;-;1;11;5;2;3;11;5;13300;1
2022;4;6;506;506004;-;1;11;6;2;3;11;2;5325374;1
2022;4;6;506;506004;-;1;12;2;2;3;4;3;7200;1
2022;4;6;506;506004;-;1;12;2;2;3;11;3;30000;1
2022;4;6;506;506004;-;2;5;2;2;3;11;2;13900;1
2022;4;6;506;506004;-;2;5;2;2;3;11;4;650;1
2022;4;6;506;506004;-;2;5;2;2;3;11;5;3100;1
2022;4;6;506;506004;-;2;5;3;2;3;11;2;200000;1
2022;4;6;506;506004;-;2;5;3;2;3;11;4;600;1
2022;4;6;506;506004;-;2;5;3;2;3;11;5;5000;1
2022;4;6;506;506004;-;2;5;4;2;3;11;2;350572;2
2022;4;6;506;506004;-;2;5;4;2;3;11;4;1395;2
2022;4;6;506;506004;-;2;5;4;2;3;11;5;23930;2
2022;4;6;506;506004;-;2;8;4;2;3;11;2;114800;1
2022;4;6;506;506004;-;2;8;4;2;3;11;4;1500;1
2022;4;6;506;506004;-;2;8;4;2;3;11;5;5500;1
2022;4;6;506;506004;-;2;11;2;1;1;11;2;720000;1
2022;4;6;506;506004;-;2;11;2;1;1;11;4;1000;1
2022;4;6;506;506004;-;2;11;2;1;1;11;5;22000;1
2022;4;6;506;506004;-;2;11;2;2;3;11;2;106500;1
2022;4;6;506;506004;-;2;11;2;2;3;11;3;68000;1
2022;4;6;506;506004;-;2;11;2;2;3;11;4;1750;2
2022;4;6;506;506004;-;2;11;2;2;3;11;5;5350;2
2022;4;6;506;506004;-;2;11;3;2;3;11;2;91000;1
2022;4;6;506;506004;-;2;11;3;2;3;11;3;180000;1
2022;4;6;506;506004;-;2;11;3;2;3;11;4;2350;2
2022;4;6;506;506004;-;2;11;3;2;3;11;5;17000;2
2022;4;6;506;506004;-;2;11;4;2;3;11;2;524329;1
2022;4;6;506;506004;-;2;11;4;2;3;11;3;250000;1
2022;4;6;506;506004;-;2;11;4;2;3;11;4;3100;2
2022;4;6;506;506004;-;2;11;4;2;3;11;5;23600;2
2022;4;6;506;506004;-;3;5;3;2;3;11;2;100000;1
2022;4;6;506;506004;-;3;5;3;2;3;11;4;1600;1
2022;4;6;506;506004;-;3;5;3;2;3;11;5;45000;1
2022;4;6;506;506005;-;1;5;2;2;3;11;2;55500;1
2022;4;6;506;506005;-;1;5;2;2;3;11;4;500;1
2022;4;6;506;506005;-;1;5;2;2;3;11;5;700;1
2022;4;6;506;506005;-;1;5;5;2;3;11;2;890262;1
2022;4;6;506;506005;-;1;5;5;2;3;11;4;1250;1
2022;4;6;506;506005;-;1;5;5;2;3;11;5;60000;1
2022;4;6;506;506005;-;2;5;2;2;3;11;2;43558;1
2022;4;6;506;506005;-;2;5;2;2;3;11;3;150000;1
2022;4;6;506;506005;-;2;5;2;2;3;11;4;1198;2
2022;4;6;506;506005;-;2;5;2;2;3;11;5;11362;2
2022;4;6;506;506005;-;2;5;3;2;3;11;2;120300;1
2022;4;6;506;506005;-;2;5;3;2;3;11;3;1200;1
2022;4;6;506;506005;-;2;5;3;2;3;11;4;1435;2
2022;4;6;506;506005;-;2;5;3;2;3;11;5;5440;2
2022;4;6;506;506005;-;2;11;2;2;3;11;2;43845;1
2022;4;6;506;506005;-;2;11;2;2;3;11;3;325115;3
2022;4;6;506;506005;-;2;11;2;2;3;11;4;2500;2
2022;4;6;506;506005;-;2;11;2;2;3;11;5;31000;2
2022;4;6;506;506005;-;2;11;3;2;3;11;1;40500;1
2022;4;6;506;506005;-;2;11;3;2;3;11;2;289500;1
2022;4;6;506;506005;-;2;11;3;2;3;11;4;5050;2
2022;4;6;506;506005;-;2;11;3;2;3;11;5;40500;2
2022;4;6;506;506005;-;2;11;4;2;3;11;2;123029;1
2022;4;6;506;506005;-;2;11;4;2;3;11;4;1200;1
2022;4;6;506;506005;-;2;11;4;2;3;11;5;7800;1
2022;4;6;506;506005;-;2;11;5;2;3;11;2;342647;1
2022;4;6;506;506005;-;2;11;5;2;3;11;4;1500;1
2022;4;6;506;506005;-;2;11;5;2;3;11;5;24000;1
2022;4;6;506;506006;-;2;12;3;2;3;11;3;420000;1
2022;4;6;506;506006;-;2;12;3;2;3;11;4;2000;1
2022;4;6;506;506006;-;2;12;3;2;3;11;5;21000;1
2022;4;6;506;506009;-;1;5;5;2;3;11;2;1067600;1
2022;4;6;506;506009;-;1;5;5;2;3;11;4;1650;1
2022;4;6;506;506009;-;1;5;5;2;3;11;5;40000;1
2022;4;6;506;506009;-;2;5;3;2;3;11;2;1007837;1
2022;4;6;506;506009;-;2;5;3;2;3;11;4;1800;1
2022;4;6;506;506009;-;2;5;3;2;3;11;5;39500;1
2022;4;6;506;506009;-;2;5;5;2;3;11;2;2496336;1
2022;4;6;506;506009;-;2;5;5;2;3;11;4;1416;1
2022;4;6;506;506009;-;2;5;5;2;3;11;5;48914;1
2022;4;6;506;506009;-;2;8;2;2;3;11;3;140000;1
2022;4;6;506;506009;-;2;8;2;2;3;11;4;1200;1
2022;4;6;506;506009;-;2;8;2;2;3;11;5;5200;1
2022;4;6;506;506009;-;2;12;5;2;3;11;2;3991266;1
2022;4;6;506;506009;-;2;12;5;2;3;11;4;4100;1
2022;4;6;506;506009;-;2;12;5;2;3;11;5;5000;1
2022;4;7;502;502005;-;1;5;5;2;3;11;2;1256193;1
2022;4;7;502;502005;-;1;5;5;2;3;11;4;1200;1
2022;4;7;502;502005;-;1;5;6;2;3;11;2;1550237;1
2022;4;7;502;502005;-;1;5;6;2;3;11;4;1200;1
2022;4;7;502;502005;-;2;1;7;2;3;11;2;1406331;1
2022;4;7;502;502005;-;2;1;7;2;3;11;4;9850;1
2022;4;7;502;502005;-;2;1;7;2;3;11;5;74500;1
2022;4;7;502;502005;-;2;3;5;2;3;11;2;2049355;1
2022;4;7;502;502005;-;2;3;5;2;3;11;4;2000;1
2022;4;7;502;502005;-;2;3;5;2;3;11;5;45520;1
2022;4;7;502;502005;-;2;5;3;2;3;11;1;360000;1
2022;4;7;502;502005;-;2;5;3;2;3;11;2;761950;1
2022;4;7;502;502005;-;2;5;3;2;3;11;4;1000;1
2022;4;7;502;502005;-;2;5;3;2;3;11;5;17000;1
2022;4;7;502;502005;-;2;5;4;2;3;11;2;1896064;2
2022;4;7;502;502005;-;2;5;4;2;3;11;4;5840;2
2022;4;7;502;502005;-;2;5;4;2;3;11;5;18935;2
2022;4;7;502;502005;-;2;5;5;2;3;11;2;4929855;2
2022;4;7;502;502005;-;2;5;5;2;3;11;4;4500;2
2022;4;7;502;502005;-;2;5;5;2;3;11;5;89500;2
2022;4;7;502;502005;-;2;8;3;2;3;11;2;182087;1
2022;4;7;502;502005;-;2;8;3;2;3;11;4;369;1
2022;4;7;502;502005;-;2;8;3;2;3;11;5;1786;1
2022;4;7;502;502005;-;2;11;2;2;3;11;2;437850;2
2022;4;7;502;502005;-;2;11;2;2;3;11;4;1100;2
2022;4;7;502;502005;-;2;11;2;2;3;11;5;9600;2
2022;4;7;502;502005;-;2;11;3;2;3;11;2;169463;1
2022;4;7;502;502005;-;2;11;4;2;3;11;2;423036;1
2022;4;7;504;504001;-;1;5;2;2;3;11;1;320112;1
2022;4;7;504;504001;-;1;5;2;2;3;11;2;12600;1
2022;4;7;504;504001;-;1;5;2;2;3;11;4;3860;2
2022;4;7;504;504001;-;1;5;2;2;3;11;5;9100;2
2022;4;7;504;504001;-;2;3;5;2;3;11;2;1779285;1
2022;4;7;504;504001;-;2;3;5;2;3;11;4;2760;1
2022;4;7;504;504001;-;2;3;5;2;3;11;5;29360;1
2022;4;7;504;504001;-;2;5;2;2;3;11;2;256994;1
2022;4;7;504;504001;-;2;5;2;2;3;11;4;100;1
2022;4;7;504;504001;-;2;5;3;2;3;11;2;3330347;6
2022;4;7;504;504001;-;2;5;3;2;3;11;4;7620;5
2022;4;7;504;504001;-;2;5;3;2;3;11;5;53800;5
2022;4;7;504;504001;-;2;5;4;2;3;11;2;2304343;3
2022;4;7;504;504001;-;2;5;4;2;3;11;4;6650;2
2022;4;7;504;504001;-;2;5;4;2;3;11;5;40000;2
2022;4;7;504;504001;-;2;5;5;2;3;11;2;1861010;2
2022;4;7;504;504001;-;2;5;5;2;3;11;4;10700;2
2022;4;7;504;504001;-;2;5;5;2;3;11;5;57000;2
2022;4;7;504;504001;-;2;8;3;2;3;11;2;550000;1
2022;4;7;504;504001;-;2;8;3;2;3;11;4;360;1
2022;4;7;504;504001;-;2;8;3;2;3;11;5;15000;1
2022;4;7;504;504001;-;2;8;4;2;3;11;2;1294943;2
2022;4;7;504;504001;-;2;8;4;2;3;11;4;1520;2
2022;4;7;504;504001;-;2;8;4;2;3;11;5;49592;2
2022;4;7;504;504001;-;2;8;5;2;3;11;2;1110000;1
2022;4;7;504;504001;-;2;8;5;2;3;11;4;2300;1
2022;4;7;504;504001;-;2;8;5;2;3;11;5;12000;1
2022;4;7;504;504001;-;2;11;2;2;3;11;1;14400;1
2022;4;7;504;504001;-;2;11;2;2;3;11;2;363229;3
2022;4;7;504;504001;-;2;11;2;2;3;11;4;7600;3
2022;4;7;504;504001;-;2;11;2;2;3;11;5;25600;3
2022;4;7;504;504001;-;2;11;3;2;3;11;2;710971;2
2022;4;7;504;504001;-;2;11;3;2;3;11;3;550000;1
2022;4;7;504;504001;-;2;11;3;2;3;11;4;3400;3
2022;4;7;504;504001;-;2;11;3;2;3;11;5;8300;3
2022;4;7;504;504001;-;2;11;4;2;3;11;2;913420;2
2022;4;7;504;504001;-;2;11;4;2;3;11;4;4700;2
2022;4;7;504;504001;-;2;11;4;2;3;11;5;84500;2
2022;4;7;504;504001;-;2;12;3;2;3;11;2;497508;1
2022;4;7;504;504001;-;2;12;3;2;3;11;4;2000;1
2022;4;7;504;504001;-;2;12;3;2;3;11;5;36500;1
2022;4;7;504;504001;-;2;13;3;2;3;11;1;654106;1
2022;4;7;504;504001;-;2;13;3;2;3;11;4;500;1
2022;4;7;504;504001;-;2;13;3;2;3;11;5;6000;1
2022;4;7;504;504002;-;2;11;4;2;3;11;2;476910;1
2022;4;7;504;504002;-;2;11;4;2;3;11;4;200;1
2022;4;7;504;504002;-;2;11;4;2;3;11;5;16320;1
2022;4;7;504;504003;-;2;5;4;2;3;11;2;389999;1
2022;4;7;504;504003;-;2;5;4;2;3;11;4;2000;1
2022;4;7;504;504003;-;2;5;4;2;3;11;5;30000;1
2022;4;7;504;504003;-;2;11;2;2;3;11;2;141434;1
2022;4;7;504;504003;-;2;11;2;2;3;11;4;700;1
2022;4;7;504;504003;-;2;11;2;2;3;11;5;3500;1
2022;4;7;504;504003;-;2;11;4;2;3;11;2;747216;1
2022;4;7;504;504003;-;2;11;4;2;3;11;4;1800;1
2022;4;7;504;504003;-;2;11;4;2;3;11;5;25000;1
2022;4;8;0;0;-;18;5;1;1;1;11;2;84000;1
2022;4;8;0;0;-;18;5;1;1;1;11;3;600;1
2022;4;9;502;502001;-;2;2;5;2;3;11;2;1483437;1
2022;4;9;502;502001;-;2;2;5;2;3;11;4;3650;1
2022;4;9;502;502001;-;2;2;5;2;3;11;5;64920;1
2022;4;9;502;502001;-;2;5;2;2;3;11;2;122319;3
2022;4;9;502;502001;-;2;5;2;2;3;11;4;5420;2
2022;4;9;502;502001;-;2;5;2;2;3;11;5;4000;1
2022;4;9;502;502001;-;2;11;2;2;3;11;2;69716;1
2022;4;9;502;502001;-;2;11;2;2;3;11;4;730;1
2022;4;9;502;502001;-;2;11;2;2;3;11;5;1825;1
2022;4;9;502;502001;-;2;11;4;2;3;11;2;1068693;1
2022;4;9;502;502001;-;2;11;4;2;3;11;4;3600;1
2022;4;9;502;502001;-;2;11;4;2;3;11;5;10284;1
2022;4;9;502;502002;-;2;11;2;2;3;11;2;93858;1
2022;4;9;502;502002;-;2;11;2;2;3;11;4;700;1
2022;4;9;502;502003;-;1;5;3;2;3;11;3;240000;1
2022;4;9;502;502003;-;1;5;3;2;3;11;4;700;1
2022;4;9;502;502003;-;1;8;3;2;3;11;3;110700;1
2022;4;9;502;502003;-;1;8;3;2;3;11;4;980;1
2022;4;9;502;502003;-;1;8;3;2;3;11;5;4800;1
2022;4;9;502;502003;-;1;11;4;2;3;11;2;726945;1
2022;4;9;502;502003;-;1;11;4;2;3;11;5;1095;1
2022;4;9;502;502003;-;2;5;3;2;3;11;1;20306;1
2022;4;9;502;502003;-;2;5;3;2;3;11;2;3052285;7
2022;4;9;502;502003;-;2;5;3;2;3;11;4;6125;6
2022;4;9;502;502003;-;2;5;3;2;3;11;5;54800;7
2022;4;9;502;502003;-;2;5;4;2;3;11;2;1189526;2
2022;4;9;502;502003;-;2;5;4;2;3;11;4;7340;2
2022;4;9;502;502003;-;2;5;4;2;3;11;5;18970;2
2022;4;9;502;502003;-;2;5;5;2;3;11;2;752224;1
2022;4;9;502;502003;-;2;5;5;2;3;11;4;2000;1
2022;4;9;502;502003;-;2;5;5;2;3;11;5;28900;1
2022;4;9;502;502003;-;2;8;3;2;3;11;3;141300;1
2022;4;9;502;502003;-;2;8;3;2;3;11;4;1700;1
2022;4;9;502;502003;-;2;8;3;2;3;11;5;1650;1
2022;4;9;502;502003;-;2;11;2;1;1;11;2;123279;1
2022;4;9;502;502003;-;2;11;2;1;1;11;4;580;1
2022;4;9;502;502003;-;2;11;2;1;1;11;5;2700;1
2022;4;9;502;502003;-;2;11;2;2;3;11;2;153293;1
2022;4;9;502;502003;-;2;11;2;2;3;11;4;1500;1
2022;4;9;502;502003;-;2;11;2;2;3;11;5;12000;1
2022;4;9;502;502003;-;2;11;3;2;3;11;2;518241;4
2022;4;9;502;502003;-;2;11;3;2;3;11;3;36500;1
2022;4;9;502;502003;-;2;11;3;2;3;11;4;6240;5
2022;4;9;502;502003;-;2;11;3;2;3;11;5;32875;5
2022;4;9;502;502003;-;2;11;4;2;3;11;2;1286208;3
2022;4;9;502;502003;-;2;11;4;2;3;11;3;605000;1
2022;4;9;502;502003;-;2;11;4;2;3;11;4;10200;3
2022;4;9;502;502003;-;2;11;4;2;3;11;5;72000;2
2022;4;9;502;502004;-;1;5;3;2;3;11;3;54750;1
2022;4;9;502;502004;-;1;5;3;2;3;11;4;1095;1
2022;4;9;502;502004;-;2;2;6;2;3;11;1;5818157;1
2022;4;9;502;502004;-;2;2;6;2;3;11;4;7124;1
2022;4;9;502;502004;-;2;2;6;2;3;11;5;80002;1
2022;4;9;502;502004;-;2;5;2;2;3;11;2;109281;1
2022;4;9;502;502004;-;2;9;3;2;3;11;2;114747;1
2022;4;9;502;502004;-;2;9;3;2;3;11;4;650;1
2022;4;9;502;502004;-;2;9;3;2;3;11;5;1100;1
2022;4;9;502;502004;-;2;9;5;2;3;11;2;2011653;1
2022;4;9;502;502004;-;2;9;5;2;3;11;4;5500;1
2022;4;9;502;502004;-;2;9;5;2;3;11;5;27700;1
2022;4;10;501;501004;-;2;5;2;2;3;11;2;12600;1
2022;4;10;501;501004;-;2;5;3;2;3;11;2;469953;2
2022;4;10;501;501004;-;2;5;3;2;3;11;4;1400;2
2022;4;10;501;501004;-;2;5;3;2;3;11;5;23000;1
2022;4;10;501;501004;-;2;8;5;2;3;11;2;730000;1
2022;4;10;501;501004;-;2;8;5;2;3;11;5;35000;1
2022;4;10;501;501004;-;2;11;2;2;3;11;2;154803;1
2022;4;10;501;501004;-;2;11;2;2;3;11;4;3600;1
2022;4;10;501;501004;-;2;11;3;2;3;11;2;614725;1
2022;4;10;501;501004;-;2;11;3;2;3;11;4;1260;1
2022;4;10;501;501004;-;2;11;3;2;3;11;5;39755;1
2022;4;10;501;501004;-;2;11;5;2;3;11;2;663341;1
2022;4;10;501;501004;-;2;11;5;2;3;11;4;4000;1
2022;4;10;501;501004;-;2;11;5;2;3;11;5;29000;1
2022;4;10;501;501005;-;1;11;4;2;3;11;2;241076;1
2022;4;10;501;501005;-;1;11;4;2;3;11;4;1825;1
2022;4;10;501;501005;-;1;11;4;2;3;11;5;10000;1
2022;4;10;501;501005;-;2;5;2;2;3;11;2;142564;3
2022;4;10;501;501005;-;2;5;2;2;3;11;4;1430;3
2022;4;10;501;501005;-;2;5;2;2;3;11;5;2500;2
2022;4;10;501;501005;-;2;5;5;2;3;11;2;485125;1
2022;4;10;501;501005;-;2;5;5;2;3;11;4;4000;1
2022;4;10;501;501005;-;2;5;5;2;3;11;5;22000;1
2022;4;10;501;501005;-;2;11;2;2;3;11;2;123770;1
2022;4;10;501;501005;-;2;11;2;2;3;11;4;270;1
2022;4;10;501;501005;-;2;11;2;2;3;11;5;2700;1
2022;4;10;501;501005;-;2;11;6;2;3;11;2;2403477;1
2022;4;10;501;501005;-;2;11;6;2;3;11;4;3600;1
2022;4;10;501;501005;-;2;11;6;2;3;11;5;102421;1
2022;4;10;501;501006;-;2;5;3;2;3;11;2;336000;1
2022;4;10;501;501006;-;2;5;3;2;3;11;4;500;1
2022;4;10;501;501006;-;2;5;3;2;3;11;5;4000;1
2022;4;10;501;501006;-;2;5;4;2;3;11;2;685953;1
2022;4;10;501;501006;-;2;5;4;2;3;11;4;1000;1
2022;4;10;501;501006;-;2;5;4;2;3;11;5;14000;1
2022;4;10;502;502002;-;2;5;5;2;3;11;1;219344;1
2022;4;10;502;502002;-;2;5;5;2;3;11;2;1696369;1
2022;4;10;502;502002;-;2;5;5;2;3;11;4;5000;1
2022;4;10;502;502002;-;2;5;5;2;3;11;5;50000;1
2022;4;10;502;502002;-;2;8;3;2;3;11;2;100126;1
2022;4;10;502;502002;-;2;8;3;2;3;11;4;700;1
2022;4;10;502;502002;-;2;8;3;2;3;11;5;7000;1
2022;4;10;502;502002;-;2;11;4;2;3;11;2;203094;1
2022;4;10;502;502002;-;2;11;4;2;3;11;4;700;1
2022;4;10;502;502002;-;2;11;4;2;3;11;5;7200;1
2022;4;11;501;501002;-;1;5;2;2;3;11;2;103093;1
2022;4;11;501;501002;-;1;5;2;2;3;11;3;26000;1
2022;4;11;501;501002;-;1;5;2;2;3;11;4;930;2
2022;4;11;501;501002;-;1;5;2;2;3;11;5;2890;2
2022;4;11;501;501002;-;2;5;2;1;1;11;3;75322;1
2022;4;11;501;501002;-;2;5;2;1;1;11;4;180;1
2022;4;11;501;501002;-;2;5;2;1;1;11;5;2850;1
2022;4;11;501;501002;-;2;5;2;2;3;11;2;743568;2
2022;4;11;501;501002;-;2;5;2;2;3;11;4;2520;2
2022;4;11;501;501002;-;2;5;2;2;3;11;5;28800;2
2022;4;11;501;501002;-;2;5;3;2;3;11;2;969575;1
2022;4;11;501;501002;-;2;5;3;2;3;11;4;450;1
2022;4;11;501;501002;-;2;5;3;2;3;11;5;5000;1
2022;4;11;501;501002;-;2;5;4;2;3;11;1;465230;1
2022;4;11;501;501002;-;2;5;4;2;3;11;4;1800;1
2022;4;11;501;501002;-;2;5;4;2;3;11;5;29450;1
2022;4;11;501;501002;-;2;8;6;2;3;11;2;474627;1
2022;4;11;501;501002;-;2;8;6;2;3;11;3;2344920;1
2022;4;11;501;501002;-;2;8;6;2;3;11;4;2600;1
2022;4;11;501;501002;-;2;8;6;2;3;11;5;27900;1
2022;4;11;501;501002;-;2;11;3;2;3;11;2;20019;1
2022;4;11;501;501002;-;2;11;3;2;3;11;4;500;1
2022;4;11;501;501002;-;2;11;3;2;3;11;5;2000;1
2022;4;11;501;501002;-;2;11;4;2;3;11;2;631754;1
2022;4;11;501;501002;-;2;11;4;2;3;11;4;800;1
2022;4;11;501;501002;-;2;11;4;2;3;11;5;30000;1
2022;4;11;501;501002;-;2;11;5;2;3;11;2;927295;1
2022;4;11;501;501002;-;2;11;5;2;3;11;4;2500;1
2022;4;11;501;501002;-;2;11;5;2;3;11;5;40000;1
2022;4;11;501;501002;-;2;12;5;2;3;11;2;710811;1
2022;4;11;501;501002;-;2;12;5;2;3;11;4;2000;1
2022;4;11;501;501002;-;2;12;5;2;3;11;5;60000;1
2022;4;11;501;501002;-;3;12;5;2;3;11;2;664227;1
2022;4;11;501;501002;-;3;12;5;2;3;11;4;600;1
2022;4;11;501;501002;-;3;12;5;2;3;11;5;20000;1
2022;4;12;502;502003;-;2;11;2;2;3;11;2;165284;1
2022;4;12;502;502004;-;2;2;7;2;3;11;2;4905256;1
2022;4;12;502;502004;-;2;2;7;2;3;11;4;2000;1
2022;4;12;502;502004;-;2;2;7;2;3;11;5;90000;1
2022;4;12;502;502004;-;2;5;2;1;1;11;2;128000;1
2022;4;12;502;502004;-;2;5;2;2;3;11;2;1364115;4
2022;4;12;502;502004;-;2;5;2;2;3;11;4;3130;4
2022;4;12;502;502004;-;2;5;2;2;3;11;5;16700;4
2022;4;12;502;502004;-;2;5;3;2;3;11;1;337288;1
2022;4;12;502;502004;-;2;5;3;2;3;11;2;975950;2
2022;4;12;502;502004;-;2;5;3;2;3;11;4;5180;3
2022;4;12;502;502004;-;2;5;3;2;3;11;5;68860;3
2022;4;12;502;502004;-;2;5;4;2;3;11;2;2377755;5
2022;4;12;502;502004;-;2;5;4;2;3;11;4;5460;5
2022;4;12;502;502004;-;2;5;4;2;3;11;5;119580;5
2022;4;12;502;502004;-;2;5;5;2;3;11;2;2071503;2
2022;4;12;502;502004;-;2;5;5;2;3;11;4;2920;2
2022;4;12;502;502004;-;2;5;5;2;3;11;5;38500;2
2022;4;12;502;502004;-;2;8;4;2;3;11;2;1389733;1
2022;4;12;502;502004;-;2;8;4;2;3;11;4;800;1
2022;4;12;502;502004;-;2;8;4;2;3;11;5;60000;1
2022;4;12;502;502004;-;2;11;3;2;3;11;2;2715281;6
2022;4;12;502;502004;-;2;11;3;2;3;11;3;212393;1
2022;4;12;502;502004;-;2;11;3;2;3;11;4;10060;6
2022;4;12;502;502004;-;2;11;3;2;3;11;5;78900;5
2022;4;12;502;502004;-;2;11;4;2;3;11;2;1551745;3
2022;4;12;502;502004;-;2;11;4;2;3;11;4;19400;3
2022;4;12;502;502004;-;2;11;4;2;3;11;5;54700;3
2022;4;12;502;502004;-;2;11;5;2;3;11;2;111034;1
2022;4;12;502;502004;-;2;11;5;2;3;11;4;100;1
2022;4;12;502;502004;-;2;11;5;2;3;11;5;1000;1
2022;4;12;502;502006;-;2;2;6;2;3;11;2;1072082;1
2022;4;12;502;502006;-;2;2;6;2;3;11;4;3530;1
2022;4;12;502;502006;-;2;2;6;2;3;11;5;67545;1
2022;4;12;502;502006;-;2;5;4;2;3;11;2;911704;1
2022;4;12;502;502006;-;2;5;4;2;3;11;4;5000;1
2022;4;12;502;502006;-;2;5;4;2;3;11;5;30000;1
2022;4;12;502;502006;-;2;11;4;2;3;11;2;1037696;2
2022;4;12;502;502006;-;2;11;4;2;3;11;4;3300;2
2022;4;12;502;502006;-;2;11;4;2;3;11;5;49200;2
2022;4;12;502;502006;-;2;11;5;2;3;11;2;126000;1
2022;4;12;502;502006;-;2;11;5;2;3;11;4;750;1
2022;4;12;502;502006;-;2;11;5;2;3;11;5;12000;1
2022;4;12;503;503001;-;2;5;3;2;3;4;4;250;1
2022;4;12;503;503001;-;2;5;3;2;3;4;5;8000;1
2022;4;12;503;503001;-;2;5;3;2;3;4;10;267776;1
2022;4;12;503;503001;-;2;5;3;2;3;11;2;910050;2
2022;4;12;503;503001;-;2;5;3;2;3;11;4;4600;2
2022;4;12;503;503001;-;2;5;3;2;3;11;5;22500;2
2022;4;12;503;503001;-;2;11;2;2;3;11;2;631543;1
2022;4;12;503;503001;-;2;11;2;2;3;11;5;20000;1
2022;4;12;503;503001;-;2;11;4;2;3;11;2;244092;1
2022;4;12;503;503001;-;2;11;4;2;3;11;4;1800;1
2022;4;12;503;503001;-;2;11;4;2;3;11;5;21000;1
2022;4;12;503;503001;-;3;12;6;2;3;11;2;1351000;1
2022;4;12;503;503001;-;3;12;6;2;3;11;4;3520;1
2022;4;12;503;503001;-;3;12;6;2;3;11;5;13500;1
2022;4;12;503;503002;-;1;5;3;2;3;11;2;49610;1
2022;4;12;503;503002;-;2;5;2;2;3;11;1;100000;1
2022;4;12;503;503002;-;2;5;2;2;3;11;2;5000;1
2022;4;12;503;503002;-;2;5;2;2;3;11;3;100000;1
2022;4;12;503;503002;-;2;5;2;2;3;11;4;1400;1
2022;4;12;503;503002;-;2;5;3;2;3;11;2;358281;2
2022;4;12;503;503002;-;2;5;3;2;3;11;4;1440;2
2022;4;12;503;503002;-;2;5;3;2;3;11;5;7800;2
2022;4;12;503;503002;-;2;5;4;2;3;11;2;1485583;2
2022;4;12;503;503002;-;2;5;4;2;3;11;4;9400;2
2022;4;12;503;503002;-;2;5;4;2;3;11;5;39815;2
2022;4;12;503;503002;-;2;5;5;2;3;11;2;829168;1
2022;4;12;503;503002;-;2;5;5;2;3;11;4;1825;1
2022;4;12;503;503002;-;2;5;5;2;3;11;5;33876;1
2022;4;12;503;503002;-;2;8;2;2;3;11;2;517000;1
2022;4;12;503;503002;-;2;8;6;2;3;11;2;1300000;1
2022;4;12;503;503002;-;2;8;6;2;3;11;4;950;1
2022;4;12;503;503002;-;2;8;6;2;3;11;5;2100;1
2022;4;12;503;503002;-;2;9;3;2;3;11;2;260424;1
2022;4;12;503;503002;-;2;9;3;2;3;11;4;1080;1
2022;4;12;503;503002;-;2;9;3;2;3;11;5;13580;1
2022;4;12;503;503002;-;2;11;3;2;3;11;2;857494;2
2022;4;12;503;503002;-;2;11;3;2;3;11;4;2700;2
2022;4;12;503;503002;-;2;11;3;2;3;11;5;52000;2
2022;4;12;503;503002;-;2;11;4;2;3;11;2;389654;1
2022;4;12;503;503002;-;2;11;4;2;3;11;4;420;1
2022;4;12;503;503002;-;2;11;4;2;3;11;5;45750;1
2022;4;12;503;503002;-;2;12;5;2;3;11;2;1017804;1
2022;4;12;503;503002;-;2;12;5;2;3;11;4;1500;1
2022;4;12;503;503002;-;2;12;5;2;3;11;5;13000;1
2022;4;12;503;503002;-;2;12;6;2;3;11;2;3197094;1
2022;4;12;503;503002;-;2;12;6;2;3;11;4;7200;1
2022;4;12;503;503002;-;2;12;6;2;3;11;5;92370;1
2022;4;13;0;0;-;63;5;1;1;1;11;3;79000;1
2022;4;13;0;0;-;63;5;1;1;1;11;4;200;1
2022;4;13;0;0;-;63;5;1;1;1;11;5;450;1
2022;4;13;502;502006;-;2;5;3;2;3;11;2;1508345;3
2022;4;13;502;502006;-;2;5;3;2;3;11;4;1800;3
2022;4;13;502;502006;-;2;5;3;2;3;11;5;54000;2
2022;4;13;502;502006;-;2;5;4;2;3;11;2;391572;1
2022;4;13;502;502006;-;2;5;4;2;3;11;4;1500;1
2022;4;13;502;502006;-;2;5;4;2;3;11;5;20000;1
2022;4;13;502;502006;-;2;5;5;2;3;11;2;2024323;3
2022;4;13;502;502006;-;2;5;5;2;3;11;4;3100;3
2022;4;13;502;502006;-;2;5;5;2;3;11;5;51055;3
2022;4;13;502;502006;-;2;11;2;2;3;11;2;96000;1
2022;4;13;502;502006;-;2;11;2;2;3;11;4;400;1
2022;4;13;502;502006;-;2;11;2;2;3;11;5;1300;1
2022;4;13;502;502006;-;2;11;4;2;3;11;2;183900;1
2022;4;13;502;502006;-;2;11;4;2;3;11;4;1825;1
2022;4;13;502;502006;-;2;11;4;2;3;11;5;12600;1
2022;4;13;502;502006;-;2;11;5;2;3;11;2;2807197;2
2022;4;13;502;502006;-;2;11;6;2;3;11;2;3453623;1
2022;4;13;503;503003;-;1;11;2;2;3;11;3;160000;1
2022;4;13;503;503003;-;1;11;2;2;3;11;4;1000;1
2022;4;13;503;503003;-;1;11;2;2;3;11;5;30000;1
2022;4;13;503;503003;-;2;5;2;2;3;11;2;367094;1
2022;4;13;503;503003;-;2;5;2;2;3;11;4;1095;1
2022;4;13;503;503003;-;2;5;2;2;3;11;5;12000;1
2022;4;13;503;503003;-;2;5;3;1;1;11;2;45625;1
2022;4;13;503;503003;-;2;5;3;1;1;11;4;2650;1
2022;4;13;503;503003;-;2;5;3;1;1;11;5;2890;1
2022;4;13;503;503003;-;2;5;3;2;3;11;1;295204;1
2022;4;13;503;503003;-;2;5;3;2;3;11;2;2427149;5
2022;4;13;503;503003;-;2;5;3;2;3;11;3;100000;1
2022;4;13;503;503003;-;2;5;3;2;3;11;4;16600;7
2022;4;13;503;503003;-;2;5;3;2;3;11;5;71650;6
2022;4;13;503;503003;-;2;5;4;1;1;11;2;1572157;1
2022;4;13;503;503003;-;2;5;4;1;1;11;4;1000;1
2022;4;13;503;503003;-;2;5;4;1;1;11;5;72750;1
2022;4;13;503;503003;-;2;5;4;2;3;11;1;533875;2
2022;4;13;503;503003;-;2;5;4;2;3;11;2;1826966;3
2022;4;13;503;503003;-;2;5;4;2;3;11;3;138700;1
2022;4;13;503;503003;-;2;5;4;2;3;11;4;5908;5
2022;4;13;503;503003;-;2;5;4;2;3;11;5;62500;4
2022;4;13;503;503003;-;2;5;6;2;3;11;2;1003703;1
2022;4;13;503;503003;-;2;5;6;2;3;11;4;800;1
2022;4;13;503;503003;-;2;5;6;2;3;11;5;28900;1
2022;4;13;503;503003;-;2;8;4;2;3;11;2;1555235;1
2022;4;13;503;503003;-;2;8;4;2;3;11;4;1500;1
2022;4;13;503;503003;-;2;8;4;2;3;11;5;33000;1
2022;4;13;503;503003;-;2;8;5;2;3;11;2;4781275;2
2022;4;13;503;503003;-;2;8;5;2;3;11;4;6420;2
2022;4;13;503;503003;-;2;8;5;2;3;11;5;222781;2
2022;4;13;503;503003;-;2;8;7;2;3;11;2;3426847;1
2022;4;13;503;503003;-;2;8;7;2;3;11;4;3650;1
2022;4;13;503;503003;-;2;8;7;2;3;11;5;65000;1
2022;4;13;503;503003;-;2;11;2;2;3;11;2;50550;1
2022;4;13;503;503003;-;2;11;2;2;3;11;3;288350;1
2022;4;13;503;503003;-;2;11;2;2;3;11;4;1065;2
2022;4;13;503;503003;-;2;11;2;2;3;11;5;9125;1
2022;4;13;503;503003;-;2;11;3;2;3;11;2;580086;1
2022;4;13;503;503003;-;2;11;3;2;3;11;4;1150;1
2022;4;13;503;503003;-;2;11;3;2;3;11;5;8000;1
2022;4;13;503;503003;-;2;11;4;2;3;11;2;402712;1
2022;4;13;503;503003;-;2;11;4;2;3;11;4;2100;1
2022;4;13;503;503003;-;2;11;4;2;3;11;5;7138;1
2022;4;13;503;503003;-;2;11;6;2;3;11;2;441137;1
2022;4;13;503;503003;-;2;11;6;2;3;11;4;300;1
2022;4;13;503;503003;-;2;11;6;2;3;11;5;8000;1
2022;4;13;503;503003;-;2;11;7;2;3;11;2;3050000;1
2022;4;13;503;503003;-;2;11;7;2;3;11;4;10950;1
2022;4;13;503;503003;-;2;11;7;2;3;11;5;182500;1
2022;4;13;503;503003;-;2;12;5;2;3;11;2;1988360;1
2022;4;13;503;503003;-;2;12;5;2;3;11;4;3660;1
2022;4;13;503;503003;-;2;12;5;2;3;11;5;48975;1
2022;4;13;503;503003;-;3;5;3;2;3;11;2;182500;1
2022;4;13;503;503004;-;2;8;4;2;3;11;2;300000;1
2022;4;13;503;503004;-;2;8;4;2;3;11;4;3000;1
2022;4;13;503;503004;-;2;8;4;2;3;11;5;5000;1
2022;4;13;503;503007;-;1;11;4;2;3;11;3;26112;1
2022;4;13;503;503007;-;1;11;4;2;3;11;4;850;1
2022;4;13;503;503007;-;2;5;2;2;3;11;1;255400;1
2022;4;13;503;503007;-;2;5;2;2;3;11;2;47766;1
2022;4;13;503;503007;-;2;5;2;2;3;11;3;110000;1
2022;4;13;503;503007;-;2;5;2;2;3;11;4;2295;3
2022;4;13;503;503007;-;2;5;2;2;3;11;5;26600;2
2022;4;13;503;503007;-;2;5;3;2;3;11;3;242300;1
2022;4;13;503;503007;-;2;5;3;2;3;11;4;1500;1
2022;4;13;503;503007;-;2;5;3;2;3;11;5;7000;1
2022;4;13;503;503007;-;2;5;4;2;3;11;1;219730;1
2022;4;13;503;503007;-;2;5;4;2;3;11;2;746000;2
2022;4;13;503;503007;-;2;5;4;2;3;11;4;6015;3
2022;4;13;503;503007;-;2;5;4;2;3;11;5;11258;1
2022;4;13;503;503007;-;2;5;5;2;3;11;2;341392;1
2022;4;13;503;503007;-;2;5;5;2;3;11;4;2100;1
2022;4;13;503;503007;-;2;5;5;2;3;11;5;30200;1
2022;4;13;503;503007;-;2;9;7;2;3;11;2;3878414;1
2022;4;13;503;503007;-;2;9;7;2;3;11;4;5475;1
2022;4;13;503;503007;-;2;9;7;2;3;11;5;190135;1
2022;4;13;503;503007;-;2;11;3;2;3;11;2;170492;1
2022;4;13;503;503007;-;2;11;3;2;3;11;3;109500;1
2022;4;13;503;503007;-;2;11;3;2;3;11;4;4300;2
2022;4;13;503;503007;-;2;11;3;2;3;11;5;5500;1
2022;4;13;503;503007;-;2;11;4;2;3;11;3;100000;1
2022;4;13;503;503007;-;2;11;4;2;3;11;4;4000;1
2022;4;13;503;503007;-;2;11;4;2;3;11;5;10000;1
2022;4;13;503;503007;-;2;11;5;2;3;11;2;1755413;2
2022;4;13;503;503007;-;2;11;5;2;3;11;4;4400;2
2022;4;13;503;503007;-;2;11;5;2;3;11;5;116000;2
2022;4;14;502;502006;-;2;5;2;2;3;11;2;72000;1
2022;4;14;502;502006;-;2;5;2;2;3;11;4;400;1
2022;4;14;502;502006;-;2;5;2;2;3;11;5;3800;1
2022;4;14;502;502006;-;2;5;3;2;3;11;1;38325;1
2022;4;14;502;502006;-;2;5;3;2;3;11;3;38325;1
2022;4;14;502;502006;-;2;5;3;2;3;11;4;1095;1
2022;4;14;502;502006;-;2;5;3;2;3;11;5;7680;1
2022;4;14;502;502006;-;2;11;5;2;3;11;2;595836;1
2022;4;14;502;502006;-;2;11;5;2;3;11;4;1095;1
2022;4;14;502;502006;-;2;11;5;2;3;11;5;21900;1
2022;4;14;503;503003;-;2;5;5;2;3;11;2;1348921;1
2022;4;14;503;503003;-;2;5;5;2;3;11;4;1825;1
2022;4;14;503;503003;-;2;5;5;2;3;11;5;23500;1
2022;4;14;503;503004;-;1;8;4;2;3;11;2;1860650;1
2022;4;14;503;503004;-;2;5;4;2;3;11;2;3532153;5
2022;4;14;503;503004;-;2;5;4;2;3;11;4;5741;4
2022;4;14;503;503004;-;2;5;4;2;3;11;5;41828;4
2022;4;14;503;503004;-;2;5;5;2;3;11;2;4316306;3
2022;4;14;503;503004;-;2;5;5;2;3;11;4;4384;3
2022;4;14;503;503004;-;2;5;5;2;3;11;5;101815;3
2022;4;14;503;503004;-;2;8;5;2;3;11;2;2716663;1
2022;4;14;503;503004;-;2;8;5;2;3;11;4;4000;1
2022;4;14;503;503004;-;2;8;5;2;3;11;5;71000;1
2022;4;14;503;503004;-;2;8;6;2;3;11;2;2542279;1
2022;4;14;503;503004;-;2;8;6;2;3;11;4;2300;1
2022;4;14;503;503004;-;2;8;6;2;3;11;5;65000;1
2022;4;14;503;503004;-;2;11;2;2;3;11;3;164250;1
2022;4;14;503;503004;-;2;11;2;2;3;11;4;913;1
2022;4;14;503;503004;-;2;11;2;2;3;11;5;13870;1
2022;4;14;503;503004;-;2;11;3;2;3;11;2;411803;1
2022;4;14;503;503004;-;2;11;3;2;3;11;4;600;1
2022;4;14;503;503004;-;2;11;3;2;3;11;5;17000;1
2022;4;14;503;503004;-;2;11;4;2;3;11;2;296256;1
2022;4;14;503;503004;-;3;2;5;2;3;11;2;494999;1
2022;4;14;503;503004;-;3;2;5;2;3;11;4;1500;1
2022;4;14;503;503004;-;3;2;5;2;3;11;5;6000;1
2022;4;14;503;503004;-;3;5;4;2;3;11;2;150000;1
2022;4;14;503;503004;-;3;5;4;2;3;11;4;18000;1
2022;4;14;503;503004;-;3;5;4;2;3;11;5;75000;1
2022;4;14;504;504002;-;2;5;2;2;3;11;2;248830;2
2022;4;14;504;504002;-;2;5;2;2;3;11;4;500;1
2022;4;14;504;504002;-;2;5;2;2;3;11;5;5400;1
2022;4;14;504;504002;-;2;5;3;2;3;11;1;18000;1
2022;4;14;504;504002;-;2;5;3;2;3;11;2;1454225;4
2022;4;14;504;504002;-;2;5;3;2;3;11;4;4375;3
2022;4;14;504;504002;-;2;5;3;2;3;11;5;35750;3
2022;4;14;504;504002;-;2;5;4;2;3;11;2;4842517;9
2022;4;14;504;504002;-;2;5;4;2;3;11;4;11490;8
2022;4;14;504;504002;-;2;5;4;2;3;11;5;198550;9
2022;4;14;504;504002;-;2;5;5;2;3;11;2;2909342;2
2022;4;14;504;504002;-;2;5;5;2;3;11;4;1800;2
2022;4;14;504;504002;-;2;5;5;2;3;11;5;35000;1
2022;4;14;504;504002;-;2;5;6;2;3;11;2;1520241;1
2022;4;14;504;504002;-;2;5;6;2;3;11;4;1460;1
2022;4;14;504;504002;-;2;5;6;2;3;11;5;21170;1
2022;4;14;504;504002;-;2;8;4;2;3;11;2;960000;1
2022;4;14;504;504002;-;2;8;4;2;3;11;4;1500;1
2022;4;14;504;504002;-;2;8;4;2;3;11;5;13000;1
2022;4;14;504;504002;-;2;8;5;2;3;11;2;7476691;4
2022;4;14;504;504002;-;2;8;5;2;3;11;4;6495;3
2022;4;14;504;504002;-;2;8;5;2;3;11;5;176010;3
2022;4;14;504;504002;-;2;8;6;2;3;11;2;1924668;1
2022;4;14;504;504002;-;2;8;6;2;3;11;4;1800;1
2022;4;14;504;504002;-;2;8;6;2;3;11;5;30360;1
2022;4;14;504;504002;-;2;9;4;2;3;11;2;1350000;2
2022;4;14;504;504002;-;2;9;4;2;3;11;4;1000;1
2022;4;14;504;504002;-;2;9;4;2;3;11;5;12000;1
2022;4;14;504;504002;-;2;11;2;2;3;11;2;288000;1
2022;4;14;504;504002;-;2;11;2;2;3;11;3;208000;1
2022;4;14;504;504002;-;2;11;2;2;3;11;4;1370;2
2022;4;14;504;504002;-;2;11;2;2;3;11;5;5800;2
2022;4;14;504;504002;-;2;11;5;2;3;11;2;2085115;2
2022;4;14;504;504002;-;2;11;5;2;3;11;4;2500;2
2022;4;14;504;504002;-;2;11;5;2;3;11;5;73519;2
2022;4;14;504;504002;-;2;11;6;2;3;11;2;6374893;2
2022;4;14;504;504002;-;2;11;6;2;3;11;4;2780;1
2022;4;14;504;504002;-;2;11;6;2;3;11;5;21520;1
2022;4;14;504;504002;-;2;11;7;2;3;11;2;8896597;1
2022;4;14;504;504002;-;2;12;2;1;1;11;2;330420;1
2022;4;14;504;504002;-;2;12;2;1;1;11;4;547;1
2022;4;14;504;504002;-;2;12;2;1;1;11;5;6935;1
2022;4;14;504;504002;-;2;12;5;2;3;11;2;1362382;1
2022;4;14;504;504002;-;2;12;5;2;3;11;4;1825;1
2022;4;14;504;504002;-;2;12;5;2;3;11;5;25000;1
2022;4;14;504;504004;-;2;5;3;2;3;11;2;310000;1
2022;4;14;504;504004;-;2;5;3;2;3;11;4;4000;1
2022;4;14;504;504004;-;2;5;3;2;3;11;5;16000;1
2022;4;14;504;504004;-;2;5;4;2;3;11;2;538409;1
2022;4;14;504;504004;-;2;5;4;2;3;11;4;2190;1
2022;4;14;504;504004;-;2;5;4;2;3;11;5;32160;1
2022;4;14;504;504004;-;2;5;5;2;3;11;2;773205;1
2022;4;14;504;504004;-;2;5;5;2;3;11;4;1200;1
2022;4;14;504;504004;-;2;5;5;2;3;11;5;43000;1
2022;4;14;504;504004;-;2;11;2;2;3;11;2;90239;1
2022;4;14;504;504004;-;2;11;2;2;3;11;4;365;1
2022;4;14;504;504005;-;2;5;2;2;3;11;2;711184;1
2022;4;14;504;504005;-;2;5;2;2;3;11;4;1500;1
2022;4;14;504;504005;-;2;5;2;2;3;11;5;2600;1
2022;4;14;504;504005;-;2;5;3;2;3;11;2;2071118;4
2022;4;14;504;504005;-;2;5;3;2;3;11;4;2190;2
2022;4;14;504;504005;-;2;5;3;2;3;11;5;27505;3
2022;4;14;504;504005;-;2;5;4;2;3;11;2;1118846;2
2022;4;14;504;504005;-;2;5;4;2;3;11;4;730;1
2022;4;14;504;504005;-;2;5;4;2;3;11;5;97320;2
2022;4;14;504;504005;-;2;5;5;2;3;11;1;200000;1
2022;4;14;504;504005;-;2;5;5;2;3;11;2;4249665;4
2022;4;14;504;504005;-;2;5;5;2;3;11;4;2982;2
2022;4;14;504;504005;-;2;5;5;2;3;11;5;5250;1
2022;4;14;504;504005;-;2;8;4;2;3;11;2;500000;1
2022;4;14;504;504005;-;2;8;4;2;3;11;4;2000;1
2022;4;14;504;504005;-;2;8;4;2;3;11;5;5000;1
2022;4;14;504;504005;-;2;8;5;2;3;11;2;934184;1
2022;4;14;504;504005;-;2;8;5;2;3;11;4;3000;1
2022;4;14;504;504005;-;2;8;5;2;3;11;5;49000;1
2022;4;14;504;504005;-;2;11;4;2;3;11;2;297657;1
2022;4;14;504;504005;-;2;11;4;2;3;11;4;1100;1
2022;4;14;504;504005;-;2;11;4;2;3;11;5;2500;1
2022;4;14;504;504005;-;2;11;5;2;3;11;2;107000;1
2022;4;14;504;504005;-;2;11;5;2;3;11;3;120000;1
2022;4;14;504;504005;-;2;11;5;2;3;11;4;1825;1
2022;4;14;504;504005;-;2;11;5;2;3;11;5;5000;1
2022;4;14;504;504005;-;2;12;5;2;3;11;2;3790544;1
2022;4;14;504;504005;-;2;12;5;2;3;11;4;4015;1
2022;4;14;504;504005;-;2;12;5;2;3;11;5;41610;1
2022;4;14;506;506001;-;1;5;5;2;3;11;3;145000;1
2022;4;14;506;506001;-;1;5;5;2;3;11;4;5000;1
2022;4;14;506;506001;-;1;5;5;2;3;11;5;70000;1
2022;4;14;506;506001;-;2;5;2;2;3;11;2;43951;1
2022;4;14;506;506001;-;2;5;2;2;3;11;3;36500;1
2022;4;14;506;506001;-;2;5;2;2;3;11;4;1580;2
2022;4;14;506;506001;-;2;5;2;2;3;11;5;3000;1
2022;4;14;506;506001;-;2;5;3;2;3;11;2;928847;2
2022;4;14;506;506001;-;2;5;3;2;3;11;4;1095;1
2022;4;14;506;506001;-;2;5;4;2;3;11;3;304200;1
2022;4;14;506;506001;-;2;5;4;2;3;11;4;1580;1
2022;4;14;506;506001;-;2;5;4;2;3;11;5;9120;1
2022;4;14;506;506001;-;2;5;5;2;3;11;2;2214219;2
2022;4;14;506;506001;-;2;5;5;2;3;11;4;3190;2
2022;4;14;506;506001;-;2;5;5;2;3;11;5;52500;2
2022;4;14;506;506001;-;2;5;6;2;3;11;2;4609149;1
2022;4;14;506;506001;-;2;5;6;2;3;11;4;1095;1
2022;4;14;506;506001;-;2;5;6;2;3;11;5;56880;1
2022;4;14;506;506001;-;2;11;4;2;3;11;2;1906420;3
2022;4;14;506;506001;-;2;11;4;2;3;11;4;5195;3
2022;4;14;506;506001;-;2;11;4;2;3;11;5;43600;3
2022;4;14;506;506001;-;16;11;4;2;3;11;2;1168165;1
2022;4;15;504;504001;-;2;5;3;2;3;11;2;540941;1
2022;4;15;504;504001;-;2;5;3;2;3;11;4;360;1
2022;4;15;504;504001;-;2;5;3;2;3;11;5;13100;1
2022;4;15;504;504001;-;2;11;5;2;3;11;2;980753;1
2022;4;15;504;504001;-;2;11;5;2;3;11;4;1500;1
2022;4;15;504;504001;-;2;11;5;2;3;11;5;20000;1
2022;4;15;504;504002;-;2;5;5;2;3;11;2;4280727;4
2022;4;15;504;504002;-;2;5;5;2;3;11;4;14665;4
2022;4;15;504;504002;-;2;5;5;2;3;11;5;389000;4
2022;4;15;504;504002;-;2;5;6;2;3;11;2;3041929;1
2022;4;15;504;504002;-;2;5;6;2;3;11;4;3650;1
2022;4;15;504;504002;-;2;5;6;2;3;11;5;94900;1
2022;4;15;504;504002;-;2;12;4;2;3;11;2;735770;1
2022;4;15;504;504002;-;2;12;4;2;3;11;4;2160;1
2022;4;15;504;504002;-;2;12;4;2;3;11;5;43200;1
2022;4;15;504;504002;-;2;12;5;2;3;11;2;735831;1
2022;4;15;504;504002;-;2;12;5;2;3;11;4;1460;1
2022;4;15;504;504002;-;2;12;5;2;3;11;5;29200;1
2022;4;15;504;504003;-;2;1;7;2;3;11;2;2082495;1
2022;4;15;504;504003;-;2;1;7;2;3;11;4;3000;1
2022;4;15;504;504003;-;2;1;7;2;3;11;5;2000;1
2022;4;15;504;504003;-;2;5;3;2;3;11;2;433070;1
2022;4;15;504;504003;-;2;5;3;2;3;11;4;1460;1
2022;4;15;504;504003;-;2;5;3;2;3;11;5;1080;1
2022;4;15;504;504003;-;2;5;4;2;3;11;2;132000;1
2022;4;15;504;504003;-;2;5;4;2;3;11;4;5000;1
2022;4;15;504;504003;-;2;5;4;2;3;11;5;10000;1
2022;4;15;504;504003;-;2;5;6;2;3;11;2;3511732;2
2022;4;15;504;504003;-;2;5;6;2;3;11;4;4380;2
2022;4;15;504;504003;-;2;5;6;2;3;11;5;108040;2
2022;4;15;504;504003;-;2;11;3;2;3;11;1;66225;1
2022;4;15;504;504003;-;2;11;3;2;3;11;4;2788;1
2022;4;15;504;504004;-;2;5;3;2;3;11;2;451218;1
2022;4;15;504;504004;-;2;5;3;2;3;11;4;1095;1
2022;4;15;504;504004;-;2;5;3;2;3;11;5;1500;1
2022;4;15;504;504004;-;2;5;4;2;3;11;2;2941661;6
2022;4;15;504;504004;-;2;5;4;2;3;11;4;20300;4
2022;4;15;504;504004;-;2;5;4;2;3;11;5;103650;4
2022;4;15;504;504004;-;2;5;5;2;3;11;2;3671574;7
2022;4;15;504;504004;-;2;5;5;2;3;11;4;12360;6
2022;4;15;504;504004;-;2;5;5;2;3;11;5;175700;6
2022;4;15;504;504004;-;2;8;4;2;3;11;2;1388484;2
2022;4;15;504;504004;-;2;8;4;2;3;11;4;2860;2
2022;4;15;504;504004;-;2;8;4;2;3;11;5;56250;2
2022;4;15;504;504004;-;2;11;3;2;3;11;2;557590;1
2022;4;15;504;504004;-;2;11;3;2;3;11;4;8000;1
2022;4;15;504;504004;-;2;11;3;2;3;11;5;90000;1
2022;4;15;504;504004;-;2;11;5;2;3;11;2;1846838;2
2022;4;15;504;504004;-;2;11;5;2;3;11;4;2195;2
2022;4;15;504;504004;-;2;11;5;2;3;11;5;98250;2
2022;4;15;504;504004;-;2;12;3;2;3;11;2;614322;1
2022;4;15;504;504004;-;2;12;3;2;3;11;4;1800;1
2022;4;15;504;504004;-;2;12;3;2;3;11;5;15000;1
2022;4;15;504;504005;-;2;5;3;2;3;11;2;281049;1
2022;4;15;504;504005;-;2;5;3;2;3;11;4;1825;1
2022;4;15;504;504005;-;2;5;3;2;3;11;5;7300;1
2022;4;15;504;504005;-;2;5;4;2;3;11;2;1706748;5
2022;4;15;504;504005;-;2;5;4;2;3;11;4;3710;5
2022;4;15;504;504005;-;2;5;4;2;3;11;5;38400;3
2022;4;15;504;504005;-;2;5;5;2;3;11;2;419750;1
2022;4;15;504;504005;-;2;5;5;2;3;11;4;4745;1
2022;4;15;504;504005;-;2;5;5;2;3;11;5;32500;1
2022;4;15;504;504005;-;2;5;6;2;3;11;2;4117088;1
2022;4;15;504;504005;-;2;5;6;2;3;11;4;730;1
2022;4;15;504;504005;-;2;5;6;2;3;11;5;108519;1
2022;4;15;504;504005;-;2;11;3;2;3;11;2;122727;1
2022;4;15;504;504005;-;2;11;3;2;3;11;4;1440;1
2022;4;15;504;504005;-;2;11;3;2;3;11;5;4320;1
2022;4;15;504;504005;-;2;11;4;2;3;11;2;3284041;3
2022;4;15;504;504005;-;2;11;4;2;3;11;4;6980;2
2022;4;15;504;504005;-;2;11;4;2;3;11;5;56352;3
2022;4;15;504;504005;-;2;11;5;2;3;11;2;951360;1
2022;4;15;504;504005;-;3;5;4;2;3;11;2;28317;1
2022;4;15;504;504005;-;3;5;4;2;3;11;4;1200;1
2022;4;15;504;504005;-;3;5;4;2;3;11;5;6500;1
2022;4;15;504;504007;-;2;5;2;1;1;11;5;6000;1
2022;4;15;504;504007;-;2;5;2;2;3;11;2;760461;2
2022;4;15;504;504007;-;2;5;2;2;3;11;4;300;1
2022;4;15;504;504007;-;2;5;2;2;3;11;5;6000;2
2022;4;15;504;504007;-;2;5;5;2;3;11;2;1150821;1
2022;4;15;504;504007;-;2;5;5;2;3;11;4;2190;1
2022;4;15;504;504007;-;2;5;5;2;3;11;5;36000;1
2022;4;15;504;504007;-;2;5;6;2;3;11;2;5263587;2
2022;4;15;504;504007;-;2;5;6;2;3;11;4;4055;2
2022;4;15;504;504007;-;2;5;6;2;3;11;5;71430;2
2022;4;15;504;504007;-;2;11;2;2;3;11;2;318675;1
2022;4;15;504;504007;-;2;11;2;2;3;11;4;720;1
2022;4;15;504;504007;-;2;11;2;2;3;11;5;1900;1
2022;4;15;504;504007;-;2;11;4;1;1;11;2;358447;1
2022;4;15;504;504007;-;2;11;4;1;1;11;4;1440;1
2022;4;15;504;504007;-;2;11;4;1;1;11;5;10800;1
2022;4;15;504;504007;-;2;11;4;2;3;11;2;91254;1
2022;4;15;504;504007;-;2;11;4;2;3;11;4;2200;1
2022;4;15;504;504007;-;2;11;4;2;3;11;5;16500;1
2022;4;15;504;504007;-;2;11;6;2;3;11;2;2178196;1
2022;4;15;504;504007;-;2;11;6;2;3;11;4;2300;1
2022;4;15;504;504007;-;2;11;6;2;3;11;5;140000;1
2022;4;15;504;504007;-;2;12;4;2;3;11;2;166769;1
2022;4;15;504;504007;-;2;12;4;2;3;11;4;360;1
2022;4;15;504;504007;-;2;12;4;2;3;11;5;36500;1
2022;4;15;504;504007;-;40;11;2;4;9;4;4;300;1
2022;4;15;504;504007;-;40;11;2;4;9;4;5;600;1
2022;4;15;504;504007;-;40;11;2;4;9;11;4;300;1
2022;4;15;504;504007;-;40;11;2;4;9;11;5;600;1
2022;4;16;501;501002;-;2;13;2;2;3;11;3;28000;1
2022;4;16;504;504006;-;1;5;2;2;3;11;3;142000;1
2022;4;16;504;504006;-;1;5;2;2;3;11;4;1620;1
2022;4;16;504;504006;-;1;5;2;2;3;11;5;4100;1
2022;4;16;504;504006;-;2;5;2;2;3;11;2;95000;1
2022;4;16;504;504006;-;2;5;3;2;3;11;1;200089;1
2022;4;16;504;504006;-;2;5;3;2;3;11;3;252000;1
2022;4;16;504;504006;-;2;5;3;2;3;11;4;7000;2
2022;4;16;504;504006;-;2;5;3;2;3;11;5;14400;2
2022;4;16;504;504006;-;2;5;4;2;3;11;1;320000;1
2022;4;16;504;504006;-;2;5;4;2;3;11;2;869924;2
2022;4;16;504;504006;-;2;5;4;2;3;11;3;376290;1
2022;4;16;504;504006;-;2;5;4;2;3;11;4;4700;5
2022;4;16;504;504006;-;2;5;4;2;3;11;5;62923;5
2022;4;16;504;504006;-;2;8;5;2;3;11;2;2993152;1
2022;4;16;504;504006;-;2;8;5;2;3;11;4;9000;1
2022;4;16;504;504006;-;2;8;5;2;3;11;5;152619;1
2022;4;16;504;504006;-;2;11;2;2;3;11;2;50000;1
2022;4;16;504;504006;-;2;11;2;2;3;11;5;10000;1
2022;4;16;504;504006;-;2;11;4;2;3;11;2;735410;4
2022;4;16;504;504006;-;2;11;4;2;3;11;3;327000;1
2022;4;16;504;504006;-;2;11;4;2;3;11;4;5730;4
2022;4;16;504;504006;-;2;11;4;2;3;11;5;75800;4
2022;4;16;504;504006;-;2;11;5;2;3;11;2;889039;1
2022;4;16;504;504006;-;2;11;5;2;3;11;4;1095;1
2022;4;16;504;504006;-;2;11;5;2;3;11;5;8853;1
2022;4;16;504;504006;-;2;12;3;2;3;11;3;198520;1
2022;4;16;504;504006;-;2;12;3;2;3;11;4;3600;1
2022;4;16;504;504006;-;2;12;3;2;3;11;5;36520;1
2022;4;16;504;504006;-;2;12;5;2;3;11;2;1438635;1
2022;4;16;504;504006;-;2;12;5;2;3;11;4;1500;1
2022;4;16;504;504006;-;2;12;5;2;3;11;5;22000;1
2022;4;16;506;506001;-;1;5;3;2;3;11;3;40146;1
2022;4;16;506;506001;-;1;5;3;2;3;11;4;500;1
2022;4;16;506;506001;-;1;5;3;2;3;11;5;1989;1
2022;4;16;506;506001;-;2;5;4;2;3;11;2;260000;1
2022;4;16;506;506001;-;2;5;4;2;3;11;4;1000;1
2022;4;16;506;506001;-;2;5;4;2;3;11;5;12500;1
2022;4;16;506;506001;-;2;11;4;2;3;11;3;401500;1
2022;4;16;506;506001;-;2;11;4;2;3;11;4;1825;1
2022;4;16;506;506001;-;2;11;4;2;3;11;5;14600;1
2022;4;16;506;506001;-;2;11;5;2;3;11;2;607815;1
2022;4;16;506;506001;-;2;11;5;2;3;11;4;7000;1
2022;4;16;506;506001;-;2;11;5;2;3;11;5;50000;1
2022;4;16;506;506002;-;2;2;5;2;3;11;1;757045;1
2022;4;16;506;506002;-;2;2;5;2;3;11;2;2378726;1
2022;4;16;506;506002;-;2;2;5;2;3;11;4;4000;2
2022;4;16;506;506002;-;2;2;5;2;3;11;5;107280;2
2022;4;16;506;506002;-;2;5;2;2;3;11;2;70000;1
2022;4;16;506;506002;-;2;5;2;2;3;11;4;1000;1
2022;4;16;506;506002;-;2;5;2;2;3;11;5;2000;1
2022;4;16;506;506002;-;2;5;3;2;3;11;2;51827;1
2022;4;16;506;506002;-;2;5;3;2;3;11;4;2500;1
2022;4;16;506;506002;-;2;5;3;2;3;11;5;42750;1
2022;4;16;506;506002;-;2;5;4;2;3;11;2;1703802;2
2022;4;16;506;506002;-;2;5;4;2;3;11;4;21293;2
2022;4;16;506;506002;-;2;5;4;2;3;11;5;22650;2
2022;4;16;506;506002;-;2;5;5;2;3;11;2;250000;1
2022;4;16;506;506002;-;2;5;5;2;3;11;4;1095;1
2022;4;16;506;506002;-;2;5;5;2;3;11;5;18000;1
2022;4;16;506;506002;-;2;11;2;2;3;11;2;382931;1
2022;4;16;506;506002;-;2;11;2;2;3;11;4;1500;1
2022;4;16;506;506002;-;2;11;2;2;3;11;5;2000;1
2022;4;16;506;506002;-;2;11;3;2;3;11;2;453235;2
2022;4;16;506;506002;-;2;11;3;2;3;11;4;1030;2
2022;4;16;506;506002;-;2;11;3;2;3;11;5;8460;2
2022;4;16;506;506002;-;2;11;4;2;3;11;2;1714828;1
2022;4;16;506;506002;-;2;11;4;2;3;11;4;1460;1
2022;4;16;506;506002;-;2;11;4;2;3;11;5;54750;1
2022;4;16;506;506002;-;2;11;5;2;3;11;2;4249338;2
2022;4;16;506;506002;-;2;11;5;2;3;11;4;2535;2
2022;4;16;506;506002;-;2;11;5;2;3;11;5;167180;2
2022;4;16;506;506007;-;2;5;4;2;3;11;1;450000;1
2022;4;16;506;506007;-;2;5;4;2;3;11;2;518000;1
2022;4;16;506;506007;-;2;5;4;2;3;11;4;2900;2
2022;4;16;506;506007;-;2;5;4;2;3;11;5;26000;1
2022;4;16;506;506007;-;2;8;2;2;3;11;2;1154788;1
2022;4;16;506;506007;-;2;11;2;2;3;11;2;212800;1
2022;4;16;506;506007;-;2;11;2;2;3;11;3;410800;2
2022;4;16;506;506007;-;2;11;2;2;3;11;4;2700;3
2022;4;16;506;506007;-;2;11;2;2;3;11;5;23000;3
2022;4;16;506;506007;-;2;11;3;2;3;11;1;408368;1
2022;4;16;506;506007;-;2;11;3;2;3;11;3;150000;1
2022;4;16;506;506007;-;2;11;3;2;3;11;4;2560;2
2022;4;16;506;506007;-;2;11;3;2;3;11;5;25800;2
2022;4;16;506;506007;-;2;11;4;2;3;11;3;292000;1
2022;4;16;506;506007;-;2;11;4;2;3;11;4;3650;1
2022;4;16;506;506007;-;2;11;4;2;3;11;5;11000;1
2022;4;16;506;506007;-;2;11;5;2;3;11;2;323353;1
2022;4;16;506;506007;-;2;11;5;2;3;11;3;130000;1
2022;4;16;506;506007;-;2;11;5;2;3;11;4;3000;1
2022;4;16;506;506007;-;2;11;5;2;3;11;5;50000;1
2022;4;16;506;506008;-;1;5;2;2;3;11;3;130000;1
2022;4;16;506;506008;-;1;5;2;2;3;11;4;800;1
2022;4;16;506;506008;-;2;5;2;2;3;11;2;305000;1
2022;4;16;506;506008;-;2;5;2;2;3;11;4;2200;1
2022;4;16;506;506008;-;2;5;2;2;3;11;5;21800;1
2022;4;16;506;506008;-;2;5;3;2;3;11;2;971359;2
2022;4;16;506;506008;-;2;5;3;2;3;11;4;2060;2
2022;4;16;506;506008;-;2;5;3;2;3;11;5;22450;2
2022;4;16;506;506008;-;2;5;4;2;3;11;2;669500;2
2022;4;16;506;506008;-;2;5;4;2;3;11;4;3000;2
2022;4;16;506;506008;-;2;5;4;2;3;11;5;52000;2
2022;4;16;506;506008;-;2;5;5;2;3;11;2;2831391;2
2022;4;16;506;506008;-;2;5;5;2;3;11;4;2960;2
2022;4;16;506;506008;-;2;5;5;2;3;11;5;38400;2
2022;4;16;506;506008;-;2;8;2;2;3;11;2;8000;1
2022;4;16;506;506008;-;2;8;2;2;3;11;5;1000;1
2022;4;16;506;506008;-;2;8;5;2;3;11;2;910692;1
2022;4;16;506;506008;-;2;8;5;2;3;11;4;3000;1
2022;4;16;506;506008;-;2;8;5;2;3;11;5;25000;1
2022;4;16;506;506008;-;2;11;4;2;3;11;2;978830;1
2022;4;16;506;506008;-;2;11;4;2;3;11;4;2920;1
2022;4;16;506;506008;-;2;11;4;2;3;11;5;28800;1
2022;4;16;506;506008;-;2;11;5;2;3;11;2;5416705;3
2022;4;16;506;506008;-;2;11;5;2;3;11;4;14900;3
2022;4;16;506;506008;-;2;11;5;2;3;11;5;129320;3
2022;4;16;506;506008;-;2;12;2;2;3;11;2;136530;1
2022;4;16;506;506008;-;2;14;4;2;3;11;2;682698;1
2022;4;16;506;506008;-;2;14;4;2;3;11;4;4000;1
2022;4;16;506;506008;-;2;14;4;2;3;11;5;33200;1
2022;4;16;506;506008;-;2;14;5;2;3;11;2;2478216;1
2022;4;16;506;506008;-;2;14;5;2;3;11;4;2050;1
2022;4;16;506;506008;-;2;14;5;2;3;11;5;18182;1
2022;4;17;503;503005;-;1;5;4;2;3;11;2;54750;1
2022;4;17;503;503005;-;1;5;4;2;3;11;4;1300;1
2022;4;17;503;503005;-;1;5;4;2;3;11;5;6500;1
2022;4;17;503;503005;-;1;5;5;2;3;11;1;46016;1
2022;4;17;503;503005;-;2;2;7;2;3;11;2;2895790;1
2022;4;17;503;503005;-;2;2;7;2;3;11;4;7300;1
2022;4;17;503;503005;-;2;2;7;2;3;11;5;120000;1
2022;4;17;503;503005;-;2;5;2;2;3;11;3;26900;1
2022;4;17;503;503005;-;2;5;2;2;3;11;4;790;1
2022;4;17;503;503005;-;2;5;2;2;3;11;5;3800;1
2022;4;17;503;503005;-;2;5;3;2;3;11;3;336260;2
2022;4;17;503;503005;-;2;5;3;2;3;11;4;3600;2
2022;4;17;503;503005;-;2;5;3;2;3;11;5;4000;1
2022;4;17;503;503005;-;2;5;4;2;3;11;2;1275271;3
2022;4;17;503;503005;-;2;5;4;2;3;11;4;4900;2
2022;4;17;503;503005;-;2;5;4;2;3;11;5;61340;2
2022;4;17;503;503005;-;2;5;5;2;3;11;2;95000;1
2022;4;17;503;503005;-;2;5;5;2;3;11;4;1800;1
2022;4;17;503;503005;-;2;5;5;2;3;11;5;11300;1
2022;4;17;503;503005;-;2;11;2;2;3;11;3;18250;1
2022;4;17;503;503005;-;2;11;2;2;3;11;4;500;1
2022;4;17;503;503005;-;2;11;6;2;3;11;1;1322329;1
2022;4;17;503;503005;-;2;11;6;2;3;11;4;3000;1
2022;4;17;503;503005;-;2;11;6;2;3;11;5;48000;1
2022;4;17;503;503006;-;1;5;2;2;3;11;3;168815;1
2022;4;17;503;503006;-;1;5;2;2;3;11;4;1000;1
2022;4;17;503;503006;-;1;5;2;2;3;11;5;3000;1
2022;4;17;503;503006;-;1;5;3;2;3;11;2;107370;1
2022;4;17;503;503006;-;1;11;4;2;3;11;3;432000;1
2022;4;17;503;503006;-;1;11;4;2;3;11;4;1000;1
2022;4;17;503;503006;-;1;11;4;2;3;11;5;3000;1
2022;4;17;503;503006;-;1;11;7;2;3;11;2;556157;1
2022;4;17;503;503006;-;1;14;5;2;3;11;3;76650;1
2022;4;17;503;503006;-;1;14;5;2;3;11;4;900;1
2022;4;17;503;503006;-;2;5;2;2;3;11;3;36500;1
2022;4;17;503;503006;-;2;5;2;2;3;11;4;360;1
2022;4;17;503;503006;-;2;5;2;2;3;11;5;1080;1
2022;4;17;503;503006;-;2;5;3;2;3;11;3;279225;1
2022;4;17;503;503006;-;2;5;3;2;3;11;4;1500;1
2022;4;17;503;503006;-;2;5;3;2;3;11;5;6900;1
2022;4;17;503;503006;-;2;5;4;2;3;11;1;220000;1
2022;4;17;503;503006;-;2;5;4;2;3;11;2;653856;2
2022;4;17;503;503006;-;2;5;4;2;3;11;3;505300;2
2022;4;17;503;503006;-;2;5;4;2;3;11;4;3580;5
2022;4;17;503;503006;-;2;5;4;2;3;11;5;17300;3
2022;4;17;503;503006;-;2;5;5;2;3;11;2;598092;1
2022;4;17;503;503006;-;2;5;6;2;3;11;1;5158010;1
2022;4;17;503;503006;-;2;5;6;2;3;11;4;1080;1
2022;4;17;503;503006;-;2;11;3;2;3;11;3;218700;1
2022;4;17;503;503006;-;2;11;3;2;3;11;4;1300;1
2022;4;17;503;503006;-;2;11;4;2;3;11;2;584000;1
2022;4;17;503;503006;-;2;11;4;2;3;11;4;1000;1
2022;4;17;503;503006;-;2;11;4;2;3;11;5;34000;1
2022;4;17;503;503006;-;2;11;5;2;3;11;2;1949893;1
2022;4;17;503;503006;-;2;11;5;2;3;11;4;700;1
2022;4;17;503;503006;-;2;11;5;2;3;11;5;48000;1
2022;4;17;503;503006;-;2;14;6;2;3;11;2;4314604;1
2022;4;17;503;503006;-;2;14;6;2;3;11;4;10750;1
2022;4;17;503;503006;-;2;14;6;2;3;11;5;196421;1
2022;4;17;503;503007;-;2;5;2;2;3;11;3;54750;1
2022;4;17;503;503007;-;2;5;2;2;3;11;4;365;1
2022;4;17;503;503007;-;2;5;2;2;3;11;5;730;1
2022;4;17;503;503007;-;2;11;2;2;3;11;3;68000;1
2022;4;17;503;503007;-;2;11;2;2;3;11;4;400;1
2022;4;17;503;503007;-;2;11;2;2;3;11;5;3600;1
2022;4;17;503;503007;-;2;11;3;2;3;11;3;91250;1
2022;4;17;503;503007;-;2;11;3;2;3;11;4;1000;1
2022;4;17;503;503007;-;2;11;4;2;3;11;2;682641;1
2022;4;17;503;503007;-;2;11;4;2;3;11;4;5000;1
2022;4;17;503;503007;-;2;11;4;2;3;11;5;14000;1
2022;4;17;505;505001;-;1;5;5;2;3;11;2;70000;1
2022;4;17;505;505001;-;1;5;5;2;3;11;4;2500;1
2022;4;17;505;505001;-;1;5;5;2;3;11;5;23000;1
2022;4;17;505;505001;-;1;5;6;2;3;11;3;150000;1
2022;4;17;505;505001;-;1;5;6;2;3;11;4;1100;1
2022;4;17;505;505001;-;1;5;6;2;3;11;5;12000;1
2022;4;17;505;505001;-;1;11;5;2;3;11;3;18000;1
2022;4;17;505;505001;-;1;11;5;2;3;11;4;1000;1
2022;4;17;505;505001;-;2;5;5;2;3;11;3;225980;1
2022;4;17;505;505001;-;2;5;5;2;3;11;4;1000;1
2022;4;17;505;505001;-;2;5;5;2;3;11;5;14900;1
2022;4;17;505;505001;-;2;11;2;2;3;11;3;52000;1
2022;4;17;505;505001;-;2;11;2;2;3;11;4;700;1
2022;4;17;505;505001;-;2;11;2;2;3;11;5;800;1
2022;4;17;505;505001;-;2;11;4;2;3;11;2;73000;1
2022;4;17;505;505001;-;2;11;4;2;3;11;4;1600;1
2022;4;17;505;505001;-;2;11;4;2;3;11;5;12000;1
2022;4;17;505;505001;-;2;14;4;2;3;11;2;518064;1
2022;4;17;505;505001;-;2;14;4;2;3;11;4;450;1
2022;4;17;505;505004;-;2;5;4;2;3;11;2;328445;1
2022;4;17;505;505004;-;2;5;4;2;3;11;3;285000;1
2022;4;17;505;505004;-;2;5;4;2;3;11;4;1000;1
2022;4;17;505;505004;-;2;5;4;2;3;11;5;20500;2
2022;4;17;505;505004;-;2;5;5;2;3;11;3;547500;1
2022;4;17;505;505004;-;2;5;5;2;3;11;4;1095;1
2022;4;17;505;505004;-;2;5;5;2;3;11;5;21900;1
2022;4;17;505;505004;-;2;11;3;2;3;11;2;197505;1
2022;4;17;505;505004;-;2;11;3;2;3;11;4;300;1
2022;4;17;505;505004;-;2;11;3;2;3;11;5;1500;1
2022;4;17;505;505004;-;2;11;4;2;3;11;2;659155;1
2022;4;17;505;505004;-;2;11;4;2;3;11;3;984000;2
2022;4;17;505;505004;-;2;11;4;2;3;11;4;5250;3
2022;4;17;505;505004;-;2;11;4;2;3;11;5;40000;1
2022;4;17;505;505006;-;1;5;3;2;3;11;2;219514;1
2022;4;17;505;505006;-;1;5;3;2;3;11;4;1053;1
2022;4;17;505;505006;-;1;5;3;2;3;11;5;15889;1
2022;4;17;505;505006;-;1;11;3;2;3;11;3;400000;1
2022;4;17;505;505006;-;1;11;3;2;3;11;4;1500;1
2022;4;17;505;505006;-;1;11;3;2;3;11;5;24000;1
2022;4;17;505;505006;-;2;5;5;2;3;11;1;1200000;1
2022;4;17;505;505006;-;2;5;5;2;3;11;3;503700;1
2022;4;17;505;505006;-;2;5;5;2;3;11;4;1500;1
2022;4;17;505;505006;-;2;5;5;2;3;11;5;10000;1
2022;4;17;505;505006;-;2;8;2;2;3;11;2;41449;1
2022;4;17;505;505006;-;2;8;2;2;3;11;4;400;1
2022;4;17;505;505006;-;2;8;2;2;3;11;5;12000;1
2022;4;17;505;505006;-;2;8;5;2;3;11;2;1768241;1
2022;4;17;505;505006;-;2;8;5;2;3;11;4;4000;1
2022;4;17;505;505006;-;2;8;5;2;3;11;5;20500;1
2022;4;17;506;506001;-;1;11;4;2;3;11;4;2880;1
2022;4;17;506;506001;-;1;11;4;2;3;11;5;112320;1
2022;4;17;506;506001;-;2;5;4;2;3;11;2;235690;1
2022;4;17;506;506001;-;2;5;4;2;3;11;4;1200;1
2022;4;17;506;506001;-;2;5;4;2;3;11;5;43800;1
2022;4;17;506;506001;-;2;8;2;2;3;11;2;172836;1
2022;4;17;506;506001;-;2;8;2;2;3;11;4;650;1
2022;4;17;506;506001;-;2;11;5;2;3;11;2;1168422;1
2022;4;17;506;506001;-;2;11;5;2;3;11;4;1460;1
2022;4;17;506;506001;-;2;11;5;2;3;11;5;7300;1
2022;4;18;505;505001;-;1;5;3;2;3;11;3;281500;2
2022;4;18;505;505001;-;1;5;3;2;3;11;4;1900;2
2022;4;18;505;505001;-;1;5;3;2;3;11;5;2500;1
2022;4;18;505;505001;-;1;11;2;2;3;11;3;110000;1
2022;4;18;505;505001;-;1;11;2;2;3;11;4;1000;1
2022;4;18;505;505001;-;1;11;2;2;3;11;5;10000;1
2022;4;18;505;505001;-;1;11;5;2;3;11;3;291250;2
2022;4;18;505;505001;-;1;11;5;2;3;11;4;3250;2
2022;4;18;505;505001;-;1;11;5;2;3;11;5;17500;1
2022;4;18;505;505001;-;2;5;2;2;3;11;2;109500;1
2022;4;18;505;505001;-;2;5;2;2;3;11;3;180000;1
2022;4;18;505;505001;-;2;5;2;2;3;11;4;1000;2
2022;4;18;505;505001;-;2;5;2;2;3;11;5;1000;1
2022;4;18;505;505001;-;2;5;4;2;3;11;2;70000;1
2022;4;18;505;505001;-;2;5;4;2;3;11;3;146000;1
2022;4;18;505;505001;-;2;5;4;2;3;11;4;2500;2
2022;4;18;505;505001;-;2;5;4;2;3;11;5;8000;1
2022;4;18;505;505001;-;2;11;5;2;3;11;3;351000;1
2022;4;18;505;505001;-;2;11;5;2;3;11;4;2500;1
2022;4;18;505;505001;-;2;11;5;2;3;11;5;8000;1
2022;4;18;505;505002;-;1;5;3;2;3;11;3;102000;1
2022;4;18;505;505002;-;1;5;3;2;3;11;4;1000;1
2022;4;18;505;505002;-;1;5;3;2;3;11;5;9000;1
2022;4;18;505;505002;-;1;11;3;2;3;11;3;732150;4
2022;4;18;505;505002;-;1;11;3;2;3;11;4;4000;4
2022;4;18;505;505002;-;1;11;3;2;3;11;5;38800;4
2022;4;18;505;505002;-;1;11;4;2;3;11;3;110000;1
2022;4;18;505;505002;-;1;11;4;2;3;11;4;1000;1
2022;4;18;505;505002;-;1;11;6;2;3;11;3;21600;1
2022;4;18;505;505002;-;1;11;6;2;3;11;4;3100;1
2022;4;18;505;505002;-;2;5;5;2;3;11;3;620500;1
2022;4;18;505;505002;-;2;5;5;2;3;11;4;1500;1
2022;4;18;505;505002;-;2;5;5;2;3;11;5;30000;1
2022;4;18;505;505002;-;2;8;5;2;3;11;2;434693;1
2022;4;18;505;505002;-;2;8;5;2;3;11;4;1095;1
2022;4;18;505;505002;-;2;11;2;2;3;11;3;70000;1
2022;4;18;505;505002;-;2;11;2;2;3;11;4;800;1
2022;4;18;505;505002;-;2;11;2;2;3;11;5;11000;1
2022;4;18;505;505002;-;2;11;3;2;3;11;3;650;1
2022;4;18;505;505002;-;2;11;4;2;3;11;3;584000;1
2022;4;18;505;505002;-;2;11;4;2;3;11;4;900;1
2022;4;18;505;505002;-;2;11;4;2;3;11;5;12000;1
2022;4;18;505;505003;-;1;5;4;2;3;11;3;328500;2
2022;4;18;505;505003;-;1;5;4;2;3;11;4;2350;2
2022;4;18;505;505003;-;1;5;4;2;3;11;5;20250;2
2022;4;18;505;505003;-;1;8;3;2;3;11;2;185500;1
2022;4;18;505;505003;-;1;8;3;2;3;11;4;1000;1
2022;4;18;505;505003;-;2;5;2;2;3;11;2;103710;1
2022;4;18;505;505003;-;2;5;2;2;3;11;4;730;1
2022;4;18;505;505003;-;2;5;2;2;3;11;5;3560;1
2022;4;18;505;505003;-;2;5;3;2;3;11;2;146000;1
2022;4;18;505;505003;-;2;5;3;2;3;11;3;152300;1
2022;4;18;505;505003;-;2;5;3;2;3;11;4;1950;2
2022;4;18;505;505003;-;2;5;3;2;3;11;5;19300;2
2022;4;18;505;505003;-;2;5;4;2;3;11;2;160000;1
2022;4;18;505;505003;-;2;5;4;2;3;11;4;1000;1
2022;4;18;505;505003;-;2;8;6;2;3;11;2;2190868;1
2022;4;18;505;505003;-;2;8;6;2;3;11;3;692690;1
2022;4;18;505;505003;-;2;8;6;2;3;11;4;4380;1
2022;4;18;505;505003;-;2;8;6;2;3;11;5;92132;1
2022;4;18;505;505003;-;2;11;4;2;3;11;3;460946;2
2022;4;18;505;505003;-;2;11;4;2;3;11;4;1620;2
2022;4;18;505;505003;-;2;11;4;2;3;11;5;18722;2
2022;4;18;505;505003;-;2;11;5;2;3;11;1;220000;1
2022;4;18;505;505003;-;2;11;5;2;3;11;4;600;1
2022;4;18;505;505003;-;2;11;5;2;3;11;5;22000;1
2022;4;18;505;505003;-;2;14;4;2;3;11;2;243000;1
2022;4;18;505;505003;-;2;14;4;2;3;11;4;1300;1
2022;4;18;505;505003;-;2;14;4;2;3;11;5;20000;1
2022;4;18;505;505005;-;1;5;3;2;3;11;3;142200;1
2022;4;18;505;505005;-;1;5;3;2;3;11;4;600;1
2022;4;18;505;505005;-;1;5;3;2;3;11;5;7820;1
2022;4;18;505;505005;-;1;11;5;2;3;11;3;220000;1
2022;4;18;505;505005;-;1;11;5;2;3;11;4;2000;1
2022;4;18;505;505005;-;1;11;5;2;3;11;5;10000;1
2022;4;18;505;505005;-;2;5;2;2;3;11;2;247000;1
2022;4;18;505;505005;-;2;5;2;2;3;11;3;50000;1
2022;4;18;505;505005;-;2;5;2;2;3;11;4;1500;2
2022;4;18;505;505005;-;2;5;5;2;3;11;2;222728;1
2022;4;18;505;505005;-;2;5;5;2;3;11;4;2500;1
2022;4;18;505;505005;-;2;5;5;2;3;11;5;12000;1
2022;4;18;505;505005;-;2;11;2;2;3;11;3;219000;1
2022;4;18;505;505005;-;2;11;2;2;3;11;4;1200;1
2022;4;18;505;505005;-;2;11;2;2;3;11;5;12300;1
2022;4;18;505;505005;-;2;11;3;2;3;11;3;185000;1
2022;4;18;505;505005;-;2;11;3;2;3;11;4;3000;1
2022;4;18;505;505005;-;2;11;3;2;3;11;5;2500;1
2022;5;2;601;601004;-;2;1;3;2;3;11;2;126076;1
2022;5;2;601;601004;-;2;1;3;2;3;11;4;6900;1
2022;5;2;601;601004;-;2;1;3;2;3;11;5;16400;1
2022;5;2;601;601004;-;2;12;8;2;3;11;2;18993768;1
2022;5;2;601;601004;-;2;12;8;2;3;11;3;162531152;2
2022;5;2;601;601004;-;2;12;8;2;3;11;5;3800916;2
2022;5;2;602;602002;-;1;5;2;2;3;11;3;78000;1
2022;5;2;602;602002;-;1;5;2;2;3;11;4;700;1
2022;5;3;601;601003;-;2;12;6;2;3;11;2;1681820;1
2022;5;3;601;601003;-;2;12;6;2;3;11;4;10000;1
2022;5;3;601;601003;-;2;12;6;2;3;11;5;110000;1
2022;5;4;602;602005;-;2;5;7;2;3;11;2;5318865;1
2022;5;11;601;601007;-;2;5;4;2;3;11;2;511000;1
2022;5;11;601;601007;-;2;5;4;2;3;11;4;1825;1
2022;5;11;601;601007;-;2;5;4;2;3;11;5;29200;1
2022;5;11;601;601007;-;2;5;5;2;3;11;2;791820;1
2022;5;11;601;601007;-;2;5;5;2;3;11;4;2000;1
2022;5;11;601;601007;-;2;5;5;2;3;11;5;44000;1
2022;5;13;601;601006;-;1;5;2;2;3;11;2;35000;1
2022;5;13;601;601006;-;1;5;2;2;3;11;4;1500;1
2022;5;13;601;601006;-;1;5;2;2;3;11;5;3000;1
2022;5;13;601;601006;-;2;5;2;2;3;11;3;48000;1
2022;5;13;601;601006;-;2;5;2;2;3;11;4;700;1
2022;5;13;601;601006;-;2;5;2;2;3;11;5;3000;1
2022;5;13;601;601006;-;2;8;2;2;3;11;2;10500;1
2022;5;13;601;601006;-;2;11;2;2;3;11;1;21800;1
2022;5;13;601;601006;-;2;11;2;2;3;11;2;240000;1
2022;5;13;601;601006;-;2;11;2;2;3;11;4;5000;1
2022;5;13;601;601006;-;2;11;2;2;3;11;5;9500;1
2022;5;15;601;601005;-;2;5;4;2;3;11;2;145000;1
2022;5;15;601;601005;-;2;5;4;2;3;11;4;750;1
2022;5;15;601;601005;-;2;5;4;2;3;11;5;3500;1
2022;5;15;601;601005;-;2;8;6;2;3;11;2;968086;1
2022;5;15;601;601005;-;2;8;6;2;3;11;4;3600;1
2022;5;15;601;601005;-;2;8;6;2;3;11;5;35000;1
2022;5;15;601;601005;-;2;11;2;2;3;11;2;144000;1
2022;5;15;601;601005;-;2;11;2;2;3;11;4;720;1
2022;5;15;601;601005;-;2;11;2;2;3;11;5;7920;1
2022;5;15;601;601005;-;2;12;4;2;3;11;2;430145;1
2022;5;15;601;601005;-;2;12;4;2;3;11;4;1300;1
2022;5;15;601;601005;-;2;12;4;2;3;11;5;36500;1
2022;5;15;601;601005;-;2;12;6;2;3;11;2;3142127;1
2022;5;15;601;601005;-;2;12;6;2;3;11;4;2500;1
2022;5;15;601;601005;-;2;12;6;2;3;11;5;15000;1
2022;6;2;701;701001;-;2;5;3;2;3;11;2;146796;1
2022;6;2;701;701001;-;2;5;3;2;3;11;4;1200;1
2022;6;2;701;701001;-;2;5;3;2;3;11;5;7000;1
2022;6;2;702;702002;-;2;5;2;2;3;11;2;366135;1
2022;6;2;702;702002;-;2;5;2;2;3;11;4;1460;1
2022;6;2;702;702002;-;2;5;2;2;3;11;5;14250;1
2022;6;2;702;702002;-;2;5;3;2;3;11;2;75000;1
2022;6;2;702;702002;-;2;5;3;2;3;11;3;70000;1
2022;6;2;702;702002;-;2;5;3;2;3;11;5;100000;1
2022;6;2;702;702002;-;2;8;3;2;3;11;2;280000;1
2022;6;2;702;702002;-;2;8;3;2;3;11;4;1000;1
2022;6;2;702;702002;-;2;8;3;2;3;11;5;20000;1
2022;6;2;702;702002;-;2;8;4;1;1;11;2;377697;1
2022;6;2;702;702002;-;2;8;4;1;1;11;4;1000;1
2022;6;2;702;702002;-;2;8;4;1;1;11;5;38000;1
2022;6;2;702;702002;-;2;11;4;2;3;11;2;334765;1
2022;6;2;702;702002;-;2;11;4;2;3;11;4;19800;1
2022;6;3;701;701002;-;1;5;3;2;3;11;4;1000;1
2022;6;3;701;701002;-;2;11;5;2;3;11;2;2485047;1
2022;6;3;701;701002;-;2;11;5;2;3;11;4;700;1
2022;6;3;701;701002;-;2;11;5;2;3;11;5;50000;1
2022;6;3;702;702001;-;1;11;4;2;3;11;3;128000;1
2022;6;3;702;702001;-;1;11;4;2;3;11;4;2100;1
2022;6;4;701;701003;-;1;11;3;2;3;11;3;28000;1
2022;6;4;701;701003;-;1;11;3;2;3;11;4;300;1
2022;6;4;701;701003;-;2;2;7;2;3;11;2;7243436;1
2022;6;4;701;701003;-;2;2;7;2;3;11;4;5472;1
2022;6;4;701;701003;-;2;2;7;2;3;11;5;144868;1
2022;6;4;701;701003;-;2;3;5;2;3;11;2;2777010;1
2022;6;4;701;701003;-;2;3;5;2;3;11;4;9000;1
2022;6;4;701;701003;-;2;3;5;2;3;11;5;50000;1
2022;6;4;701;701003;-;2;5;2;2;3;11;2;722174;2
2022;6;4;701;701003;-;2;5;2;2;3;11;3;91250;1
2022;6;4;701;701003;-;2;5;2;2;3;11;4;1730;3
2022;6;4;701;701003;-;2;5;2;2;3;11;5;27590;3
2022;6;4;701;701003;-;2;5;3;2;3;11;2;3278125;9
2022;6;4;701;701003;-;2;5;3;2;3;11;4;11520;9
2022;6;4;701;701003;-;2;5;3;2;3;11;5;162000;9
2022;6;4;701;701003;-;2;5;4;1;1;11;2;216000;1
2022;6;4;701;701003;-;2;5;4;2;3;11;2;141808;1
2022;6;4;701;701003;-;2;5;4;2;3;11;4;1100;1
2022;6;4;701;701003;-;2;5;4;2;3;11;5;32850;1
2022;6;4;701;701003;-;2;5;5;2;3;11;2;628350;1
2022;6;4;701;701003;-;2;5;5;2;3;11;4;1750;1
2022;6;4;701;701003;-;2;5;5;2;3;11;5;28000;1
2022;6;4;701;701003;-;2;5;6;2;3;11;2;2731045;1
2022;6;4;701;701003;-;2;5;6;2;3;11;4;1022;1
2022;6;4;701;701003;-;2;5;6;2;3;11;5;68000;1
2022;6;4;701;701003;-;2;8;4;2;3;11;2;239816;1
2022;6;4;701;701003;-;2;8;4;2;3;11;4;1600;1
2022;6;4;701;701003;-;2;8;4;2;3;11;5;4500;1
2022;6;4;701;701003;-;2;11;2;2;3;11;3;108000;1
2022;6;4;701;701003;-;2;11;2;2;3;11;4;1107;1
2022;6;4;701;701003;-;2;11;2;2;3;11;5;6800;1
2022;6;4;701;701003;-;2;11;3;2;3;11;2;1208917;1
2022;6;4;701;701003;-;2;11;3;2;3;11;4;3650;1
2022;6;4;701;701003;-;2;11;3;2;3;11;5;60500;1
2022;6;4;701;701003;-;2;11;6;2;3;11;2;3913889;1
2022;6;4;701;701003;-;2;11;6;2;3;11;4;6000;1
2022;6;4;701;701003;-;2;11;6;2;3;11;5;53200;1
2022;6;4;701;701004;-;1;5;4;2;3;11;2;575400;1
2022;6;4;701;701004;-;1;5;4;2;3;11;4;1000;1
2022;6;4;701;701004;-;1;5;4;2;3;11;5;3000;1
2022;6;4;701;701004;-;2;5;4;2;3;11;3;500;1
2022;6;4;701;701004;-;2;5;4;2;3;11;4;2;1
2022;6;4;701;701004;-;2;5;4;2;3;11;5;10;1
2022;6;4;701;701005;-;1;11;3;2;3;11;2;195709;1
2022;6;4;701;701005;-;1;11;3;2;3;11;4;2190;1
2022;6;4;701;701005;-;1;11;3;2;3;11;5;14600;1
2022;6;4;701;701005;-;1;11;5;2;3;11;2;358038;1
2022;6;4;701;701005;-;1;11;5;2;3;11;4;2190;1
2022;6;4;701;701005;-;1;11;5;2;3;11;5;21900;1
2022;6;4;701;701005;-;2;5;3;2;3;11;2;1738707;6
2022;6;4;701;701005;-;2;5;3;2;3;11;3;241200;2
2022;6;4;701;701005;-;2;5;3;2;3;11;4;1800;3
2022;6;4;701;701005;-;2;5;3;2;3;11;5;25600;4
2022;6;4;701;701005;-;2;5;4;2;3;11;2;2695666;4
2022;6;4;701;701005;-;2;5;4;2;3;11;4;3800;3
2022;6;4;701;701005;-;2;5;4;2;3;11;5;184500;4
2022;6;4;701;701005;-;2;5;5;2;3;11;2;1258520;2
2022;6;4;701;701005;-;2;5;5;2;3;11;3;51864;1
2022;6;4;701;701005;-;2;5;5;2;3;11;4;6040;3
2022;6;4;701;701005;-;2;5;5;2;3;11;5;95456;3
2022;6;4;701;701005;-;2;8;3;2;3;11;2;281227;1
2022;6;4;701;701005;-;2;8;3;2;3;11;4;600;1
2022;6;4;701;701005;-;2;8;3;2;3;11;5;1000;1
2022;6;4;701;701005;-;2;8;4;2;3;11;2;400000;1
2022;6;4;701;701005;-;2;8;4;2;3;11;4;500;1
2022;6;4;701;701005;-;2;8;4;2;3;11;5;12000;1
2022;6;4;701;701005;-;2;11;3;2;3;11;2;672000;2
2022;6;4;701;701005;-;2;11;3;2;3;11;4;1730;2
2022;6;4;701;701005;-;2;11;4;2;3;11;2;1063932;2
2022;6;4;701;701005;-;2;11;4;2;3;11;4;2000;2
2022;6;4;701;701005;-;2;11;4;2;3;11;5;11500;2
2022;6;4;701;701005;-;16;5;3;2;3;11;2;77838;1
2022;6;4;701;701005;-;16;5;3;2;3;11;4;1500;1
2022;6;4;701;701005;-;16;5;3;2;3;11;5;3000;1
2022;6;4;702;702002;-;2;11;3;2;3;11;2;383438;1
2022;6;4;702;702002;-;2;11;3;2;3;11;4;1200;1
2022;6;4;702;702002;-;2;11;3;2;3;11;5;7000;1
2022;6;5;702;702005;-;2;5;5;2;3;11;2;571986;1
2022;6;5;702;702005;-;2;5;5;2;3;11;4;2200;1
2022;6;5;702;702005;-;2;5;5;2;3;11;5;40000;1
2022;6;5;702;702005;-;2;12;5;2;3;11;2;1913158;1
2022;6;5;702;702005;-;2;12;5;2;3;11;4;2500;1
2022;6;5;702;702005;-;2;12;5;2;3;11;5;62000;1
2022;6;5;702;702005;-;16;11;2;2;3;11;3;70000;1
2022;6;5;702;702005;-;16;11;2;2;3;11;4;1800;1
2022;6;5;702;702005;-;16;11;2;2;3;11;5;3000;1
2022;6;6;0;0;-;63;5;1;1;1;11;2;108000;1
2022;6;6;701;701006;-;2;5;5;2;3;11;2;1029097;1
2022;6;6;701;701006;-;2;5;5;2;3;11;4;5800;1
2022;6;6;701;701006;-;2;5;5;2;3;11;5;44700;1
2022;6;6;701;701006;-;2;11;3;2;3;11;2;373150;1
2022;6;6;702;702001;-;2;5;2;2;3;11;2;80000;1
2022;6;6;702;702001;-;2;5;2;2;3;11;4;500;1
2022;6;6;702;702001;-;2;5;2;2;3;11;5;650;1
2022;6;6;702;702001;-;2;5;5;2;3;11;2;940175;1
2022;6;6;702;702001;-;2;5;5;2;3;11;4;1825;1
2022;6;6;702;702001;-;2;5;5;2;3;11;5;80000;1
2022;6;6;702;702001;-;2;8;3;2;3;11;1;40320;1
2022;6;6;702;702001;-;2;8;3;2;3;11;2;211887;1
2022;6;6;702;702001;-;2;8;3;2;3;11;4;1490;1
2022;6;6;702;702001;-;2;8;3;2;3;11;5;13726;1
2022;6;6;702;702003;-;2;11;4;2;3;11;1;1078354;1
2022;6;6;702;702003;-;2;11;4;2;3;11;4;2800;1
2022;6;6;702;702003;-;2;11;4;2;3;11;5;48300;1
2022;6;6;702;702003;-;2;12;5;2;3;11;1;1096020;2
2022;6;6;702;702003;-;2;12;5;2;3;11;4;2000;2
2022;6;6;702;702003;-;2;12;5;2;3;11;5;30000;2
2022;6;7;702;702001;-;2;5;2;2;3;11;3;72147;1
2022;6;7;702;702001;-;2;5;2;2;3;11;4;10270;2
2022;6;7;702;702001;-;2;5;2;2;3;11;5;27734;2
2022;6;7;702;702001;-;2;5;3;2;3;4;3;15000;1
2022;6;7;702;702001;-;2;5;3;2;3;4;4;300;1
2022;6;7;702;702001;-;2;5;3;2;3;4;5;2000;1
2022;6;7;702;702001;-;2;5;3;2;3;4;11;300;1
2022;6;7;702;702001;-;2;5;3;2;3;11;2;672563;1
2022;6;7;702;702001;-;2;5;3;2;3;11;3;15000;1
2022;6;7;702;702001;-;2;5;3;2;3;11;4;1090;2
2022;6;7;702;702001;-;2;5;3;2;3;11;5;37800;2
2022;6;7;702;702001;-;2;6;3;2;3;11;3;54000;1
2022;6;7;702;702001;-;2;6;3;2;3;11;4;700;1
2022;6;7;702;702001;-;2;6;3;2;3;11;5;2000;1
2022;6;7;702;702001;-;2;8;5;2;3;11;1;409477;1
2022;6;7;702;702001;-;2;8;5;2;3;11;4;10500;1
2022;6;7;702;702001;-;2;8;5;2;3;11;5;38000;1
2022;6;7;702;702001;-;2;11;4;2;3;11;2;240000;1
2022;6;7;702;702001;-;2;11;4;2;3;11;4;750;1
2022;6;7;702;702001;-;2;12;6;2;3;11;2;3388257;1
2022;6;7;702;702001;-;2;12;6;2;3;11;4;3792;1
2022;6;7;702;702001;-;2;12;6;2;3;11;5;66024;1
2022;6;7;702;702002;-;1;11;2;2;3;11;1;10585;1
2022;6;7;702;702002;-;1;11;2;2;3;11;4;1460;1
2022;6;7;702;702002;-;1;11;2;2;3;11;5;3650;1
2022;6;7;702;702002;-;2;5;3;2;3;11;2;212759;1
2022;6;7;702;702002;-;2;5;3;2;3;11;4;2600;1
2022;6;7;702;702002;-;2;5;3;2;3;11;5;8500;1
2022;6;7;702;702002;-;2;11;2;2;3;11;1;36000;1
2022;6;7;702;702002;-;2;11;2;2;3;11;5;15000;1
2022;6;7;702;702002;-;2;11;3;2;3;11;2;550000;1
2022;6;7;702;702002;-;2;11;3;2;3;11;4;3600;1
2022;6;7;702;702002;-;2;11;3;2;3;11;5;30000;1
2022;6;8;702;702003;-;2;12;3;2;3;11;1;280000;1
2022;6;8;702;702003;-;2;12;3;2;3;11;3;280000;1
2022;6;8;702;702003;-;2;12;3;2;3;11;4;1460;1
2022;6;8;702;702003;-;2;12;3;2;3;11;5;1825;1
2022;6;8;702;702004;-;2;5;2;2;3;11;2;346169;1
2022;6;8;702;702004;-;2;5;2;2;3;11;5;1000;1
2022;6;8;702;702004;-;2;5;6;2;3;11;2;3785310;1
2022;6;8;702;702004;-;2;5;6;2;3;11;4;3600;1
2022;6;8;702;702004;-;2;5;6;2;3;11;5;142230;1
2022;6;8;702;702004;-;2;11;4;2;3;11;2;1347178;1
2022;6;8;702;702004;-;2;11;4;2;3;11;4;4300;1
2022;6;8;702;702004;-;2;11;4;2;3;11;5;50000;1
2022;6;9;701;701004;-;2;5;2;2;3;11;2;112000;1
2022;6;9;701;701004;-;2;5;2;2;3;11;4;1500;1
2022;6;9;701;701004;-;2;5;2;2;3;11;5;11000;1
2022;6;9;701;701004;-;2;5;3;2;3;11;3;65700;1
2022;6;9;701;701004;-;2;5;3;2;3;11;4;1100;1
2022;6;9;701;701004;-;2;5;3;2;3;11;5;300;1
2022;6;9;701;701004;-;2;5;4;2;3;11;3;100000;1
2022;6;9;701;701004;-;2;5;4;2;3;11;4;800;1
2022;6;9;701;701004;-;2;5;4;2;3;11;5;1500;1
2022;6;9;701;701004;-;16;1;4;2;3;11;2;347050;1
2022;6;9;701;701004;-;16;1;4;2;3;11;4;5949;1
2022;6;9;701;701004;-;16;1;4;2;3;11;5;22213;1
2022;6;9;701;701005;-;2;11;2;2;3;11;2;98000;1
2022;6;9;701;701005;-;2;11;2;2;3;11;3;30000;1
2022;6;9;701;701005;-;2;11;2;2;3;11;4;750;1
2022;7;1;801;801005;-;2;1;2;2;3;11;4;7500;1
2022;7;2;803;803003;-;2;8;5;2;3;11;2;2140593;1
2022;7;2;803;803003;-;2;8;5;2;3;11;4;3000;1
2022;7;2;803;803003;-;2;8;5;2;3;11;5;105409;1
2022;7;2;803;803004;-;2;5;3;2;3;11;2;515594;1
2022;7;2;803;803004;-;2;5;3;2;3;11;4;730;1
2022;7;2;803;803004;-;2;5;4;2;3;11;2;107998;1
2022;7;2;803;803004;-;2;5;4;2;3;11;4;1000;1
2022;7;2;803;803004;-;2;5;4;2;3;11;5;1800;1
2022;7;2;803;803004;-;2;11;5;2;3;11;2;439602;1
2022;7;2;803;803004;-;2;11;5;2;3;11;4;1500;1
2022;7;2;803;803004;-;2;11;5;2;3;11;5;31200;1
2022;7;2;803;803005;-;2;3;6;2;3;11;1;6443656;1
2022;7;2;803;803005;-;2;3;6;2;3;11;4;3000;1
2022;7;2;803;803005;-;2;3;6;2;3;11;5;200000;1
2022;7;2;803;803005;-;2;5;3;2;3;11;2;240320;1
2022;7;2;803;803005;-;2;5;3;2;3;11;4;510;1
2022;7;2;803;803005;-;2;5;3;2;3;11;5;3500;1
2022;7;2;803;803005;-;2;5;6;2;3;11;2;284550;1
2022;7;2;803;803005;-;2;5;6;2;3;11;4;3600;1
2022;7;2;803;803005;-;2;5;6;2;3;11;5;19200;1
2022;7;2;803;803005;-;2;12;4;2;3;11;2;1154769;1
2022;7;2;803;803005;-;2;12;4;2;3;11;4;5530;1
2022;7;2;803;803005;-;2;12;4;2;3;11;5;85000;1
2022;7;2;804;804003;-;1;5;3;2;3;11;2;463900;1
2022;7;2;804;804003;-;1;5;3;2;3;11;4;700;1
2022;7;2;804;804003;-;1;5;3;2;3;11;5;15000;1
2022;7;2;804;804003;-;2;5;3;2;3;11;2;182307;1
2022;7;2;804;804003;-;2;5;3;2;3;11;4;3650;1
2022;7;2;804;804003;-;2;5;3;2;3;11;5;18250;1
2022;7;2;804;804003;-;2;5;5;2;3;11;2;909823;3
2022;7;2;804;804003;-;2;5;5;2;3;11;4;1095;2
2022;7;2;804;804003;-;2;5;5;2;3;11;5;86040;2
2022;7;2;804;804003;-;2;11;4;2;3;11;2;349857;1
2022;7;2;804;804003;-;2;11;4;2;3;11;4;1120;1
2022;7;2;804;804003;-;2;11;4;2;3;11;5;11500;1
2022;7;2;804;804003;-;2;11;5;2;3;11;1;90000;1
2022;7;2;804;804003;-;2;11;5;2;3;11;3;300000;1
2022;7;2;804;804003;-;2;11;5;2;3;11;4;1000;1
2022;7;2;804;804003;-;2;11;5;2;3;11;5;1000;1
2022;7;2;804;804003;-;2;13;5;2;3;11;2;446087;1
2022;7;2;804;804003;-;2;13;5;2;3;11;4;1000;1
2022;7;2;804;804003;-;2;13;5;2;3;11;5;17923;1
2022;7;2;804;804004;-;2;5;2;2;3;11;2;904808;3
2022;7;2;804;804004;-;2;5;2;2;3;11;3;117000;1
2022;7;2;804;804004;-;2;5;2;2;3;11;4;1120;2
2022;7;2;804;804004;-;2;5;2;2;3;11;5;16400;3
2022;7;2;804;804004;-;2;5;3;2;3;11;2;262945;1
2022;7;2;804;804004;-;2;5;3;2;3;11;3;186630;1
2022;7;2;804;804004;-;2;5;3;2;3;11;4;750;1
2022;7;2;804;804004;-;2;5;3;2;3;11;5;8000;1
2022;7;2;804;804004;-;2;5;4;2;3;11;2;2442656;3
2022;7;2;804;804004;-;2;5;4;2;3;11;4;4920;3
2022;7;2;804;804004;-;2;5;4;2;3;11;5;143700;3
2022;7;2;804;804004;-;2;5;5;2;3;11;1;2225101;1
2022;7;2;804;804004;-;2;5;5;2;3;11;2;1887370;1
2022;7;2;804;804004;-;2;5;5;2;3;11;4;5950;2
2022;7;2;804;804004;-;2;5;5;2;3;11;5;134810;2
2022;7;2;804;804004;-;2;8;4;2;3;11;3;370300;1
2022;7;2;804;804004;-;2;8;4;2;3;11;4;1460;1
2022;7;2;804;804004;-;2;8;4;2;3;11;5;43800;1
2022;7;2;804;804004;-;2;11;2;2;3;11;2;300897;2
2022;7;2;804;804004;-;2;11;2;2;3;11;4;725;2
2022;7;2;804;804004;-;2;11;2;2;3;11;5;7620;2
2022;7;2;804;804004;-;2;11;3;2;3;11;2;495354;2
2022;7;2;804;804004;-;2;11;3;2;3;11;4;2190;2
2022;7;2;804;804004;-;2;11;3;2;3;11;5;37500;2
2022;7;2;804;804004;-;2;11;4;2;3;11;3;273750;1
2022;7;2;804;804004;-;2;11;4;2;3;11;4;730;1
2022;7;2;804;804004;-;2;11;4;2;3;11;5;102000;1
2022;7;2;804;804004;-;2;11;5;2;3;11;1;147196;1
2022;7;2;804;804004;-;2;12;4;2;3;11;2;1044760;1
2022;7;2;804;804004;-;2;12;4;2;3;11;4;1800;1
2022;7;2;804;804004;-;2;12;4;2;3;11;5;24000;1
2022;7;2;804;804005;-;1;5;3;2;3;11;2;80145;1
2022;7;2;804;804005;-;1;5;3;2;3;11;4;400;1
2022;7;2;804;804005;-;1;5;3;2;3;11;5;2500;1
2022;7;2;804;804005;-;2;5;3;2;3;11;2;267000;2
2022;7;2;804;804005;-;2;5;3;2;3;11;4;1900;2
2022;7;2;804;804005;-;2;5;3;2;3;11;5;3200;2
2022;7;2;804;804005;-;2;5;5;2;3;11;2;1466938;1
2022;7;2;804;804005;-;2;5;5;2;3;11;4;2900;1
2022;7;2;804;804005;-;2;5;5;2;3;11;5;4100;1
2022;7;3;805;805002;-;2;5;3;2;3;11;2;382555;1
2022;7;3;805;805002;-;2;5;3;2;3;11;4;1095;1
2022;7;3;805;805002;-;2;5;3;2;3;11;5;9000;1
2022;7;3;805;805002;-;2;8;3;2;3;11;2;443883;1
2022;7;3;805;805002;-;2;8;3;2;3;11;4;750;1
2022;7;3;805;805002;-;2;8;3;2;3;11;5;2500;1
2022;7;3;805;805002;-;2;8;5;2;3;11;2;2950301;1
2022;7;3;805;805002;-;2;8;5;2;3;11;4;1500;1
2022;7;3;805;805002;-;2;8;5;2;3;11;5;102700;1
2022;7;3;805;805002;-;2;11;4;2;3;11;2;743791;1
2022;7;3;805;805002;-;2;11;4;2;3;11;4;2555;1
2022;7;3;805;805002;-;2;11;4;2;3;11;5;42000;1
2022;7;3;805;805002;-;2;11;6;2;3;11;2;1009025;1
2022;7;3;805;805002;-;2;11;6;2;3;11;4;2400;1
2022;7;3;805;805002;-;2;11;6;2;3;11;5;23500;1
2022;7;3;805;805002;-;2;13;6;2;3;11;2;5679719;1
2022;7;3;805;805002;-;2;13;6;2;3;11;4;3100;1
2022;7;3;805;805002;-;2;13;6;2;3;11;5;65038;1
2022;7;3;805;805006;-;2;5;2;1;1;11;2;330000;1
2022;7;3;805;805006;-;2;5;2;1;1;11;4;1500;1
2022;7;3;805;805006;-;2;5;2;1;1;11;5;30000;1
2022;7;3;805;805006;-;2;5;2;2;3;11;2;61067;1
2022;7;3;805;805006;-;2;5;2;2;3;11;4;700;1
2022;7;3;805;805006;-;2;5;2;2;3;11;5;5500;1
2022;7;3;805;805006;-;2;5;3;2;3;11;2;400546;1
2022;7;3;805;805006;-;2;5;3;2;3;11;4;1825;1
2022;7;3;805;805006;-;2;5;3;2;3;11;5;15000;1
2022;7;3;805;805006;-;2;5;4;2;3;11;2;1348890;2
2022;7;3;805;805006;-;2;5;4;2;3;11;4;1800;1
2022;7;3;805;805006;-;2;5;4;2;3;11;5;57300;2
2022;7;3;805;805006;-;2;5;5;2;3;11;2;870346;1
2022;7;3;805;805006;-;2;5;5;2;3;11;4;3000;1
2022;7;3;805;805006;-;2;5;5;2;3;11;5;20000;1
2022;7;3;805;805006;-;2;5;6;2;3;11;2;2894404;1
2022;7;3;805;805006;-;2;5;6;2;3;11;4;7500;1
2022;7;3;805;805006;-;2;5;6;2;3;11;5;245121;1
2022;7;3;805;805006;-;2;8;4;2;3;11;2;456000;1
2022;7;3;805;805006;-;2;8;4;2;3;11;5;4000;1
2022;7;3;805;805006;-;2;8;5;2;3;11;2;3043872;2
2022;7;3;805;805006;-;2;8;5;2;3;11;4;4550;2
2022;7;3;805;805006;-;2;8;5;2;3;11;5;127542;2
2022;7;3;805;805006;-;2;8;6;2;3;11;2;6827985;3
2022;7;3;805;805006;-;2;8;6;2;3;11;4;19225;3
2022;7;3;805;805006;-;2;8;6;2;3;11;5;483500;3
2022;7;3;805;805006;-;2;9;4;2;3;11;2;850748;1
2022;7;3;805;805006;-;2;9;4;2;3;11;4;7300;1
2022;7;3;805;805006;-;2;9;5;1;1;11;2;670517;1
2022;7;3;805;805006;-;2;9;5;1;1;11;4;1825;1
2022;7;3;805;805006;-;2;9;5;1;1;11;5;26500;1
2022;7;3;805;805006;-;2;9;5;2;3;11;2;1059658;2
2022;7;3;805;805006;-;2;9;5;2;3;11;3;170000;1
2022;7;3;805;805006;-;2;9;5;2;3;11;4;41000;2
2022;7;3;805;805006;-;2;9;5;2;3;11;5;300000;2
2022;7;3;805;805006;-;2;11;2;2;3;11;2;422520;2
2022;7;3;805;805006;-;2;11;2;2;3;11;4;4233;2
2022;7;3;805;805006;-;2;11;2;2;3;11;5;25667;2
2022;7;3;805;805006;-;2;11;3;2;3;11;2;403336;2
2022;7;3;805;805006;-;2;11;3;2;3;11;4;3285;2
2022;7;3;805;805006;-;2;11;3;2;3;11;5;58800;2
2022;7;3;805;805006;-;2;11;4;2;3;11;2;1513797;5
2022;7;3;805;805006;-;2;11;4;2;3;11;4;18460;5
2022;7;3;805;805006;-;2;11;4;2;3;11;5;252400;5
2022;7;3;805;805006;-;2;11;5;2;3;11;2;6255361;6
2022;7;3;805;805006;-;2;11;5;2;3;11;4;23730;6
2022;7;3;805;805006;-;2;11;5;2;3;11;5;473550;6
2022;7;3;805;805006;-;2;11;6;2;3;11;2;6779784;3
2022;7;3;805;805006;-;2;11;6;2;3;11;4;27775;3
2022;7;3;805;805006;-;2;11;6;2;3;11;5;197775;3
2022;7;3;805;805006;-;2;12;4;2;3;11;2;538746;1
2022;7;3;805;805006;-;2;12;4;2;3;11;5;14300;1
2022;7;3;805;805006;-;2;12;5;2;3;11;2;3224371;4
2022;7;3;805;805006;-;2;12;5;2;3;11;4;14930;4
2022;7;3;805;805006;-;2;12;5;2;3;11;5;164620;4
2022;7;3;805;805006;-;2;12;6;2;3;11;2;10651183;2
2022;7;3;805;805006;-;2;12;6;2;3;11;4;6050;2
2022;7;3;805;805006;-;2;12;6;2;3;11;5;442350;2
2022;7;3;805;805006;-;2;12;7;2;3;11;2;13284060;2
2022;7;3;805;805006;-;2;12;7;2;3;11;4;35600;2
2022;7;3;805;805006;-;2;12;7;2;3;11;5;366330;2
2022;7;3;805;805006;-;2;13;5;2;3;11;1;11180908;2
2022;7;3;805;805006;-;2;13;5;2;3;11;4;10210;2
2022;7;3;805;805006;-;2;13;5;2;3;11;5;224020;2
2022;7;3;805;805006;-;2;13;6;2;3;11;1;7428531;1
2022;7;3;805;805006;-;2;13;6;2;3;11;4;2943;1
2022;7;3;805;805006;-;2;13;6;2;3;11;5;91240;1
2022;7;3;805;805007;-;2;9;5;2;3;11;2;1814162;1
2022;7;3;805;805007;-;2;9;5;2;3;11;4;3650;1
2022;7;3;805;805007;-;2;9;5;2;3;11;5;35000;1
2022;7;3;805;805007;-;2;11;6;2;3;11;2;2251710;1
2022;7;3;805;805007;-;2;11;6;2;3;11;4;730;1
2022;7;3;805;805007;-;2;11;6;2;3;11;5;73000;1
2022;7;4;801;801001;-;2;11;3;2;3;11;2;293322;1
2022;7;4;801;801001;-;2;11;3;2;3;11;4;800;1
2022;7;4;801;801001;-;2;11;3;2;3;11;5;36500;1
2022;7;4;801;801002;-;2;2;7;2;3;11;2;3625743;1
2022;7;4;801;801002;-;2;2;7;2;3;11;4;4200;1
2022;7;4;801;801002;-;2;2;7;2;3;11;5;192000;1
2022;7;4;801;801002;-;2;9;7;2;3;11;2;7249639;1
2022;7;4;801;801002;-;2;9;7;2;3;11;4;3650;1
2022;7;4;801;801002;-;2;9;7;2;3;11;5;292000;1
2022;7;4;801;801002;-;2;11;4;2;3;11;2;1226000;1
2022;7;4;801;801002;-;2;11;4;2;3;11;4;3100;1
2022;7;4;801;801002;-;2;11;4;2;3;11;5;40000;1
2022;7;4;801;801002;-;2;11;7;2;3;11;2;5887829;1
2022;7;4;801;801002;-;2;11;7;2;3;11;4;21900;1
2022;7;4;801;801002;-;2;11;7;2;3;11;5;393000;1
2022;7;4;801;801002;-;2;12;6;2;3;11;2;5700715;1
2022;7;4;801;801003;-;1;5;3;2;3;11;2;255691;1
2022;7;4;801;801003;-;1;5;3;2;3;11;4;1000;1
2022;7;4;801;801003;-;1;5;3;2;3;11;5;15000;1
2022;7;4;801;801003;-;1;11;3;2;3;11;3;40000;1
2022;7;4;801;801003;-;1;11;3;2;3;11;4;1460;1
2022;7;4;801;801003;-;1;11;3;2;3;11;5;25200;1
2022;7;4;801;801003;-;2;5;2;2;3;11;2;181341;3
2022;7;4;801;801003;-;2;5;2;2;3;11;4;2960;2
2022;7;4;801;801003;-;2;5;2;2;3;11;5;4440;2
2022;7;4;801;801003;-;2;5;3;2;3;11;1;112741;1
2022;7;4;801;801003;-;2;5;3;2;3;11;2;403733;1
2022;7;4;801;801003;-;2;5;3;2;3;11;4;2555;2
2022;7;4;801;801003;-;2;5;3;2;3;11;5;7920;2
2022;7;4;801;801003;-;2;5;4;2;3;11;2;714578;2
2022;7;4;801;801003;-;2;5;4;2;3;11;4;3280;2
2022;7;4;801;801003;-;2;5;4;2;3;11;5;33000;2
2022;7;4;801;801003;-;2;5;6;2;3;11;2;3021273;1
2022;7;4;801;801003;-;2;5;6;2;3;11;4;54420;1
2022;7;4;801;801003;-;2;5;6;2;3;11;5;107757;1
2022;7;4;801;801003;-;2;8;3;2;3;11;2;1162354;3
2022;7;4;801;801003;-;2;8;3;2;3;11;4;2095;2
2022;7;4;801;801003;-;2;8;3;2;3;11;5;40568;2
2022;7;4;801;801003;-;2;11;2;2;3;11;1;18000;1
2022;7;4;801;801003;-;2;11;2;2;3;11;2;589582;5
2022;7;4;801;801003;-;2;11;2;2;3;11;4;9280;5
2022;7;4;801;801003;-;2;11;2;2;3;11;5;17900;4
2022;7;4;801;801003;-;2;11;3;2;3;11;1;109500;1
2022;7;4;801;801003;-;2;11;3;2;3;11;2;1407324;3
2022;7;4;801;801003;-;2;11;3;2;3;11;4;4985;4
2022;7;4;801;801003;-;2;11;3;2;3;11;5;121300;4
2022;7;4;801;801003;-;2;11;4;2;3;11;2;659779;2
2022;7;4;801;801003;-;2;11;4;2;3;11;4;2600;2
2022;7;4;801;801003;-;2;11;4;2;3;11;5;19000;2
2022;7;4;801;801003;-;2;11;5;2;3;11;2;2020557;1
2022;7;4;801;801003;-;2;11;5;2;3;11;4;3650;1
2022;7;4;801;801003;-;2;11;5;2;3;11;5;80000;1
2022;7;4;801;801004;-;2;11;5;2;3;11;2;1453116;1
2022;7;4;801;801004;-;2;11;5;2;3;11;4;730;1
2022;7;4;801;801004;-;2;11;5;2;3;11;5;90000;1
2022;7;4;801;801005;-;1;1;4;2;3;11;2;166725;1
2022;7;4;801;801005;-;1;1;4;2;3;11;4;8000;1
2022;7;4;801;801005;-;1;1;4;2;3;11;5;12500;1
2022;7;4;801;801005;-;2;5;2;2;3;11;2;669374;3
2022;7;4;801;801005;-;2;5;2;2;3;11;4;5345;3
2022;7;4;801;801005;-;2;5;2;2;3;11;5;19950;3
2022;7;4;801;801005;-;2;5;3;2;3;11;1;719308;2
2022;7;4;801;801005;-;2;5;3;2;3;11;2;68758;1
2022;7;4;801;801005;-;2;5;3;2;3;11;3;36500;1
2022;7;4;801;801005;-;2;5;3;2;3;11;4;4295;3
2022;7;4;801;801005;-;2;5;3;2;3;11;5;35000;3
2022;7;4;801;801005;-;2;5;4;2;3;11;2;833378;1
2022;7;4;801;801005;-;2;5;4;2;3;11;4;730;1
2022;7;4;801;801005;-;2;5;4;2;3;11;5;25000;1
2022;7;4;801;801005;-;2;5;7;2;3;11;2;9708459;1
2022;7;4;801;801005;-;2;5;7;2;3;11;4;16000;1
2022;7;4;801;801005;-;2;5;7;2;3;11;5;158000;1
2022;7;4;801;801005;-;2;8;4;2;3;11;2;1370030;1
2022;7;4;801;801005;-;2;8;4;2;3;11;4;2000;1
2022;7;4;801;801005;-;2;8;4;2;3;11;5;9100;1
2022;7;4;801;801005;-;2;11;3;2;3;11;1;377297;1
2022;7;4;801;801005;-;2;11;3;2;3;11;2;1018432;2
2022;7;4;801;801005;-;2;11;3;2;3;11;4;2560;3
2022;7;4;801;801005;-;2;11;3;2;3;11;5;18600;3
2022;7;4;801;801005;-;2;11;4;2;3;11;1;372292;1
2022;7;4;801;801005;-;2;11;4;2;3;11;2;717607;1
2022;7;4;801;801005;-;2;11;4;2;3;11;4;2430;2
2022;7;4;801;801005;-;2;11;4;2;3;11;5;23100;2
2022;7;4;801;801005;-;2;11;6;2;3;11;2;2161637;1
2022;7;4;801;801005;-;2;11;6;2;3;11;4;16000;1
2022;7;4;801;801005;-;2;11;6;2;3;11;5;105000;1
2022;7;4;801;801005;-;2;12;4;2;3;11;2;160000;1
2022;7;4;801;801005;-;2;12;4;2;3;11;4;1800;1
2022;7;4;801;801005;-;2;12;4;2;3;11;5;20000;1
2022;7;4;801;801005;-;2;12;6;2;3;11;2;3237071;1
2022;7;4;801;801006;-;2;11;2;2;3;11;1;524862;1
2022;7;4;801;801006;-;2;11;2;2;3;11;4;730;1
2022;7;4;801;801006;-;2;11;2;2;3;11;5;36000;1
2022;7;4;805;805002;-;2;5;7;2;3;11;2;7328857;1
2022;7;4;805;805002;-;2;5;7;2;3;11;4;20000;1
2022;7;4;805;805002;-;2;5;7;2;3;11;5;250000;1
2022;7;5;801;801005;-;63;5;1;1;1;11;2;73109;1
2022;7;5;801;801005;-;63;5;1;1;1;11;4;730;1
2022;7;5;801;801005;-;63;5;1;1;1;11;5;4500;1
2022;7;5;805;805002;-;2;5;2;2;3;11;2;48000;1
2022;7;5;805;805002;-;2;5;2;2;3;11;3;48000;1
2022;7;5;805;805002;-;2;5;2;2;3;11;4;730;1
2022;7;5;805;805002;-;2;5;2;2;3;11;5;1800;1
2022;7;5;805;805007;-;2;5;4;1;1;11;2;994132;1
2022;7;5;805;805007;-;2;5;4;1;1;11;4;1460;1
2022;7;5;805;805007;-;2;5;4;1;1;11;5;19920;1
2022;7;5;805;805007;-;2;8;4;2;3;11;2;376881;1
2022;7;5;805;805007;-;2;8;4;2;3;11;4;1000;1
2022;7;5;805;805007;-;2;8;4;2;3;11;5;29200;1
2022;7;5;805;805007;-;2;9;3;2;3;11;2;50500;1
2022;7;5;805;805007;-;2;9;3;2;3;11;3;50500;1
2022;7;5;805;805007;-;2;9;3;2;3;11;4;427;1
2022;7;5;805;805007;-;2;9;3;2;3;11;5;3722;1
2022;7;5;805;805007;-;2;9;5;2;3;11;2;2762250;2
2022;7;5;805;805007;-;2;9;5;2;3;11;4;15000;2
2022;7;5;805;805007;-;2;9;5;2;3;11;5;137700;2
2022;7;5;805;805007;-;2;11;6;2;3;11;2;4052272;1
2022;7;5;805;805007;-;2;11;6;2;3;11;4;2060;1
2022;7;5;805;805007;-;2;11;6;2;3;11;5;230500;1
2022;7;6;803;803001;-;1;2;7;2;3;11;2;2454465;1
2022;7;6;803;803001;-;1;2;7;2;3;11;4;5500;1
2022;7;6;803;803001;-;1;2;7;2;3;11;5;80000;1
2022;7;6;803;803003;-;2;5;4;2;3;11;2;160000;1
2022;7;6;803;803003;-;2;5;4;2;3;11;4;500;1
2022;7;6;803;803003;-;2;11;5;2;3;11;2;239663;1
2022;7;6;803;803003;-;2;11;5;2;3;11;4;1000;1
2022;7;6;803;803003;-;2;11;5;2;3;11;5;1000;1
2022;7;7;805;805003;-;2;5;3;2;3;11;2;88861;1
2022;7;7;805;805003;-;2;5;3;2;3;11;4;1095;1
2022;7;7;805;805003;-;2;5;3;2;3;11;5;7300;1
2022;7;7;805;805003;-;2;8;5;2;3;11;2;1778273;2
2022;7;7;805;805003;-;2;8;5;2;3;11;4;9300;2
2022;7;7;805;805003;-;2;8;5;2;3;11;5;91000;2
2022;7;7;805;805003;-;2;11;3;2;3;11;1;14600;1
2022;7;7;805;805003;-;2;11;3;2;3;11;4;365;1
2022;7;7;805;805003;-;2;11;3;2;3;11;5;1000;1
2022;7;7;805;805003;-;2;11;4;2;3;11;2;1288817;1
2022;7;7;805;805003;-;2;11;4;2;3;11;4;3000;1
2022;7;7;805;805003;-;2;11;4;2;3;11;5;54750;1
2022;7;7;805;805003;-;2;11;5;2;3;11;2;1153333;1
2022;7;7;805;805003;-;2;11;5;2;3;11;4;1250;1
2022;7;7;805;805003;-;2;11;5;2;3;11;5;28000;1
2022;7;7;805;805003;-;2;11;6;2;3;11;2;1547825;1
2022;7;7;805;805003;-;2;11;6;2;3;11;4;3650;1
2022;7;7;805;805003;-;2;11;6;2;3;11;5;147206;1
2022;7;7;805;805003;-;2;11;7;2;3;11;2;1953155;1
2022;7;7;805;805004;-;2;5;2;2;3;11;1;45000;1
2022;7;7;805;805004;-;2;5;2;2;3;11;2;682350;2
2022;7;7;805;805004;-;2;5;2;2;3;11;4;4045;3
2022;7;7;805;805004;-;2;5;2;2;3;11;5;47100;3
2022;7;7;805;805004;-;2;5;3;2;3;11;2;550822;1
2022;7;7;805;805004;-;2;5;3;2;3;11;4;730;1
2022;7;7;805;805004;-;2;5;3;2;3;11;5;25000;1
2022;7;7;805;805004;-;2;5;4;2;3;11;2;359439;1
2022;7;7;805;805004;-;2;5;4;2;3;11;4;750;1
2022;7;7;805;805004;-;2;5;4;2;3;11;5;27000;1
2022;7;7;805;805004;-;2;8;3;2;3;11;2;382527;1
2022;7;7;805;805004;-;2;8;3;2;3;11;4;1095;1
2022;7;7;805;805004;-;2;8;3;2;3;11;5;6800;1
2022;7;7;805;805004;-;2;8;4;2;3;11;2;566289;1
2022;7;7;805;805004;-;2;8;4;2;3;11;4;1000;1
2022;7;7;805;805004;-;2;8;4;2;3;11;5;12000;1
2022;7;7;805;805004;-;2;8;5;2;3;11;2;2150006;1
2022;7;7;805;805004;-;2;8;5;2;3;11;4;5500;1
2022;7;7;805;805004;-;2;8;5;2;3;11;5;60000;1
2022;7;7;805;805004;-;2;11;3;2;3;11;2;400914;1
2022;7;7;805;805004;-;2;11;3;2;3;11;4;1100;1
2022;7;7;805;805004;-;2;11;3;2;3;11;5;7500;1
2022;7;7;805;805004;-;2;11;4;2;3;11;2;652559;1
2022;7;7;805;805004;-;2;11;4;2;3;11;4;2000;1
2022;7;7;805;805004;-;2;11;4;2;3;11;5;52750;1
2022;7;7;805;805004;-;2;11;5;2;3;11;2;1941747;1
2022;7;7;805;805004;-;2;11;5;2;3;11;4;3650;1
2022;7;7;805;805004;-;2;11;5;2;3;11;5;258400;1
2022;7;7;805;805004;-;2;12;5;2;3;11;2;1195128;1
2022;7;7;805;805004;-;2;12;5;2;3;11;5;29500;1
2022;7;7;805;805005;-;2;1;2;2;3;11;2;280673;1
2022;7;7;805;805005;-;2;1;2;2;3;11;4;408;1
2022;7;7;805;805005;-;2;1;2;2;3;11;5;28800;1
2022;7;7;805;805005;-;2;5;2;2;3;11;2;172500;2
2022;7;7;805;805005;-;2;5;2;2;3;11;4;600;1
2022;7;7;805;805005;-;2;5;2;2;3;11;5;17800;2
2022;7;7;805;805005;-;2;5;4;2;3;11;2;1396955;3
2022;7;7;805;805005;-;2;5;4;2;3;11;4;6250;3
2022;7;7;805;805005;-;2;5;4;2;3;11;5;73100;3
2022;7;7;805;805005;-;2;5;6;2;3;11;2;2333637;1
2022;7;7;805;805005;-;2;5;6;2;3;11;4;4000;1
2022;7;7;805;805005;-;2;5;6;2;3;11;5;30500;1
2022;7;7;805;805005;-;2;8;4;2;3;11;2;456652;1
2022;7;7;805;805005;-;2;8;4;2;3;11;4;1095;1
2022;7;7;805;805005;-;2;8;4;2;3;11;5;35400;1
2022;7;7;805;805005;-;2;9;4;2;3;11;2;888429;1
2022;7;7;805;805005;-;2;9;4;2;3;11;4;2200;1
2022;7;7;805;805005;-;2;9;4;2;3;11;5;48500;1
2022;7;7;805;805005;-;2;11;2;2;3;11;4;600;1
2022;7;7;805;805005;-;2;11;2;2;3;11;5;1200;1
2022;7;7;805;805005;-;2;11;3;2;3;11;2;84000;1
2022;7;7;805;805005;-;2;11;3;2;3;11;4;60;1
2022;7;7;805;805005;-;2;11;3;2;3;11;5;6000;1
2022;7;7;805;805005;-;2;11;5;2;3;11;2;1405202;2
2022;7;7;805;805005;-;2;11;5;2;3;11;4;46000;2
2022;7;7;805;805005;-;2;11;5;2;3;11;5;45625;2
2022;7;7;805;805005;-;2;13;7;2;3;11;2;590089;1
2022;7;7;805;805005;-;2;13;7;2;3;11;5;90000;1
2022;7;8;804;804001;-;2;5;5;2;3;11;2;2813429;2
2022;7;8;804;804001;-;2;5;5;2;3;11;4;5700;2
2022;7;8;804;804001;-;2;5;5;2;3;11;5;126500;2
2022;7;8;804;804001;-;2;8;3;2;3;11;2;550000;1
2022;7;8;804;804001;-;2;8;3;2;3;11;4;3600;1
2022;7;8;804;804001;-;2;8;3;2;3;11;5;22000;1
2022;7;8;804;804001;-;2;8;5;2;3;11;2;4577436;2
2022;7;8;804;804001;-;2;8;5;2;3;11;4;1825;1
2022;7;8;804;804001;-;2;8;5;2;3;11;5;88721;2
2022;7;8;804;804001;-;2;11;2;2;3;11;2;246852;2
2022;7;8;804;804001;-;2;11;2;2;3;11;4;1800;2
2022;7;8;804;804001;-;2;11;2;2;3;11;5;10600;2
2022;7;8;804;804001;-;2;11;5;2;3;11;2;1237032;1
2022;7;8;804;804001;-;2;11;5;2;3;11;4;1000;1
2022;7;8;804;804001;-;2;11;5;2;3;11;5;35000;1
2022;7;8;804;804001;-;2;11;6;2;3;11;2;3243476;1
2022;7;8;804;804001;-;2;11;6;2;3;11;4;7300;1
2022;7;8;804;804001;-;2;11;6;2;3;11;5;109500;1
2022;7;8;804;804001;-;2;12;7;2;3;11;2;6284521;1
2022;7;8;804;804001;-;2;12;7;2;3;11;4;3650;1
2022;7;8;804;804001;-;2;12;7;2;3;11;5;316000;1
2022;7;8;804;804001;-;2;13;7;2;3;11;2;205113;1
2022;7;8;805;805001;-;2;2;6;2;3;11;2;3024314;1
2022;7;8;805;805001;-;2;2;6;2;3;11;4;3500;1
2022;7;8;805;805001;-;2;2;6;2;3;11;5;99120;1
2022;7;8;805;805001;-;2;5;4;2;3;11;2;205640;1
2022;7;8;805;805001;-;2;5;4;2;3;11;4;2000;1
2022;7;8;805;805001;-;2;5;4;2;3;11;5;38000;1
2022;7;8;805;805001;-;2;5;5;2;3;11;2;755372;1
2022;7;8;805;805001;-;2;5;5;2;3;11;4;3600;1
2022;7;8;805;805001;-;2;5;5;2;3;11;5;30000;1
2022;7;8;805;805001;-;2;5;6;2;3;11;2;2875125;1
2022;7;8;805;805001;-;2;5;6;2;3;11;4;10200;1
2022;7;8;805;805001;-;2;5;6;2;3;11;5;58000;1
2022;7;8;805;805001;-;2;8;4;2;3;11;2;265757;1
2022;7;8;805;805001;-;2;8;4;2;3;11;4;1460;1
2022;7;8;805;805001;-;2;8;4;2;3;11;5;30000;1
2022;7;8;805;805001;-;2;8;5;2;3;11;2;145651;1
2022;7;8;805;805001;-;2;8;5;2;3;11;4;360;1
2022;7;8;805;805001;-;2;8;5;2;3;11;5;54000;1
2022;7;8;805;805001;-;2;8;6;2;3;11;2;7518090;2
2022;7;8;805;805001;-;2;8;6;2;3;11;4;14600;2
2022;7;8;805;805001;-;2;8;6;2;3;11;5;226540;2
2022;7;8;805;805001;-;2;9;2;2;3;11;2;296714;1
2022;7;8;805;805001;-;2;9;2;2;3;11;4;4200;1
2022;7;8;805;805001;-;2;9;2;2;3;11;5;5400;1
2022;7;8;805;805001;-;2;9;5;2;3;11;2;464314;1
2022;7;8;805;805001;-;2;9;5;2;3;11;4;1800;1
2022;7;8;805;805001;-;2;9;5;2;3;11;5;50000;1
2022;7;8;805;805001;-;2;9;7;2;3;11;2;5135936;1
2022;7;8;805;805001;-;2;9;7;2;3;11;5;93500;1
2022;7;8;805;805001;-;2;11;3;2;3;11;2;142124;1
2022;7;8;805;805001;-;2;11;3;2;3;11;4;730;1
2022;7;8;805;805001;-;2;11;3;2;3;11;5;11160;1
2022;7;8;805;805001;-;2;11;4;2;3;11;2;1438849;2
2022;7;8;805;805001;-;2;11;4;2;3;11;4;2555;2
2022;7;8;805;805001;-;2;11;4;2;3;11;5;21300;1
2022;7;8;805;805001;-;2;11;5;2;3;11;2;1330234;2
2022;7;8;805;805001;-;2;11;5;2;3;11;4;2750;2
2022;7;8;805;805001;-;2;11;5;2;3;11;5;93000;2
2022;7;8;805;805001;-;2;12;6;2;3;11;2;9012687;2
2022;7;8;805;805001;-;2;12;6;2;3;11;4;4428;1
2022;7;8;805;805001;-;2;12;6;2;3;11;5;300720;2
2022;7;8;805;805002;-;2;11;3;2;3;11;2;301537;1
2022;7;8;805;805002;-;2;11;3;2;3;11;4;730;1
2022;7;8;805;805002;-;2;11;3;2;3;11;5;15000;1
2022;7;8;805;805002;-;2;13;6;2;3;11;2;6565274;1
2022;7;8;805;805002;-;2;13;6;2;3;11;4;310;1
2022;7;8;805;805002;-;2;13;6;2;3;11;5;167175;1
2022;7;9;803;803001;-;2;2;7;2;3;11;2;1238042;1
2022;7;9;803;803001;-;2;2;7;2;3;11;4;7300;1
2022;7;9;803;803001;-;2;2;7;2;3;11;5;41760;1
2022;7;9;804;804002;-;2;5;7;2;3;11;2;4402313;1
2022;7;9;804;804002;-;2;5;7;2;3;11;4;11000;1
2022;7;9;804;804002;-;2;5;7;2;3;11;5;177600;1
2022;7;9;804;804002;-;2;8;5;2;3;11;2;1662650;2
2022;7;9;804;804002;-;2;8;5;2;3;11;5;45000;2
2022;7;9;804;804002;-;2;8;6;2;3;11;2;2043458;1
2022;7;9;804;804002;-;2;8;6;2;3;11;4;3000;1
2022;7;9;804;804002;-;2;8;6;2;3;11;5;9000;1
2022;7;9;804;804002;-;2;9;6;2;3;11;2;2300356;1
2022;7;9;804;804002;-;2;9;6;2;3;11;4;5500;1
2022;7;9;804;804002;-;2;9;6;2;3;11;5;183000;1
2022;7;9;804;804002;-;2;9;7;2;3;11;2;5594754;1
2022;7;9;804;804002;-;2;9;7;2;3;11;4;15200;1
2022;7;9;804;804002;-;2;9;7;2;3;11;5;280100;1
2022;7;9;804;804002;-;2;11;2;2;3;11;1;72000;1
2022;7;9;804;804002;-;2;11;2;2;3;11;4;680;1
2022;7;9;804;804002;-;2;11;2;2;3;11;5;2140;1
2022;7;9;804;804002;-;2;11;3;2;3;11;2;350000;1
2022;7;9;804;804002;-;2;11;3;2;3;11;5;50000;1
2022;7;9;804;804002;-;2;12;6;2;3;11;2;4369670;1
2022;7;9;804;804002;-;2;12;6;2;3;11;4;5500;1
2022;7;9;804;804002;-;2;12;6;2;3;11;5;220108;1
2022;7;9;804;804002;-;2;13;6;2;3;11;1;3589932;1
2022;7;9;804;804002;-;2;13;6;2;3;11;4;4200;1
2022;7;9;804;804002;-;2;13;6;2;3;11;5;55760;1
2022;7;9;804;804002;-;2;13;7;2;3;11;2;4653022;1
2022;7;9;804;804002;-;2;13;7;2;3;11;4;3000;1
2022;7;9;804;804002;-;2;13;7;2;3;11;5;115000;1
2022;7;9;804;804002;-;63;12;1;1;1;11;2;579928;1
2022;7;9;804;804002;-;63;12;1;1;1;11;4;1500;1
2022;7;9;804;804002;-;63;12;1;1;1;11;5;21000;1
2022;7;9;804;804003;-;1;9;7;2;3;11;2;3546273;1
2022;7;9;804;804003;-;1;9;7;2;3;11;4;10388;1
2022;7;9;804;804003;-;1;9;7;2;3;11;5;12230;1
2022;7;9;804;804003;-;1;11;2;1;1;11;2;857572;1
2022;7;9;804;804003;-;1;11;8;2;3;11;2;660000;1
2022;7;9;804;804003;-;1;11;8;2;3;11;4;1800;1
2022;7;9;804;804003;-;1;11;8;2;3;11;5;4700;1
2022;7;9;804;804003;-;2;2;5;2;3;11;1;2592701;1
2022;7;9;804;804003;-;2;2;5;2;3;11;4;2500;1
2022;7;9;804;804003;-;2;2;5;2;3;11;5;18000;1
2022;7;9;804;804003;-;2;5;2;2;3;11;2;155008;1
2022;7;9;804;804003;-;2;5;2;2;3;11;4;730;1
2022;7;9;804;804003;-;2;5;2;2;3;11;5;4680;1
2022;7;9;804;804003;-;2;5;3;2;3;11;2;188222;1
2022;7;9;804;804003;-;2;5;3;2;3;11;4;1300;1
2022;7;9;804;804003;-;2;5;3;2;3;11;5;11000;1
2022;7;9;804;804003;-;2;5;4;2;3;11;2;4261567;11
2022;7;9;804;804003;-;2;5;4;2;3;11;4;5880;6
2022;7;9;804;804003;-;2;5;4;2;3;11;5;166920;9
2022;7;9;804;804003;-;2;5;5;2;3;11;2;2922316;4
2022;7;9;804;804003;-;2;5;5;2;3;11;4;6600;3
2022;7;9;804;804003;-;2;5;5;2;3;11;5;135600;4
2022;7;9;804;804003;-;2;8;4;2;3;11;2;1785716;4
2022;7;9;804;804003;-;2;8;4;2;3;11;4;1480;3
2022;7;9;804;804003;-;2;8;4;2;3;11;5;131500;4
2022;7;9;804;804003;-;2;8;5;2;3;11;2;2521646;3
2022;7;9;804;804003;-;2;8;5;2;3;11;4;4450;3
2022;7;9;804;804003;-;2;8;5;2;3;11;5;137960;3
2022;7;9;804;804003;-;2;8;6;2;3;11;2;2949614;1
2022;7;9;804;804003;-;2;8;6;2;3;11;4;3650;1
2022;7;9;804;804003;-;2;8;6;2;3;11;5;45000;1
2022;7;9;804;804003;-;2;9;5;2;3;11;2;1462000;1
2022;7;9;804;804003;-;2;9;5;2;3;11;4;3000;1
2022;7;9;804;804003;-;2;9;5;2;3;11;5;28000;1
2022;7;9;804;804003;-;2;11;3;2;3;11;2;589794;3
2022;7;9;804;804003;-;2;11;3;2;3;11;4;1460;1
2022;7;9;804;804003;-;2;11;3;2;3;11;5;18100;2
2022;7;9;804;804003;-;2;11;4;2;3;11;2;3706680;7
2022;7;9;804;804003;-;2;11;4;2;3;11;4;11655;7
2022;7;9;804;804003;-;2;11;4;2;3;11;5;249710;6
2022;7;9;804;804003;-;2;11;5;2;3;11;2;4991979;6
2022;7;9;804;804003;-;2;11;5;2;3;11;4;10940;6
2022;7;9;804;804003;-;2;11;5;2;3;11;5;315920;6
2022;7;9;804;804003;-;2;11;6;2;3;11;2;486620;1
2022;7;9;804;804003;-;2;11;6;2;3;11;4;1825;1
2022;7;9;804;804003;-;2;11;6;2;3;11;5;54800;1
2022;7;9;804;804003;-;2;12;4;2;3;11;2;782850;1
2022;7;9;804;804003;-;2;12;4;2;3;11;4;1460;1
2022;7;9;804;804003;-;2;12;4;2;3;11;5;26797;1
2022;7;9;804;804003;-;2;12;5;2;3;11;2;1590603;1
2022;7;9;804;804003;-;2;12;5;2;3;11;4;3650;1
2022;7;9;804;804003;-;2;12;5;2;3;11;5;48000;1
2022;7;9;804;804004;-;2;11;4;2;3;11;2;1036099;1
2022;7;9;804;804004;-;2;11;4;2;3;11;4;1890;1
2022;7;9;804;804004;-;2;11;4;2;3;11;5;48000;1
2022;7;9;804;804006;-;2;5;3;2;3;11;2;180000;1
2022;7;9;804;804006;-;2;5;3;2;3;11;4;360;1
2022;7;9;804;804006;-;2;5;3;2;3;11;5;12000;1
2022;7;9;804;804006;-;2;8;5;2;3;11;2;1521643;1
2022;7;9;804;804006;-;2;8;5;2;3;11;4;3500;1
2022;7;9;804;804006;-;2;8;5;2;3;11;5;101760;1
2022;7;9;804;804006;-;2;11;2;2;3;11;1;45800;1
2022;7;9;804;804006;-;2;11;4;2;3;11;2;392981;1
2022;7;9;804;804006;-;2;11;4;2;3;11;4;3650;1
2022;7;9;804;804006;-;2;11;4;2;3;11;5;55000;1
2022;7;9;804;804006;-;2;12;7;2;3;11;2;3236126;1
2022;7;9;804;804006;-;2;12;7;2;3;11;4;14880;1
2022;7;9;804;804006;-;2;12;7;2;3;11;5;121310;1
2022;7;10;801;801004;-;2;5;4;2;3;11;2;951070;1
2022;7;10;801;801004;-;2;5;4;2;3;11;4;1500;1
2022;7;10;801;801004;-;2;5;4;2;3;11;5;25000;1
2022;7;10;801;801004;-;2;9;5;2;3;11;2;1628206;1
2022;7;10;801;801004;-;2;9;5;2;3;11;4;1730;1
2022;7;10;801;801004;-;2;9;5;2;3;11;5;55860;1
2022;7;10;801;801004;-;2;11;6;2;3;11;2;458935;1
2022;7;10;801;801004;-;2;11;6;2;3;11;4;500;1
2022;7;10;801;801004;-;2;11;6;2;3;11;5;46000;1
2022;7;10;801;801004;-;2;12;6;2;3;11;2;5350024;1
2022;7;10;801;801004;-;2;12;6;2;3;11;4;4022;1
2022;7;10;801;801004;-;2;12;6;2;3;11;5;192600;1
2022;7;10;801;801007;-;1;11;5;2;3;11;4;1000;1
2022;7;10;801;801007;-;1;11;5;2;3;11;5;50000;1
2022;7;10;802;802005;-;2;2;7;2;3;11;2;5735286;1
2022;7;10;802;802005;-;2;2;7;2;3;11;4;19200;1
2022;7;10;802;802005;-;2;2;7;2;3;11;5;245121;1
2022;7;10;802;802005;-;2;5;4;2;3;11;2;657000;1
2022;7;10;802;802005;-;2;5;4;2;3;11;4;364;1
2022;7;10;802;802005;-;2;5;4;2;3;11;5;5500;1
2022;7;10;802;802005;-;2;8;4;2;3;11;2;481901;1
2022;7;10;802;802005;-;2;8;4;2;3;11;4;200;1
2022;7;10;802;802005;-;2;8;4;2;3;11;5;20000;1
2022;7;11;801;801007;-;2;5;4;2;3;11;2;871421;1
2022;7;11;801;801007;-;2;5;4;2;3;11;4;720;1
2022;7;11;801;801007;-;2;5;4;2;3;11;5;105000;1
2022;7;11;802;802002;-;2;5;4;2;3;11;2;2043540;4
2022;7;11;802;802002;-;2;5;4;2;3;11;4;3990;4
2022;7;11;802;802002;-;2;5;4;2;3;11;5;103000;4
2022;7;11;802;802002;-;2;11;3;2;3;11;1;7000;1
2022;7;11;802;802002;-;2;11;3;2;3;11;2;23000;1
2022;7;11;802;802002;-;2;11;3;2;3;11;4;1200;1
2022;7;11;802;802002;-;2;11;3;2;3;11;5;7000;1
2022;7;11;802;802002;-;2;11;4;2;3;11;2;3328989;5
2022;7;11;802;802002;-;2;11;4;2;3;11;4;4085;5
2022;7;11;802;802002;-;2;11;4;2;3;11;5;162050;5
2022;7;11;802;802002;-;2;11;5;2;3;11;2;2225569;2
2022;7;11;802;802002;-;2;11;5;2;3;11;4;4230;2
2022;7;11;802;802002;-;2;11;5;2;3;11;5;203277;2
2022;7;13;0;0;-;63;5;1;1;1;11;2;126350;1
2022;7;13;0;0;-;63;5;1;1;1;11;4;6000;1
2022;7;13;0;0;-;63;5;1;1;1;11;5;14000;1
2022;7;13;801;801001;-;2;5;2;2;3;11;2;168000;1
2022;7;13;801;801001;-;2;5;2;2;3;11;4;730;1
2022;7;13;801;801001;-;2;5;2;2;3;11;5;29200;1
2022;7;13;801;801001;-;2;5;4;2;3;11;2;558690;1
2022;7;13;801;801001;-;2;5;4;2;3;11;4;1500;1
2022;7;13;801;801001;-;2;5;4;2;3;11;5;7000;1
2022;7;13;801;801001;-;2;5;5;2;3;11;2;1956500;1
2022;7;13;801;801001;-;2;8;4;2;3;11;2;1330000;1
2022;7;13;801;801001;-;2;8;4;2;3;11;4;5000;1
2022;7;13;801;801001;-;2;8;4;2;3;11;5;60000;1
2022;7;13;801;801001;-;2;8;7;2;3;11;2;7742529;1
2022;7;13;801;801001;-;2;8;7;2;3;11;4;3650;1
2022;7;13;801;801001;-;2;8;7;2;3;11;5;236600;1
2022;7;13;801;801001;-;2;11;3;2;3;11;1;280575;1
2022;7;13;801;801001;-;2;11;3;2;3;11;4;800;1
2022;7;13;801;801001;-;2;11;3;2;3;11;5;20000;1
2022;7;13;801;801001;-;2;11;4;2;3;11;2;330369;1
2022;7;13;801;801001;-;2;11;4;2;3;11;4;730;1
2022;7;13;801;801001;-;2;11;4;2;3;11;5;13100;1
2022;7;13;801;801001;-;2;11;5;2;3;11;2;526032;1
2022;7;13;801;801001;-;2;11;5;2;3;11;4;3000;1
2022;7;13;801;801001;-;2;11;5;2;3;11;5;38500;1
2022;7;13;801;801001;-;2;13;6;2;3;11;2;2008376;1
2022;7;13;801;801001;-;2;13;6;2;3;11;4;5000;1
2022;7;13;801;801001;-;2;13;6;2;3;11;5;50000;1
2022;7;13;801;801003;-;2;5;3;2;3;11;2;1029500;2
2022;7;13;801;801003;-;2;5;3;2;3;11;4;6190;2
2022;7;13;801;801003;-;2;5;3;2;3;11;5;67280;2
2022;7;13;801;801003;-;2;5;5;2;3;11;2;313105;1
2022;7;13;801;801003;-;2;5;5;2;3;11;4;2100;1
2022;7;13;801;801003;-;2;5;5;2;3;11;5;30000;1
2022;7;13;801;801003;-;2;8;3;2;3;11;2;1422666;3
2022;7;13;801;801003;-;2;8;3;2;3;11;4;3127;2
2022;7;13;801;801003;-;2;8;3;2;3;11;5;53578;3
2022;7;13;801;801003;-;2;11;5;2;3;11;1;1359379;1
2022;7;13;801;801003;-;2;11;5;2;3;11;2;983102;1
2022;7;13;801;801003;-;2;11;5;2;3;11;4;3800;2
2022;7;13;801;801003;-;2;11;5;2;3;11;5;94760;2
2022;7;13;801;801003;-;2;12;7;2;3;11;2;4493648;1
2022;7;13;801;801003;-;2;12;7;2;3;11;4;5599;1
2022;7;13;801;801003;-;2;12;7;2;3;11;5;57240;1
2022;7;13;801;801006;-;2;5;3;2;3;11;2;2584142;4
2022;7;13;801;801006;-;2;5;3;2;3;11;4;1165;2
2022;7;13;801;801006;-;2;5;3;2;3;11;5;85420;3
2022;7;13;801;801006;-;2;8;3;2;3;11;2;90000;1
2022;7;13;801;801006;-;2;8;3;2;3;11;5;14000;1
2022;7;13;801;801006;-;2;11;4;2;3;11;2;1067000;1
2022;7;13;801;801006;-;2;11;4;2;3;11;4;2500;1
2022;7;13;801;801006;-;2;11;4;2;3;11;5;27900;1
2022;7;13;801;801006;-;2;11;5;2;3;11;3;90000;1
2022;7;13;801;801006;-;2;11;5;2;3;11;4;700;1
2022;7;13;801;801006;-;2;11;5;2;3;11;5;5000;1
2022;7;13;802;802004;-;2;11;4;2;3;11;2;40000;1
2022;7;13;802;802004;-;2;11;4;2;3;11;4;500;1
2022;7;13;802;802004;-;2;11;4;2;3;11;5;5000;1
2022;7;14;802;802005;-;2;13;7;2;3;11;2;705874;1
2022;7;14;802;802005;-;2;13;7;2;3;11;4;700;1
2022;7;14;802;802005;-;2;13;7;2;3;11;5;11000;1
2022;7;14;802;802005;-;18;5;1;1;1;11;2;602170;1
2022;7;15;804;804006;-;1;11;4;2;3;11;4;365;1
2022;7;15;804;804006;-;1;11;4;2;3;11;5;15000;1
2022;7;15;804;804006;-;2;5;2;2;3;11;2;26622;1
2022;7;15;804;804006;-;2;5;2;2;3;11;4;365;1
2022;7;15;804;804006;-;2;5;2;2;3;11;5;8640;1
2022;7;15;804;804006;-;2;5;3;2;3;11;2;326394;1
2022;7;15;804;804006;-;2;5;3;2;3;11;4;365;1
2022;7;15;804;804006;-;2;5;3;2;3;11;5;15000;1
2022;7;15;804;804006;-;2;5;4;2;3;11;2;2017595;3
2022;7;15;804;804006;-;2;5;4;2;3;11;4;2530;2
2022;7;15;804;804006;-;2;5;4;2;3;11;5;85000;2
2022;7;15;804;804006;-;2;5;5;2;3;11;2;4704765;5
2022;7;15;804;804006;-;2;5;5;2;3;11;4;7350;4
2022;7;15;804;804006;-;2;5;5;2;3;11;5;133100;5
2022;7;15;804;804006;-;2;5;6;2;3;11;2;6079318;3
2022;7;15;804;804006;-;2;5;6;2;3;11;4;25690;3
2022;7;15;804;804006;-;2;5;6;2;3;11;5;251750;3
2022;7;15;804;804006;-;2;8;3;2;3;11;2;409876;2
2022;7;15;804;804006;-;2;8;3;2;3;11;4;730;1
2022;7;15;804;804006;-;2;8;3;2;3;11;5;7300;1
2022;7;15;804;804006;-;2;8;5;2;3;11;2;4891344;2
2022;7;15;804;804006;-;2;8;5;2;3;11;4;7300;2
2022;7;15;804;804006;-;2;8;5;2;3;11;5;151440;2
2022;7;15;804;804006;-;2;8;6;2;3;11;2;1355610;1
2022;7;15;804;804006;-;2;8;6;2;3;11;4;3650;1
2022;7;15;804;804006;-;2;8;6;2;3;11;5;56350;1
2022;7;15;804;804006;-;2;8;7;2;3;11;2;15598942;2
2022;7;15;804;804006;-;2;8;7;2;3;11;4;25000;1
2022;7;15;804;804006;-;2;8;7;2;3;11;5;492100;2
2022;7;15;804;804006;-;2;9;4;2;3;11;2;884474;2
2022;7;15;804;804006;-;2;9;4;2;3;11;4;2550;2
2022;7;15;804;804006;-;2;9;4;2;3;11;5;104000;2
2022;7;15;804;804006;-;2;9;5;2;3;11;2;1171046;1
2022;7;15;804;804006;-;2;9;5;2;3;11;4;1460;1
2022;7;15;804;804006;-;2;9;6;2;3;11;2;2401799;1
2022;7;15;804;804006;-;2;9;6;2;3;11;4;7500;1
2022;7;15;804;804006;-;2;9;6;2;3;11;5;116450;1
2022;7;15;804;804006;-;2;9;7;2;3;11;2;2111016;1
2022;7;15;804;804006;-;2;9;7;2;3;11;4;2190;1
2022;7;15;804;804006;-;2;9;7;2;3;11;5;50000;1
2022;7;15;804;804006;-;2;11;3;2;3;11;2;1551808;4
2022;7;15;804;804006;-;2;11;3;2;3;11;4;5915;4
2022;7;15;804;804006;-;2;11;3;2;3;11;5;28300;4
2022;7;15;804;804006;-;2;11;4;2;3;11;2;1567538;2
2022;7;15;804;804006;-;2;11;4;2;3;11;4;4500;2
2022;7;15;804;804006;-;2;11;4;2;3;11;5;107000;2
2022;7;15;804;804006;-;2;11;5;2;3;11;2;1796918;1
2022;7;15;804;804006;-;2;11;5;2;3;11;4;7300;1
2022;7;15;804;804006;-;2;11;5;2;3;11;5;116250;1
2022;7;15;804;804006;-;2;11;6;2;3;11;2;2443645;1
2022;7;15;804;804006;-;2;11;6;2;3;11;4;18000;1
2022;7;15;804;804006;-;2;11;6;2;3;11;5;60000;1
2022;7;15;804;804006;-;2;12;4;2;3;11;2;671077;1
2022;7;15;804;804006;-;2;12;4;2;3;11;4;3650;1
2022;7;15;804;804006;-;2;12;4;2;3;11;5;28500;1
2022;7;15;804;804006;-;2;12;5;2;3;11;2;7881045;2
2022;7;15;804;804006;-;2;12;5;2;3;11;4;10000;1
2022;7;15;804;804006;-;2;12;5;2;3;11;5;95000;1
2022;7;15;804;804006;-;2;12;6;2;3;11;2;4320272;2
2022;7;15;804;804006;-;2;12;6;2;3;11;4;20730;2
2022;7;15;804;804006;-;2;12;6;2;3;11;5;100000;2
2022;7;15;804;804006;-;2;12;8;2;3;11;2;1865499;1
2022;7;15;804;804006;-;2;12;8;2;3;11;4;38000;1
2022;7;15;804;804006;-;2;12;8;2;3;11;5;130000;1
2022;7;16;805;805007;-;2;2;7;2;3;11;2;3842421;1
2022;7;16;805;805007;-;2;2;7;2;3;11;4;7300;1
2022;7;16;805;805007;-;2;2;7;2;3;11;5;60960;1
2022;7;16;805;805007;-;2;5;2;2;3;11;2;72000;1
2022;7;16;805;805007;-;2;5;3;2;3;11;2;588247;2
2022;7;16;805;805007;-;2;5;3;2;3;11;4;1950;2
2022;7;16;805;805007;-;2;5;3;2;3;11;5;51300;2
2022;7;16;805;805007;-;2;5;4;2;3;11;2;1960552;3
2022;7;16;805;805007;-;2;5;4;2;3;11;4;2410;3
2022;7;16;805;805007;-;2;5;4;2;3;11;5;29800;3
2022;7;16;805;805007;-;2;5;5;1;1;11;2;944132;1
2022;7;16;805;805007;-;2;5;5;1;1;11;4;3650;1
2022;7;16;805;805007;-;2;5;5;1;1;11;5;14400;1
2022;7;16;805;805007;-;2;5;5;2;3;11;2;2976721;2
2022;7;16;805;805007;-;2;5;5;2;3;11;4;9125;2
2022;7;16;805;805007;-;2;5;5;2;3;11;5;68000;2
2022;7;16;805;805007;-;2;5;6;2;3;11;2;3794010;1
2022;7;16;805;805007;-;2;5;6;2;3;11;4;7300;1
2022;7;16;805;805007;-;2;5;6;2;3;11;5;73000;1
2022;7;16;805;805007;-;2;8;3;2;3;11;2;726816;2
2022;7;16;805;805007;-;2;8;3;2;3;11;4;1250;1
2022;7;16;805;805007;-;2;8;3;2;3;11;5;12800;1
2022;7;16;805;805007;-;2;8;4;2;3;11;2;986432;1
2022;7;16;805;805007;-;2;8;4;2;3;11;4;4000;1
2022;7;16;805;805007;-;2;8;4;2;3;11;5;72000;1
2022;7;16;805;805007;-;2;8;5;2;3;11;2;1328800;1
2022;7;16;805;805007;-;2;8;5;2;3;11;4;2100;1
2022;7;16;805;805007;-;2;8;5;2;3;11;5;50000;1
2022;7;16;805;805007;-;2;8;6;2;3;11;2;2904924;1
2022;7;16;805;805007;-;2;8;6;2;3;11;5;8000;1
2022;7;16;805;805007;-;2;9;4;2;3;11;2;1696021;1
2022;7;16;805;805007;-;2;9;4;2;3;11;4;3600;1
2022;7;16;805;805007;-;2;9;4;2;3;11;5;54000;1
2022;7;16;805;805007;-;2;9;5;2;3;11;2;3147344;2
2022;7;16;805;805007;-;2;9;5;2;3;11;4;9880;2
2022;7;16;805;805007;-;2;9;5;2;3;11;5;134200;2
2022;7;16;805;805007;-;2;11;3;1;1;11;2;557132;1
2022;7;16;805;805007;-;2;11;3;1;1;11;4;400;1
2022;7;16;805;805007;-;2;11;3;1;1;11;5;3000;1
2022;7;16;805;805007;-;2;11;3;2;3;11;2;1324856;4
2022;7;16;805;805007;-;2;11;3;2;3;11;4;6600;4
2022;7;16;805;805007;-;2;11;3;2;3;11;5;28600;2
2022;7;16;805;805007;-;2;11;4;2;3;11;2;1064359;2
2022;7;16;805;805007;-;2;11;4;2;3;11;4;13685;2
2022;7;16;805;805007;-;2;11;4;2;3;11;5;57105;2
2022;7;16;805;805007;-;2;11;5;2;3;11;1;1128382;1
2022;7;16;805;805007;-;2;11;5;2;3;11;2;1571860;2
2022;7;16;805;805007;-;2;11;5;2;3;11;4;17700;3
2022;7;16;805;805007;-;2;11;5;2;3;11;5;224200;3
2022;7;16;805;805007;-;2;11;6;2;3;11;2;1390479;1
2022;7;16;805;805007;-;2;11;6;2;3;11;4;8000;1
2022;7;16;805;805007;-;2;11;6;2;3;11;5;67000;1
2022;7;16;805;805007;-;2;11;7;2;3;11;2;1017717;1
2022;7;16;805;805007;-;2;11;7;2;3;11;4;7300;1
2022;7;16;805;805007;-;2;11;7;2;3;11;5;54000;1
2022;7;16;805;805007;-;2;12;5;2;3;11;2;508207;1
2022;7;16;805;805007;-;2;12;5;2;3;11;4;1520;1
2022;7;16;805;805007;-;2;12;5;2;3;11;5;20000;1
2022;7;16;805;805007;-;2;13;6;2;3;11;2;3213731;1
2022;7;16;805;805007;-;2;13;6;2;3;11;4;5200;1
2022;7;16;805;805007;-;2;13;6;2;3;11;5;50000;1
2022;8;2;0;0;-;18;11;1;1;1;11;3;6000;1
2022;8;2;0;0;-;18;11;1;1;1;11;4;900;1
2022;8;2;0;0;-;18;11;1;1;1;11;5;800;1
2022;8;2;907;907001;-;2;5;2;2;3;11;2;380000;1
2022;8;2;907;907001;-;2;5;2;2;3;11;4;10000;1
2022;8;2;907;907001;-;2;5;2;2;3;11;5;15000;1
2022;8;2;907;907001;-;2;5;3;2;3;11;2;970615;1
2022;8;2;907;907001;-;2;5;3;2;3;11;4;1700;1
2022;8;2;907;907001;-;2;5;3;2;3;11;5;26000;1
2022;8;2;907;907001;-;2;5;4;2;3;11;1;420000;1
2022;8;2;907;907001;-;2;5;4;2;3;11;2;1200000;2
2022;8;2;907;907001;-;2;5;4;2;3;11;4;5200;3
2022;8;2;907;907001;-;2;5;4;2;3;11;5;105000;3
2022;8;2;907;907001;-;2;11;2;2;3;11;2;495000;1
2022;8;2;907;907001;-;2;11;2;2;3;11;4;2000;1
2022;8;2;907;907001;-;2;11;2;2;3;11;5;20000;1
2022;8;2;907;907004;-;2;14;5;2;3;11;2;474074;1
2022;8;2;907;907004;-;2;14;5;2;3;11;4;500;1
2022;8;2;907;907004;-;2;14;5;2;3;11;5;30000;1
2022;8;3;904;904003;-;1;5;2;2;3;11;3;28100;2
2022;8;3;904;904003;-;1;5;2;2;3;11;4;1500;1
2022;8;3;904;904003;-;1;5;2;2;3;11;5;2000;1
2022;8;3;904;904003;-;63;5;1;1;1;11;3;40000;1
2022;8;3;905;905001;-;2;5;5;2;3;11;2;1378305;2
2022;8;3;905;905001;-;2;5;5;2;3;11;4;4250;2
2022;8;3;905;905001;-;2;5;5;2;3;11;5;37400;2
2022;8;3;905;905002;-;2;5;4;2;3;11;2;2332844;1
2022;8;3;905;905002;-;2;5;4;2;3;11;4;2500;1
2022;8;3;905;905002;-;2;5;4;2;3;11;5;87000;1
2022;8;3;905;905002;-;2;11;5;2;3;11;2;1162096;1
2022;8;3;905;905002;-;2;11;5;2;3;11;4;2400;1
2022;8;3;905;905002;-;2;11;5;2;3;11;5;43000;1
2022;8;3;905;905003;-;1;5;3;2;3;11;3;41000;1
2022;8;3;905;905003;-;1;5;3;2;3;11;4;500;1
2022;8;3;905;905003;-;2;5;2;2;3;11;3;70000;1
2022;8;3;905;905003;-;2;5;2;2;3;11;4;2000;1
2022;8;3;905;905003;-;2;5;2;2;3;11;5;1000;1
2022;8;3;905;905003;-;2;5;6;2;3;11;2;1842588;1
2022;8;3;905;905003;-;2;5;6;2;3;11;4;10000;1
2022;8;3;905;905003;-;2;5;6;2;3;11;5;75000;1
2022;8;4;903;903005;-;2;13;5;2;3;11;3;70308;1
2022;8;4;903;903005;-;2;13;5;2;3;11;4;54970;1
2022;8;4;903;903005;-;2;13;5;2;3;11;5;30000;1
2022;8;4;905;905001;-;2;5;2;2;3;11;1;24000;1
2022;8;4;905;905001;-;2;5;2;2;3;11;4;1000;1
2022;8;4;905;905001;-;2;5;2;2;3;11;5;500;1
2022;8;4;906;906004;-;2;5;4;2;3;11;2;111300;1
2022;8;4;906;906004;-;2;5;4;2;3;11;4;900;1
2022;8;4;906;906004;-;2;5;4;2;3;11;5;3650;1
2022;8;8;902;902005;-;2;5;6;2;3;11;2;326276;1
2022;8;8;902;902005;-;2;5;6;2;3;11;4;1500;1
2022;8;8;902;902005;-;2;5;6;2;3;11;5;22050;1
2022;8;13;905;905004;-;1;5;3;2;3;11;1;200;1
2022;8;13;905;905004;-;2;5;2;2;3;11;2;42000;1
2022;8;13;905;905004;-;2;5;2;2;3;11;4;720;1
2022;8;13;905;905004;-;2;5;2;2;3;11;5;3600;1
2022;8;13;905;905004;-;2;5;4;2;3;11;1;20000;1
2022;8;13;905;905004;-;2;5;4;2;3;11;2;430000;1
2022;8;13;905;905004;-;2;5;4;2;3;11;4;2500;1
2022;8;13;905;905004;-;2;5;4;2;3;11;5;18000;1
2022;8;13;905;905004;-;2;8;2;2;3;11;2;163154;1
2022;8;13;905;905004;-;2;8;2;2;3;11;4;1400;1
2022;8;13;905;905004;-;2;8;2;2;3;11;5;7600;1
2022;8;13;905;905004;-;2;11;4;2;3;11;1;21000;1
2022;8;13;905;905004;-;2;11;4;2;3;11;2;559000;1
2022;8;13;905;905004;-;2;11;4;2;3;11;4;3500;1
2022;8;13;905;905004;-;2;11;4;2;3;11;5;17500;1
2022;8;13;905;905005;-;2;8;2;2;3;11;3;64000;1
2022;8;13;905;905005;-;2;8;2;2;3;11;4;3000;1
2022;8;13;905;905005;-;2;8;2;2;3;11;5;6000;1
2022;8;13;905;905005;-;2;11;2;2;3;11;2;88313;1
2022;8;13;905;905005;-;2;11;2;2;3;11;4;730;1
2022;8;13;905;905005;-;2;11;2;2;3;11;5;5600;1
2022;8;13;905;905005;-;2;11;3;2;3;11;2;541043;1
2022;8;13;905;905005;-;2;11;3;2;3;11;4;1065;1
2022;8;13;905;905005;-;2;11;3;2;3;11;5;17040;1
2022;8;13;906;906001;-;1;11;3;4;4;4;3;8000;1
2022;8;13;906;906001;-;1;11;3;4;4;4;4;2000;1
2022;8;13;906;906001;-;2;5;2;2;3;11;2;440000;4
2022;8;13;906;906001;-;2;5;2;2;3;11;4;4500;4
2022;8;13;906;906001;-;2;5;2;2;3;11;5;41000;3
2022;8;13;906;906001;-;2;5;3;2;3;11;1;130;1
2022;8;13;906;906001;-;2;5;3;2;3;11;2;194734;1
2022;8;13;906;906001;-;2;5;3;2;3;11;4;503;2
2022;8;13;906;906001;-;2;5;3;2;3;11;5;20412;2
2022;8;13;906;906003;-;2;5;3;2;3;11;2;174665;1
2022;8;13;906;906003;-;2;5;3;2;3;11;4;288;1
2022;8;13;906;906003;-;2;5;3;2;3;11;5;10000;1
2022;9;2;1002;1002001;-;2;11;5;2;3;11;4;3600;1
2022;9;2;1002;1002001;-;2;11;5;2;3;11;5;27000;1
2022;9;2;1002;1002005;-;2;11;5;2;3;11;2;228820;1
2022;9;2;1002;1002005;-;2;11;5;2;3;11;4;365;1
2022;9;2;1002;1002005;-;2;11;5;2;3;11;5;18000;1
2022;9;2;1002;1002007;-;2;5;3;2;3;11;1;22000;1
2022;9;2;1002;1002007;-;2;5;3;2;3;11;2;214500;2
2022;9;2;1002;1002007;-;2;5;3;2;3;11;4;2550;2
2022;9;2;1002;1002007;-;2;5;3;2;3;11;5;4000;2
2022;9;2;1002;1002007;-;2;5;5;2;3;11;2;469994;1
2022;9;2;1002;1002007;-;2;5;5;2;3;11;4;1400;1
2022;9;2;1002;1002007;-;2;5;5;2;3;11;5;15000;1
2022;9;2;1002;1002007;-;2;8;3;2;3;11;2;219200;1
2022;9;2;1002;1002007;-;2;8;3;2;3;11;4;180;1
2022;9;2;1002;1002007;-;2;8;3;2;3;11;5;16230;1
2022;9;2;1003;1003004;-;2;5;2;2;3;11;2;38950;1
2022;9;2;1003;1003004;-;2;5;2;2;3;11;4;510;1
2022;9;2;1003;1003004;-;2;5;2;2;3;11;5;3000;1
2022;9;2;1003;1003004;-;2;5;3;2;3;4;3;3200;1
2022;9;2;1003;1003004;-;2;5;3;2;3;4;4;200;1
2022;9;2;1003;1003004;-;2;5;3;2;3;4;5;350;1
2022;9;3;1004;1004004;-;2;5;5;2;3;11;3;13500;1
2022;9;5;1004;1004001;-;2;5;3;2;3;11;2;686863;3
2022;9;5;1004;1004001;-;2;5;3;2;3;11;4;3300;2
2022;9;5;1004;1004001;-;2;5;3;2;3;11;5;28200;2
2022;9;5;1004;1004001;-;2;5;6;2;3;11;1;1141523;1
2022;9;5;1004;1004001;-;2;5;6;2;3;11;4;10200;1
2022;9;5;1004;1004001;-;2;5;6;2;3;11;5;101240;1
2022;9;5;1004;1004001;-;2;8;4;2;3;11;2;126000;1
2022;9;5;1004;1004001;-;2;8;4;2;3;11;3;52500;1
2022;9;5;1004;1004001;-;2;8;4;2;3;11;4;750;1
2022;9;5;1004;1004001;-;2;8;4;2;3;11;5;10000;1
2022;9;5;1004;1004001;-;2;11;3;2;3;11;2;882818;3
2022;9;5;1004;1004001;-;2;11;3;2;3;11;4;2660;3
2022;9;5;1004;1004001;-;2;11;3;2;3;11;5;46450;3
2022;9;5;1004;1004001;-;2;11;4;2;3;11;2;414586;1
2022;9;5;1004;1004001;-;2;11;4;2;3;11;4;2100;1
2022;9;5;1004;1004001;-;2;11;4;2;3;11;5;10000;1
2022;9;6;1003;1003006;-;2;2;5;2;3;11;1;33297;1
2022;9;6;1003;1003006;-;2;2;5;2;3;11;3;3935191;1
2022;9;6;1003;1003006;-;2;8;4;2;3;11;2;144036;1
2022;9;6;1003;1003006;-;2;8;4;2;3;11;4;2450;1
2022;9;6;1003;1003006;-;2;8;4;2;3;11;5;13220;1
2022;9;8;1001;1001001;-;2;5;4;2;3;11;2;277552;1
2022;9;8;1001;1001001;-;2;5;4;2;3;11;4;600;1
2022;9;8;1001;1001001;-;2;5;4;2;3;11;5;14600;1
2022;9;8;1001;1001002;-;2;5;5;2;3;11;2;321447;1
2022;9;8;1001;1001002;-;2;5;5;2;3;11;5;91418;1
2022;9;12;1002;1002005;-;2;11;2;2;3;11;2;12500;1
2022;9;12;1002;1002005;-;2;11;2;2;3;11;4;895;1
2022;9;12;1002;1002005;-;2;11;2;2;3;11;5;8000;1
2022;9;12;1002;1002005;-;2;11;6;2;3;11;2;1223500;1
2022;9;12;1002;1002005;-;2;11;6;2;3;11;4;3500;1
2022;9;12;1002;1002005;-;2;11;6;2;3;11;5;65000;1
2022;9;12;1002;1002006;-;2;5;2;2;3;11;3;4000;1
2022;9;12;1002;1002006;-;2;5;4;2;3;11;2;1986158;1
2022;9;12;1002;1002006;-;2;5;4;2;3;11;4;3000;1
2022;9;12;1002;1002006;-;2;5;4;2;3;11;5;80000;1
2022;10;18;101;101002;-;2;5;2;2;3;11;3;29200;1
2022;10;18;101;101002;-;2;5;2;2;3;11;4;2190;1
2022;10;23;102;102005;-;2;5;2;2;3;4;4;50;1
2022;10;23;102;102005;-;2;5;2;2;3;4;10;20000;1
2022;10;24;102;102006;-;2;11;2;2;3;11;2;95230;1
2022;10;24;102;102006;-;2;11;2;2;3;11;4;1460;1
2022;10;24;102;102006;-;2;11;2;2;3;11;5;2860;1
2022;11;3;1101;1101006;-;2;11;2;2;3;11;2;220000;1
2022;11;3;1101;1101006;-;2;11;2;2;3;11;4;730;1
2022;11;3;1101;1101006;-;2;11;2;2;3;11;5;12000;1
2022;11;3;1102;1102005;-;1;2;2;2;3;11;2;559714;1
2022;11;3;1102;1102005;-;1;2;2;2;3;11;4;720;1
2022;11;3;1102;1102005;-;1;2;2;2;3;11;5;5700;1
2022;11;3;1102;1102005;-;2;5;2;2;3;11;2;6000;1
2022;11;3;1102;1102005;-;2;5;2;2;3;11;4;300;1
2022;11;3;1102;1102005;-;2;5;2;2;3;11;5;2000;1
2022;11;3;1104;1104002;-;2;5;2;2;3;11;1;109500;1
2022;11;3;1104;1104002;-;2;5;2;2;3;11;4;365;1
2022;11;4;1103;1103004;-;2;5;4;2;3;11;2;100000;1
2022;11;4;1103;1103005;-;2;12;5;2;3;11;2;2106556;1
2022;11;4;1103;1103005;-;2;12;5;2;3;11;5;43170;1
2022;11;4;1104;1104005;-;2;2;7;2;3;11;2;1967502;1
2022;11;4;1104;1104005;-;2;2;7;2;3;11;4;4840;1
2022;11;4;1104;1104005;-;2;2;7;2;3;11;5;189140;1
2022;11;4;1104;1104005;-;2;5;5;2;3;11;2;1117568;1
2022;11;4;1104;1104005;-;2;5;5;2;3;11;4;200;1
2022;11;4;1104;1104005;-;2;5;5;2;3;11;5;45000;1
2022;11;4;1104;1104005;-;2;11;3;2;3;11;2;93007;1
2022;11;4;1104;1104005;-;2;11;3;2;3;11;5;5280;1
2022;11;4;1104;1104006;-;2;5;2;2;3;11;2;52500;1
2022;11;4;1104;1104006;-;2;5;2;2;3;11;4;280;1
2022;11;4;1104;1104006;-;2;5;2;2;3;11;5;6000;1
2022;11;4;1104;1104006;-;2;5;4;2;3;11;2;1348538;1
2022;11;4;1104;1104006;-;2;5;4;2;3;11;4;1650;1
2022;11;4;1104;1104006;-;2;5;4;2;3;11;5;60000;1
2022;11;4;1104;1104006;-;2;5;5;2;3;11;2;834157;1
2022;11;4;1104;1104006;-;2;5;5;2;3;11;4;1200;1
2022;11;4;1104;1104006;-;2;5;5;2;3;11;5;40000;1
2022;11;4;1104;1104006;-;2;8;7;2;3;11;2;2274279;1
2022;11;4;1104;1104006;-;2;8;7;2;3;11;4;9488;1
2022;11;4;1104;1104006;-;2;8;7;2;3;11;5;47435;1
2022;11;4;1104;1104006;-;2;12;5;2;3;11;2;1200000;1
2022;11;4;1104;1104006;-;2;12;5;2;3;11;4;1000;1
2022;11;4;1105;1105001;-;1;1;7;2;3;11;2;767417;1
2022;11;4;1105;1105001;-;1;1;7;2;3;11;5;30000;1
2022;11;4;1105;1105001;-;2;1;3;2;3;11;2;40695;1
2022;11;4;1105;1105001;-;2;5;2;2;3;11;1;90000;1
2022;11;4;1105;1105001;-;2;5;2;2;3;11;4;3500;1
2022;11;4;1105;1105001;-;2;5;2;2;3;11;5;1000;1
2022;11;4;1105;1105001;-;2;5;3;2;3;11;2;522000;2
2022;11;4;1105;1105001;-;2;5;3;2;3;11;4;665;2
2022;11;4;1105;1105001;-;2;5;3;2;3;11;5;12000;1
2022;11;4;1105;1105001;-;2;5;4;2;3;11;1;349293;2
2022;11;4;1105;1105001;-;2;5;4;2;3;11;2;1222946;2
2022;11;4;1105;1105001;-;2;5;4;2;3;11;4;23100;4
2022;11;4;1105;1105001;-;2;5;4;2;3;11;5;18400;4
2022;11;4;1105;1105001;-;2;11;3;2;3;11;2;62500;1
2022;11;4;1105;1105001;-;2;11;3;2;3;11;4;730;1
2022;11;4;1105;1105001;-;2;11;3;2;3;11;5;1460;1
2022;11;4;1105;1105001;-;2;11;4;2;3;11;2;642202;1
2022;11;4;1105;1105001;-;2;11;4;2;3;11;4;1500;1
2022;11;4;1105;1105001;-;2;11;4;2;3;11;5;20500;1
2022;11;4;1105;1105001;-;2;12;5;2;3;11;2;77970;1
2022;11;4;1105;1105002;-;2;5;2;2;3;11;1;54000;1
2022;11;4;1105;1105002;-;2;5;2;2;3;11;4;720;1
2022;11;4;1105;1105002;-;2;5;2;2;3;11;5;3500;1
2022;11;4;1105;1105002;-;2;5;3;2;3;11;2;300000;1
2022;11;4;1105;1105002;-;2;5;3;2;3;11;5;1100;1
2022;11;4;1105;1105002;-;2;5;4;2;3;11;2;120000;1
2022;11;4;1105;1105002;-;2;5;4;2;3;11;4;1000;1
2022;11;4;1105;1105002;-;2;5;4;2;3;11;5;600;1
2022;11;4;1105;1105002;-;2;8;2;2;3;11;2;73000;1
2022;11;4;1105;1105002;-;2;8;2;2;3;11;4;730;1
2022;11;4;1105;1105002;-;2;8;2;2;3;11;5;7300;1
2022;11;4;1105;1105002;-;2;8;3;2;3;11;2;472314;1
2022;11;4;1105;1105002;-;2;8;3;2;3;11;4;730;1
2022;11;4;1105;1105002;-;2;11;2;2;3;11;2;146160;1
2022;11;4;1105;1105002;-;2;11;2;2;3;11;4;730;1
2022;11;4;1105;1105002;-;2;11;2;2;3;11;5;4500;1
2022;11;4;1105;1105002;-;2;11;3;2;3;11;2;400000;1
2022;11;4;1105;1105002;-;2;11;3;2;3;11;4;1825;1
2022;11;4;1105;1105002;-;2;11;3;2;3;11;5;16000;1
2022;11;4;1105;1105002;-;2;14;3;2;3;11;2;300000;1
2022;11;4;1105;1105002;-;2;14;3;2;3;11;4;2000;1
2022;11;4;1105;1105002;-;2;14;3;2;3;11;5;8000;1
2022;11;4;1105;1105002;-;2;14;4;2;3;11;2;333901;1
2022;11;4;1105;1105002;-;2;14;4;2;3;11;4;750;1
2022;11;4;1105;1105002;-;2;14;4;2;3;11;5;16560;1
2022;11;5;1102;1102002;-;2;5;5;2;3;11;2;830000;1
2022;11;5;1102;1102002;-;2;5;5;2;3;11;4;1200;1
2022;11;5;1102;1102002;-;2;5;5;2;3;11;5;19000;1
2022;11;5;1103;1103004;-;1;5;3;2;3;11;2;24180;1
2022;11;5;1103;1103004;-;1;5;3;2;3;11;4;730;1
2022;11;5;1104;1104001;-;2;5;4;2;3;11;2;1618000;1
2022;11;5;1104;1104001;-;2;5;4;2;3;11;4;2500;1
2022;11;5;1104;1104001;-;2;5;4;2;3;11;5;60000;1
2022;11;5;1104;1104001;-;2;8;7;2;3;11;2;737692;1
2022;11;5;1104;1104001;-;2;8;7;2;3;11;4;2500;1
2022;11;5;1104;1104001;-;2;8;7;2;3;11;5;23000;1
2022;11;5;1104;1104002;-;2;5;3;2;3;11;2;150000;1
2022;11;5;1104;1104002;-;2;5;3;2;3;11;4;365;1
2022;11;5;1104;1104002;-;2;5;3;2;3;11;5;14000;1
2022;11;5;1104;1104002;-;2;5;4;2;3;11;2;1416496;3
2022;11;5;1104;1104002;-;2;5;4;2;3;11;4;1685;3
2022;11;5;1104;1104002;-;2;5;4;2;3;11;5;46615;2
2022;11;5;1104;1104002;-;2;5;5;2;3;11;2;892757;1
2022;11;5;1104;1104002;-;2;5;5;2;3;11;4;2100;1
2022;11;5;1104;1104002;-;2;5;5;2;3;11;5;28000;1
2022;11;5;1104;1104002;-;2;11;3;2;3;11;2;25000;1
2022;11;5;1104;1104002;-;2;11;3;2;3;11;5;900;1
2022;11;5;1104;1104002;-;2;11;4;2;3;11;2;1164785;3
2022;11;5;1104;1104002;-;2;11;4;2;3;11;4;2300;3
2022;11;5;1104;1104002;-;2;11;4;2;3;11;5;32000;3
2022;11;5;1104;1104002;-;2;11;6;2;3;11;2;4063255;1
2022;11;5;1104;1104002;-;2;11;6;2;3;11;4;6000;1
2022;11;5;1104;1104002;-;2;11;6;2;3;11;5;170000;1
2022;11;5;1104;1104002;-;2;12;5;2;3;11;2;1402741;1
2022;11;5;1104;1104002;-;2;12;5;2;3;11;5;40800;1
2022;11;5;1105;1105001;-;2;5;3;2;3;11;1;401500;1
2022;11;5;1105;1105001;-;2;5;3;2;3;11;4;1800;1
2022;11;5;1105;1105001;-;2;5;3;2;3;11;5;3000;1
2022;11;5;1105;1105002;-;2;5;4;2;3;11;2;1034780;2
2022;11;5;1105;1105002;-;2;5;4;2;3;11;4;3900;2
2022;11;5;1105;1105002;-;2;5;4;2;3;11;5;26800;1
2022;11;5;1105;1105002;-;2;11;3;2;3;11;2;165405;1
2022;11;5;1105;1105002;-;2;11;3;2;3;11;4;350;1
2022;11;5;1105;1105002;-;2;11;3;2;3;11;5;6500;1
2022;11;5;1105;1105002;-;2;13;5;2;3;11;2;1112866;1
2022;11;5;1105;1105002;-;2;13;5;2;3;11;4;2300;1
2022;11;5;1105;1105002;-;2;13;5;2;3;11;5;32000;1
2022;11;6;0;0;-;18;5;1;1;1;11;2;72000;1
2022;11;6;0;0;-;18;5;1;1;1;11;4;1080;1
2022;11;6;1101;1101004;-;1;5;2;2;3;11;3;50000;1
2022;11;6;1101;1101004;-;1;5;2;2;3;11;4;300;1
2022;11;6;1101;1101004;-;1;5;2;2;3;11;5;1000;1
2022;11;6;1101;1101004;-;1;5;5;1;1;11;3;144000;1
2022;11;6;1101;1101004;-;1;5;5;1;1;11;5;365;1
2022;11;6;1101;1101004;-;1;5;5;2;3;4;3;140000;1
2022;11;6;1101;1101004;-;1;5;5;2;3;4;4;800;1
2022;11;6;1101;1101004;-;1;5;5;2;3;4;5;1200;1
2022;11;6;1101;1101004;-;1;8;6;2;3;11;2;1744292;1
2022;11;6;1101;1101004;-;1;8;6;2;3;11;4;3000;1
2022;11;6;1101;1101004;-;1;8;6;2;3;11;5;48720;1
2022;11;6;1101;1101004;-;2;5;3;2;3;11;3;240000;1
2022;11;6;1101;1101004;-;2;5;4;2;3;11;2;165164;1
2022;11;6;1101;1101004;-;2;5;4;2;3;11;4;730;1
2022;11;6;1101;1101004;-;2;5;5;2;3;11;2;91250;1
2022;11;6;1101;1101004;-;2;5;5;2;3;11;4;240;1
2022;11;6;1101;1101004;-;2;5;5;2;3;11;5;25550;1
2022;11;6;1101;1101004;-;2;11;4;2;3;11;2;201000;1
2022;11;6;1101;1101004;-;2;11;4;2;3;11;4;1400;1
2022;11;6;1101;1101004;-;2;11;4;2;3;11;5;15000;1
2022;11;6;1101;1101005;-;1;2;9;2;3;11;2;4652071;1
2022;11;6;1101;1101005;-;1;2;9;2;3;11;4;9125;1
2022;11;6;1101;1101005;-;1;2;9;2;3;11;5;165319;1
2022;11;6;1101;1101005;-;2;5;4;2;3;11;2;193242;1
2022;11;6;1101;1101005;-;2;5;4;2;3;11;4;3000;1
2022;11;6;1101;1101005;-;2;5;4;2;3;11;5;25550;1
2022;11;6;1101;1101005;-;2;5;5;2;3;11;2;400000;1
2022;11;6;1101;1101005;-;2;5;5;2;3;11;4;1500;1
2022;11;6;1101;1101005;-;2;5;5;2;3;11;5;43000;1
2022;11;6;1101;1101005;-;2;11;5;2;3;11;2;1159890;1
2022;11;6;1101;1101005;-;2;11;5;2;3;11;4;300;1
2022;11;6;1101;1101005;-;2;11;5;2;3;11;5;12480;1
2022;11;6;1101;1101005;-;3;11;5;2;3;11;3;90000;1
2022;11;6;1101;1101005;-;3;11;5;2;3;11;4;20;1
2022;11;6;1101;1101005;-;3;11;5;2;3;11;5;3650;1
2022;11;6;1101;1101006;-;1;5;5;2;3;11;1;89300;1
2022;11;6;1101;1101006;-;1;5;5;2;3;11;4;1000;1
2022;11;6;1101;1101006;-;1;5;5;2;3;11;5;4500;1
2022;11;6;1101;1101006;-;1;8;5;2;3;11;2;100902;1
2022;11;6;1101;1101006;-;1;8;5;2;3;11;4;1000;1
2022;11;6;1101;1101006;-;1;8;5;2;3;11;5;9000;1
2022;11;6;1101;1101006;-;2;5;4;2;3;11;2;588782;2
2022;11;6;1101;1101006;-;2;5;4;2;3;11;4;2000;2
2022;11;6;1101;1101006;-;2;5;4;2;3;11;5;101800;2
2022;11;6;1101;1101006;-;2;5;6;2;3;11;2;680000;1
2022;11;6;1101;1101006;-;2;5;6;2;3;11;4;1000;1
2022;11;6;1101;1101006;-;2;5;6;2;3;11;5;18000;1
2022;11;6;1101;1101006;-;2;8;4;2;3;11;2;214000;1
2022;11;6;1101;1101006;-;2;8;4;2;3;11;4;780;1
2022;11;6;1101;1101006;-;2;8;4;2;3;11;5;18000;1
2022;11;6;1101;1101006;-;2;11;4;2;3;11;2;254328;1
2022;11;6;1101;1101006;-;2;11;4;2;3;11;4;1500;1
2022;11;6;1102;1102001;-;1;5;5;2;3;11;2;30000;1
2022;11;6;1102;1102001;-;1;5;5;2;3;11;3;30000;1
2022;11;6;1102;1102001;-;1;5;5;2;3;11;4;1000;1
2022;11;6;1102;1102001;-;1;5;5;2;3;11;5;2000;1
2022;11;6;1102;1102002;-;2;5;2;2;3;11;2;370461;1
2022;11;6;1102;1102002;-;2;5;2;2;3;11;4;2400;1
2022;11;6;1102;1102002;-;2;5;2;2;3;11;5;30000;1
2022;11;6;1102;1102002;-;2;11;3;2;3;11;2;112404;1
2022;11;6;1102;1102002;-;2;11;3;2;3;11;4;360;1
2022;11;6;1102;1102002;-;2;11;3;2;3;11;5;600;1
2022;11;6;1103;1103003;-;2;5;4;2;3;11;2;54000;1
2022;11;6;1103;1103003;-;2;5;4;2;3;11;4;720;1
2022;11;6;1103;1103003;-;2;5;4;2;3;11;5;7200;1
2022;11;7;0;0;-;63;2;1;1;1;11;1;21000;1
2022;11;7;0;0;-;63;2;1;1;1;11;2;270000;1
2022;11;7;0;0;-;63;2;1;1;1;11;4;1500;1
2022;11;7;0;0;-;63;2;1;1;1;11;5;15000;1
2022;11;7;1101;1101001;-;1;9;7;2;3;11;2;1133288;1
2022;11;7;1101;1101001;-;1;9;7;2;3;11;4;5000;1
2022;11;7;1101;1101001;-;1;9;7;2;3;11;5;125000;1
2022;11;7;1101;1101001;-;2;5;4;2;3;11;2;184440;2
2022;11;7;1101;1101001;-;2;5;4;2;3;11;4;2990;2
2022;11;7;1101;1101001;-;2;5;4;2;3;11;5;11000;1
2022;11;7;1101;1101001;-;2;14;5;2;3;11;2;510206;1
2022;11;7;1101;1101001;-;2;14;5;2;3;11;4;4015;1
2022;11;7;1101;1101001;-;2;14;5;2;3;11;5;36000;1
2022;11;7;1101;1101002;-;1;5;3;2;3;11;2;403741;1
2022;11;7;1101;1101002;-;1;5;3;2;3;11;4;1200;1
2022;11;7;1101;1101002;-;1;5;3;2;3;11;5;1200;1
2022;11;7;1101;1101002;-;1;5;4;2;3;11;2;55000;1
2022;11;7;1101;1101002;-;1;5;4;2;3;11;4;700;1
2022;11;7;1101;1101002;-;1;5;4;2;3;11;5;5300;1
2022;11;7;1101;1101002;-;1;5;5;2;3;11;2;170000;1
2022;11;7;1101;1101002;-;1;5;5;2;3;11;4;1500;1
2022;11;7;1101;1101002;-;1;11;3;2;3;11;1;23725;1
2022;11;7;1101;1101002;-;1;11;3;2;3;11;2;21000;1
2022;11;7;1101;1101002;-;1;11;3;2;3;11;4;730;1
2022;11;7;1101;1101002;-;2;5;2;2;3;4;4;1000;1
2022;11;7;1101;1101002;-;2;5;2;2;3;4;5;1900;1
2022;11;7;1101;1101002;-;2;5;3;2;3;11;2;293547;2
2022;11;7;1101;1101002;-;2;5;3;2;3;11;4;3965;2
2022;11;7;1101;1101002;-;2;5;3;2;3;11;5;36000;1
2022;11;7;1101;1101002;-;2;11;5;2;3;11;2;216000;1
2022;11;7;1101;1101002;-;2;11;5;2;3;11;4;2000;1
2022;11;7;1101;1101002;-;2;11;5;2;3;11;5;25000;1
2022;11;7;1101;1101002;-;16;5;5;4;4;11;1;21000;1
2022;11;7;1101;1101002;-;16;5;5;4;4;11;2;270000;1
2022;11;7;1101;1101002;-;16;5;5;4;4;11;4;1500;1
2022;11;7;1101;1101002;-;16;5;5;4;4;11;5;15000;1
2022;11;8;1101;1101002;-;2;14;5;2;3;11;2;2379560;1
2022;11;8;1101;1101002;-;2;14;5;2;3;11;4;1500;1
2022;11;8;1101;1101002;-;2;14;5;2;3;11;5;36500;1
2022;11;8;1102;1102007;-;16;5;6;2;3;11;2;60000;1
2022;11;9;1102;1102007;-;2;13;6;2;3;11;2;1374478;1
2022;11;9;1102;1102007;-;2;13;6;2;3;11;4;2740;1
2022;11;9;1102;1102007;-;2;13;6;2;3;11;5;36000;1
2022;11;10;1103;1103003;-;2;5;3;2;3;11;1;24100;1
2022;11;10;1103;1103003;-;2;5;3;2;3;11;4;800;1
2022;11;10;1103;1103003;-;2;5;3;2;3;11;5;4800;1
2022;11;11;1102;1102008;-;1;5;5;2;3;11;3;9220;2
2022;11;11;1102;1102008;-;1;5;5;2;3;11;4;45;1
2022;11;11;1102;1102008;-;1;5;5;2;3;11;5;120;1
2022;11;12;1105;1105002;-;1;5;3;2;3;11;1;216000;1
2022;11;12;1105;1105002;-;1;5;3;2;3;11;4;2000;1
2022;11;12;1105;1105002;-;1;5;3;2;3;11;5;19600;1
2022;11;12;1105;1105002;-;1;5;5;2;3;11;2;220350;1
2022;11;12;1105;1105002;-;1;5;5;2;3;11;4;1420;1
2022;11;12;1105;1105002;-;1;5;5;2;3;11;5;25520;1
2022;11;12;1105;1105002;-;2;5;2;2;3;11;2;150260;1
2022;11;12;1105;1105002;-;2;5;2;2;3;11;4;1050;1
2022;11;12;1105;1105002;-;2;5;2;2;3;11;5;4250;1
2022;11;12;1105;1105002;-;2;5;4;2;3;11;2;110000;1
2022;11;12;1105;1105002;-;2;5;4;2;3;11;5;1095;1
2022;11;12;1105;1105002;-;2;5;6;2;3;11;2;1117568;1
2022;11;12;1105;1105002;-;2;5;6;2;3;11;4;350;1
2022;11;12;1105;1105002;-;2;5;6;2;3;11;5;44800;1
2022;11;12;1105;1105002;-;2;11;2;2;3;11;2;356400;2
2022;11;12;1105;1105002;-;2;11;2;2;3;11;4;900;2
2022;11;12;1105;1105002;-;2;11;2;2;3;11;5;20640;2
2022;12;3;1203;1203003;-;2;5;3;2;3;11;2;144167;1
2022;12;3;1203;1203003;-;2;5;3;2;3;11;4;200;1
2022;12;3;1203;1203003;-;2;5;3;2;3;11;5;1500;1
2022;12;3;1203;1203003;-;2;5;5;2;3;11;2;395386;1
2022;12;3;1203;1203003;-;2;5;5;2;3;11;4;6000;1
2022;12;3;1203;1203003;-;2;5;5;2;3;11;5;25000;1
2022;12;3;1203;1203003;-;63;5;1;1;1;11;2;153300;1
2022;12;3;1203;1203003;-;63;5;1;1;1;11;4;1095;1
2022;12;3;1203;1203003;-;63;5;1;1;1;11;5;4900;1
2022;12;3;1203;1203004;-;1;5;3;2;3;11;1;36500;1
2022;12;3;1203;1203004;-;1;5;3;2;3;11;4;730;1
2022;12;3;1203;1203004;-;1;5;3;2;3;11;5;15400;1
2022;12;3;1203;1203004;-;1;8;4;2;3;11;2;270365;1
2022;12;3;1203;1203004;-;1;8;4;2;3;11;4;1080;1
2022;12;3;1203;1203004;-;1;8;4;2;3;11;5;18000;1
2022;12;3;1203;1203004;-;1;11;4;2;3;11;3;106500;1
2022;12;3;1203;1203004;-;1;11;4;2;3;11;4;3200;1
2022;12;3;1203;1203004;-;1;11;4;2;3;11;5;10500;1
2022;12;3;1203;1203004;-;2;5;3;2;3;11;3;60000;1
2022;12;3;1203;1203004;-;2;5;3;2;3;11;4;730;1
2022;12;3;1203;1203004;-;2;5;3;2;3;11;5;1800;1
2022;12;3;1203;1203004;-;2;5;4;2;3;11;2;639647;2
2022;12;3;1203;1203004;-;2;5;4;2;3;11;4;2400;2
2022;12;3;1203;1203004;-;2;5;4;2;3;11;5;39800;2
2022;12;3;1203;1203004;-;2;5;5;2;3;11;2;112500;1
2022;12;3;1203;1203004;-;2;5;5;2;3;11;4;1200;1
2022;12;3;1203;1203004;-;2;5;5;2;3;11;5;15000;1
2022;12;3;1203;1203004;-;2;11;3;2;3;11;2;39950;1
2022;12;3;1203;1203004;-;2;11;3;2;3;11;4;700;1
2022;12;3;1203;1203004;-;2;11;3;2;3;11;5;5000;1
2022;12;3;1203;1203004;-;2;11;7;2;3;11;2;3079963;1
2022;12;3;1203;1203004;-;2;11;7;2;3;11;4;12000;1
2022;12;3;1203;1203004;-;2;11;7;2;3;11;5;192000;1
2022;12;3;1203;1203004;-;2;12;5;2;3;11;2;1140905;1
2022;12;3;1203;1203004;-;2;12;5;2;3;11;4;6000;1
2022;12;3;1203;1203004;-;2;12;5;2;3;11;5;30000;1
2022;12;3;1203;1203005;-;2;1;5;2;3;11;2;181014;1
2022;12;3;1203;1203005;-;2;1;5;2;3;11;4;3993;1
2022;12;3;1203;1203005;-;2;1;5;2;3;11;5;14032;1
2022;12;3;1203;1203005;-;2;5;2;2;3;11;1;83630;1
2022;12;3;1203;1203005;-;2;5;2;2;3;11;2;62339;1
2022;12;3;1203;1203005;-;2;5;2;2;3;11;4;1460;2
2022;12;3;1203;1203005;-;2;5;2;2;3;11;5;6600;2
2022;12;3;1203;1203005;-;2;5;3;2;3;11;1;43405;2
2022;12;3;1203;1203005;-;2;5;3;2;3;11;2;1302590;8
2022;12;3;1203;1203005;-;2;5;3;2;3;11;4;10110;8
2022;12;3;1203;1203005;-;2;5;3;2;3;11;5;70180;8
2022;12;3;1203;1203005;-;2;5;4;2;3;11;2;1278697;6
2022;12;3;1203;1203005;-;2;5;4;2;3;11;4;7232;6
2022;12;3;1203;1203005;-;2;5;4;2;3;11;5;30820;5
2022;12;3;1203;1203005;-;2;8;2;2;3;11;2;251850;2
2022;12;3;1203;1203005;-;2;8;2;2;3;11;4;2190;2
2022;12;3;1203;1203005;-;2;8;2;2;3;11;5;15720;2
2022;12;3;1203;1203005;-;2;8;3;2;3;11;2;713312;3
2022;12;3;1203;1203005;-;2;8;3;2;3;11;4;1700;2
2022;12;3;1203;1203005;-;2;8;3;2;3;11;5;22500;3
2022;12;3;1203;1203005;-;2;8;4;2;3;11;2;1100651;2
2022;12;3;1203;1203005;-;2;8;4;2;3;11;4;3800;2
2022;12;3;1203;1203005;-;2;8;4;2;3;11;5;24000;2
2022;12;3;1203;1203005;-;2;8;5;2;3;11;2;2042710;1
2022;12;3;1203;1203005;-;2;8;5;2;3;11;4;4015;1
2022;12;3;1203;1203005;-;2;8;5;2;3;11;5;41937;1
2022;12;3;1203;1203005;-;2;11;3;2;3;11;2;300000;1
2022;12;3;1203;1203005;-;2;11;3;2;3;11;3;92500;1
2022;12;3;1203;1203005;-;2;11;3;2;3;11;4;2000;2
2022;12;3;1203;1203005;-;2;11;3;2;3;11;5;31500;2
2022;12;3;1203;1203005;-;2;11;4;2;3;11;2;3832170;2
2022;12;3;1203;1203005;-;2;11;4;2;3;11;4;10520;2
2022;12;3;1203;1203005;-;2;11;4;2;3;11;5;85000;2
2022;12;3;1203;1203005;-;2;12;4;2;3;11;2;407911;1
2022;12;3;1203;1203005;-;2;12;4;2;3;11;4;3350;1
2022;12;3;1203;1203005;-;2;12;4;2;3;11;5;21600;1
2022;12;3;1203;1203005;-;16;5;3;3;4;11;2;153300;1
2022;12;3;1203;1203005;-;16;5;3;3;4;11;4;1095;1
2022;12;3;1203;1203005;-;16;5;3;3;4;11;5;3600;1
2022;12;4;0;0;-;63;5;1;1;1;11;3;34500;1
2022;12;4;0;0;-;63;5;1;1;1;11;4;700;1
2022;12;4;0;0;-;63;5;1;1;1;11;5;3450;1
2022;12;4;1203;1203003;-;2;14;7;2;3;11;2;4554962;1
2022;12;4;1203;1203003;-;2;14;7;2;3;11;4;3500;1
2022;12;4;1203;1203003;-;2;14;7;2;3;11;5;75000;1
2022;12;4;1203;1203004;-;2;11;7;2;3;11;2;3746670;1
2022;12;4;1203;1203004;-;2;11;7;2;3;11;4;7300;1
2022;12;4;1203;1203004;-;2;11;7;2;3;11;5;65000;1
2022;12;5;1201;1201001;-;1;11;3;2;3;11;3;40;1
2022;12;5;1201;1201001;-;1;11;3;2;3;11;5;20;1
2022;12;5;1201;1201001;-;2;5;2;2;3;11;2;520180;3
2022;12;5;1201;1201001;-;2;5;2;2;3;11;4;1810;2
2022;12;5;1201;1201001;-;2;5;2;2;3;11;5;20000;1
2022;12;5;1201;1201001;-;2;5;3;2;3;11;2;300000;1
2022;12;5;1201;1201001;-;2;5;3;2;3;11;4;5000;1
2022;12;5;1201;1201001;-;2;5;3;2;3;11;5;15000;1
2022;12;5;1201;1201001;-;2;5;4;2;3;11;2;1030654;2
2022;12;5;1201;1201001;-;2;5;4;2;3;11;4;660;2
2022;12;5;1201;1201001;-;2;5;4;2;3;11;5;13800;2
2022;12;5;1201;1201001;-;2;8;4;2;3;11;2;299482;1
2022;12;5;1201;1201001;-;2;8;4;2;3;11;4;500;1
2022;12;5;1201;1201001;-;2;8;4;2;3;11;5;30000;1
2022;12;5;1201;1201001;-;2;11;3;2;3;11;2;195603;1
2022;12;5;1201;1201001;-;2;11;3;2;3;11;3;49300;1
2022;12;5;1201;1201001;-;2;11;3;2;3;11;4;1300;2
2022;12;5;1201;1201001;-;2;11;3;2;3;11;5;7500;2
2022;12;5;1201;1201002;-;1;5;4;2;3;11;1;238792;2
2022;12;5;1201;1201002;-;1;5;4;2;3;11;4;2800;2
2022;12;5;1201;1201002;-;1;5;4;2;3;11;5;6100;2
2022;12;5;1201;1201002;-;1;11;6;2;3;11;2;1879817;1
2022;12;5;1201;1201002;-;1;11;6;2;3;11;4;2000;1
2022;12;5;1201;1201002;-;1;11;6;2;3;11;5;17000;1
2022;12;5;1201;1201002;-;2;5;3;2;3;11;2;231240;1
2022;12;5;1201;1201002;-;2;5;3;2;3;11;4;1280;1
2022;12;5;1201;1201002;-;2;5;3;2;3;11;5;28510;1
2022;12;5;1201;1201002;-;2;5;4;2;3;11;2;1664893;4
2022;12;5;1201;1201002;-;2;5;4;2;3;11;4;4400;3
2022;12;5;1201;1201002;-;2;5;4;2;3;11;5;80000;3
2022;12;5;1201;1201002;-;2;5;5;2;3;11;1;2200000;1
2022;12;5;1201;1201002;-;2;5;5;2;3;11;2;1482482;1
2022;12;5;1201;1201002;-;2;5;5;2;3;11;4;5025;2
2022;12;5;1201;1201002;-;2;5;5;2;3;11;5;90758;2
2022;12;5;1201;1201002;-;2;11;4;2;3;11;2;581390;1
2022;12;5;1201;1201002;-;2;11;4;2;3;11;4;2160;1
2022;12;5;1201;1201002;-;2;11;4;2;3;11;5;21900;1
2022;12;5;1201;1201002;-;3;5;4;2;3;11;2;168143;1
2022;12;5;1201;1201002;-;63;5;1;1;1;11;2;216000;1
2022;12;5;1201;1201002;-;63;5;1;1;1;11;4;250;1
2022;12;5;1201;1201002;-;63;5;1;1;1;11;5;8500;1
2022;12;5;1201;1201002;-;63;11;1;1;1;11;3;172500;1
2022;12;5;1201;1201002;-;63;11;1;1;1;11;4;700;1
2022;12;5;1201;1201002;-;63;11;1;1;1;11;5;11270;1
2022;12;5;1201;1201003;-;2;2;5;2;3;11;2;1270008;1
2022;12;5;1201;1201003;-;2;2;5;2;3;11;4;7350;1
2022;12;5;1201;1201003;-;2;2;5;2;3;11;5;131000;1
2022;12;5;1201;1201003;-;2;5;4;2;3;11;2;3450286;2
2022;12;5;1201;1201003;-;2;5;4;2;3;11;4;8770;2
2022;12;5;1201;1201003;-;2;5;4;2;3;11;5;93290;2
2022;12;5;1201;1201003;-;2;5;5;2;3;11;1;1195183;1
2022;12;5;1201;1201003;-;2;5;5;2;3;11;2;2325245;2
2022;12;5;1201;1201003;-;2;5;5;2;3;11;4;8480;3
2022;12;5;1201;1201003;-;2;5;5;2;3;11;5;148800;3
2022;12;5;1201;1201003;-;2;9;6;2;3;11;2;4090299;1
2022;12;5;1201;1201003;-;2;9;6;2;3;11;4;3803;1
2022;12;5;1201;1201003;-;2;9;6;2;3;11;5;229008;1
2022;12;5;1201;1201003;-;2;11;2;2;3;11;3;112700;1
2022;12;5;1201;1201003;-;2;11;2;2;3;11;4;700;1
2022;12;5;1201;1201003;-;2;11;2;2;3;11;5;11270;1
2022;12;5;1201;1201003;-;2;12;2;1;1;11;2;1283182;1
2022;12;5;1201;1201003;-;2;12;2;1;1;11;4;1800;1
2022;12;5;1201;1201003;-;18;5;1;1;1;11;2;135000;1
2022;12;5;1201;1201003;-;18;5;1;1;1;11;4;360;1
2022;12;5;1201;1201003;-;18;5;1;1;1;11;5;15000;1
2022;12;5;1203;1203003;-;2;5;3;2;3;11;1;114000;1
2022;12;5;1203;1203003;-;2;5;3;2;3;11;5;1200;1
2022;12;6;1201;1201004;-;2;5;4;2;3;11;1;300000;1
2022;12;6;1201;1201004;-;2;5;4;2;3;11;4;1200;1
2022;12;6;1201;1201004;-;2;5;4;2;3;11;5;12000;1
2022;12;6;1201;1201004;-;2;8;3;2;3;11;2;724547;1
2022;12;6;1201;1201004;-;2;8;3;2;3;11;4;1000;1
2022;12;6;1201;1201004;-;2;8;3;2;3;11;5;7300;1
2022;12;6;1201;1201005;-;1;5;3;2;3;11;1;333925;1
2022;12;6;1201;1201005;-;1;5;3;2;3;11;4;2000;1
2022;12;6;1201;1201005;-;1;5;3;2;3;11;5;10000;1
2022;12;6;1201;1201005;-;2;3;7;2;3;11;2;3916337;1
2022;12;6;1201;1201005;-;2;3;7;2;3;11;4;1800;1
2022;12;6;1201;1201005;-;2;3;7;2;3;11;5;146750;1
2022;12;6;1201;1201005;-;2;12;5;2;3;11;2;2347744;1
2022;12;6;1201;1201005;-;2;12;5;2;3;11;4;4193;1
2022;12;6;1201;1201005;-;2;12;5;2;3;11;5;91708;1
2022;12;6;1202;1202004;-;2;11;6;2;3;11;2;1020706;1
2022;12;6;1202;1202004;-;2;11;6;2;3;11;4;3650;1
2022;12;6;1202;1202004;-;2;11;6;2;3;11;5;43800;1
2022;12;7;1201;1201004;-;2;5;6;2;3;11;2;2368820;1
2022;12;7;1201;1201004;-;2;5;6;2;3;11;4;3630;1
2022;12;7;1201;1201004;-;2;5;6;2;3;11;5;115850;1
2022;12;7;1201;1201004;-;2;13;4;2;3;11;2;241101;1
2022;12;7;1201;1201004;-;2;13;4;2;3;11;4;1200;1
2022;12;7;1201;1201004;-;2;13;4;2;3;11;5;1000;1
2022;12;11;1202;1202004;-;1;5;5;2;3;11;2;725726;1
2022;12;11;1202;1202004;-;1;5;5;2;3;11;4;900;1
2022;12;11;1202;1202004;-;1;5;5;2;3;11;5;24850;1
2022;12;11;1202;1202004;-;2;3;5;2;3;11;2;1796985;1
2022;12;11;1202;1202004;-;2;3;5;2;3;11;4;7000;1
2022;12;11;1202;1202004;-;2;3;5;2;3;11;5;102000;1
2022;12;11;1202;1202004;-;2;5;3;2;3;11;2;861174;2
2022;12;11;1202;1202004;-;2;5;3;2;3;11;4;968;2
2022;12;11;1202;1202004;-;2;5;3;2;3;11;5;10750;2
2022;12;11;1202;1202004;-;2;5;4;2;3;11;2;3106724;5
2022;12;11;1202;1202004;-;2;5;4;2;3;11;4;9150;4
2022;12;11;1202;1202004;-;2;5;4;2;3;11;5;75995;5
2022;12;11;1202;1202004;-;2;5;5;2;3;11;2;2823027;2
2022;12;11;1202;1202004;-;2;5;5;2;3;11;4;3615;2
2022;12;11;1202;1202004;-;2;5;5;2;3;11;5;54000;2
2022;12;11;1202;1202004;-;2;8;4;2;3;11;2;2331987;1
2022;12;11;1202;1202004;-;2;8;4;2;3;11;4;5475;1
2022;12;11;1202;1202004;-;2;8;4;2;3;11;5;33174;1
2022;12;11;1202;1202004;-;2;8;5;2;3;11;2;1298264;2
2022;12;11;1202;1202004;-;2;8;5;2;3;11;4;3800;2
2022;12;11;1202;1202004;-;2;8;5;2;3;11;5;79178;2
2022;12;11;1202;1202004;-;2;11;4;2;3;11;2;4441647;5
2022;12;11;1202;1202004;-;2;11;4;2;3;11;4;6343;5
2022;12;11;1202;1202004;-;2;11;4;2;3;11;5;148027;5
2022;12;11;1202;1202004;-;2;11;5;2;3;11;2;1067242;1
2022;12;11;1202;1202004;-;2;11;5;2;3;11;4;2520;1
2022;12;11;1202;1202004;-;2;11;5;2;3;11;5;42000;1
2022;12;12;1203;1203001;-;2;5;3;2;3;11;2;1480954;4
2022;12;12;1203;1203001;-;2;5;3;2;3;11;4;4600;4
2022;12;12;1203;1203001;-;2;5;3;2;3;11;5;37200;3
2022;12;12;1203;1203001;-;2;5;4;2;3;11;1;627601;1
2022;12;12;1203;1203001;-;2;5;4;2;3;11;4;500;1
2022;12;12;1203;1203001;-;2;5;4;2;3;11;5;6000;1
2022;12;12;1203;1203002;-;2;5;5;2;3;11;1;1025956;1
2022;12;12;1203;1203002;-;2;5;5;2;3;11;2;786410;1
2022;12;12;1203;1203002;-;2;5;5;2;3;11;4;6250;2
2022;12;12;1203;1203002;-;2;5;5;2;3;11;5;74000;2
2022;12;12;1203;1203002;-;2;12;3;2;3;11;1;578000;1
2022;12;12;1203;1203002;-;2;12;3;2;3;11;4;1500;1
2022;12;12;1203;1203002;-;2;12;3;2;3;11;5;10560;1
2022;13;2;1301;1301005;-;1;5;5;2;3;11;4;1900;1
2022;13;2;1301;1301005;-;1;5;5;2;3;11;5;3200;1
2022;13;2;1301;1301005;-;2;5;2;2;3;11;1;32000;1
2022;13;2;1301;1301005;-;2;5;2;2;3;11;2;13000;1
2022;13;2;1301;1301005;-;2;5;2;2;3;11;4;1500;1
2022;13;2;1301;1301005;-;2;5;2;2;3;11;5;3400;1
2022;13;2;1301;1301005;-;2;5;4;2;3;11;2;430000;1
2022;13;2;1301;1301005;-;2;5;4;2;3;11;4;3000;1
2022;13;2;1301;1301005;-;2;5;4;2;3;11;5;20000;1
2022;13;2;1301;1301006;-;2;5;3;2;3;11;1;146021;1
2022;13;2;1301;1301006;-;2;5;3;2;3;11;4;1000;1
2022;13;2;1301;1301006;-;2;5;3;2;3;11;5;8100;1
2022;13;4;1303;1303002;-;2;9;2;1;1;11;2;166073;1
2022;13;4;1303;1303002;-;2;12;5;1;1;11;2;666084;1
2022;13;4;1303;1303002;-;2;12;5;1;1;11;5;25800;1
2022;13;6;1303;1303006;-;2;5;7;2;3;11;2;3335372;1
2022;13;6;1303;1303006;-;2;5;7;2;3;11;4;10000;1
2022;13;6;1303;1303006;-;2;5;7;2;3;11;5;150000;1
2022;13;7;1303;1303005;-;1;14;7;2;3;11;2;88571;1
2022;13;7;1303;1303005;-;1;14;7;2;3;11;4;1825;1
2022;13;7;1303;1303005;-;1;14;7;2;3;11;5;2657;1
2022;13;7;1303;1303005;-;2;5;5;2;3;11;2;560000;1
2022;13;7;1303;1303005;-;2;5;5;2;3;11;4;1825;1
2022;13;7;1303;1303005;-;2;5;5;2;3;11;5;35000;1
2022;13;9;1301;1301002;-;1;5;2;2;3;11;2;5000;1
2022;13;9;1301;1301002;-;1;5;2;2;3;11;4;1000;1
2022;13;9;1301;1301002;-;1;5;2;2;3;11;5;1000;1
2022;13;9;1301;1301003;-;2;11;2;2;3;11;4;2000;1
2022;13;9;1301;1301003;-;2;11;2;2;3;11;5;6000;1
2022;13;10;1301;1301002;-;2;5;2;2;3;11;1;3000;1
2022;13;10;1301;1301002;-;2;5;2;2;3;11;4;700;1
2022;13;10;1301;1301002;-;2;5;2;2;3;11;5;750;1
2022;14;2;1402;1402005;-;1;1;7;2;3;11;1;47303;1
2022;14;3;1401;1401006;-;2;5;3;2;3;11;2;200000;1
2022;14;3;1401;1401006;-;2;5;3;2;3;11;3;33200;1
2022;14;3;1401;1401006;-;2;5;3;2;3;11;4;520;1
2022;14;3;1401;1401006;-;2;5;3;2;3;11;5;100;1
2022;14;3;1401;1401006;-;2;14;5;2;3;11;2;690022;1
2022;14;3;1401;1401006;-;2;14;5;2;3;11;4;4830;1
2022;14;3;1401;1401006;-;2;14;5;2;3;11;5;34500;1
2022;14;3;1403;1403001;-;1;5;5;2;3;11;2;1396149;1
2022;14;3;1403;1403001;-;1;5;5;2;3;11;4;1300;1
2022;14;3;1403;1403001;-;1;5;5;2;3;11;5;33000;1
2022;14;3;1403;1403002;-;1;5;6;2;3;11;1;693650;1
2022;14;3;1403;1403002;-;1;5;6;2;3;11;4;4500;1
2022;14;3;1403;1403002;-;1;5;6;2;3;11;5;29800;1
2022;14;3;1403;1403002;-;2;12;5;2;3;11;2;720235;1
2022;14;3;1403;1403002;-;2;12;5;2;3;11;4;1460;1
2022;14;3;1403;1403002;-;2;12;5;2;3;11;5;43800;1
2022;14;4;1402;1402006;-;1;5;2;2;3;11;3;154900;3
2022;14;4;1402;1402006;-;1;5;2;2;3;11;4;2860;3
2022;14;4;1402;1402006;-;1;5;2;2;3;11;5;19600;2
2022;14;4;1402;1402006;-;2;5;2;2;3;11;3;26000;1
2022;14;4;1402;1402006;-;2;5;4;2;3;11;1;65000;2
2022;14;4;1402;1402006;-;2;5;4;2;3;11;3;50000;1
2022;14;4;1402;1402006;-;2;5;4;2;3;11;4;4720;2
2022;14;4;1402;1402006;-;2;5;4;2;3;11;5;3700;2
2022;14;4;1404;1404003;-;1;11;3;2;3;11;3;54000;1
2022;14;4;1404;1404003;-;1;11;3;2;3;11;4;700;1
2022;14;4;1404;1404003;-;1;11;3;2;3;11;5;5400;1
2022;14;4;1404;1404007;-;1;5;4;2;3;11;3;43200;1
2022;14;4;1404;1404007;-;1;5;4;2;3;11;4;1080;1
2022;14;4;1404;1404007;-;1;5;4;2;3;11;5;7720;1
2022;14;7;1405;1405007;-;2;5;5;2;3;11;2;1473567;1
2022;14;7;1405;1405007;-;2;5;5;2;3;11;4;3650;1
2022;14;7;1405;1405007;-;2;5;5;2;3;11;5;65729;1
2022;14;8;1403;1403007;-;2;5;2;2;3;11;2;7000;1
2022;14;8;1403;1403007;-;2;5;2;2;3;11;4;1;1
2022;14;8;1403;1403007;-;2;5;2;2;3;11;5;2;1
2022;14;8;1404;1404006;-;2;5;2;2;3;11;3;91250;1
2022;14;8;1404;1404006;-;2;5;2;2;3;11;4;365;1
2022;14;8;1404;1404006;-;2;5;2;2;3;11;5;5475;1
2022;14;8;1405;1405002;-;1;5;5;2;3;11;3;70000;1
2022;14;8;1405;1405002;-;1;5;5;2;3;11;4;300;1
2022;14;8;1405;1405002;-;1;5;5;2;3;11;5;1200;1
2022;14;10;1403;1403006;-;2;5;5;2;3;11;1;80000;1
2022;14;10;1403;1403006;-;2;5;5;2;3;11;2;850000;1
2022;14;10;1403;1403006;-;2;5;5;2;3;11;4;10800;1
2022;14;10;1403;1403006;-;2;5;5;2;3;11;5;90000;1
2022;14;10;1403;1403007;-;1;5;4;2;3;11;3;89592;1
2022;14;10;1403;1403007;-;1;5;4;2;3;11;4;2686;1
2022;14;10;1403;1403007;-;1;8;5;2;3;11;3;190000;1
2022;14;10;1403;1403007;-;2;5;4;2;3;11;2;90000;1
2022;14;10;1403;1403007;-;2;5;4;2;3;11;4;1200;1
2022;14;10;1403;1403007;-;2;5;4;2;3;11;5;3600;1
2022;14;10;1403;1403007;-;2;5;6;2;3;11;2;1577502;2
2022;14;10;1403;1403007;-;2;5;6;2;3;11;4;3720;2
2022;14;10;1403;1403007;-;2;5;6;2;3;11;5;89020;2
2022;14;10;1405;1405006;-;63;5;1;1;1;11;1;489369;1
2022;14;10;1405;1405006;-;63;5;1;1;1;11;4;1500;1
2022;14;10;1405;1405006;-;63;5;1;1;1;11;5;30000;1
2022;14;11;1405;1405006;-;2;8;5;2;3;11;1;489369;1
2022;14;11;1405;1405006;-;2;8;5;2;3;11;4;1500;1
2022;14;11;1405;1405006;-;2;8;5;2;3;11;5;30000;1
2022;14;11;1405;1405006;-;2;12;6;2;3;11;2;1356731;1
2022;14;12;1405;1405001;-;2;5;4;2;3;11;3;182500;1
2022;14;12;1405;1405001;-;2;5;4;2;3;11;4;2000;1
2022;14;12;1405;1405001;-;2;5;4;2;3;11;5;36500;1
2022;14;12;1405;1405002;-;2;14;2;2;3;11;3;189580;1
2022;14;12;1405;1405002;-;2;14;2;2;3;11;4;350;1
2022;14;12;1405;1405004;-;1;5;2;2;3;11;1;18000;1
2022;14;12;1405;1405004;-;1;5;2;2;3;11;4;1800;1
2022;14;12;1405;1405004;-;1;5;2;2;3;11;5;5500;1
2022;14;12;1405;1405004;-;2;5;2;2;3;11;1;12000;1
2022;14;12;1405;1405004;-;2;5;2;2;3;11;5;6000;1
2022;14;12;1405;1405005;-;1;1;4;2;3;11;1;39990;1
2022;14;12;1405;1405005;-;1;1;4;2;3;11;4;5168;1
2022;14;12;1405;1405005;-;1;1;4;2;3;11;5;7971;1
2022;14;12;1405;1405005;-;1;11;4;2;3;11;1;700000;1
2022;14;12;1405;1405005;-;1;11;4;2;3;11;4;800;1
2022;14;12;1405;1405005;-;1;11;4;2;3;11;5;700;1
2022;14;12;1405;1405005;-;2;5;2;2;3;11;1;22265;1
2022;14;12;1405;1405005;-;2;5;2;2;3;11;4;365;1
2022;14;12;1405;1405005;-;2;5;2;2;3;11;5;6200;1
2022;14;12;1405;1405005;-;2;5;3;2;3;11;1;167900;1
2022;14;12;1405;1405005;-;2;5;3;2;3;11;4;750;1
2022;15;1;0;0;-;63;5;1;1;1;11;2;265001;3
2022;15;1;0;0;-;63;5;1;1;1;11;4;800;1
2022;15;1;0;0;-;63;5;1;1;1;11;5;7200;1
2022;15;3;1505;1505006;-;2;5;4;2;3;11;1;100000;1
2022;15;3;1505;1505006;-;2;5;4;2;3;11;4;4000;1
2022;15;3;1505;1505006;-;2;5;4;2;3;11;5;15000;1
2022;15;3;1505;1505007;-;2;5;2;2;3;11;2;20000;1
2022;15;3;1505;1505007;-;2;5;2;2;3;11;4;100;1
2022;15;3;1505;1505007;-;2;11;2;2;3;11;2;15000;1
2022;15;3;1505;1505007;-;2;11;2;2;3;11;4;500;1
2022;15;3;1505;1505007;-;2;11;2;2;3;11;5;2000;1
2022;15;3;1505;1505007;-;2;11;5;2;3;11;1;20000;1
2022;15;3;1505;1505007;-;2;11;5;2;3;11;2;20000;1
2022;15;3;1505;1505007;-;2;11;5;2;3;11;4;100;1
2022;15;3;1505;1505008;-;1;11;2;1;1;11;2;80000;1
2022;15;3;1505;1505008;-;1;11;2;1;1;11;4;8000;1
2022;15;3;1505;1505008;-;1;11;2;1;1;11;5;1000;1
2022;15;4;1504;1504004;-;1;5;2;2;3;11;2;36000;1
2022;15;4;1504;1504004;-;1;5;2;2;3;11;4;2000;1
2022;15;4;1504;1504004;-;1;5;2;2;3;11;5;3000;1
2022;15;4;1504;1504004;-;1;5;5;2;3;11;2;12000;1
2022;15;4;1504;1504004;-;1;5;5;2;3;11;4;700;1
2022;15;4;1504;1504004;-;1;5;5;2;3;11;5;2500;1
2022;15;4;1505;1505003;-;1;11;2;2;3;11;2;70000;1
2022;15;4;1505;1505003;-;1;11;2;2;3;11;4;400;1
2022;15;4;1505;1505003;-;1;11;2;2;3;11;5;9000;1
2022;15;4;1505;1505006;-;2;5;3;2;3;11;1;100000;1
2022;15;4;1505;1505006;-;2;5;3;2;3;11;4;4000;1
2022;15;4;1505;1505006;-;2;5;3;2;3;11;5;2000;1
2022;15;4;1505;1505006;-;2;5;4;2;3;11;4;50000;1
2022;15;4;1505;1505006;-;2;5;4;2;3;11;5;50000;1
2022;15;6;1504;1504001;-;1;5;5;2;3;11;2;800000;1
2022;15;6;1504;1504001;-;1;5;5;2;3;11;4;2000;1
2022;15;6;1504;1504001;-;1;5;5;2;3;11;5;30000;1
2022;15;6;1504;1504005;-;2;5;6;2;3;11;1;279500;1
2022;15;6;1505;1505003;-;2;11;3;2;3;11;2;144000;1
2022;15;6;1505;1505003;-;2;11;3;2;3;11;4;3650;1
2022;15;6;1505;1505003;-;2;11;3;2;3;11;5;7200;1
2022;15;6;1505;1505004;-;1;1;7;2;3;11;2;391932;1
2022;15;6;1505;1505004;-;1;1;7;2;3;11;4;2296;1
2022;15;6;1505;1505004;-;1;1;7;2;3;11;5;6235;1
2022;15;6;1505;1505004;-;2;5;2;2;3;11;2;19000;1
2022;15;6;1505;1505004;-;2;5;2;2;3;11;4;150;1
2022;15;6;1505;1505004;-;2;5;4;2;3;11;2;200000;1
2022;15;6;1505;1505004;-;2;5;4;2;3;11;4;1700;1
2022;15;6;1505;1505004;-;2;5;4;2;3;11;5;5000;1
2022;15;6;1505;1505004;-;2;8;4;2;3;11;2;130355;1
2022;15;6;1505;1505004;-;2;8;4;2;3;11;4;3000;1
2022;15;6;1505;1505004;-;2;8;4;2;3;11;5;12000;1
2022;15;7;1503;1503004;-;1;5;5;4;5;11;2;600000;1
2022;15;7;1503;1503004;-;1;5;5;4;5;11;4;200;1
2022;15;7;1503;1503004;-;1;5;5;4;5;11;5;2000;1
2022;15;7;1503;1503004;-;2;5;5;2;3;11;3;129900;1
2022;15;7;1503;1503004;-;2;5;5;2;3;11;4;1650;1
2022;15;7;1503;1503004;-;2;5;5;2;3;11;5;1580;1
2022;15;7;1503;1503004;-;2;8;6;2;3;11;2;938195;1
2022;15;7;1503;1503004;-;2;8;6;2;3;11;4;20000;1
2022;15;7;1503;1503004;-;2;8;6;2;3;11;5;43200;1
2022;15;7;1504;1504003;-;2;9;7;2;3;11;2;9540563;1
2022;15;7;1504;1504003;-;2;9;7;2;3;11;4;15000;1
2022;15;7;1504;1504003;-;2;9;7;2;3;11;5;292000;1
2022;15;7;1504;1504006;-;2;5;5;2;3;11;1;715913;1
2022;15;7;1504;1504006;-;2;5;5;2;3;11;4;3600;1
2022;15;7;1504;1504006;-;2;5;5;2;3;11;5;87926;1
2022;15;9;0;0;-;18;11;1;1;1;11;2;75000;1
2022;15;9;1503;1503005;-;1;5;5;2;3;11;2;300000;1
2022;15;9;1503;1503005;-;1;5;5;2;3;11;4;1500;1
2022;15;9;1503;1503005;-;1;5;5;2;3;11;5;30000;1
2022;15;9;1503;1503005;-;2;5;4;2;3;11;1;75803;1
2022;15;9;1503;1503005;-;2;5;4;2;3;11;2;90000;1
2022;15;9;1503;1503005;-;2;5;4;2;3;11;4;1600;2
2022;15;9;1503;1503005;-;2;5;4;2;3;11;5;13700;2
2022;15;9;1503;1503005;-;2;5;5;2;3;11;2;329000;1
2022;15;9;1503;1503005;-;2;5;5;2;3;11;4;1000;1
2022;15;9;1503;1503005;-;2;5;5;2;3;11;5;12000;1
2022;15;9;1503;1503005;-;2;5;6;2;3;11;2;1149706;1
2022;15;9;1503;1503005;-;2;5;6;2;3;11;4;12000;1
2022;15;9;1503;1503005;-;2;5;6;2;3;11;5;45000;1
2022;15;9;1503;1503005;-;2;8;5;2;3;11;2;550000;1
2022;15;9;1503;1503005;-;2;8;5;2;3;11;4;2000;1
2022;15;9;1503;1503005;-;2;8;5;2;3;11;5;2000;1
2022;15;9;1503;1503005;-;2;11;4;2;3;11;2;590974;3
2022;15;9;1503;1503005;-;2;11;4;2;3;11;4;11390;3
2022;15;9;1503;1503005;-;2;11;4;2;3;11;5;42300;3
2022;15;9;1503;1503005;-;2;11;5;2;3;11;2;207500;3
2022;15;9;1503;1503005;-;2;11;5;2;3;11;4;850;3
2022;15;9;1503;1503005;-;2;11;5;2;3;11;5;24050;3
2022;15;9;1504;1504001;-;1;5;5;2;3;11;2;267500;2
2022;15;9;1504;1504001;-;1;5;5;2;3;11;4;1000;2
2022;15;9;1504;1504001;-;1;5;5;2;3;11;5;73000;1
2022;15;9;1504;1504001;-;2;8;4;2;3;11;2;185496;1
2022;15;9;1504;1504001;-;2;8;4;2;3;11;4;960;1
2022;15;9;1504;1504001;-;2;8;4;2;3;11;5;21600;1
2022;15;16;1502;1502004;-;2;5;4;2;3;11;2;90000;1
2022;15;16;1502;1502004;-;2;5;4;2;3;11;4;1000;1
2022;15;16;1502;1502004;-;2;5;4;2;3;11;5;5000;1
2022;15;16;1502;1502004;-;2;12;5;2;3;11;2;1329481;1
2022;15;16;1502;1502004;-;2;12;5;2;3;11;4;1095;1
2022;15;16;1502;1502004;-;2;12;5;2;3;11;5;30000;1
2022;16;1;1603;1603001;-;2;8;3;2;3;11;2;470529;1
2022;16;1;1603;1603001;-;2;8;3;2;3;11;4;1200;1
2022;16;1;1603;1603001;-;2;8;3;2;3;11;5;13320;1
2022;16;1;1605;1605001;-;2;11;3;2;3;11;2;258258;1
2022;16;1;1605;1605001;-;2;11;3;2;3;11;3;295000;1
2022;16;1;1605;1605001;-;2;11;3;2;3;11;4;10100;1
2022;16;1;1605;1605001;-;2;11;3;2;3;11;5;90100;1
2022;16;1;1605;1605002;-;1;5;2;2;3;11;3;35000;1
2022;16;1;1605;1605002;-;1;5;2;2;3;11;4;500;1
2022;16;1;1605;1605002;-;1;5;2;2;3;11;5;2000;1
2022;16;1;1605;1605002;-;2;2;5;2;3;11;1;319375;1
2022;16;1;1605;1605002;-;2;2;5;2;3;11;4;1980;1
2022;16;1;1605;1605002;-;2;2;5;2;3;11;5;22000;1
2022;16;1;1605;1605002;-;2;5;2;2;3;11;1;2850;1
2022;16;1;1605;1605002;-;2;5;2;2;3;11;2;339250;3
2022;16;1;1605;1605002;-;2;5;2;2;3;11;3;8400;1
2022;16;1;1605;1605002;-;2;5;2;2;3;11;4;3150;4
2022;16;1;1605;1605002;-;2;5;2;2;3;11;5;10100;4
2022;16;1;1605;1605002;-;2;5;4;2;3;11;2;248326;1
2022;16;1;1605;1605002;-;2;5;4;2;3;11;4;1500;1
2022;16;1;1605;1605002;-;2;5;4;2;3;11;5;16500;1
2022;16;1;1605;1605002;-;2;11;2;2;3;11;3;36000;1
2022;16;1;1605;1605002;-;2;11;2;2;3;11;4;900;1
2022;16;1;1605;1605002;-;2;11;2;2;3;11;5;3500;1
2022;16;1;1605;1605002;-;2;12;4;2;3;11;2;273750;1
2022;16;1;1605;1605002;-;2;12;4;2;3;11;5;14600;1
2022;16;1;1605;1605002;-;2;12;5;2;3;11;2;556516;1
2022;16;1;1605;1605002;-;2;12;5;2;3;11;4;3860;1
2022;16;1;1605;1605002;-;2;12;5;2;3;11;5;23725;1
2022;16;2;0;0;-;63;5;1;1;1;11;2;336000;1
2022;16;2;0;0;-;63;5;1;1;1;11;5;53000;1
2022;16;3;1601;1601001;-;2;5;3;2;3;11;3;140000;1
2022;16;3;1601;1601001;-;2;5;3;2;3;11;4;800;1
2022;16;3;1601;1601001;-;2;5;3;2;3;11;5;10500;1
2022;16;3;1601;1601002;-;2;5;4;2;3;11;2;48000;1
2022;16;3;1601;1601002;-;2;5;4;2;3;11;3;317000;1
2022;16;3;1601;1601002;-;2;5;4;2;3;11;4;1000;1
2022;16;3;1601;1601002;-;2;5;4;2;3;11;5;20000;1
2022;16;3;1601;1601003;-;2;2;4;2;3;11;3;160000;1
2022;16;3;1601;1601003;-;2;2;4;2;3;11;4;1200;1
2022;16;3;1601;1601003;-;2;2;4;2;3;11;5;8000;1
2022;16;3;1601;1601003;-;2;5;2;2;3;11;1;90000;1
2022;16;3;1601;1601003;-;2;5;2;2;3;11;2;454000;3
2022;16;3;1601;1601003;-;2;5;2;2;3;11;3;130900;2
2022;16;3;1601;1601003;-;2;5;2;2;3;11;4;4940;6
2022;16;3;1601;1601003;-;2;5;2;2;3;11;5;27350;6
2022;16;3;1601;1601003;-;2;5;3;2;3;11;2;531787;4
2022;16;3;1601;1601003;-;2;5;3;2;3;11;3;2086288;6
2022;16;3;1601;1601003;-;2;5;3;2;3;11;4;9315;8
2022;16;3;1601;1601003;-;2;5;3;2;3;11;5;77100;8
2022;16;3;1601;1601003;-;2;5;4;2;3;11;2;1350382;2
2022;16;3;1601;1601003;-;2;5;4;2;3;11;3;892225;2
2022;16;3;1601;1601003;-;2;5;4;2;3;11;4;5325;4
2022;16;3;1601;1601003;-;2;5;4;2;3;11;5;62800;4
2022;16;3;1601;1601003;-;2;5;5;2;3;11;2;284700;1
2022;16;3;1601;1601003;-;2;5;5;2;3;11;3;394200;1
2022;16;3;1601;1601003;-;2;5;5;2;3;11;4;1300;1
2022;16;3;1601;1601003;-;2;5;5;2;3;11;5;18100;1
2022;16;3;1601;1601003;-;2;11;2;2;3;11;2;106556;1
2022;16;3;1601;1601003;-;2;11;2;2;3;11;3;85000;1
2022;16;3;1601;1601003;-;2;11;2;2;3;11;4;1900;2
2022;16;3;1601;1601003;-;2;11;2;2;3;11;5;19000;2
2022;16;3;1601;1601003;-;2;11;3;2;3;11;3;393200;2
2022;16;3;1601;1601003;-;2;11;3;2;3;11;4;2100;2
2022;16;3;1601;1601003;-;2;11;3;2;3;11;5;13300;2
2022;16;3;1601;1601003;-;2;11;4;2;3;11;2;440835;2
2022;16;3;1601;1601003;-;2;11;4;2;3;11;3;182500;1
2022;16;3;1601;1601003;-;2;11;4;2;3;11;4;1200;1
2022;16;3;1601;1601003;-;2;11;4;2;3;11;5;20450;2
2022;16;3;1601;1601003;-;2;11;5;2;3;11;2;1308380;1
2022;16;3;1601;1601003;-;2;11;5;2;3;11;4;800;1
2022;16;3;1601;1601003;-;2;11;5;2;3;11;5;60000;1
2022;16;3;1601;1601003;-;2;14;2;2;3;11;3;40000;1
2022;16;3;1601;1601003;-;2;14;2;2;3;11;4;1000;1
2022;16;3;1601;1601003;-;2;14;2;2;3;11;5;1000;1
2022;16;3;1601;1601004;-;2;5;2;2;3;11;2;120000;1
2022;16;3;1601;1601004;-;2;5;2;2;3;11;3;93440;1
2022;16;3;1601;1601004;-;2;5;2;2;3;11;4;1800;2
2022;16;3;1601;1601004;-;2;5;2;2;3;11;5;7300;2
2022;16;3;1601;1601004;-;2;5;3;2;3;11;1;36500;1
2022;16;3;1601;1601004;-;2;5;3;2;3;11;2;365325;3
2022;16;3;1601;1601004;-;2;5;3;2;3;11;3;691750;3
2022;16;3;1601;1601004;-;2;5;3;2;3;11;4;2960;4
2022;16;3;1601;1601004;-;2;5;3;2;3;11;5;35100;4
2022;16;3;1601;1601004;-;2;5;4;2;3;11;2;178120;1
2022;16;3;1601;1601004;-;2;5;4;2;3;11;4;1900;1
2022;16;3;1601;1601004;-;2;5;4;2;3;11;5;9700;1
2022;16;3;1601;1601004;-;2;11;2;2;3;11;3;179945;2
2022;16;3;1601;1601004;-;2;11;2;2;3;11;4;2100;2
2022;16;3;1601;1601004;-;2;11;2;2;3;11;5;9300;2
2022;16;3;1601;1601004;-;2;11;5;2;3;11;2;2255338;1
2022;16;3;1601;1601004;-;2;11;5;2;3;11;4;3500;1
2022;16;3;1601;1601004;-;2;11;5;2;3;11;5;82000;1
2022;16;3;1601;1601004;-;2;12;6;2;3;11;2;540000;1
2022;16;3;1601;1601004;-;2;12;6;2;3;11;4;1000;1
2022;16;3;1601;1601004;-;2;12;6;2;3;11;5;72000;1
2022;16;3;1601;1601004;-;2;13;4;2;3;11;2;277922;1
2022;16;3;1601;1601004;-;2;13;4;2;3;11;4;432;1
2022;16;3;1601;1601004;-;2;13;4;2;3;11;5;6500;1
2022;16;3;1601;1601005;-;2;5;2;2;3;11;2;112000;1
2022;16;3;1601;1601005;-;2;5;2;2;3;11;3;241010;2
2022;16;3;1601;1601005;-;2;5;2;2;3;11;4;2700;3
2022;16;3;1601;1601005;-;2;5;2;2;3;11;5;6900;3
2022;16;3;1601;1601005;-;2;5;3;2;3;11;2;146000;1
2022;16;3;1601;1601005;-;2;5;3;2;3;11;4;1100;1
2022;16;3;1601;1601005;-;2;5;3;2;3;11;5;12800;1
2022;16;3;1601;1601005;-;2;5;4;2;3;11;2;2259701;3
2022;16;3;1601;1601005;-;2;5;4;2;3;11;3;492750;2
2022;16;3;1601;1601005;-;2;5;4;2;3;11;4;5650;5
2022;16;3;1601;1601005;-;2;5;4;2;3;11;5;66100;5
2022;16;3;1601;1601005;-;2;8;2;2;3;11;3;56210;1
2022;16;3;1601;1601005;-;2;8;2;2;3;11;4;1100;1
2022;16;3;1601;1601005;-;2;8;2;2;3;11;5;2300;1
2022;16;3;1601;1601005;-;2;11;2;2;3;11;2;165257;2
2022;16;3;1601;1601005;-;2;11;2;2;3;11;3;35000;1
2022;16;3;1601;1601005;-;2;11;2;2;3;11;4;2065;3
2022;16;3;1601;1601005;-;2;11;2;2;3;11;5;2800;2
2022;16;3;1601;1601005;-;2;11;5;2;3;11;2;503108;1
2022;16;3;1601;1601005;-;2;11;5;2;3;11;4;3650;1
2022;16;3;1601;1601005;-;2;11;5;2;3;11;5;25000;1
2022;16;3;1601;1601006;-;2;5;2;2;3;11;1;22000;1
2022;16;3;1601;1601006;-;2;5;2;2;3;11;2;218723;2
2022;16;3;1601;1601006;-;2;5;2;2;3;11;3;21850;1
2022;16;3;1601;1601006;-;2;5;2;2;3;11;4;2000;3
2022;16;3;1601;1601006;-;2;5;2;2;3;11;5;21650;3
2022;16;3;1601;1601006;-;2;5;3;2;3;11;2;772758;3
2022;16;3;1601;1601006;-;2;5;3;2;3;11;3;30300;1
2022;16;3;1601;1601006;-;2;5;3;2;3;11;4;7300;4
2022;16;3;1601;1601006;-;2;5;3;2;3;11;5;44900;4
2022;16;3;1601;1601006;-;2;5;4;2;3;11;3;457300;1
2022;16;3;1601;1601006;-;2;5;4;2;3;11;4;470;1
2022;16;3;1601;1601006;-;2;5;4;2;3;11;5;10000;1
2022;16;3;1601;1601006;-;2;5;5;2;3;11;2;674704;1
2022;16;3;1601;1601006;-;2;5;5;2;3;11;4;2200;1
2022;16;3;1601;1601006;-;2;5;5;2;3;11;5;27800;1
2022;16;3;1601;1601006;-;2;11;2;2;3;11;2;165242;1
2022;16;3;1601;1601006;-;2;11;2;2;3;11;3;176660;2
2022;16;3;1601;1601006;-;2;11;2;2;3;11;4;1470;2
2022;16;3;1601;1601006;-;2;11;2;2;3;11;5;14800;2
2022;16;3;1601;1601006;-;2;11;3;2;3;11;2;1000000;1
2022;16;3;1601;1601006;-;2;11;3;2;3;11;3;437450;2
2022;16;3;1601;1601006;-;2;11;3;2;3;11;4;3840;3
2022;16;3;1601;1601006;-;2;11;3;2;3;11;5;62000;2
2022;16;3;1601;1601006;-;2;11;4;2;3;11;2;7177249;3
2022;16;3;1601;1601006;-;2;11;4;2;3;11;4;4500;3
2022;16;3;1601;1601006;-;2;11;4;2;3;11;5;74000;3
2022;16;3;1601;1601006;-;2;12;5;2;3;11;2;399996;1
2022;16;3;1602;1602004;-;1;5;3;2;3;11;2;156037;1
2022;16;3;1602;1602004;-;1;5;3;2;3;11;4;1200;1
2022;16;3;1602;1602004;-;1;5;3;2;3;11;5;13200;1
2022;16;3;1602;1602004;-;1;11;2;2;3;11;3;60000;1
2022;16;3;1602;1602004;-;1;11;2;2;3;11;5;800;1
2022;16;3;1602;1602004;-;2;5;2;2;3;11;2;99775;1
2022;16;3;1602;1602004;-;2;5;2;2;3;11;3;1333151;11
2022;16;3;1602;1602004;-;2;5;2;2;3;11;4;9250;11
2022;16;3;1602;1602004;-;2;5;2;2;3;11;5;56100;9
2022;16;3;1602;1602004;-;2;5;3;2;3;11;1;258960;1
2022;16;3;1602;1602004;-;2;5;3;2;3;11;2;1576616;4
2022;16;3;1602;1602004;-;2;5;3;2;3;11;3;275575;1
2022;16;3;1602;1602004;-;2;5;3;2;3;11;4;8850;6
2022;16;3;1602;1602004;-;2;5;3;2;3;11;5;81980;6
2022;16;3;1602;1602004;-;2;5;4;2;3;11;2;1868212;4
2022;16;3;1602;1602004;-;2;5;4;2;3;11;3;725620;2
2022;16;3;1602;1602004;-;2;5;4;2;3;11;4;7530;5
2022;16;3;1602;1602004;-;2;5;4;2;3;11;5;109800;5
2022;16;3;1602;1602004;-;2;5;5;2;3;11;2;1522417;1
2022;16;3;1602;1602004;-;2;5;5;2;3;11;3;225000;1
2022;16;3;1602;1602004;-;2;5;5;2;3;11;4;14100;2
2022;16;3;1602;1602004;-;2;5;5;2;3;11;5;79600;2
2022;16;3;1602;1602004;-;2;8;5;2;3;11;2;2067933;1
2022;16;3;1602;1602004;-;2;8;5;2;3;11;4;2000;1
2022;16;3;1602;1602004;-;2;8;5;2;3;11;5;36000;1
2022;16;3;1602;1602004;-;2;11;2;2;3;11;2;539105;3
2022;16;3;1602;1602004;-;2;11;2;2;3;11;3;212762;4
2022;16;3;1602;1602004;-;2;11;2;2;3;11;4;6000;6
2022;16;3;1602;1602004;-;2;11;2;2;3;11;5;22100;6
2022;16;3;1602;1602004;-;2;11;3;2;3;11;2;190660;1
2022;16;3;1602;1602004;-;2;11;3;2;3;11;4;1100;1
2022;16;3;1602;1602004;-;2;11;3;2;3;11;5;18250;1
2022;16;3;1602;1602004;-;2;11;4;2;3;11;1;695094;1
2022;16;3;1602;1602004;-;2;11;4;2;3;11;4;450;1
2022;16;3;1605;1605001;-;2;11;2;2;3;11;1;880;1
2022;16;3;1605;1605001;-;2;11;2;2;3;11;2;144000;1
2022;16;3;1605;1605001;-;2;11;2;2;3;11;4;720;1
2022;16;3;1605;1605001;-;2;11;2;2;3;11;5;3000;1
2022;16;3;1605;1605004;-;2;5;2;2;3;11;3;85000;1
2022;16;3;1605;1605004;-;2;11;2;2;3;11;3;64970;1
2022;16;3;1605;1605004;-;2;11;2;2;3;11;4;1100;1
2022;16;3;1605;1605004;-;2;11;2;2;3;11;5;3200;1
2022;16;4;1601;1601001;-;1;5;2;2;3;11;3;186150;2
2022;16;4;1601;1601001;-;1;5;2;2;3;11;4;2400;2
2022;16;4;1601;1601001;-;1;5;2;2;3;11;5;12800;2
2022;16;4;1601;1601001;-;2;5;2;2;3;11;2;238980;2
2022;16;4;1601;1601001;-;2;5;2;2;3;11;3;269470;5
2022;16;4;1601;1601001;-;2;5;2;2;3;11;4;4200;5
2022;16;4;1601;1601001;-;2;5;2;2;3;11;5;19550;5
2022;16;4;1601;1601001;-;2;5;3;2;3;11;2;164250;1
2022;16;4;1601;1601001;-;2;5;3;2;3;11;3;623570;5
2022;16;4;1601;1601001;-;2;5;3;2;3;11;4;4005;6
2022;16;4;1601;1601001;-;2;5;3;2;3;11;5;27310;6
2022;16;4;1601;1601001;-;2;5;4;2;3;11;1;253192;1
2022;16;4;1601;1601001;-;2;5;4;2;3;11;2;1222800;2
2022;16;4;1601;1601001;-;2;5;4;2;3;11;3;505000;2
2022;16;4;1601;1601001;-;2;5;4;2;3;11;4;4465;4
2022;16;4;1601;1601001;-;2;5;4;2;3;11;5;70650;4
2022;16;4;1601;1601001;-;2;5;5;2;3;11;2;332018;1
2022;16;4;1601;1601001;-;2;5;5;2;3;11;4;1460;1
2022;16;4;1601;1601001;-;2;5;5;2;3;11;5;14400;1
2022;16;4;1601;1601001;-;2;8;2;2;3;11;3;21600;1
2022;16;4;1601;1601001;-;2;8;2;2;3;11;4;1000;1
2022;16;4;1601;1601001;-;2;8;2;2;3;11;5;1500;1
2022;16;4;1601;1601001;-;2;8;5;2;3;11;2;802000;1
2022;16;4;1601;1601001;-;2;8;5;2;3;11;4;1200;1
2022;16;4;1601;1601001;-;2;8;5;2;3;11;5;9500;1
2022;16;4;1601;1601001;-;2;11;2;1;1;11;2;120000;1
2022;16;4;1601;1601001;-;2;11;3;2;3;11;3;263000;1
2022;16;4;1601;1601001;-;2;11;3;2;3;11;4;3000;1
2022;16;4;1601;1601001;-;2;11;3;2;3;11;5;15000;1
2022;16;4;1601;1601001;-;2;11;4;2;3;11;3;294140;3
2022;16;4;1601;1601001;-;2;11;4;2;3;11;4;5500;3
2022;16;4;1601;1601001;-;2;11;4;2;3;11;5;5800;3
2022;16;4;1601;1601001;-;2;11;5;2;3;11;2;1014427;1
2022;16;4;1601;1601001;-;2;11;5;2;3;11;4;1000;1
2022;16;4;1601;1601001;-;2;11;5;2;3;11;5;45000;1
2022;16;4;1601;1601001;-;2;12;6;2;3;11;1;3820357;1
2022;16;4;1601;1601001;-;2;12;6;2;3;11;4;3000;1
2022;16;4;1601;1601001;-;2;12;6;2;3;11;5;97786;1
2022;16;4;1601;1601002;-;2;5;2;2;3;11;2;370571;3
2022;16;4;1601;1601002;-;2;5;2;2;3;11;3;580110;8
2022;16;4;1601;1601002;-;2;5;2;2;3;11;4;9500;9
2022;16;4;1601;1601002;-;2;5;2;2;3;11;5;37010;10
2022;16;4;1601;1601002;-;2;5;3;2;3;11;2;635825;2
2022;16;4;1601;1601002;-;2;5;3;2;3;11;3;357860;3
2022;16;4;1601;1601002;-;2;5;3;2;3;11;4;6100;5
2022;16;4;1601;1601002;-;2;5;3;2;3;11;5;36200;5
2022;16;4;1601;1601002;-;2;5;4;2;3;11;2;2836486;5
2022;16;4;1601;1601002;-;2;5;4;2;3;11;3;36500;1
2022;16;4;1601;1601002;-;2;5;4;2;3;11;4;5150;5
2022;16;4;1601;1601002;-;2;5;4;2;3;11;5;113100;5
2022;16;4;1601;1601002;-;2;5;5;2;3;11;2;849426;1
2022;16;4;1601;1601002;-;2;5;5;2;3;11;4;1300;1
2022;16;4;1601;1601002;-;2;5;5;2;3;11;5;38800;1
2022;16;4;1601;1601002;-;2;8;3;2;3;11;3;212000;1
2022;16;4;1601;1601002;-;2;8;3;2;3;11;4;800;1
2022;16;4;1601;1601002;-;2;8;3;2;3;11;5;9000;1
2022;16;4;1601;1601002;-;2;11;2;2;3;4;3;12900;1
2022;16;4;1601;1601002;-;2;11;2;2;3;4;4;130;1
2022;16;4;1601;1601002;-;2;11;2;2;3;11;3;18900;1
2022;16;4;1601;1601002;-;2;11;2;2;3;11;4;200;1
2022;16;4;1601;1601002;-;2;11;2;2;3;11;5;300;1
2022;16;4;1601;1601002;-;2;11;3;2;3;11;2;1166152;3
2022;16;4;1601;1601002;-;2;11;3;2;3;11;3;539240;2
2022;16;4;1601;1601002;-;2;11;3;2;3;11;4;4370;4
2022;16;4;1601;1601002;-;2;11;3;2;3;11;5;107965;4
2022;16;4;1601;1601002;-;2;11;4;2;3;11;3;94000;1
2022;16;4;1601;1601002;-;2;11;4;2;3;11;4;1000;1
2022;16;4;1601;1601002;-;2;11;4;2;3;11;5;3000;1
2022;16;4;1601;1601003;-;2;5;3;2;3;11;2;258420;1
2022;16;4;1601;1601003;-;2;5;3;2;3;11;4;1300;1
2022;16;4;1601;1601003;-;2;5;3;2;3;11;5;11400;1
2022;16;4;1601;1601003;-;2;5;5;2;3;11;2;531893;1
2022;16;4;1601;1601003;-;2;5;5;2;3;11;4;1600;1
2022;16;4;1601;1601003;-;2;5;5;2;3;11;5;20000;1
2022;16;4;1601;1601003;-;2;11;3;2;3;11;3;190000;1
2022;16;4;1601;1601003;-;2;11;3;2;3;11;4;1000;1
2022;16;4;1601;1601003;-;2;11;5;2;3;11;2;489719;2
2022;16;4;1601;1601003;-;2;11;5;2;3;11;4;2000;1
2022;16;4;1601;1601003;-;2;11;5;2;3;11;5;85000;2
2022;16;4;1602;1602004;-;2;5;2;2;3;11;3;220750;1
2022;16;4;1602;1602004;-;2;5;2;2;3;11;4;1300;1
2022;16;4;1602;1602004;-;2;5;2;2;3;11;5;8400;1
2022;16;4;1604;1604001;-;2;11;4;2;3;11;2;210000;1
2022;16;4;1604;1604001;-;2;11;4;2;3;11;4;1000;1
2022;16;4;1604;1604001;-;2;11;4;2;3;11;5;12000;1
2022;16;5;1601;1601003;-;2;5;2;2;3;11;3;32000;1
2022;16;5;1601;1601003;-;2;5;2;2;3;11;4;1000;1
2022;16;5;1601;1601003;-;2;5;2;2;3;11;5;1000;1
2022;16;5;1604;1604001;-;1;5;2;4;4;11;3;100000;1
2022;16;5;1604;1604001;-;1;5;5;2;3;11;3;533200;2
2022;16;5;1604;1604001;-;1;5;5;2;3;11;4;3000;2
2022;16;5;1604;1604001;-;1;5;5;2;3;11;5;35250;2
2022;16;5;1604;1604001;-;1;11;2;2;3;11;3;269000;3
2022;16;5;1604;1604001;-;1;11;2;2;3;11;4;3100;3
2022;16;5;1604;1604001;-;1;11;2;2;3;11;5;13000;2
2022;16;5;1604;1604001;-;1;11;4;2;3;11;3;150000;1
2022;16;5;1604;1604001;-;1;11;4;2;3;11;4;1000;1
2022;16;5;1604;1604001;-;1;11;5;2;3;11;3;1143300;3
2022;16;5;1604;1604001;-;1;11;5;2;3;11;4;5430;3
2022;16;5;1604;1604001;-;1;11;5;2;3;11;5;65250;3
2022;16;5;1604;1604001;-;2;5;2;2;3;11;1;767262;1
2022;16;5;1604;1604001;-;2;5;2;2;3;11;2;1071106;2
2022;16;5;1604;1604001;-;2;5;2;2;3;11;3;693500;2
2022;16;5;1604;1604001;-;2;5;2;2;3;11;4;5440;4
2022;16;5;1604;1604001;-;2;5;2;2;3;11;5;108950;5
2022;16;5;1604;1604001;-;2;5;3;2;3;11;2;1099228;3
2022;16;5;1604;1604001;-;2;5;3;2;3;11;3;628000;2
2022;16;5;1604;1604001;-;2;5;3;2;3;11;4;6700;5
2022;16;5;1604;1604001;-;2;5;3;2;3;11;5;61900;5
2022;16;5;1604;1604001;-;2;5;4;2;3;11;3;180000;1
2022;16;5;1604;1604001;-;2;5;4;2;3;11;4;2000;1
2022;16;5;1604;1604001;-;2;5;4;2;3;11;5;3000;1
2022;16;5;1604;1604001;-;2;5;5;2;3;11;2;3385253;2
2022;16;5;1604;1604001;-;2;5;5;2;3;11;3;443000;1
2022;16;5;1604;1604001;-;2;5;5;2;3;11;4;4400;3
2022;16;5;1604;1604001;-;2;5;5;2;3;11;5;126000;3
2022;16;5;1604;1604001;-;2;11;2;2;3;11;3;12800;1
2022;16;5;1604;1604001;-;2;11;2;2;3;11;4;1200;1
2022;16;5;1604;1604001;-;2;11;2;2;3;11;5;1500;1
2022;16;5;1604;1604001;-;2;11;3;2;3;11;2;48000;1
2022;16;5;1604;1604001;-;2;11;3;2;3;11;3;255330;2
2022;16;5;1604;1604001;-;2;11;3;2;3;11;4;3290;3
2022;16;5;1604;1604001;-;2;11;3;2;3;11;5;3980;2
2022;16;5;1604;1604001;-;2;11;4;2;3;11;2;1016826;2
2022;16;5;1604;1604001;-;2;11;4;2;3;11;3;222650;1
2022;16;5;1604;1604001;-;2;11;4;2;3;11;4;10600;3
2022;16;5;1604;1604001;-;2;11;4;2;3;11;5;69500;3
2022;16;5;1604;1604001;-;2;12;5;2;3;11;2;677844;2
2022;16;5;1604;1604001;-;2;12;5;2;3;11;3;20000;1
2022;16;5;1604;1604001;-;2;12;5;2;3;11;4;1925;2
2022;16;5;1604;1604001;-;2;12;5;2;3;11;5;55750;2
2022;16;5;1604;1604001;-;16;5;3;2;3;11;3;102500;1
2022;16;5;1604;1604001;-;16;5;3;2;3;11;4;1000;1
2022;16;5;1604;1604002;-;2;5;2;2;3;11;2;65700;1
2022;16;5;1604;1604002;-;2;5;2;2;3;11;3;331140;5
2022;16;5;1604;1604002;-;2;5;2;2;3;11;4;5800;3
2022;16;5;1604;1604002;-;2;5;2;2;3;11;5;7200;2
2022;16;5;1604;1604002;-;2;5;3;2;3;11;2;541362;2
2022;16;5;1604;1604002;-;2;5;3;2;3;11;3;956620;5
2022;16;5;1604;1604002;-;2;5;3;2;3;11;4;7595;7
2022;16;5;1604;1604002;-;2;5;3;2;3;11;5;37800;6
2022;16;5;1604;1604002;-;2;5;4;2;3;11;2;414144;2
2022;16;5;1604;1604002;-;2;5;4;2;3;11;3;555530;2
2022;16;5;1604;1604002;-;2;5;4;2;3;11;4;5790;4
2022;16;5;1604;1604002;-;2;5;4;2;3;11;5;62500;4
2022;16;5;1604;1604002;-;2;8;4;2;3;11;3;88000;1
2022;16;5;1604;1604002;-;2;8;4;2;3;11;4;1000;1
2022;16;5;1604;1604002;-;2;8;4;2;3;11;5;10000;1
2022;16;5;1604;1604002;-;2;11;2;2;3;11;3;156860;2
2022;16;5;1604;1604002;-;2;11;2;2;3;11;4;1730;2
2022;16;5;1604;1604002;-;2;11;2;2;3;11;5;1000;1
2022;16;5;1604;1604002;-;2;11;3;2;3;11;2;121772;1
2022;16;5;1604;1604002;-;2;11;3;2;3;11;3;538576;2
2022;16;5;1604;1604002;-;2;11;3;2;3;11;4;3100;2
2022;16;5;1604;1604002;-;2;11;3;2;3;11;5;12300;2
2022;16;5;1604;1604002;-;2;11;4;2;3;11;2;875535;1
2022;16;5;1604;1604002;-;2;11;4;2;3;11;4;800;1
2022;16;5;1604;1604002;-;2;11;4;2;3;11;5;30000;1
2022;16;5;1604;1604003;-;1;5;2;2;3;11;3;63900;1
2022;16;5;1604;1604003;-;1;5;2;2;3;11;4;950;1
2022;16;5;1604;1604003;-;1;5;2;2;3;11;5;1300;1
2022;16;5;1604;1604003;-;2;2;4;2;3;11;1;56800;1
2022;16;5;1604;1604003;-;2;2;4;2;3;11;3;812000;1
2022;16;5;1604;1604003;-;2;2;4;2;3;11;4;2900;1
2022;16;5;1604;1604003;-;2;2;4;2;3;11;5;20600;1
2022;16;5;1604;1604003;-;2;5;2;2;3;11;3;616205;8
2022;16;5;1604;1604003;-;2;5;2;2;3;11;4;3660;5
2022;16;5;1604;1604003;-;2;5;2;2;3;11;5;20045;6
2022;16;5;1604;1604003;-;2;5;3;2;3;11;2;460600;2
2022;16;5;1604;1604003;-;2;5;3;2;3;11;3;120000;1
2022;16;5;1604;1604003;-;2;5;3;2;3;11;4;2000;2
2022;16;5;1604;1604003;-;2;5;3;2;3;11;5;6500;2
2022;16;5;1604;1604003;-;2;5;4;2;3;11;2;215126;1
2022;16;5;1604;1604003;-;2;5;4;2;3;11;3;407074;2
2022;16;5;1604;1604003;-;2;5;4;2;3;11;4;2900;2
2022;16;5;1604;1604003;-;2;5;4;2;3;11;5;15500;2
2022;16;5;1604;1604003;-;2;8;5;2;3;11;3;765562;1
2022;16;5;1604;1604003;-;2;8;5;2;3;11;4;2000;1
2022;16;5;1604;1604003;-;2;8;5;2;3;11;5;36000;1
2022;16;5;1604;1604003;-;2;11;2;2;3;11;3;94750;2
2022;16;5;1604;1604003;-;2;11;2;2;3;11;4;1000;1
2022;16;5;1604;1604003;-;2;11;2;2;3;11;5;1000;1
2022;16;5;1604;1604003;-;2;11;3;2;3;11;2;110000;1
2022;16;5;1604;1604003;-;2;11;3;2;3;11;3;240000;1
2022;16;5;1604;1604003;-;2;11;3;2;3;11;4;2730;2
2022;16;5;1604;1604003;-;2;11;3;2;3;11;5;17600;2
2022;16;5;1604;1604003;-;2;11;5;2;3;11;3;326465;2
2022;16;5;1604;1604003;-;2;11;5;2;3;11;4;1200;2
2022;16;5;1604;1604003;-;2;11;5;2;3;11;5;700;1
2022;16;5;1604;1604003;-;2;12;4;2;3;11;2;129845;1
2022;16;5;1604;1604003;-;2;12;4;2;3;11;4;1825;1
2022;16;5;1604;1604003;-;2;12;4;2;3;11;5;54750;1
2022;16;5;1604;1604004;-;1;5;3;2;3;11;3;1500000;1
2022;16;5;1604;1604004;-;1;5;3;2;3;11;4;3000;1
2022;16;5;1604;1604004;-;1;5;3;2;3;11;5;50000;1
2022;16;5;1604;1604004;-;1;5;4;2;3;11;3;80000;1
2022;16;5;1604;1604004;-;1;5;4;2;3;11;4;400;1
2022;16;5;1604;1604004;-;1;5;4;2;3;11;5;500;1
2022;16;5;1604;1604004;-;1;5;7;2;3;11;2;1129000;1
2022;16;5;1604;1604004;-;1;5;7;2;3;11;4;3600;1
2022;16;5;1604;1604004;-;1;5;7;2;3;11;5;68400;1
2022;16;5;1604;1604004;-;2;5;2;2;3;11;2;335027;3
2022;16;5;1604;1604004;-;2;5;2;2;3;11;3;328245;4
2022;16;5;1604;1604004;-;2;5;2;2;3;11;4;9460;7
2022;16;5;1604;1604004;-;2;5;2;2;3;11;5;44540;7
2022;16;5;1604;1604004;-;2;5;3;2;3;11;3;320000;1
2022;16;5;1604;1604004;-;2;5;3;2;3;11;4;2000;1
2022;16;5;1604;1604004;-;2;5;3;2;3;11;5;2000;1
2022;16;5;1604;1604004;-;2;5;4;2;3;11;2;382000;1
2022;16;5;1604;1604004;-;2;5;4;2;3;11;3;401500;1
2022;16;5;1604;1604004;-;2;5;4;2;3;11;4;2800;2
2022;16;5;1604;1604004;-;2;5;4;2;3;11;5;15600;2
2022;16;5;1604;1604004;-;2;5;5;2;3;11;3;525000;1
2022;16;5;1604;1604004;-;2;5;5;2;3;11;4;1300;1
2022;16;5;1604;1604004;-;2;5;5;2;3;11;5;35000;1
2022;16;5;1604;1604004;-;2;5;6;2;3;11;2;5860413;1
2022;16;5;1604;1604004;-;2;5;6;2;3;11;3;147799;1
2022;16;5;1604;1604004;-;2;5;6;2;3;11;4;16000;1
2022;16;5;1604;1604004;-;2;5;6;2;3;11;5;146000;1
2022;16;5;1604;1604004;-;2;11;2;2;3;11;2;315418;3
2022;16;5;1604;1604004;-;2;11;2;2;3;11;3;127020;1
2022;16;5;1604;1604004;-;2;11;2;2;3;11;4;3430;3
2022;16;5;1604;1604004;-;2;11;2;2;3;11;5;25400;3
2022;16;5;1604;1604004;-;2;11;3;2;3;11;2;438296;3
2022;16;5;1604;1604004;-;2;11;3;2;3;11;3;1915901;2
2022;16;5;1604;1604004;-;2;11;3;2;3;11;4;5520;3
2022;16;5;1604;1604004;-;2;11;3;2;3;11;5;84372;3
2022;16;5;1604;1604004;-;2;11;5;2;3;11;2;409718;1
2022;16;5;1604;1604004;-;2;11;5;2;3;11;5;30000;1
2022;16;5;1604;1604004;-;2;11;6;2;3;11;2;2138000;1
2022;16;5;1604;1604004;-;2;11;6;2;3;11;4;2000;1
2022;16;5;1604;1604004;-;2;11;6;2;3;11;5;50000;1
2022;16;5;1604;1604004;-;2;12;3;2;3;11;2;360374;1
2022;16;5;1604;1604004;-;2;12;3;2;3;11;4;2000;1
2022;16;5;1604;1604004;-;2;12;3;2;3;11;5;12000;1
2022;16;5;1604;1604004;-;2;12;4;2;3;11;1;216000;1
2022;16;5;1604;1604004;-;2;12;4;2;3;11;4;600;1
2022;16;5;1604;1604004;-;2;12;4;2;3;11;5;7000;1
2022;16;5;1604;1604004;-;2;14;3;2;3;11;1;250000;1
2022;16;5;1604;1604004;-;2;14;3;2;3;11;4;550;1
2022;16;5;1604;1604004;-;2;14;3;2;3;11;5;4000;1
2022;16;5;1604;1604005;-;1;5;5;2;3;11;2;67660;1
2022;16;5;1604;1604005;-;1;5;5;2;3;11;4;2000;1
2022;16;5;1604;1604005;-;1;5;5;2;3;11;5;14000;1
2022;16;5;1604;1604005;-;2;2;4;2;3;11;2;717067;1
2022;16;5;1604;1604005;-;2;2;4;2;3;11;4;900;1
2022;16;5;1604;1604005;-;2;2;4;2;3;11;5;33000;1
2022;16;5;1604;1604005;-;2;5;2;2;3;11;2;261467;3
2022;16;5;1604;1604005;-;2;5;2;2;3;11;3;440480;3
2022;16;5;1604;1604005;-;2;5;2;2;3;11;4;3350;4
2022;16;5;1604;1604005;-;2;5;2;2;3;11;5;21650;5
2022;16;5;1604;1604005;-;2;5;3;2;3;11;3;146000;1
2022;16;5;1604;1604005;-;2;5;3;2;3;11;4;750;1
2022;16;5;1604;1604005;-;2;5;3;2;3;11;5;1200;1
2022;16;5;1604;1604005;-;2;5;4;2;3;11;2;1218514;2
2022;16;5;1604;1604005;-;2;5;4;2;3;11;3;694800;2
2022;16;5;1604;1604005;-;2;5;4;2;3;11;4;2300;3
2022;16;5;1604;1604005;-;2;5;4;2;3;11;5;48500;3
2022;16;5;1604;1604005;-;2;5;5;2;3;11;2;2000023;2
2022;16;5;1604;1604005;-;2;5;5;2;3;11;4;3300;2
2022;16;5;1604;1604005;-;2;5;5;2;3;11;5;119000;2
2022;16;5;1604;1604005;-;2;8;6;2;3;11;2;2083032;1
2022;16;5;1604;1604005;-;2;8;6;2;3;11;4;8000;1
2022;16;5;1604;1604005;-;2;8;6;2;3;11;5;25550;1
2022;16;5;1604;1604005;-;2;9;5;2;3;11;2;2937978;1
2022;16;5;1604;1604005;-;2;9;5;2;3;11;4;6935;1
2022;16;5;1604;1604005;-;2;9;5;2;3;11;5;110810;1
2022;16;5;1604;1604005;-;2;11;2;2;3;11;2;477488;3
2022;16;5;1604;1604005;-;2;11;2;2;3;11;3;75000;1
2022;16;5;1604;1604005;-;2;11;2;2;3;11;4;3350;4
2022;16;5;1604;1604005;-;2;11;2;2;3;11;5;8855;4
2022;16;5;1604;1604005;-;2;11;3;2;3;11;2;671850;2
2022;16;5;1604;1604005;-;2;11;3;2;3;11;3;518000;4
2022;16;5;1604;1604005;-;2;11;3;2;3;11;4;3070;5
2022;16;5;1604;1604005;-;2;11;3;2;3;11;5;10100;4
2022;16;5;1604;1604005;-;2;11;4;2;3;11;2;478938;1
2022;16;5;1604;1604005;-;2;11;4;2;3;11;3;105000;1
2022;16;5;1604;1604005;-;2;11;4;2;3;11;4;2600;2
2022;16;5;1604;1604005;-;2;11;4;2;3;11;5;4000;1
2022;16;5;1604;1604005;-;2;11;5;2;3;11;2;409929;1
2022;16;5;1604;1604005;-;2;11;5;2;3;11;4;3600;1
2022;16;5;1604;1604005;-;2;11;5;2;3;11;5;12000;1
2022;16;5;1604;1604005;-;2;12;5;2;3;11;2;2369351;1
2022;16;5;1604;1604005;-;2;12;5;2;3;11;4;3650;1
2022;16;5;1604;1604005;-;2;12;5;2;3;11;5;88444;1
2022;16;5;1604;1604005;-;3;5;5;2;3;11;2;9160;1
2022;16;5;1604;1604005;-;3;5;5;2;3;11;5;50;1
2022;16;5;1604;1604006;-;1;5;5;2;3;11;3;1533000;1
2022;16;5;1604;1604006;-;1;5;5;2;3;11;4;1200;1
2022;16;5;1604;1604006;-;1;5;5;2;3;11;5;57760;1
2022;16;5;1604;1604006;-;2;5;2;2;3;11;2;255000;1
2022;16;5;1604;1604006;-;2;5;2;2;3;11;3;741000;4
2022;16;5;1604;1604006;-;2;5;2;2;3;11;4;5400;4
2022;16;5;1604;1604006;-;2;5;2;2;3;11;5;8220;5
2022;16;5;1604;1604006;-;2;5;3;2;3;11;2;55000;1
2022;16;5;1604;1604006;-;2;5;3;2;3;11;3;73000;1
2022;16;5;1604;1604006;-;2;5;3;2;3;11;4;1300;2
2022;16;5;1604;1604006;-;2;5;3;2;3;11;5;3000;2
2022;16;5;1604;1604006;-;2;5;4;2;3;11;2;2198000;4
2022;16;5;1604;1604006;-;2;5;4;2;3;11;3;1420870;3
2022;16;5;1604;1604006;-;2;5;4;2;3;11;4;15000;6
2022;16;5;1604;1604006;-;2;5;4;2;3;11;5;83900;6
2022;16;5;1604;1604006;-;2;5;5;2;3;11;2;893511;1
2022;16;5;1604;1604006;-;2;5;5;2;3;11;3;2000000;1
2022;16;5;1604;1604006;-;2;5;5;2;3;11;4;3825;2
2022;16;5;1604;1604006;-;2;5;5;2;3;11;5;105600;2
2022;16;5;1604;1604006;-;2;11;2;2;3;11;3;22995;1
2022;16;5;1604;1604006;-;2;11;2;2;3;11;4;96;1
2022;16;5;1604;1604006;-;2;11;3;2;3;11;2;273151;1
2022;16;5;1604;1604006;-;2;11;3;2;3;11;3;103000;2
2022;16;5;1604;1604006;-;2;11;3;2;3;11;4;4060;3
2022;16;5;1604;1604006;-;2;11;3;2;3;11;5;17600;3
2022;16;5;1604;1604007;-;1;5;4;2;3;11;4;3000;1
2022;16;5;1604;1604007;-;1;5;4;2;3;11;5;37600;1
2022;16;5;1604;1604007;-;1;11;2;2;3;11;3;223380;1
2022;16;5;1604;1604007;-;1;11;2;2;3;11;4;1200;1
2022;16;5;1604;1604007;-;1;11;2;2;3;11;5;7500;1
2022;16;5;1604;1604007;-;2;5;2;2;3;11;2;595813;4
2022;16;5;1604;1604007;-;2;5;2;2;3;11;3;451440;8
2022;16;5;1604;1604007;-;2;5;2;2;3;11;4;7920;9
2022;16;5;1604;1604007;-;2;5;2;2;3;11;5;25930;10
2022;16;5;1604;1604007;-;2;5;3;1;1;11;2;345369;1
2022;16;5;1604;1604007;-;2;5;3;1;1;11;4;1550;1
2022;16;5;1604;1604007;-;2;5;3;1;1;11;5;17500;1
2022;16;5;1604;1604007;-;2;5;3;2;3;11;2;4043189;10
2022;16;5;1604;1604007;-;2;5;3;2;3;11;3;1102365;5
2022;16;5;1604;1604007;-;2;5;3;2;3;11;4;18075;12
2022;16;5;1604;1604007;-;2;5;3;2;3;11;5;166910;13
2022;16;5;1604;1604007;-;2;5;4;1;1;11;3;118250;1
2022;16;5;1604;1604007;-;2;5;4;1;1;11;4;1100;1
2022;16;5;1604;1604007;-;2;5;4;1;1;11;5;3000;1
2022;16;5;1604;1604007;-;2;5;4;2;3;11;2;895328;3
2022;16;5;1604;1604007;-;2;5;4;2;3;11;3;584000;1
2022;16;5;1604;1604007;-;2;5;4;2;3;11;4;5590;4
2022;16;5;1604;1604007;-;2;5;4;2;3;11;5;61550;4
2022;16;5;1604;1604007;-;2;5;5;2;3;11;1;60000;1
2022;16;5;1604;1604007;-;2;5;5;2;3;11;2;2168572;2
2022;16;5;1604;1604007;-;2;5;5;2;3;11;4;3200;2
2022;16;5;1604;1604007;-;2;5;5;2;3;11;5;11100;2
2022;16;5;1604;1604007;-;2;8;2;2;3;11;3;600000;1
2022;16;5;1604;1604007;-;2;8;2;2;3;11;4;200;1
2022;16;5;1604;1604007;-;2;8;2;2;3;11;5;6000;1
2022;16;5;1604;1604007;-;2;8;7;2;3;11;2;3560000;1
2022;16;5;1604;1604007;-;2;8;7;2;3;11;4;1500;1
2022;16;5;1604;1604007;-;2;8;7;2;3;11;5;25000;1
2022;16;5;1604;1604007;-;2;11;2;2;3;11;2;132000;1
2022;16;5;1604;1604007;-;2;11;2;2;3;11;3;103000;1
2022;16;5;1604;1604007;-;2;11;2;2;3;11;4;2000;1
2022;16;5;1604;1604007;-;2;11;2;2;3;11;5;134000;2
2022;16;5;1604;1604007;-;2;11;3;2;3;11;1;5199;1
2022;16;5;1604;1604007;-;2;11;3;2;3;11;2;576710;5
2022;16;5;1604;1604007;-;2;11;3;2;3;11;3;892325;4
2022;16;5;1604;1604007;-;2;11;3;2;3;11;4;4611;8
2022;16;5;1604;1604007;-;2;11;3;2;3;11;5;140100;9
2022;16;5;1604;1604007;-;2;11;4;2;3;11;2;570000;1
2022;16;5;1604;1604007;-;2;11;4;2;3;11;4;1000;1
2022;16;5;1604;1604007;-;2;11;4;2;3;11;5;3500;1
2022;16;5;1604;1604007;-;2;11;5;2;3;11;2;1185886;1
2022;16;5;1604;1604007;-;2;11;5;2;3;11;4;3000;1
2022;16;5;1604;1604007;-;2;11;5;2;3;11;5;2400;1
2022;16;5;1604;1604007;-;2;12;4;2;3;11;2;3400000;1
2022;16;5;1604;1604007;-;2;12;4;2;3;11;4;1500;1
2022;16;5;1604;1604007;-;2;12;4;2;3;11;5;40000;1
2022;16;5;1604;1604007;-;2;14;5;2;3;11;3;270000;1
2022;16;5;1604;1604007;-;2;14;5;2;3;11;4;2000;1
2022;16;5;1604;1604007;-;2;14;5;2;3;11;5;11000;1
2022;16;5;1607;1607004;-;2;5;2;2;3;11;3;36500;1
2022;16;5;1607;1607004;-;2;5;2;2;3;11;4;1000;1
2022;16;5;1607;1607004;-;2;5;2;2;3;11;5;1000;1
2022;16;6;1601;1601004;-;2;11;5;2;3;11;2;1182600;1
2022;16;6;1601;1601004;-;2;11;5;2;3;11;4;1200;1
2022;16;6;1601;1601004;-;2;11;5;2;3;11;5;22400;1
2022;16;6;1601;1601006;-;2;5;3;2;3;11;2;127714;1
2022;16;6;1601;1601006;-;2;5;3;2;3;11;4;1300;1
2022;16;6;1601;1601006;-;2;5;3;2;3;11;5;11400;1
2022;16;6;1601;1601006;-;2;5;4;2;3;11;2;1000000;1
2022;16;6;1601;1601006;-;2;5;4;2;3;11;4;2750;1
2022;16;6;1601;1601006;-;2;5;4;2;3;11;5;53000;1
2022;16;6;1601;1601006;-;2;11;3;2;3;11;1;200000;1
2022;16;6;1601;1601006;-;2;11;3;2;3;11;4;500;1
2022;16;6;1601;1601006;-;2;11;3;2;3;11;5;6000;1
2022;16;6;1605;1605001;-;2;5;2;2;3;11;3;70445;1
2022;16;6;1605;1605001;-;2;5;2;2;3;11;4;1200;1
2022;16;6;1605;1605001;-;2;5;2;2;3;11;5;2800;1
2022;16;6;1605;1605001;-;2;5;3;2;3;11;2;543000;2
2022;16;6;1605;1605001;-;2;5;3;2;3;11;3;43200;1
2022;16;6;1605;1605001;-;2;5;3;2;3;11;4;4650;3
2022;16;6;1605;1605001;-;2;5;3;2;3;11;5;36900;3
2022;16;6;1605;1605001;-;2;5;4;2;3;11;2;164250;1
2022;16;6;1605;1605001;-;2;5;4;2;3;11;4;1095;1
2022;16;6;1605;1605001;-;2;5;4;2;3;11;5;7300;1
2022;16;6;1605;1605001;-;2;5;5;2;3;11;2;840213;1
2022;16;6;1605;1605001;-;2;5;5;2;3;11;4;4300;1
2022;16;6;1605;1605001;-;2;5;5;2;3;11;5;47000;1
2022;16;6;1605;1605001;-;2;8;6;2;3;11;2;6024369;1
2022;16;6;1605;1605001;-;2;8;6;2;3;11;4;18730;1
2022;16;6;1605;1605001;-;2;8;6;2;3;11;5;250891;1
2022;16;6;1605;1605001;-;2;11;2;2;3;11;2;203800;1
2022;16;6;1605;1605001;-;2;11;2;2;3;11;4;750;1
2022;16;6;1605;1605001;-;2;11;2;2;3;11;5;4000;1
2022;16;6;1605;1605001;-;2;11;3;2;3;11;2;373284;2
2022;16;6;1605;1605001;-;2;11;3;2;3;11;4;1600;2
2022;16;6;1605;1605001;-;2;11;3;2;3;11;5;24000;2
2022;16;6;1605;1605001;-;2;11;4;2;3;11;2;2094585;3
2022;16;6;1605;1605001;-;2;11;4;2;3;11;4;3700;3
2022;16;6;1605;1605001;-;2;11;4;2;3;11;5;72000;2
2022;16;6;1605;1605001;-;63;5;1;1;1;11;2;18250;1
2022;16;6;1605;1605001;-;63;5;1;1;1;11;4;700;1
2022;16;6;1605;1605002;-;2;5;2;2;3;11;2;275012;1
2022;16;6;1605;1605002;-;2;5;2;2;3;11;3;146000;1
2022;16;6;1605;1605002;-;2;5;2;2;3;11;4;900;1
2022;16;6;1605;1605002;-;2;5;2;2;3;11;5;17100;2
2022;16;6;1605;1605002;-;2;5;4;2;3;11;2;578105;1
2022;16;6;1605;1605002;-;2;5;4;2;3;11;5;10000;1
2022;16;6;1605;1605002;-;2;11;2;2;3;11;2;519212;2
2022;16;6;1605;1605002;-;2;11;2;2;3;11;3;18000;1
2022;16;6;1605;1605002;-;2;11;2;2;3;11;4;2400;2
2022;16;6;1605;1605002;-;2;11;2;2;3;11;5;17900;2
2022;16;6;1605;1605003;-;1;5;2;2;3;11;3;493900;2
2022;16;6;1605;1605003;-;1;5;2;2;3;11;4;1440;2
2022;16;6;1605;1605003;-;1;5;2;2;3;11;5;6600;2
2022;16;6;1605;1605003;-;1;8;2;2;3;11;3;20000;1
2022;16;6;1605;1605003;-;1;8;2;2;3;11;4;900;1
2022;16;6;1605;1605003;-;2;3;7;2;3;11;2;10390387;1
2022;16;6;1605;1605003;-;2;3;7;2;3;11;4;14600;1
2022;16;6;1605;1605003;-;2;3;7;2;3;11;5;513920;1
2022;16;6;1605;1605003;-;2;5;2;2;3;11;2;360352;1
2022;16;6;1605;1605003;-;2;5;2;2;3;11;3;95500;2
2022;16;6;1605;1605003;-;2;5;2;2;3;11;4;3160;3
2022;16;6;1605;1605003;-;2;5;2;2;3;11;5;11950;2
2022;16;6;1605;1605003;-;2;5;3;2;3;11;2;540000;1
2022;16;6;1605;1605003;-;2;5;3;2;3;11;4;930;1
2022;16;6;1605;1605003;-;2;5;3;2;3;11;5;20300;1
2022;16;6;1605;1605003;-;2;5;4;2;3;11;2;580000;1
2022;16;6;1605;1605003;-;2;5;4;2;3;11;4;50000;1
2022;16;6;1605;1605003;-;2;5;4;2;3;11;5;150000;1
2022;16;6;1605;1605003;-;2;11;3;2;3;11;2;109500;1
2022;16;6;1605;1605003;-;2;11;3;2;3;11;4;700;1
2022;16;6;1605;1605003;-;2;11;3;2;3;11;5;16000;1
2022;16;6;1605;1605003;-;2;11;6;2;3;11;2;2236802;1
2022;16;6;1605;1605003;-;2;11;6;2;3;11;4;5500;1
2022;16;6;1605;1605003;-;2;11;6;2;3;11;5;150000;1
2022;16;6;1605;1605004;-;2;5;2;2;3;11;2;737157;2
2022;16;6;1605;1605004;-;2;5;2;2;3;11;3;40000;1
2022;16;6;1605;1605004;-;2;5;2;2;3;11;4;2645;3
2022;16;6;1605;1605004;-;2;5;2;2;3;11;5;41500;2
2022;16;6;1605;1605004;-;2;5;3;2;3;11;3;59000;1
2022;16;6;1605;1605004;-;2;5;3;2;3;11;4;1000;1
2022;16;6;1605;1605004;-;2;5;4;2;3;11;2;100000;1
2022;16;6;1605;1605004;-;2;5;4;2;3;11;4;2100;1
2022;16;6;1605;1605004;-;2;5;4;2;3;11;5;13000;1
2022;16;6;1605;1605004;-;2;8;2;1;1;11;1;4922357;1
2022;16;6;1605;1605004;-;2;8;2;1;1;11;4;6000;1
2022;16;6;1605;1605004;-;2;8;2;1;1;11;5;73835;1
2022;16;6;1605;1605004;-;2;11;2;2;3;11;2;437809;2
2022;16;6;1605;1605004;-;2;11;2;2;3;11;4;2120;2
2022;16;6;1605;1605004;-;2;11;2;2;3;11;5;8100;2
2022;16;6;1605;1605004;-;2;11;4;2;3;11;2;293000;2
2022;16;6;1605;1605004;-;2;11;4;2;3;11;4;1180;2
2022;16;6;1605;1605004;-;2;11;4;2;3;11;5;23700;2
2022;16;6;1605;1605005;-;2;5;2;2;3;11;2;295000;1
2022;16;6;1605;1605005;-;2;5;2;2;3;11;4;850;1
2022;16;6;1605;1605005;-;2;5;2;2;3;11;5;2500;1
2022;16;6;1605;1605005;-;2;5;4;2;3;11;1;30000;1
2022;16;6;1605;1605005;-;2;5;4;2;3;11;2;1761587;2
2022;16;6;1605;1605005;-;2;5;4;2;3;11;4;4500;2
2022;16;6;1605;1605005;-;2;5;4;2;3;11;5;32275;1
2022;16;6;1605;1605005;-;2;9;5;2;3;11;2;994314;1
2022;16;6;1605;1605005;-;2;9;5;2;3;11;4;2430;1
2022;16;6;1605;1605005;-;2;9;5;2;3;11;5;46970;1
2022;16;6;1605;1605005;-;2;11;2;2;3;11;2;124585;1
2022;16;6;1605;1605005;-;2;11;2;2;3;11;4;700;1
2022;16;6;1605;1605005;-;2;11;2;2;3;11;5;2850;1
2022;16;6;1605;1605005;-;2;11;4;2;3;11;2;600734;1
2022;16;6;1605;1605005;-;2;11;4;2;3;11;4;500;1
2022;16;6;1605;1605006;-;2;5;2;2;3;11;2;426000;2
2022;16;6;1605;1605006;-;2;5;2;2;3;11;3;107310;1
2022;16;6;1605;1605006;-;2;5;2;2;3;11;4;2160;3
2022;16;6;1605;1605006;-;2;5;2;2;3;11;5;15625;3
2022;16;6;1605;1605006;-;2;5;3;2;3;11;2;2140678;5
2022;16;6;1605;1605006;-;2;5;3;2;3;11;4;8100;5
2022;16;6;1605;1605006;-;2;5;3;2;3;11;5;104550;5
2022;16;6;1605;1605006;-;2;5;4;2;3;11;2;1137710;2
2022;16;6;1605;1605006;-;2;5;4;2;3;11;3;365000;1
2022;16;6;1605;1605006;-;2;5;4;2;3;11;4;3150;3
2022;16;6;1605;1605006;-;2;5;4;2;3;11;5;83550;3
2022;16;6;1605;1605006;-;2;11;2;2;3;11;2;196341;1
2022;16;6;1605;1605006;-;2;11;2;2;3;11;4;1200;1
2022;16;6;1605;1605006;-;2;11;2;2;3;11;5;9800;1
2022;16;6;1605;1605006;-;2;11;3;2;3;11;2;59724;1
2022;16;6;1605;1605006;-;2;11;3;2;3;11;3;30000;1
2022;16;6;1605;1605006;-;2;11;3;2;3;11;4;965;2
2022;16;6;1605;1605006;-;2;11;3;2;3;11;5;1000;2
2022;16;6;1605;1605006;-;2;11;4;2;3;11;2;466435;1
2022;16;6;1605;1605006;-;2;11;4;2;3;11;4;547;1
2022;16;6;1605;1605006;-;2;11;4;2;3;11;5;20000;1
2022;16;6;1606;1606003;-;2;5;2;2;3;11;2;28286;1
2022;16;6;1606;1606003;-;2;5;2;2;3;11;4;285;1
2022;16;6;1606;1606003;-;2;5;2;2;3;11;5;1850;1
2022;16;6;1606;1606003;-;2;8;7;2;3;11;2;6848592;1
2022;16;6;1606;1606003;-;2;8;7;2;3;11;4;14960;1
2022;16;6;1606;1606003;-;2;8;7;2;3;11;5;410900;1
2022;16;6;1606;1606004;-;2;5;2;2;3;11;2;142681;2
2022;16;6;1606;1606004;-;2;5;2;2;3;11;4;3330;2
2022;16;6;1606;1606004;-;2;5;2;2;3;11;5;19100;2
2022;16;6;1606;1606004;-;2;5;4;2;3;11;2;1043482;2
2022;16;6;1606;1606004;-;2;5;4;2;3;11;4;2650;2
2022;16;6;1606;1606004;-;2;5;4;2;3;11;5;23025;2
2022;16;6;1606;1606004;-;2;8;2;2;3;11;2;35000;1
2022;16;6;1606;1606004;-;2;8;2;2;3;11;4;200;1
2022;16;6;1606;1606004;-;2;8;2;2;3;11;5;2000;1
2022;16;6;1606;1606005;-;1;5;2;2;3;11;3;75400;2
2022;16;6;1606;1606005;-;1;5;2;2;3;11;4;1500;2
2022;16;6;1606;1606005;-;1;5;2;2;3;11;5;3600;1
2022;16;6;1606;1606005;-;1;5;4;2;3;11;2;127346;1
2022;16;6;1606;1606005;-;1;5;4;2;3;11;4;361;1
2022;16;6;1606;1606005;-;1;5;4;2;3;11;5;12299;1
2022;16;6;1606;1606005;-;2;5;2;2;3;11;2;282395;4
2022;16;6;1606;1606005;-;2;5;2;2;3;11;3;22800;1
2022;16;6;1606;1606005;-;2;5;2;2;3;11;4;3305;5
2022;16;6;1606;1606005;-;2;5;2;2;3;11;5;13410;5
2022;16;6;1606;1606005;-;2;5;3;2;3;11;2;1026358;3
2022;16;6;1606;1606005;-;2;5;3;2;3;11;3;275000;1
2022;16;6;1606;1606005;-;2;5;3;2;3;11;4;3300;4
2022;16;6;1606;1606005;-;2;5;3;2;3;11;5;82200;4
2022;16;6;1606;1606005;-;2;5;4;2;3;11;2;1610934;2
2022;16;6;1606;1606005;-;2;5;4;2;3;11;4;10790;2
2022;16;6;1606;1606005;-;2;5;4;2;3;11;5;203800;2
2022;16;6;1606;1606005;-;2;11;2;2;3;11;2;270000;1
2022;16;6;1606;1606005;-;2;11;2;2;3;11;3;55000;1
2022;16;6;1606;1606005;-;2;11;2;2;3;11;4;900;2
2022;16;6;1606;1606005;-;2;11;2;2;3;11;5;5000;2
2022;16;6;1606;1606005;-;2;11;3;2;3;11;1;318500;1
2022;16;6;1606;1606005;-;2;11;3;2;3;11;2;755613;2
2022;16;6;1606;1606005;-;2;11;3;2;3;11;3;200000;1
2022;16;6;1606;1606005;-;2;11;3;2;3;11;4;2800;2
2022;16;6;1606;1606005;-;2;11;3;2;3;11;5;42000;2
2022;16;6;1606;1606005;-;2;14;3;2;3;11;1;250000;1
2022;16;6;1606;1606005;-;2;14;3;2;3;11;3;900000;2
2022;16;6;1606;1606005;-;2;14;3;2;3;11;4;3900;3
2022;16;6;1606;1606005;-;2;14;3;2;3;11;5;64800;3
2022;16;6;1607;1607001;-;2;5;2;2;3;11;3;212600;1
2022;16;6;1607;1607001;-;2;5;2;2;3;11;4;500;1
2022;16;6;1607;1607001;-;2;5;2;2;3;11;5;8200;1
2022;16;6;1607;1607003;-;2;5;3;2;3;11;2;589231;2
2022;16;6;1607;1607003;-;2;5;3;2;3;11;4;1520;2
2022;16;6;1607;1607003;-;2;5;3;2;3;11;5;37125;2
2022;16;7;1605;1605004;-;2;5;3;2;3;11;2;99484;1
2022;16;7;1605;1605004;-;2;5;3;2;3;11;4;1000;1
2022;16;7;1605;1605004;-;2;5;3;2;3;11;5;4000;1
2022;16;7;1605;1605004;-;2;5;4;2;3;11;2;1797909;1
2022;16;7;1605;1605004;-;2;5;4;2;3;11;4;4720;1
2022;16;7;1605;1605004;-;2;5;4;2;3;11;5;72800;1
2022;16;7;1605;1605006;-;2;5;2;2;3;11;2;492802;1
2022;16;7;1605;1605006;-;2;5;2;2;3;11;4;600;1
2022;16;7;1605;1605006;-;2;5;2;2;3;11;5;10800;1
2022;16;7;1605;1605006;-;2;12;5;2;3;11;2;2529020;1
2022;16;7;1605;1605006;-;2;12;5;2;3;11;4;1800;1
2022;16;7;1605;1605006;-;2;12;5;2;3;11;5;111180;1
2022;16;7;1605;1605006;-;18;5;1;1;1;11;2;227240;1
2022;16;7;1605;1605006;-;18;5;1;1;1;11;4;400;1
2022;16;7;1605;1605006;-;18;5;1;1;1;11;5;9800;1
2022;16;7;1606;1606003;-;2;5;2;2;3;11;1;8000;1
2022;16;7;1606;1606003;-;2;5;2;2;3;11;2;514828;2
2022;16;7;1606;1606003;-;2;5;2;2;3;11;4;2400;3
2022;16;7;1606;1606003;-;2;5;2;2;3;11;5;12000;3
2022;16;7;1606;1606003;-;2;5;3;2;3;11;2;802000;2
2022;16;7;1606;1606003;-;2;5;3;2;3;11;4;4015;2
2022;16;7;1606;1606003;-;2;5;3;2;3;11;5;21900;2
2022;16;7;1606;1606003;-;2;5;4;2;3;11;2;349540;1
2022;16;7;1606;1606003;-;2;5;4;2;3;11;4;720;1
2022;16;7;1606;1606003;-;2;5;4;2;3;11;5;17250;1
2022;16;7;1606;1606003;-;2;5;5;2;3;11;2;803295;1
2022;16;7;1606;1606003;-;2;5;5;2;3;11;4;800;1
2022;16;7;1606;1606003;-;2;5;5;2;3;11;5;40000;1
2022;16;7;1606;1606003;-;2;8;4;2;3;11;2;968010;2
2022;16;7;1606;1606003;-;2;8;4;2;3;11;4;3100;2
2022;16;7;1606;1606003;-;2;8;4;2;3;11;5;60900;2
2022;16;7;1606;1606003;-;2;11;2;2;3;11;2;126427;1
2022;16;7;1606;1606003;-;2;11;2;2;3;11;4;700;1
2022;16;7;1606;1606003;-;2;11;2;2;3;11;5;5850;1
2022;16;7;1606;1606003;-;2;11;4;2;3;11;2;167843;1
2022;16;7;1606;1606003;-;2;11;4;2;3;11;4;365;1
2022;16;7;1606;1606003;-;2;11;4;2;3;11;5;1875;1
2022;16;7;1606;1606003;-;2;11;5;2;3;11;2;500316;1
2022;16;7;1606;1606003;-;2;11;5;2;3;11;4;6650;1
2022;16;7;1606;1606003;-;2;11;5;2;3;11;5;39420;1
2022;16;7;1606;1606004;-;2;5;2;1;1;11;2;408300;1
2022;16;7;1606;1606004;-;2;5;2;1;1;11;4;320;1
2022;16;7;1606;1606004;-;2;5;2;1;1;11;5;26100;1
2022;16;7;1606;1606004;-;2;5;2;2;3;11;1;46920;1
2022;16;7;1606;1606004;-;2;5;2;2;3;11;2;1425754;9
2022;16;7;1606;1606004;-;2;5;2;2;3;11;4;7805;10
2022;16;7;1606;1606004;-;2;5;2;2;3;11;5;78380;10
2022;16;7;1606;1606004;-;2;5;3;2;3;11;2;1305408;4
2022;16;7;1606;1606004;-;2;5;3;2;3;11;4;4400;4
2022;16;7;1606;1606004;-;2;5;3;2;3;11;5;70675;4
2022;16;7;1606;1606004;-;2;5;4;2;3;11;2;875926;2
2022;16;7;1606;1606004;-;2;5;4;2;3;11;4;10000;2
2022;16;7;1606;1606004;-;2;5;4;2;3;11;5;117000;2
2022;16;7;1607;1607001;-;2;1;5;2;3;11;2;1014598;1
2022;16;7;1607;1607001;-;2;1;5;2;3;11;4;1460;1
2022;16;7;1607;1607001;-;2;1;5;2;3;11;5;42000;1
2022;16;7;1607;1607001;-;2;3;4;2;3;4;3;159697;1
2022;16;7;1607;1607001;-;2;3;5;2;3;11;2;2535820;1
2022;16;7;1607;1607001;-;2;3;5;2;3;11;4;6000;1
2022;16;7;1607;1607001;-;2;3;5;2;3;11;5;131500;1
2022;16;7;1607;1607001;-;2;5;2;2;3;11;2;138242;1
2022;16;7;1607;1607001;-;2;5;4;2;3;11;2;783364;1
2022;16;7;1607;1607001;-;2;5;4;2;3;11;4;2000;1
2022;16;7;1607;1607001;-;2;5;4;2;3;11;5;25000;1
2022;16;7;1607;1607001;-;2;5;5;2;3;11;2;30300;1
2022;16;7;1607;1607001;-;2;5;5;2;3;11;4;8000;1
2022;16;7;1607;1607001;-;2;5;5;2;3;11;5;15000;1
2022;16;7;1607;1607003;-;1;5;3;2;3;11;2;438420;1
2022;16;7;1607;1607003;-;1;5;3;2;3;11;4;400;1
2022;16;7;1607;1607003;-;1;5;3;2;3;11;5;26800;1
2022;16;7;1607;1607003;-;2;1;5;2;3;11;2;225130;1
2022;16;7;1607;1607003;-;2;1;5;2;3;11;4;15000;1
2022;16;7;1607;1607003;-;2;1;5;2;3;11;5;6000;1
2022;16;7;1607;1607003;-;2;2;2;2;3;11;2;18250;1
2022;16;7;1607;1607003;-;2;2;2;2;3;11;4;1800;1
2022;16;7;1607;1607003;-;2;2;2;2;3;11;5;5000;1
2022;16;7;1607;1607003;-;2;5;2;1;1;11;2;36500;1
2022;16;7;1607;1607003;-;2;5;2;2;3;11;2;1495819;4
2022;16;7;1607;1607003;-;2;5;2;2;3;11;4;2900;4
2022;16;7;1607;1607003;-;2;5;2;2;3;11;5;32075;4
2022;16;7;1607;1607003;-;2;5;3;2;3;11;2;4025716;12
2022;16;7;1607;1607003;-;2;5;3;2;3;11;4;6130;10
2022;16;7;1607;1607003;-;2;5;3;2;3;11;5;125650;11
2022;16;7;1607;1607003;-;2;5;4;2;3;11;2;3215047;3
2022;16;7;1607;1607003;-;2;5;4;2;3;11;3;109200;1
2022;16;7;1607;1607003;-;2;5;4;2;3;11;4;3350;4
2022;16;7;1607;1607003;-;2;5;4;2;3;11;5;305250;4
2022;16;7;1607;1607003;-;2;5;5;2;3;11;1;1200000;1
2022;16;7;1607;1607003;-;2;5;5;2;3;11;2;1675203;1
2022;16;7;1607;1607003;-;2;5;5;2;3;11;4;9570;2
2022;16;7;1607;1607003;-;2;5;5;2;3;11;5;124000;2
2022;16;7;1607;1607003;-;2;8;2;2;3;11;2;54750;1
2022;16;7;1607;1607003;-;2;8;2;2;3;11;4;2920;1
2022;16;7;1607;1607003;-;2;8;2;2;3;11;5;4380;1
2022;16;7;1607;1607003;-;2;8;3;2;3;11;2;494900;1
2022;16;7;1607;1607003;-;2;8;3;2;3;11;3;354150;1
2022;16;7;1607;1607003;-;2;8;3;2;3;11;4;450;2
2022;16;7;1607;1607003;-;2;8;3;2;3;11;5;34900;2
2022;16;7;1607;1607003;-;2;11;2;2;3;11;2;81600;1
2022;16;7;1607;1607003;-;2;11;2;2;3;11;5;6200;1
2022;16;7;1607;1607003;-;2;11;3;2;3;11;3;175565;1
2022;16;7;1607;1607003;-;2;11;3;2;3;11;4;500;1
2022;16;7;1607;1607003;-;2;11;3;2;3;11;5;18800;1
2022;16;7;1607;1607003;-;2;11;6;2;3;11;1;955465;1
2022;16;7;1607;1607003;-;2;11;6;2;3;11;4;4000;1
2022;16;7;1607;1607003;-;2;11;6;2;3;11;5;38000;1
2022;16;7;1607;1607004;-;2;5;2;2;3;11;2;197225;1
2022;16;7;1607;1607004;-;2;5;2;2;3;11;4;725;1
2022;16;7;1607;1607004;-;2;5;2;2;3;11;5;9000;1
2022;16;7;1607;1607004;-;2;14;5;2;3;11;2;371468;1
2022;16;7;1607;1607004;-;2;14;5;2;3;11;4;4000;1
2022;16;7;1607;1607004;-;2;14;5;2;3;11;5;50000;1
2022;16;8;1602;1602001;-;2;5;2;2;3;11;3;23700;1
2022;16;8;1602;1602001;-;2;5;2;2;3;11;4;1000;1
2022;16;8;1602;1602001;-;2;5;2;2;3;11;5;1200;1
2022;16;8;1603;1603001;-;1;5;2;2;3;11;3;146000;1
2022;16;8;1603;1603001;-;1;5;2;2;3;11;4;365;1
2022;16;8;1603;1603001;-;2;3;5;2;3;11;2;2020972;1
2022;16;8;1603;1603001;-;2;3;5;2;3;11;4;7300;1
2022;16;8;1603;1603001;-;2;3;5;2;3;11;5;45600;1
2022;16;8;1603;1603001;-;2;5;2;2;3;11;3;345000;1
2022;16;8;1603;1603001;-;2;5;2;2;3;11;4;1850;1
2022;16;8;1603;1603001;-;2;5;2;2;3;11;5;4000;1
2022;16;8;1603;1603001;-;2;5;3;2;3;11;2;978746;3
2022;16;8;1603;1603001;-;2;5;3;2;3;11;4;4360;3
2022;16;8;1603;1603001;-;2;5;3;2;3;11;5;20800;3
2022;16;8;1603;1603001;-;2;5;4;2;3;11;2;1232586;2
2022;16;8;1603;1603001;-;2;5;4;2;3;11;4;4500;2
2022;16;8;1603;1603001;-;2;5;4;2;3;11;5;36250;2
2022;16;8;1603;1603001;-;2;5;5;2;3;11;2;996775;1
2022;16;8;1603;1603001;-;2;5;5;2;3;11;4;1825;1
2022;16;8;1603;1603001;-;2;5;5;2;3;11;5;21900;1
2022;16;8;1603;1603001;-;2;9;5;2;3;11;2;2575025;1
2022;16;8;1603;1603001;-;2;9;5;2;3;11;4;1460;1
2022;16;8;1603;1603001;-;2;9;5;2;3;11;5;85500;1
2022;16;8;1603;1603001;-;2;11;5;2;3;11;2;2077788;1
2022;16;8;1603;1603001;-;2;11;5;2;3;11;4;1460;1
2022;16;8;1603;1603001;-;2;11;5;2;3;11;5;101790;1
2022;16;8;1603;1603002;-;1;11;2;2;3;11;3;195275;1
2022;16;8;1603;1603002;-;1;11;2;2;3;11;4;900;1
2022;16;8;1603;1603002;-;1;11;2;2;3;11;5;5800;1
2022;16;8;1603;1603002;-;2;5;2;2;3;11;2;546666;1
2022;16;8;1603;1603002;-;2;5;2;2;3;11;3;56000;1
2022;16;8;1603;1603002;-;2;5;2;2;3;11;4;1200;2
2022;16;8;1603;1603002;-;2;5;2;2;3;11;5;20300;2
2022;16;8;1603;1603002;-;2;5;4;2;3;11;2;786321;2
2022;16;8;1603;1603002;-;2;5;4;2;3;11;4;11600;2
2022;16;8;1603;1603002;-;2;5;4;2;3;11;5;109425;2
2022;16;8;1603;1603002;-;2;5;5;2;3;11;1;2353085;1
2022;16;8;1603;1603002;-;2;5;5;2;3;11;2;362500;1
2022;16;8;1603;1603002;-;2;5;5;2;3;11;4;5250;2
2022;16;8;1603;1603002;-;2;5;5;2;3;11;5;121300;2
2022;16;8;1603;1603002;-;2;8;4;2;3;11;2;685017;1
2022;16;8;1603;1603002;-;2;8;4;2;3;11;4;1000;1
2022;16;8;1603;1603002;-;2;8;4;2;3;11;5;9000;1
2022;16;8;1603;1603002;-;2;8;5;2;3;11;2;2112000;2
2022;16;8;1603;1603002;-;2;8;5;2;3;11;4;4000;2
2022;16;8;1603;1603002;-;2;8;5;2;3;11;5;38000;2
2022;16;8;1603;1603002;-;2;9;8;2;3;11;1;917390;1
2022;16;8;1603;1603002;-;2;9;8;2;3;11;2;3451132;1
2022;16;8;1603;1603002;-;2;9;8;2;3;11;4;10220;1
2022;16;8;1603;1603002;-;2;9;8;2;3;11;5;79500;1
2022;16;8;1603;1603002;-;2;11;4;2;3;11;2;109500;1
2022;16;8;1603;1603002;-;2;11;4;2;3;11;5;240;1
2022;16;8;1603;1603002;-;2;11;5;2;3;11;2;1742801;1
2022;16;8;1603;1603002;-;2;11;5;2;3;11;4;2800;1
2022;16;8;1603;1603002;-;2;11;5;2;3;11;5;63000;1
2022;16;8;1603;1603003;-;1;5;3;2;3;11;3;15000;1
2022;16;8;1603;1603003;-;1;5;3;2;3;11;4;730;1
2022;16;8;1603;1603003;-;1;5;3;2;3;11;5;9000;1
2022;16;8;1603;1603003;-;2;5;2;2;3;11;2;188914;1
2022;16;8;1603;1603003;-;2;5;2;2;3;11;3;305604;2
2022;16;8;1603;1603003;-;2;5;2;2;3;11;4;2155;3
2022;16;8;1603;1603003;-;2;5;2;2;3;11;5;9272;3
2022;16;8;1603;1603003;-;2;5;3;2;3;11;2;1859416;6
2022;16;8;1603;1603003;-;2;5;3;2;3;11;4;2745;6
2022;16;8;1603;1603003;-;2;5;3;2;3;11;5;86200;6
2022;16;8;1603;1603003;-;2;5;4;2;3;11;2;1116991;3
2022;16;8;1603;1603003;-;2;5;4;2;3;11;4;850;2
2022;16;8;1603;1603003;-;2;5;4;2;3;11;5;120200;3
2022;16;8;1603;1603003;-;2;5;6;2;3;11;2;4913967;1
2022;16;8;1603;1603003;-;2;5;6;2;3;11;4;2700;1
2022;16;8;1603;1603003;-;2;5;6;2;3;11;5;39000;1
2022;16;8;1603;1603003;-;2;8;5;2;3;11;2;496809;1
2022;16;8;1603;1603003;-;2;8;5;2;3;11;4;325;1
2022;16;8;1603;1603003;-;2;8;5;2;3;11;5;22100;1
2022;16;8;1603;1603003;-;2;11;2;2;3;11;2;360986;1
2022;16;8;1603;1603003;-;2;11;2;2;3;11;3;152570;1
2022;16;8;1603;1603003;-;2;11;2;2;3;11;4;1630;2
2022;16;8;1603;1603003;-;2;11;2;2;3;11;5;18200;2
2022;16;8;1603;1603003;-;2;11;5;2;3;11;2;1394374;2
2022;16;8;1603;1603003;-;2;11;5;2;3;11;4;8715;2
2022;16;8;1603;1603003;-;2;11;5;2;3;11;5;54480;2
2022;16;8;1603;1603003;-;2;11;6;2;3;11;2;2542539;1
2022;16;8;1603;1603003;-;2;11;6;2;3;11;4;7380;1
2022;16;8;1603;1603003;-;2;11;6;2;3;11;5;73400;1
2022;16;8;1603;1603003;-;2;12;4;2;3;11;2;2329656;1
2022;16;8;1603;1603003;-;2;12;4;2;3;11;4;250;1
2022;16;8;1603;1603003;-;2;12;4;2;3;11;5;12000;1
2022;16;8;1603;1603004;-;1;5;2;2;3;11;2;250938;1
2022;16;8;1603;1603004;-;1;5;2;2;3;11;4;900;1
2022;16;8;1603;1603004;-;1;5;2;2;3;11;5;13000;1
2022;16;8;1603;1603004;-;1;5;3;2;3;11;3;225970;1
2022;16;8;1603;1603004;-;1;5;3;2;3;11;4;730;1
2022;16;8;1603;1603004;-;1;5;3;2;3;11;5;28800;1
2022;16;8;1603;1603004;-;2;5;2;2;3;11;2;396223;2
2022;16;8;1603;1603004;-;2;5;2;2;3;11;4;1500;1
2022;16;8;1603;1603004;-;2;5;2;2;3;11;5;16300;2
2022;16;8;1603;1603004;-;2;5;3;2;3;11;2;971289;4
2022;16;8;1603;1603004;-;2;5;3;2;3;11;4;2395;4
2022;16;8;1603;1603004;-;2;5;3;2;3;11;5;28200;4
2022;16;8;1603;1603004;-;2;5;4;2;3;11;2;1701622;3
2022;16;8;1603;1603004;-;2;5;4;2;3;11;4;1830;2
2022;16;8;1603;1603004;-;2;5;4;2;3;11;5;53700;3
2022;16;8;1603;1603004;-;2;5;5;2;3;11;2;68000;1
2022;16;8;1603;1603004;-;2;5;5;2;3;11;4;600;1
2022;16;8;1603;1603004;-;2;5;5;2;3;11;5;3000;1
2022;16;8;1603;1603004;-;2;8;4;2;3;11;2;1442314;2
2022;16;8;1603;1603004;-;2;8;4;2;3;11;4;3700;2
2022;16;8;1603;1603004;-;2;8;4;2;3;11;5;85000;2
2022;16;8;1603;1603004;-;2;8;5;2;3;11;2;3085685;2
2022;16;8;1603;1603004;-;2;8;5;2;3;11;4;4490;2
2022;16;8;1603;1603004;-;2;8;5;2;3;11;5;205625;2
2022;16;8;1603;1603004;-;2;8;6;2;3;11;2;6121417;3
2022;16;8;1603;1603004;-;2;8;6;2;3;11;4;12425;3
2022;16;8;1603;1603004;-;2;8;6;2;3;11;5;477837;3
2022;16;8;1603;1603004;-;2;9;5;2;3;11;2;1771137;1
2022;16;8;1603;1603004;-;2;9;5;2;3;11;4;7200;1
2022;16;8;1603;1603004;-;2;9;5;2;3;11;5;18000;1
2022;16;8;1603;1603004;-;2;9;6;2;3;11;1;2594203;1
2022;16;8;1603;1603004;-;2;9;6;2;3;11;2;2736340;1
2022;16;8;1603;1603004;-;2;9;6;2;3;11;4;9200;2
2022;16;8;1603;1603004;-;2;9;6;2;3;11;5;266000;2
2022;16;8;1603;1603004;-;2;9;7;2;3;11;2;7731470;1
2022;16;8;1603;1603004;-;2;9;7;2;3;11;4;14400;1
2022;16;8;1603;1603004;-;2;9;7;2;3;11;5;600000;1
2022;16;8;1603;1603004;-;2;11;3;2;3;11;3;112500;1
2022;16;8;1603;1603004;-;2;11;3;2;3;11;4;730;1
2022;16;8;1603;1603004;-;2;11;3;2;3;11;5;7300;1
2022;16;8;1603;1603004;-;2;11;4;2;3;11;2;608236;1
2022;16;8;1603;1603004;-;2;11;4;2;3;11;4;1825;1
2022;16;8;1603;1603004;-;2;11;4;2;3;11;5;43800;1
2022;16;8;1603;1603004;-;2;11;5;2;3;11;1;1381971;1
2022;16;8;1603;1603004;-;2;11;5;2;3;11;2;2589141;2
2022;16;8;1603;1603004;-;2;11;5;2;3;11;4;10600;3
2022;16;8;1603;1603004;-;2;11;5;2;3;11;5;72000;3
2022;16;8;1603;1603004;-;2;11;6;2;3;11;2;4757553;2
2022;16;8;1603;1603004;-;2;11;6;2;3;11;4;43665;2
2022;16;8;1603;1603004;-;2;11;6;2;3;11;5;374380;2
2022;16;8;1603;1603004;-;2;12;5;2;3;11;2;2265481;2
2022;16;8;1603;1603004;-;2;12;5;2;3;11;4;6460;2
2022;16;8;1603;1603004;-;2;12;5;2;3;11;5;125000;2
2022;16;8;1603;1603004;-;2;12;6;2;3;11;2;3523489;1
2022;16;8;1603;1603004;-;2;12;6;2;3;11;4;10800;1
2022;16;8;1603;1603004;-;2;12;6;2;3;11;5;80360;1
2022;16;8;1603;1603004;-;2;14;6;2;3;11;2;1732721;1
2022;16;8;1603;1603004;-;2;14;6;2;3;11;4;1825;1
2022;16;8;1603;1603004;-;2;14;6;2;3;11;5;54750;1
2022;16;8;1603;1603005;-;2;5;2;2;3;11;2;60000;1
2022;16;8;1603;1603005;-;2;5;2;2;3;11;4;730;1
2022;16;8;1603;1603005;-;2;5;2;2;3;11;5;6300;1
2022;16;8;1603;1603005;-;2;5;3;2;3;11;2;572153;3
2022;16;8;1603;1603005;-;2;5;3;2;3;11;3;85750;1
2022;16;8;1603;1603005;-;2;5;3;2;3;11;4;4330;4
2022;16;8;1603;1603005;-;2;5;3;2;3;11;5;92400;4
2022;16;8;1603;1603005;-;2;5;4;2;3;11;2;1940131;2
2022;16;8;1603;1603005;-;2;5;4;2;3;11;4;6225;2
2022;16;8;1603;1603005;-;2;5;4;2;3;11;5;75100;2
2022;16;8;1603;1603005;-;2;5;5;2;3;11;2;2062651;2
2022;16;8;1603;1603005;-;2;5;5;2;3;11;4;4900;1
2022;16;8;1603;1603005;-;2;5;5;2;3;11;5;32100;2
2022;16;8;1603;1603005;-;2;8;4;2;3;11;2;444937;1
2022;16;8;1603;1603005;-;2;8;4;2;3;11;4;3650;1
2022;16;8;1603;1603005;-;2;8;4;2;3;11;5;14810;1
2022;16;8;1603;1603005;-;2;8;5;2;3;11;2;4375382;2
2022;16;8;1603;1603005;-;2;8;5;2;3;11;4;11000;2
2022;16;8;1603;1603005;-;2;8;5;2;3;11;5;87000;2
2022;16;8;1603;1603005;-;2;8;6;2;3;11;2;2717204;1
2022;16;8;1603;1603005;-;2;8;6;2;3;11;4;11880;1
2022;16;8;1603;1603005;-;2;8;6;2;3;11;5;144000;1
2022;16;8;1603;1603005;-;2;11;3;2;3;11;2;757172;2
2022;16;8;1603;1603005;-;2;11;3;2;3;11;4;848;2
2022;16;8;1603;1603005;-;2;11;3;2;3;11;5;46000;2
2022;16;8;1603;1603005;-;2;11;5;2;3;11;2;4800080;3
2022;16;8;1603;1603005;-;2;11;5;2;3;11;4;7320;3
2022;16;8;1603;1603005;-;2;11;5;2;3;11;5;156420;3
2022;16;8;1603;1603005;-;2;12;5;2;3;11;2;2680963;1
2022;16;8;1603;1603005;-;2;12;5;2;3;11;4;720;1
2022;16;8;1603;1603005;-;2;12;5;2;3;11;5;48750;1
2022;16;8;1603;1603006;-;1;5;2;2;3;11;2;230000;1
2022;16;8;1603;1603006;-;1;5;2;2;3;11;4;400;1
2022;16;8;1603;1603006;-;1;5;2;2;3;11;5;10000;1
2022;16;8;1603;1603006;-;1;5;3;2;3;11;3;10000;1
2022;16;8;1603;1603006;-;1;5;3;2;3;11;5;10000;1
2022;16;8;1603;1603006;-;2;1;3;2;3;11;2;89169;1
2022;16;8;1603;1603006;-;2;1;3;2;3;11;4;6120;1
2022;16;8;1603;1603006;-;2;1;3;2;3;11;5;21000;1
2022;16;8;1603;1603006;-;2;2;4;2;3;11;2;262794;1
2022;16;8;1603;1603006;-;2;2;4;2;3;11;4;2400;1
2022;16;8;1603;1603006;-;2;2;4;2;3;11;5;72000;1
2022;16;8;1603;1603006;-;2;2;5;2;3;11;2;2052694;1
2022;16;8;1603;1603006;-;2;2;5;2;3;11;4;800;1
2022;16;8;1603;1603006;-;2;2;5;2;3;11;5;73000;1
2022;16;8;1603;1603006;-;2;5;2;1;1;11;2;509998;1
2022;16;8;1603;1603006;-;2;5;2;2;3;11;2;1072399;6
2022;16;8;1603;1603006;-;2;5;2;2;3;11;3;40200;2
2022;16;8;1603;1603006;-;2;5;2;2;3;11;4;6038;8
2022;16;8;1603;1603006;-;2;5;2;2;3;11;5;55420;7
2022;16;8;1603;1603006;-;2;5;3;1;1;11;2;540000;1
2022;16;8;1603;1603006;-;2;5;3;2;3;11;2;854355;3
2022;16;8;1603;1603006;-;2;5;3;2;3;11;4;4390;3
2022;16;8;1603;1603006;-;2;5;3;2;3;11;5;47200;3
2022;16;8;1603;1603006;-;2;5;4;2;3;11;2;6164801;7
2022;16;8;1603;1603006;-;2;5;4;2;3;11;4;22020;7
2022;16;8;1603;1603006;-;2;5;4;2;3;11;5;225170;7
2022;16;8;1603;1603006;-;2;5;5;2;3;11;2;1700000;1
2022;16;8;1603;1603006;-;2;5;5;2;3;11;4;1500;1
2022;16;8;1603;1603006;-;2;5;5;2;3;11;5;45000;1
2022;16;8;1603;1603006;-;2;5;6;2;3;11;2;3900263;1
2022;16;8;1603;1603006;-;2;5;6;2;3;11;4;3600;1
2022;16;8;1603;1603006;-;2;5;6;2;3;11;5;374886;1
2022;16;8;1603;1603006;-;2;5;7;2;3;11;2;8929997;1
2022;16;8;1603;1603006;-;2;5;7;2;3;11;4;5000;1
2022;16;8;1603;1603006;-;2;5;7;2;3;11;5;216000;1
2022;16;8;1603;1603006;-;2;8;4;2;3;11;2;791857;2
2022;16;8;1603;1603006;-;2;8;4;2;3;11;4;1570;2
2022;16;8;1603;1603006;-;2;8;4;2;3;11;5;63000;2
2022;16;8;1603;1603006;-;2;8;6;2;3;11;2;6110664;2
2022;16;8;1603;1603006;-;2;8;6;2;3;11;4;5150;2
2022;16;8;1603;1603006;-;2;8;6;2;3;11;5;173685;2
2022;16;8;1603;1603006;-;2;9;4;2;3;11;2;475071;1
2022;16;8;1603;1603006;-;2;9;4;2;3;11;4;1500;1
2022;16;8;1603;1603006;-;2;9;4;2;3;11;5;8300;1
2022;16;8;1603;1603006;-;2;11;2;2;3;11;2;148592;2
2022;16;8;1603;1603006;-;2;11;2;2;3;11;3;30000;1
2022;16;8;1603;1603006;-;2;11;2;2;3;11;4;1830;2
2022;16;8;1603;1603006;-;2;11;2;2;3;11;5;9900;2
2022;16;8;1603;1603006;-;2;11;3;2;3;11;2;365416;1
2022;16;8;1603;1603006;-;2;11;3;2;3;11;4;1460;1
2022;16;8;1603;1603006;-;2;11;3;2;3;11;5;7300;1
2022;16;8;1603;1603006;-;2;11;4;2;3;11;2;3288138;4
2022;16;8;1603;1603006;-;2;11;4;2;3;11;4;19300;4
2022;16;8;1603;1603006;-;2;11;4;2;3;11;5;128500;4
2022;16;8;1603;1603006;-;2;11;5;2;3;11;2;1700000;1
2022;16;8;1603;1603006;-;2;11;5;2;3;11;4;2300;1
2022;16;8;1603;1603006;-;2;11;5;2;3;11;5;46000;1
2022;16;8;1603;1603006;-;2;11;6;2;3;11;2;2066907;1
2022;16;8;1603;1603006;-;2;11;6;2;3;11;4;5250;1
2022;16;8;1603;1603006;-;2;11;6;2;3;11;5;125000;1
2022;16;8;1603;1603006;-;2;12;6;2;3;11;2;5217379;1
2022;16;8;1603;1603006;-;2;12;6;2;3;11;4;2190;1
2022;16;8;1603;1603006;-;2;13;5;2;3;11;2;1432714;1
2022;16;8;1603;1603006;-;2;13;5;2;3;11;4;1305;1
2022;16;8;1603;1603006;-;2;13;5;2;3;11;5;18716;1
2022;16;8;1606;1606001;-;2;2;6;2;3;11;2;3772469;1
2022;16;8;1606;1606001;-;2;2;6;2;3;11;4;3650;1
2022;16;8;1606;1606001;-;2;2;6;2;3;11;5;74759;1
2022;16;8;1606;1606001;-;2;3;6;2;3;11;2;1881659;1
2022;16;8;1606;1606001;-;2;3;6;2;3;11;4;7300;1
2022;16;8;1606;1606001;-;2;3;6;2;3;11;5;31680;1
2022;16;8;1606;1606001;-;2;5;2;2;3;11;3;36500;1
2022;16;8;1606;1606001;-;2;5;2;2;3;11;4;1000;1
2022;16;8;1606;1606001;-;2;5;2;2;3;11;5;1400;1
2022;16;8;1606;1606001;-;2;5;3;2;3;11;2;359998;1
2022;16;8;1606;1606001;-;2;5;3;2;3;11;4;360;1
2022;16;8;1606;1606001;-;2;5;4;2;3;11;2;449625;2
2022;16;8;1606;1606001;-;2;5;4;2;3;11;4;800;1
2022;16;8;1606;1606001;-;2;5;4;2;3;11;5;10300;2
2022;16;8;1606;1606001;-;2;5;5;2;3;11;2;444936;1
2022;16;8;1606;1606001;-;2;5;5;2;3;11;4;3650;1
2022;16;8;1606;1606001;-;2;5;5;2;3;11;5;14810;1
2022;16;8;1606;1606001;-;2;8;2;2;3;11;3;195000;1
2022;16;8;1606;1606001;-;2;8;2;2;3;11;4;1000;1
2022;16;8;1606;1606001;-;2;8;2;2;3;11;5;7000;1
2022;16;8;1606;1606001;-;2;8;3;2;3;11;2;398753;1
2022;16;8;1606;1606001;-;2;8;3;2;3;11;4;1095;1
2022;16;8;1606;1606001;-;2;8;3;2;3;11;5;10950;1
2022;16;8;1606;1606001;-;2;8;4;2;3;11;2;1152169;2
2022;16;8;1606;1606001;-;2;8;4;2;3;11;4;8295;2
2022;16;8;1606;1606001;-;2;8;4;2;3;11;5;55080;2
2022;16;8;1606;1606001;-;2;8;7;2;3;11;2;8230448;1
2022;16;8;1606;1606001;-;2;8;7;2;3;11;4;10000;1
2022;16;8;1606;1606001;-;2;8;7;2;3;11;5;195000;1
2022;16;8;1606;1606001;-;2;9;5;2;3;11;1;2647898;1
2022;16;8;1606;1606001;-;2;9;5;2;3;11;4;7665;1
2022;16;8;1606;1606001;-;2;9;5;2;3;11;5;146000;1
2022;16;8;1606;1606001;-;2;11;2;2;3;11;2;275231;1
2022;16;8;1606;1606001;-;2;11;2;2;3;11;4;1500;1
2022;16;8;1606;1606001;-;2;11;2;2;3;11;5;8950;1
2022;16;8;1606;1606001;-;2;11;3;2;3;11;2;358966;1
2022;16;8;1606;1606001;-;2;11;3;2;3;11;4;1425;1
2022;16;8;1606;1606001;-;2;11;3;2;3;11;5;30000;1
2022;16;8;1606;1606001;-;2;11;4;2;3;11;2;1659543;1
2022;16;8;1606;1606001;-;2;11;4;2;3;11;4;3650;1
2022;16;8;1606;1606001;-;2;11;4;2;3;11;5;6750;1
2022;16;8;1606;1606001;-;2;11;5;2;3;11;2;2615393;2
2022;16;8;1606;1606001;-;2;11;5;2;3;11;4;7280;2
2022;16;8;1606;1606001;-;2;11;5;2;3;11;5;126680;2
2022;16;8;1606;1606001;-;2;12;4;2;3;11;2;901366;1
2022;16;8;1606;1606001;-;2;12;4;2;3;11;4;2400;1
2022;16;8;1606;1606001;-;2;12;4;2;3;11;5;30000;1
2022;16;8;1606;1606002;-;2;5;2;2;3;11;2;352767;2
2022;16;8;1606;1606002;-;2;5;2;2;3;11;3;72650;2
2022;16;8;1606;1606002;-;2;5;2;2;3;11;4;1630;4
2022;16;8;1606;1606002;-;2;5;2;2;3;11;5;37060;4
2022;16;8;1606;1606002;-;2;5;3;2;3;11;2;35313;1
2022;16;8;1606;1606002;-;2;5;3;2;3;11;4;1460;1
2022;16;8;1606;1606002;-;2;5;3;2;3;11;5;6400;1
2022;16;8;1606;1606002;-;2;5;4;2;3;11;2;658767;1
2022;16;8;1606;1606002;-;2;5;4;2;3;11;4;1200;1
2022;16;8;1606;1606002;-;2;5;4;2;3;11;5;18000;1
2022;16;8;1606;1606002;-;2;5;5;2;3;11;2;3461625;2
2022;16;8;1606;1606002;-;2;5;5;2;3;11;4;4200;2
2022;16;8;1606;1606002;-;2;5;5;2;3;11;5;62200;2
2022;16;8;1606;1606002;-;2;6;6;2;3;11;2;2293246;1
2022;16;8;1606;1606002;-;2;6;6;2;3;11;4;8000;1
2022;16;8;1606;1606002;-;2;6;6;2;3;11;5;60000;1
2022;16;8;1606;1606002;-;2;8;4;2;3;11;2;515002;1
2022;16;8;1606;1606002;-;2;8;4;2;3;11;4;800;1
2022;16;8;1606;1606002;-;2;8;4;2;3;11;5;10206;1
2022;16;8;1606;1606002;-;2;8;6;2;3;11;2;2476564;1
2022;16;8;1606;1606002;-;2;8;6;2;3;11;4;10950;1
2022;16;8;1606;1606002;-;2;8;6;2;3;11;5;73000;1
2022;16;8;1606;1606002;-;2;11;6;2;3;11;2;790424;1
2022;16;8;1606;1606002;-;2;11;6;2;3;11;4;2190;1
2022;16;8;1606;1606002;-;2;11;6;2;3;11;5;29200;1
2022;16;9;1602;1602001;-;1;5;7;2;3;11;3;349000;1
2022;16;9;1602;1602001;-;1;5;7;2;3;11;4;6000;1
2022;16;9;1602;1602001;-;1;5;7;2;3;11;5;21000;1
2022;16;9;1602;1602001;-;1;11;4;2;3;11;2;245000;1
2022;16;9;1602;1602001;-;1;11;4;2;3;11;4;730;1
2022;16;9;1602;1602001;-;1;11;4;2;3;11;5;7300;1
2022;16;9;1602;1602001;-;2;5;2;2;3;11;2;129650;2
2022;16;9;1602;1602001;-;2;5;2;2;3;11;4;1850;2
2022;16;9;1602;1602001;-;2;5;2;2;3;11;5;2300;2
2022;16;9;1602;1602001;-;2;5;3;2;3;11;2;250000;1
2022;16;9;1602;1602001;-;2;5;3;2;3;11;3;597000;3
2022;16;9;1602;1602001;-;2;5;3;2;3;11;4;1920;3
2022;16;9;1602;1602001;-;2;5;3;2;3;11;5;35900;3
2022;16;9;1602;1602001;-;2;5;4;2;3;11;2;1282107;2
2022;16;9;1602;1602001;-;2;5;4;2;3;11;4;1725;2
2022;16;9;1602;1602001;-;2;5;4;2;3;11;5;47200;2
2022;16;9;1602;1602001;-;2;5;5;2;3;11;2;1315566;1
2022;16;9;1602;1602001;-;2;5;5;2;3;11;4;1825;1
2022;16;9;1602;1602001;-;2;5;5;2;3;11;5;54750;1
2022;16;9;1602;1602001;-;2;8;5;2;3;11;2;86800;1
2022;16;9;1602;1602001;-;2;8;5;2;3;11;3;248800;1
2022;16;9;1602;1602001;-;2;8;5;2;3;11;4;400;1
2022;16;9;1602;1602001;-;2;8;5;2;3;11;5;14500;1
2022;16;9;1602;1602001;-;2;9;6;2;3;11;2;1365995;1
2022;16;9;1602;1602001;-;2;9;6;2;3;11;4;1800;1
2022;16;9;1602;1602001;-;2;9;6;2;3;11;5;18400;1
2022;16;9;1602;1602001;-;2;11;4;2;3;11;2;525890;2
2022;16;9;1602;1602001;-;2;11;4;2;3;11;3;273020;1
2022;16;9;1602;1602001;-;2;11;4;2;3;11;4;2530;3
2022;16;9;1602;1602001;-;2;11;4;2;3;11;5;17200;3
2022;16;9;1602;1602001;-;2;11;5;2;3;11;2;488000;1
2022;16;9;1602;1602001;-;2;11;5;2;3;11;4;34000;1
2022;16;9;1602;1602001;-;2;11;5;2;3;11;5;28000;1
2022;16;9;1602;1602001;-;2;11;6;2;3;11;2;3528335;1
2022;16;9;1602;1602001;-;2;11;6;2;3;11;4;7300;1
2022;16;9;1602;1602001;-;2;11;6;2;3;11;5;59900;1
2022;16;9;1602;1602001;-;2;14;4;2;3;11;2;374751;1
2022;16;9;1602;1602001;-;2;14;4;2;3;11;4;300;1
2022;16;9;1602;1602001;-;2;14;4;2;3;11;5;450;1
2022;16;9;1602;1602002;-;1;5;5;2;3;11;2;83000;1
2022;16;9;1602;1602002;-;1;5;5;2;3;11;5;15000;1
2022;16;9;1602;1602002;-;1;9;7;2;3;11;2;3893653;1
2022;16;9;1602;1602002;-;1;9;7;2;3;11;4;13100;1
2022;16;9;1602;1602002;-;1;9;7;2;3;11;5;79920;1
2022;16;9;1602;1602002;-;2;2;7;2;3;11;2;4959763;1
2022;16;9;1602;1602002;-;2;2;7;2;3;11;4;7300;1
2022;16;9;1602;1602002;-;2;2;7;2;3;11;5;146988;1
2022;16;9;1602;1602002;-;2;5;2;2;3;11;4;1200;1
2022;16;9;1602;1602002;-;2;5;2;2;3;11;5;20700;1
2022;16;9;1602;1602002;-;2;5;4;2;3;11;2;536255;2
2022;16;9;1602;1602002;-;2;5;4;2;3;11;3;310250;1
2022;16;9;1602;1602002;-;2;5;4;2;3;11;4;5630;2
2022;16;9;1602;1602002;-;2;5;4;2;3;11;5;23000;2
2022;16;9;1602;1602002;-;2;5;5;2;3;11;2;1900104;3
2022;16;9;1602;1602002;-;2;5;5;2;3;11;4;19050;3
2022;16;9;1602;1602002;-;2;5;5;2;3;11;5;145080;3
2022;16;9;1602;1602002;-;2;5;6;2;3;11;2;3239115;1
2022;16;9;1602;1602002;-;2;5;6;2;3;11;4;3400;1
2022;16;9;1602;1602002;-;2;5;6;2;3;11;5;23000;1
2022;16;9;1602;1602002;-;2;8;6;2;3;11;2;1638140;1
2022;16;9;1602;1602002;-;2;8;6;2;3;11;4;2070;1
2022;16;9;1602;1602002;-;2;8;6;2;3;11;5;115900;1
2022;16;9;1602;1602002;-;2;11;5;2;3;11;2;487481;1
2022;16;9;1602;1602002;-;2;11;5;2;3;11;4;3285;1
2022;16;9;1602;1602002;-;2;11;5;2;3;11;5;65700;1
2022;16;9;1602;1602003;-;1;11;3;2;3;11;3;76500;1
2022;16;9;1602;1602003;-;1;11;3;2;3;11;4;740;1
2022;16;9;1602;1602003;-;1;11;3;2;3;11;5;5000;1
2022;16;9;1602;1602003;-;2;5;2;2;3;11;2;742807;2
2022;16;9;1602;1602003;-;2;5;2;2;3;11;3;157680;2
2022;16;9;1602;1602003;-;2;5;2;2;3;11;4;3350;4
2022;16;9;1602;1602003;-;2;5;2;2;3;11;5;25600;4
2022;16;9;1602;1602003;-;2;5;3;2;3;11;2;2504914;7
2022;16;9;1602;1602003;-;2;5;3;2;3;11;3;463365;3
2022;16;9;1602;1602003;-;2;5;3;2;3;11;4;10100;7
2022;16;9;1602;1602003;-;2;5;3;2;3;11;5;85800;7
2022;16;9;1602;1602003;-;2;5;4;2;3;11;1;180000;1
2022;16;9;1602;1602003;-;2;5;4;2;3;11;2;3616920;5
2022;16;9;1602;1602003;-;2;5;4;2;3;11;4;10030;6
2022;16;9;1602;1602003;-;2;5;4;2;3;11;5;135200;6
2022;16;9;1602;1602003;-;2;5;5;2;3;11;2;4974165;3
2022;16;9;1602;1602003;-;2;5;5;2;3;11;4;6835;3
2022;16;9;1602;1602003;-;2;5;5;2;3;11;5;222625;3
2022;16;9;1602;1602003;-;2;8;2;2;3;11;3;60960;1
2022;16;9;1602;1602003;-;2;8;2;2;3;11;4;360;1
2022;16;9;1602;1602003;-;2;11;2;2;3;11;2;4600;1
2022;16;9;1602;1602003;-;2;11;2;2;3;11;3;321000;2
2022;16;9;1602;1602003;-;2;11;2;2;3;11;4;2265;3
2022;16;9;1602;1602003;-;2;11;2;2;3;11;5;8580;3
2022;16;9;1602;1602003;-;2;11;3;2;3;11;2;802001;4
2022;16;9;1602;1602003;-;2;11;3;2;3;11;3;200750;1
2022;16;9;1602;1602003;-;2;11;3;2;3;11;4;4261;3
2022;16;9;1602;1602003;-;2;11;3;2;3;11;5;39450;3
2022;16;9;1602;1602003;-;2;11;4;2;3;11;2;984956;1
2022;16;9;1602;1602003;-;2;11;4;2;3;11;3;310000;1
2022;16;9;1602;1602003;-;2;11;4;2;3;11;4;2800;2
2022;16;9;1602;1602003;-;2;11;4;2;3;11;5;87300;2
2022;16;9;1602;1602003;-;2;11;5;2;3;11;2;1917609;2
2022;16;9;1602;1602003;-;2;11;5;2;3;11;4;2800;2
2022;16;9;1602;1602003;-;2;11;5;2;3;11;5;91000;2
2022;16;10;0;0;-;63;5;1;1;1;11;3;374400;1
2022;16;10;0;0;-;63;5;1;1;1;11;4;200;1
2022;16;10;0;0;-;63;5;1;1;1;11;5;7300;1
2022;16;10;1607;1607005;-;2;5;2;2;3;11;2;69515;1
2022;16;10;1607;1607005;-;2;5;2;2;3;11;4;580;1
2022;16;10;1607;1607005;-;2;5;2;2;3;11;5;3800;1
2022;16;10;1607;1607005;-;63;5;1;1;1;11;2;126480;1
2022;16;10;1607;1607005;-;63;5;1;1;1;11;5;12000;1
2022;17;1;0;0;-;63;5;1;1;1;11;2;721857;1
2022;17;1;0;0;-;63;5;1;1;1;11;4;400;1
2022;17;1;0;0;-;63;5;1;1;1;11;5;14600;1
2022;17;2;1701;1701004;-;63;5;1;1;1;11;2;72000;1
2022;17;2;1701;1701004;-;63;5;1;1;1;11;4;700;1
2022;17;3;1701;1701001;-;2;3;6;2;3;11;2;2461422;1
2022;17;3;1701;1701001;-;2;3;6;2;3;11;4;3650;1
2022;17;3;1701;1701001;-;2;3;6;2;3;11;5;60000;1
2022;17;3;1701;1701001;-;2;11;4;2;3;11;2;190000;1
2022;17;3;1701;1701001;-;2;11;4;2;3;11;4;1300;1
2022;17;3;1701;1701001;-;2;11;4;2;3;11;5;14000;1
2022;17;3;1701;1701003;-;2;5;5;2;3;11;2;454220;1
2022;17;3;1701;1701003;-;2;5;5;2;3;11;4;2880;1
2022;17;3;1701;1701003;-;2;5;5;2;3;11;5;100;1
2022;17;3;1701;1701003;-;2;5;7;2;3;11;2;730000;1
2022;17;3;1701;1701003;-;2;5;7;2;3;11;4;730;1
2022;17;3;1701;1701003;-;2;5;7;2;3;11;5;21600;1
2022;17;3;1701;1701004;-;2;5;4;2;3;11;2;181480;1
2022;17;3;1701;1701004;-;2;5;4;2;3;11;4;3600;1
2022;17;3;1701;1701004;-;2;5;4;2;3;11;5;64800;1
2022;17;3;1701;1701005;-;2;2;7;2;3;11;2;5518914;1
2022;17;3;1701;1701005;-;2;2;7;2;3;11;4;1665;1
2022;17;3;1701;1701005;-;2;2;7;2;3;11;5;203773;1
2022;17;3;1701;1701005;-;2;5;3;2;3;11;2;1184026;1
2022;17;3;1701;1701005;-;2;5;3;2;3;11;4;2000;1
2022;17;3;1701;1701005;-;2;5;3;2;3;11;5;20000;1
2022;17;3;1701;1701005;-;2;14;6;2;3;11;2;3867590;1
2022;17;3;1701;1701005;-;2;14;6;2;3;11;4;1000;1
2022;17;3;1701;1701005;-;2;14;6;2;3;11;5;40000;1
2022;17;4;1703;1703001;-;2;5;5;2;3;11;2;238539;1
2022;17;4;1703;1703001;-;2;5;5;2;3;11;4;900;1
2022;17;4;1703;1703001;-;2;5;5;2;3;11;5;2650;1
2022;17;4;1703;1703001;-;2;11;5;2;3;11;2;400000;1
2022;17;4;1703;1703001;-;2;11;5;2;3;11;4;1500;1
2022;17;4;1703;1703001;-;2;11;5;2;3;11;5;22000;1
2022;17;4;1703;1703002;-;2;5;3;2;3;11;2;994698;1
2022;17;4;1703;1703002;-;2;5;3;2;3;11;4;1093;1
2022;17;4;1703;1703002;-;2;5;3;2;3;11;5;19724;1
2022;17;4;1703;1703002;-;2;5;4;2;3;11;2;309989;1
2022;17;4;1703;1703002;-;2;5;4;2;3;11;4;1825;1
2022;17;4;1703;1703002;-;2;5;4;2;3;11;5;12000;1
2022;17;4;1703;1703002;-;2;5;5;2;3;11;1;1296755;1
2022;17;4;1703;1703002;-;2;5;5;2;3;11;4;1150;1
2022;17;4;1703;1703002;-;2;5;5;2;3;11;5;35520;1
2022;17;4;1703;1703002;-;2;9;5;2;3;11;2;175895;1
2022;17;4;1703;1703002;-;2;9;5;2;3;11;4;370;1
2022;17;4;1703;1703002;-;2;9;5;2;3;11;5;18260;1
2022;17;4;1703;1703002;-;2;12;6;2;3;11;2;3878701;1
2022;17;4;1703;1703002;-;2;12;6;2;3;11;4;3000;1
2022;17;4;1703;1703002;-;2;12;6;2;3;11;5;61500;1
2022;17;4;1703;1703004;-;3;11;6;2;3;11;2;827619;1
2022;17;4;1703;1703004;-;3;11;6;2;3;11;4;1830;1
2022;17;4;1703;1703004;-;3;11;6;2;3;11;5;60000;1
2022;17;4;1703;1703006;-;2;5;5;2;3;11;2;2288659;1
2022;17;4;1703;1703006;-;2;5;5;2;3;11;4;3650;1
2022;17;4;1703;1703006;-;2;5;5;2;3;11;5;40000;1
2022;17;4;1703;1703006;-;2;9;4;2;3;11;2;755442;1
2022;17;4;1703;1703006;-;2;9;4;2;3;11;4;3650;1
2022;17;4;1703;1703006;-;2;9;4;2;3;11;5;58400;1
2022;17;4;1704;1704001;-;2;5;2;2;3;11;2;55815;1
2022;17;4;1704;1704001;-;2;5;2;2;3;11;4;365;1
2022;17;4;1704;1704001;-;2;5;2;2;3;11;5;2640;1
2022;17;5;1704;1704001;-;1;5;2;2;3;11;2;28000;1
2022;17;5;1704;1704001;-;1;5;2;2;3;11;4;1200;1
2022;17;5;1704;1704001;-;1;5;2;2;3;11;5;1000;1
2022;17;5;1704;1704001;-;2;5;2;2;3;11;2;1189304;3
2022;17;5;1704;1704001;-;2;5;2;2;3;11;4;2880;3
2022;17;5;1704;1704001;-;2;5;2;2;3;11;5;31800;2
2022;17;5;1704;1704001;-;2;5;4;2;3;11;2;430752;1
2022;17;5;1704;1704001;-;2;5;4;2;3;11;4;820;1
2022;17;5;1704;1704001;-;2;5;4;2;3;11;5;30000;1
2022;17;5;1704;1704001;-;2;11;4;2;3;11;2;292000;1
2022;17;5;1704;1704001;-;2;11;4;2;3;11;4;1000;1
2022;17;5;1704;1704001;-;2;11;4;2;3;11;5;10000;1
2022;17;5;1704;1704002;-;2;5;4;2;3;11;1;430862;1
2022;17;5;1704;1704002;-;2;5;4;2;3;11;4;1200;1
2022;17;5;1704;1704002;-;2;5;4;2;3;11;5;18450;1
2022;17;5;1704;1704002;-;2;11;4;2;3;11;3;120264;1
2022;17;5;1704;1704002;-;2;11;4;2;3;11;4;1240;1
2022;17;5;1704;1704002;-;2;11;4;2;3;11;5;21436;1
2022;17;5;1704;1704004;-;2;8;2;2;3;11;2;216986;1
2022;17;5;1704;1704004;-;2;8;2;2;3;11;4;380;1
2022;17;5;1704;1704004;-;2;8;2;2;3;11;5;100;1
2022;17;6;1702;1702006;-;1;5;2;2;3;11;4;1000;1
2022;17;6;1702;1702006;-;1;5;2;2;3;11;5;800;1
2022;17;6;1702;1702006;-;2;5;2;2;3;11;1;4000;1
2022;17;6;1702;1702006;-;2;5;2;2;3;11;4;200;1
2022;17;6;1702;1702006;-;2;5;2;2;3;11;5;300;1
2022;17;6;1702;1702006;-;2;5;3;2;3;11;2;634254;1
2022;17;6;1702;1702006;-;2;5;3;2;3;11;4;720;1
2022;17;6;1702;1702006;-;2;5;3;2;3;11;5;14400;1
2022;17;6;1702;1702006;-;2;5;4;2;3;11;2;715927;1
2022;17;6;1702;1702006;-;2;5;4;2;3;11;4;3000;1
2022;17;6;1702;1702006;-;2;5;4;2;3;11;5;19000;1
2022;17;6;1702;1702006;-;2;11;2;2;3;11;1;15000;1
2022;17;6;1702;1702006;-;2;11;2;2;3;11;4;300;1
2022;17;6;1702;1702006;-;2;11;2;2;3;11;5;500;1
2022;17;6;1702;1702006;-;2;11;4;2;3;11;2;721295;1
2022;17;6;1702;1702006;-;2;11;4;2;3;11;4;730;1
2022;17;6;1702;1702006;-;2;11;4;2;3;11;5;54000;1
2022;17;6;1703;1703001;-;2;5;4;2;3;11;2;411500;1
2022;17;6;1703;1703001;-;2;5;4;2;3;11;4;1200;1
2022;17;6;1703;1703001;-;2;5;4;2;3;11;5;8300;1
2022;17;6;1703;1703003;-;2;5;2;2;3;11;2;585209;1
2022;17;6;1703;1703003;-;2;5;2;2;3;11;4;400;1
2022;17;6;1703;1703003;-;2;5;4;2;3;11;2;853374;3
2022;17;6;1703;1703003;-;2;5;4;2;3;11;4;2795;3
2022;17;6;1703;1703003;-;2;5;4;2;3;11;5;62513;3
2022;17;6;1703;1703003;-;2;8;3;2;3;11;2;90000;1
2022;17;6;1703;1703003;-;2;8;3;2;3;11;4;1050;1
2022;17;6;1703;1703003;-;2;8;3;2;3;11;5;1400;1
2022;17;6;1703;1703003;-;2;11;2;2;3;11;2;78500;1
2022;17;6;1703;1703003;-;2;11;2;2;3;11;4;600;1
2022;17;6;1703;1703003;-;2;11;2;2;3;11;5;4500;1
2022;17;6;1703;1703003;-;2;11;3;2;3;11;1;990350;1
2022;17;6;1703;1703003;-;2;11;3;2;3;11;4;4500;1
2022;17;6;1703;1703003;-;2;11;3;2;3;11;5;19000;1
2022;17;6;1703;1703003;-;2;11;4;2;3;11;1;249049;1
2022;17;6;1703;1703003;-;2;11;4;2;3;11;4;1825;1
2022;17;6;1703;1703003;-;2;11;4;2;3;11;5;11000;1
2022;17;6;1703;1703003;-;2;13;5;2;3;11;2;1915911;1
2022;17;6;1703;1703003;-;2;13;5;2;3;11;4;5000;1
2022;17;6;1703;1703003;-;2;13;5;2;3;11;5;55000;1
2022;17;6;1703;1703004;-;2;5;4;2;3;11;2;369070;2
2022;17;6;1703;1703004;-;2;5;4;2;3;11;4;4850;2
2022;17;6;1703;1703004;-;2;5;4;2;3;11;5;32400;2
2022;17;6;1703;1703004;-;2;11;3;2;3;11;2;368002;1
2022;17;6;1703;1703004;-;2;11;3;2;3;11;4;1400;1
2022;17;6;1703;1703004;-;2;11;3;2;3;11;5;21600;1
2022;17;6;1703;1703006;-;2;5;3;2;3;11;2;445472;1
2022;17;6;1703;1703006;-;2;5;3;2;3;11;4;2000;1
2022;17;6;1703;1703006;-;2;5;3;2;3;11;5;9300;1
2022;17;6;1703;1703006;-;2;5;5;2;3;11;2;1324213;1
2022;17;6;1703;1703006;-;2;5;5;2;3;11;4;3650;1
2022;17;6;1703;1703006;-;2;5;5;2;3;11;5;85600;1
2022;17;6;1703;1703006;-;2;11;3;2;3;11;2;294637;1
2022;17;6;1703;1703006;-;2;11;3;2;3;11;4;400;1
2022;17;6;1703;1703006;-;2;11;3;2;3;11;5;11000;1
2022;17;6;1703;1703006;-;2;12;2;2;3;11;2;331053;1
2022;17;6;1703;1703006;-;2;12;2;2;3;11;4;1000;1
2022;17;6;1703;1703006;-;2;12;2;2;3;11;5;1100;1
2022;17;7;1701;1701001;-;3;4;6;2;3;11;1;859633;1
2022;17;7;1701;1701001;-;3;4;6;2;3;11;3;234647;1
2022;17;7;1701;1701001;-;3;4;6;2;3;11;4;10000;1
2022;17;7;1701;1701001;-;3;4;6;2;3;11;5;69000;1
2022;17;7;1701;1701002;-;2;5;3;2;3;11;2;463736;2
2022;17;7;1701;1701002;-;2;5;3;2;3;11;4;2065;2
2022;17;7;1701;1701002;-;2;5;3;2;3;11;5;21900;1
2022;17;7;1701;1701002;-;2;5;4;2;3;11;2;2340841;4
2022;17;7;1701;1701002;-;2;5;4;2;3;11;4;4420;4
2022;17;7;1701;1701002;-;2;5;4;2;3;11;5;326900;4
2022;17;7;1701;1701002;-;2;11;3;2;3;11;2;1148937;3
2022;17;7;1701;1701002;-;2;11;3;2;3;11;4;2300;3
2022;17;7;1701;1701002;-;2;11;3;2;3;11;5;57300;3
2022;17;7;1701;1701002;-;2;11;4;2;3;11;1;30000;1
2022;17;7;1701;1701002;-;2;11;4;2;3;11;2;1673570;3
2022;17;7;1701;1701002;-;2;11;4;2;3;11;4;5410;3
2022;17;7;1701;1701002;-;2;11;4;2;3;11;5;146700;3
2022;17;7;1701;1701003;-;2;11;2;2;3;11;2;91000;1
2022;17;7;1701;1701003;-;2;11;2;2;3;11;4;500;1
2022;17;7;1701;1701003;-;2;11;5;2;3;11;2;697221;1
2022;17;7;1701;1701003;-;2;11;5;2;3;11;4;1825;1
2022;17;7;1701;1701003;-;2;11;5;2;3;11;5;110000;1
2022;17;7;1703;1703006;-;2;11;4;2;3;11;2;308256;1
2022;17;7;1703;1703006;-;2;11;4;2;3;11;4;400;1
2022;17;7;1703;1703006;-;2;11;4;2;3;11;5;27800;1
2022;17;8;1702;1702002;-;1;5;2;2;3;11;3;54750;1
2022;17;8;1702;1702002;-;1;5;2;2;3;11;4;1000;1
2022;17;8;1702;1702002;-;1;5;2;2;3;11;5;1500;1
2022;17;8;1702;1702002;-;2;8;5;2;3;11;1;522380;1
2022;17;8;1702;1702002;-;2;8;5;2;3;11;4;2500;1
2022;17;8;1702;1702002;-;2;8;5;2;3;11;5;20000;1
2022;17;8;1702;1702005;-;1;0;2;2;3;11;3;17000;1
2022;17;8;1702;1702005;-;1;0;2;2;3;11;4;1100;1
2022;17;8;1702;1702005;-;1;5;3;2;3;11;3;182500;1
2022;17;8;1702;1702005;-;1;5;3;2;3;11;4;700;1
2022;17;8;1702;1702005;-;1;5;3;2;3;11;5;1500;1
2022;17;8;1702;1702005;-;1;8;4;2;3;11;2;146000;1
2022;17;8;1702;1702005;-;1;8;4;2;3;11;4;730;1
2022;17;8;1702;1702005;-;1;8;4;2;3;11;5;7000;1
2022;17;8;1702;1702005;-;1;11;2;2;3;11;3;109500;1
2022;17;8;1702;1702005;-;1;11;2;2;3;11;4;3650;1
2022;17;8;1702;1702005;-;1;11;3;2;3;11;3;50250;1
2022;17;8;1702;1702005;-;1;11;3;2;3;11;4;1500;1
2022;17;8;1702;1702005;-;1;11;3;2;3;11;5;3000;1
2022;17;8;1702;1702005;-;2;5;2;2;3;11;2;837568;5
2022;17;8;1702;1702005;-;2;5;2;2;3;11;3;218600;4
2022;17;8;1702;1702005;-;2;5;2;2;3;11;4;5472;8
2022;17;8;1702;1702005;-;2;5;2;2;3;11;5;3974;5
2022;17;8;1702;1702005;-;2;5;3;2;3;11;3;130000;1
2022;17;8;1702;1702005;-;2;5;4;2;3;11;2;891470;2
2022;17;8;1702;1702005;-;2;5;4;2;3;11;4;900;2
2022;17;8;1702;1702005;-;2;5;4;2;3;11;5;10000;2
2022;17;8;1702;1702005;-;2;8;2;2;3;11;2;38951;1
2022;17;8;1702;1702005;-;2;8;2;2;3;11;4;255;1
2022;17;8;1702;1702005;-;2;8;2;2;3;11;5;8640;1
2022;17;8;1702;1702005;-;2;8;3;2;3;11;2;310000;1
2022;17;8;1702;1702005;-;2;8;3;2;3;11;4;400;1
2022;17;8;1702;1702005;-;2;8;3;2;3;11;5;5000;1
2022;17;8;1702;1702005;-;2;8;5;2;3;11;2;1564698;1
2022;17;8;1702;1702005;-;2;8;5;2;3;11;4;500;1
2022;17;8;1702;1702005;-;2;8;5;2;3;11;5;6000;1
2022;17;8;1702;1702005;-;2;9;5;2;3;11;1;1111651;1
2022;17;8;1702;1702005;-;2;9;5;2;3;11;4;1675;1
2022;17;8;1702;1702005;-;2;9;5;2;3;11;5;34404;1
2022;17;8;1702;1702005;-;2;11;2;2;3;11;2;1181577;3
2022;17;8;1702;1702005;-;2;11;2;2;3;11;3;8900;1
2022;17;8;1702;1702005;-;2;11;2;2;3;11;4;3850;4
2022;17;8;1702;1702005;-;2;11;2;2;3;11;5;42780;4
2022;17;8;1702;1702005;-;2;11;3;2;3;11;2;1209001;3
2022;17;8;1702;1702005;-;2;11;3;2;3;11;4;4855;3
2022;17;8;1702;1702005;-;2;11;3;2;3;11;5;52300;3
2022;17;8;1702;1702005;-;2;11;4;2;3;11;2;718656;1
2022;17;8;1702;1702005;-;2;11;4;2;3;11;4;1000;1
2022;17;8;1702;1702005;-;2;11;4;2;3;11;5;30000;1
2022;17;8;1702;1702005;-;2;11;5;2;3;11;2;2240098;2
2022;17;8;1702;1702005;-;2;11;5;2;3;11;3;912500;1
2022;17;8;1702;1702005;-;2;11;5;2;3;11;4;1930;3
2022;17;8;1702;1702005;-;2;11;5;2;3;11;5;158000;3
2022;17;8;1702;1702005;-;2;12;5;2;3;11;2;2009842;1
2022;17;8;1702;1702005;-;2;12;5;2;3;11;5;10000;1
2022;17;8;1702;1702005;-;2;14;7;2;3;11;2;10644997;1
2022;17;8;1702;1702005;-;2;14;7;2;3;11;4;7300;1
2022;17;8;1702;1702005;-;2;14;7;2;3;11;5;60000;1
2022;17;8;1702;1702006;-;2;5;3;2;3;11;1;5500;1
2022;17;8;1702;1702006;-;2;5;3;2;3;11;3;3000;1
2022;17;8;1702;1702006;-;2;5;3;2;3;11;4;1100;1
2022;17;8;1702;1702006;-;2;5;3;2;3;11;5;1000;1
2022;17;8;1703;1703004;-;2;5;5;2;3;11;2;96000;1
2022;17;8;1703;1703005;-;2;5;3;2;3;11;2;98052;1
2022;17;8;1703;1703005;-;2;5;3;2;3;11;4;8000;1
2022;17;8;1703;1703005;-;2;5;3;2;3;11;5;27000;1
2022;17;8;1703;1703005;-;2;11;2;2;3;11;2;144000;1
2022;17;8;1703;1703005;-;2;11;2;2;3;11;4;720;1
2022;17;8;1703;1703005;-;2;11;2;2;3;11;5;5400;1
2022;17;9;1704;1704003;-;2;5;4;2;3;11;2;1305238;2
2022;17;9;1704;1704003;-;2;5;4;2;3;11;3;785027;1
2022;17;9;1704;1704003;-;2;5;4;2;3;11;4;5750;2
2022;17;9;1704;1704003;-;2;5;4;2;3;11;5;78992;2
2022;17;9;1704;1704003;-;3;11;5;2;3;11;2;3272543;1
2022;17;9;1704;1704003;-;3;11;5;2;3;11;4;750;1
2022;17;9;1704;1704003;-;3;11;5;2;3;11;5;30000;1
2022;17;9;1704;1704004;-;1;5;2;1;1;11;3;336440;1
2022;17;9;1704;1704004;-;1;5;2;1;1;11;4;1800;1
2022;17;9;1704;1704004;-;1;5;2;1;1;11;5;20500;1
2022;17;9;1704;1704004;-;2;1;3;2;3;11;2;103942;1
2022;17;9;1704;1704004;-;2;1;3;2;3;11;4;4000;1
2022;17;9;1704;1704004;-;2;1;3;2;3;11;5;5760;1
2022;17;9;1704;1704004;-;2;5;4;2;3;11;2;602472;1
2022;17;9;1704;1704004;-;2;5;4;2;3;11;4;750;1
2022;17;9;1704;1704004;-;2;5;4;2;3;11;5;2800;1
2022;17;9;1704;1704005;-;1;5;2;2;3;11;2;19338;1
2022;17;9;1704;1704005;-;1;5;4;2;3;11;2;61786;1
2022;17;9;1704;1704005;-;1;5;4;2;3;11;5;400;1
2022;17;9;1704;1704005;-;1;11;2;2;3;11;2;173941;1
2022;17;9;1704;1704005;-;2;5;3;2;3;11;2;1372360;2
2022;17;9;1704;1704005;-;2;5;3;2;3;11;3;720000;1
2022;17;9;1704;1704005;-;2;5;3;2;3;11;4;1895;2
2022;17;9;1704;1704005;-;2;5;3;2;3;11;5;17010;1
2022;17;9;1704;1704005;-;2;8;2;2;3;11;2;48318;1
2022;17;9;1704;1704005;-;2;11;3;2;3;11;2;246613;1
2022;17;9;1704;1704005;-;2;12;3;2;3;11;2;555786;1
2022;17;9;1704;1704005;-;2;12;3;2;3;11;4;200;1
2022;17;9;1704;1704006;-;1;11;3;2;3;11;2;3036;1
2022;17;9;1704;1704006;-;1;11;3;2;3;11;3;405764;1
2022;17;9;1704;1704006;-;1;11;3;2;3;11;5;29200;1
2022;17;9;1704;1704006;-;2;5;3;2;3;11;2;100000;1
2022;17;9;1704;1704006;-;2;5;3;2;3;11;4;720;1
2022;17;9;1704;1704006;-;2;11;3;2;3;11;2;413306;2
2022;17;9;1704;1704006;-;2;11;3;2;3;11;4;1300;1
2022;17;9;1704;1704006;-;2;11;3;2;3;11;5;1600;1
2022;17;10;0;0;-;63;5;1;1;1;11;2;72200;1
2022;17;10;0;0;-;63;5;1;1;1;11;3;1142925;1
2022;17;10;1701;1701006;-;1;5;3;2;3;11;1;180000;1
2022;17;10;1701;1701006;-;1;5;3;2;3;11;4;1500;1
2022;17;10;1701;1701006;-;1;5;3;2;3;11;5;2700;1
2022;17;10;1702;1702002;-;1;5;4;2;3;11;1;669930;1
2022;17;10;1702;1702002;-;1;5;4;2;3;11;4;2000;1
2022;17;10;1702;1702002;-;1;5;4;2;3;11;5;18720;1
2022;17;10;1702;1702002;-;2;5;3;2;3;11;2;23683;1
2022;17;10;1702;1702002;-;2;5;3;2;3;11;4;1460;1
2022;17;10;1702;1702002;-;2;5;3;2;3;11;5;3600;1
2022;17;10;1702;1702002;-;2;5;4;2;3;11;1;65000;1
2022;17;10;1702;1702002;-;2;5;4;2;3;11;2;715676;2
2022;17;10;1702;1702002;-;2;5;4;2;3;11;5;6000;1
2022;17;10;1702;1702002;-;2;5;5;2;3;11;2;2356601;3
2022;17;10;1702;1702002;-;2;5;5;2;3;11;3;126000;1
2022;17;10;1702;1702002;-;2;5;5;2;3;11;4;3430;3
2022;17;10;1702;1702002;-;2;5;5;2;3;11;5;73680;2
2022;17;10;1702;1702002;-;2;11;2;2;3;11;2;400944;1
2022;17;10;1702;1702002;-;2;11;2;2;3;11;4;1460;1
2022;17;10;1702;1702002;-;2;11;2;2;3;11;5;45000;1
2022;17;10;1702;1702002;-;2;11;3;2;3;11;3;140000;1
2022;17;10;1702;1702002;-;2;11;3;2;3;11;4;1500;1
2022;17;10;1702;1702002;-;2;11;3;2;3;11;5;11000;1
2022;17;10;1702;1702002;-;2;11;4;2;3;11;2;528814;1
2022;17;10;1702;1702002;-;2;11;4;2;3;11;4;1460;1
2022;17;10;1702;1702002;-;2;11;4;2;3;11;5;18000;1
2022;17;10;1702;1702002;-;2;12;6;2;3;11;2;2186652;1
2022;17;10;1702;1702002;-;2;12;6;2;3;11;4;1900;1
2022;17;10;1702;1702002;-;2;12;6;2;3;11;5;35100;1
2022;17;10;1702;1702005;-;2;11;4;2;3;11;3;90000;1
2022;17;10;1702;1702005;-;2;11;4;2;3;11;4;1000;1
2022;17;10;1702;1702005;-;2;11;4;2;3;11;5;3000;1
2022;17;10;1702;1702006;-;2;5;2;2;3;11;2;847913;3
2022;17;10;1702;1702006;-;2;5;2;2;3;11;4;2440;3
2022;17;10;1702;1702006;-;2;5;2;2;3;11;5;3960;2
2022;17;10;1702;1702006;-;2;5;3;2;3;11;1;33500;1
2022;17;10;1702;1702006;-;2;5;3;2;3;11;2;988560;3
2022;17;10;1702;1702006;-;2;5;3;2;3;11;4;2810;3
2022;17;10;1702;1702006;-;2;5;3;2;3;11;5;26920;4
2022;17;10;1702;1702006;-;2;5;4;2;3;11;2;3751770;5
2022;17;10;1702;1702006;-;2;5;4;2;3;11;4;5220;3
2022;17;10;1702;1702006;-;2;5;4;2;3;11;5;48050;4
2022;17;10;1702;1702006;-;2;5;5;2;3;11;2;1359478;1
2022;17;10;1702;1702006;-;2;5;5;2;3;11;4;156;1
2022;17;10;1702;1702006;-;2;5;5;2;3;11;5;39500;1
2022;17;10;1702;1702006;-;2;11;2;2;3;11;2;314136;3
2022;17;10;1702;1702006;-;2;11;2;2;3;11;4;1250;2
2022;17;10;1702;1702006;-;2;11;2;2;3;11;5;3160;2
2022;17;10;1702;1702006;-;2;11;3;2;3;11;2;464733;1
2022;17;10;1702;1702006;-;2;11;3;2;3;11;4;720;1
2022;17;10;1702;1702006;-;2;11;3;2;3;11;5;7200;1
2022;17;10;1702;1702006;-;2;11;6;2;3;11;2;1012512;1
2022;17;10;1702;1702006;-;2;11;6;2;3;11;3;760570;1
2022;17;10;1702;1702006;-;2;11;6;2;3;11;4;1800;1
2022;17;10;1702;1702006;-;2;11;6;2;3;11;5;30000;1
2022;17;10;1702;1702006;-;2;14;5;2;3;11;2;1200000;1
2022;17;10;1702;1702006;-;2;14;5;2;3;11;4;2500;1
2022;17;10;1702;1702006;-;2;14;5;2;3;11;5;36000;1
2022;17;10;1702;1702006;-;3;5;3;2;3;11;2;120000;1
2022;17;10;1702;1702007;-;2;11;4;2;3;11;2;420000;1
2022;17;10;1702;1702007;-;2;11;4;2;3;11;4;730;1
2022;17;10;1702;1702007;-;2;11;4;2;3;11;5;14600;1
2022;17;11;1702;1702002;-;2;12;6;2;3;11;2;659144;1
2022;17;11;1702;1702002;-;2;12;6;2;3;11;4;1000;1
2022;17;11;1702;1702002;-;2;12;6;2;3;11;5;90000;1
2022;17;11;1702;1702003;-;1;5;3;2;3;11;2;162885;1
2022;17;11;1702;1702003;-;1;5;3;2;3;11;4;700;1
2022;17;11;1702;1702003;-;1;5;3;2;3;11;5;6480;1
2022;17;11;1702;1702003;-;2;5;2;2;3;11;1;14000;1
2022;17;11;1702;1702003;-;2;5;2;2;3;11;2;133000;1
2022;17;11;1702;1702003;-;2;5;2;2;3;11;3;80000;1
2022;17;11;1702;1702003;-;2;5;2;2;3;11;4;1000;2
2022;17;11;1702;1702003;-;2;5;2;2;3;11;5;7200;1
2022;17;11;1702;1702003;-;2;5;3;2;3;11;1;433952;1
2022;17;11;1702;1702003;-;2;5;3;2;3;11;2;1014558;2
2022;17;11;1702;1702003;-;2;5;3;2;3;11;4;5460;3
2022;17;11;1702;1702003;-;2;5;3;2;3;11;5;42250;3
2022;17;11;1702;1702003;-;2;5;4;2;3;11;2;1144877;3
2022;17;11;1702;1702003;-;2;5;4;2;3;11;4;7900;3
2022;17;11;1702;1702003;-;2;5;4;2;3;11;5;52000;3
2022;17;11;1702;1702003;-;2;9;6;2;3;11;2;2702857;1
2022;17;11;1702;1702003;-;2;9;6;2;3;11;4;2000;1
2022;17;11;1702;1702003;-;2;9;6;2;3;11;5;50000;1
2022;17;11;1702;1702003;-;2;11;2;2;3;11;1;6950;1
2022;17;11;1702;1702003;-;2;11;2;2;3;11;3;44600;1
2022;17;11;1702;1702003;-;2;11;2;2;3;11;4;730;1
2022;17;11;1702;1702003;-;2;11;2;2;3;11;5;1700;1
2022;17;11;1702;1702003;-;2;11;4;2;3;11;2;65191;1
2022;17;11;1702;1702003;-;2;11;4;2;3;11;4;100;1
2022;17;11;1702;1702003;-;2;11;4;2;3;11;5;100;1
2022;17;11;1702;1702004;-;1;5;4;2;3;11;3;65000;1
2022;17;11;1702;1702004;-;1;5;4;2;3;11;4;730;1
2022;17;11;1702;1702004;-;1;5;4;2;3;11;5;6500;1
2022;17;11;1702;1702004;-;2;5;3;2;3;11;2;294730;1
2022;17;11;1702;1702004;-;2;5;3;2;3;11;3;292000;1
2022;17;11;1702;1702004;-;2;5;3;2;3;11;4;3825;2
2022;17;11;1702;1702004;-;2;5;3;2;3;11;5;20325;2
2022;17;11;1702;1702004;-;2;5;4;2;3;11;2;972738;2
2022;17;11;1702;1702004;-;2;5;4;2;3;11;4;2000;2
2022;17;11;1702;1702004;-;2;5;4;2;3;11;5;40000;2
2022;17;11;1702;1702004;-;2;5;5;2;3;11;2;468870;1
2022;17;11;1702;1702004;-;2;5;5;2;3;11;4;500;1
2022;17;11;1702;1702004;-;2;5;5;2;3;11;5;45000;1
2022;17;11;1702;1702004;-;2;5;6;2;3;11;2;5498882;1
2022;17;11;1702;1702004;-;2;5;6;2;3;11;4;600;1
2022;17;11;1702;1702004;-;2;5;6;2;3;11;5;68000;1
2022;17;11;1702;1702004;-;2;11;3;2;3;11;3;50000;1
2022;17;11;1702;1702004;-;2;11;3;2;3;11;4;750;1
2022;17;11;1702;1702004;-;2;11;3;2;3;11;5;2500;1
2022;17;11;1702;1702005;-;2;11;5;2;3;11;2;620500;1
2022;17;11;1702;1702005;-;2;11;5;2;3;11;4;230;1
2022;17;11;1702;1702007;-;2;5;4;2;3;11;2;664506;2
2022;17;11;1702;1702007;-;2;5;4;2;3;11;4;4000;2
2022;17;11;1702;1702007;-;2;5;4;2;3;11;5;27480;2
2022;17;11;1702;1702007;-;2;11;2;2;3;11;2;82351;1
2022;17;11;1702;1702007;-;2;11;2;2;3;11;4;130;1
2022;17;11;1702;1702007;-;2;11;5;2;3;11;2;1060827;1
2022;17;11;1702;1702007;-;2;11;5;2;3;11;4;1500;1
2022;17;11;1702;1702007;-;2;11;5;2;3;11;5;32880;1
2022;17;11;1702;1702008;-;1;3;5;2;3;11;2;170915;1
2022;17;11;1702;1702008;-;1;3;5;2;3;11;3;1400;1
2022;17;11;1702;1702008;-;2;5;4;2;3;11;2;125000;1
2022;17;11;1702;1702008;-;2;5;4;2;3;11;3;212000;1
2022;17;11;1702;1702008;-;2;5;4;2;3;11;4;2500;1
2022;17;11;1702;1702008;-;2;5;4;2;3;11;5;15000;1
2022;17;12;1701;1701002;-;2;2;8;2;3;11;2;3997773;1
2022;17;12;1701;1701002;-;2;2;8;2;3;11;4;13085;1
2022;17;12;1701;1701002;-;2;2;8;2;3;11;5;207610;1
2022;18;1;1801;1801004;-;1;1;5;2;3;11;4;2678;1
2022;18;1;1801;1801004;-;1;1;5;2;3;11;5;10551;1
2022;18;2;1802;1802003;-;1;5;2;2;3;11;1;23000;1
2022;18;2;1802;1802003;-;1;5;2;2;3;11;4;600;1
2022;18;2;1802;1802003;-;63;5;1;1;1;11;1;3650;1
2022;18;2;1802;1802003;-;63;5;1;1;1;11;4;730;1
2022;18;3;1806;1806002;-;2;13;3;2;3;11;4;1410;1
2022;18;3;1806;1806002;-;2;13;3;2;3;11;5;3500;1
2022;18;4;1806;1806004;-;2;12;5;2;3;11;2;1348500;1
2022;18;4;1806;1806004;-;2;12;5;2;3;11;4;1825;1
2022;18;4;1806;1806004;-;2;12;5;2;3;11;5;43800;1
2022;18;6;0;0;-;63;5;1;1;1;11;1;13000;1
2022;18;6;0;0;-;63;5;1;1;1;11;3;5000;1
2022;18;6;0;0;-;63;5;1;1;1;11;4;2000;1
2022;18;6;0;0;-;63;5;1;1;1;11;5;10595;2
2022;18;6;1802;1802001;-;1;5;2;2;3;11;1;43000;1
2022;18;6;1802;1802001;-;1;5;2;2;3;11;4;1500;1
2022;18;6;1802;1802001;-;1;5;2;2;3;11;5;4500;1
2022;18;6;1802;1802001;-;2;5;2;2;3;11;3;20000;1
2022;18;6;1802;1802001;-;2;5;2;2;3;11;4;700;1
2022;18;6;1802;1802002;-;2;5;2;2;3;11;2;113150;1
2022;18;6;1802;1802002;-;2;5;2;2;3;11;3;27540;1
2022;18;6;1802;1802002;-;2;5;2;2;3;11;4;3365;2
2022;18;6;1802;1802002;-;2;5;2;2;3;11;5;5475;1
2022;18;7;1803;1803001;-;1;5;5;2;3;11;2;135000;1
2022;18;7;1803;1803001;-;1;5;5;2;3;11;4;300;1
2022;18;7;1803;1803001;-;1;5;5;2;3;11;5;6000;1
2022;18;7;1803;1803001;-;2;8;5;2;3;11;1;404981;1
2022;18;7;1803;1803001;-;2;8;5;2;3;11;4;1300;1
2022;18;7;1803;1803001;-;2;8;5;2;3;11;5;18000;1
2022;18;7;1803;1803001;-;2;11;4;2;3;11;2;170000;1
2022;18;7;1803;1803001;-;2;11;4;2;3;11;4;720;1
2022;18;7;1803;1803001;-;2;11;4;2;3;11;5;720;1
2022;18;7;1804;1804001;-;1;11;4;2;3;11;2;700000;1
2022;18;7;1804;1804001;-;2;8;5;2;3;11;2;616870;1
2022;18;7;1804;1804001;-;2;8;5;2;3;11;4;3600;1
2022;18;7;1804;1804001;-;2;8;5;2;3;11;5;44000;1
2022;18;7;1804;1804002;-;2;5;5;2;3;11;2;666958;1
2022;18;7;1804;1804002;-;2;5;5;2;3;11;4;1465;1
2022;18;7;1804;1804002;-;2;5;5;2;3;11;5;65907;1
2022;18;8;1803;1803005;-;1;9;7;2;3;11;1;160000;1
2022;18;8;1803;1803005;-;1;9;7;2;3;11;4;2000;1
2022;18;8;1803;1803005;-;1;9;7;2;3;11;5;5000;1
2022;18;8;1803;1803005;-;2;11;5;2;3;11;3;620500;1
2022;18;8;1803;1803005;-;2;11;5;2;3;11;4;3000;1
2022;18;8;1803;1803005;-;2;11;5;2;3;11;5;32400;1
2022;18;10;1805;1805005;-;1;5;2;2;3;11;1;21200;1
2022;18;10;1805;1805005;-;1;5;2;2;3;11;4;700;1
2022;18;11;1805;1805005;-;1;5;4;3;4;11;1;255652;1
2022;18;11;1805;1805005;-;1;5;4;3;4;11;4;1200;1
2022;18;11;1805;1805005;-;1;5;4;3;4;11;5;7500;1
2022;18;14;1802;1802003;-;1;5;2;2;3;11;4;730;1
2022;18;14;1802;1802003;-;1;5;2;2;3;11;5;13600;1
2022;18;16;1806;1806001;-;1;5;7;2;3;11;2;500000;1
2022;18;16;1806;1806001;-;1;5;7;2;3;11;4;3600;1
2022;18;16;1806;1806001;-;1;5;7;2;3;11;5;25800;1
2022;19;5;1902;1902007;-;2;11;5;2;3;11;2;1961959;1
2022;19;5;1902;1902007;-;2;11;5;2;3;11;5;92600;1
2022;19;7;1901;1901005;-;1;5;2;2;3;11;1;12400;1
2022;19;7;1901;1901005;-;1;5;2;2;3;11;4;720;1
2022;19;7;1901;1901005;-;2;11;2;2;3;11;3;54000;1
2022;19;7;1901;1901005;-;2;11;2;2;3;11;4;360;1
2022;19;7;1901;1901005;-;2;11;2;2;3;11;5;800;1
2022;19;7;1903;1903004;-;2;9;5;2;3;11;2;2047786;1
2022;19;7;1903;1903004;-;2;9;5;2;3;11;4;4400;1
2022;19;7;1903;1903004;-;2;9;5;2;3;11;5;107000;1
2022;19;10;1903;1903001;-;1;5;2;2;3;11;3;73000;1
2022;19;10;1903;1903001;-;1;5;2;2;3;11;4;700;1
2022;19;10;1903;1903001;-;63;5;1;1;1;11;1;20;1
2022;19;10;1903;1903001;-;63;5;1;1;1;11;2;30;1
2022;19;10;1903;1903001;-;63;5;1;1;1;11;3;50;1
2022;19;10;1903;1903001;-;63;5;1;1;1;11;4;2;1
2022;19;10;1903;1903002;-;1;8;2;2;3;11;3;90000;1
