id,ejercicio,lluvia,lluvia_normal,lluvia_anom,thi_dias,gw,gw_z
0101001,2021,888.5357993452845,1151.3050871522987,-22.82360173157596,24,0.7575824372759856,0.4194771645243906
0101001,2022,811.553131415303,1151.3050871522987,-29.510158473924303,31,0.7489518689196109,0.1521143413705534
0101001,2023,676.6611735908588,1151.3050871522987,-41.22659743782165,62,0.6620153609831029,-2.5410559386461053
0101001,2024,1287.12815898789,1151.3050871522987,11.797313618368827,39,0.700608144852305,-1.3455059791797153
0101001,2025,808.5776478546053,1151.3050871522987,-29.768602877054448,43,0.6872508960573477,-1.759294689253506
0101001,2026,736.637914957676,1151.3050871522987,-36.01714061911107,42,0.6923702636968766,-1.600703907239032
0101002,2021,900.5460585371424,1162.486656948584,-22.532783223423014,24,0.7575824372759856,0.4194771645243906
0101002,2022,838.9438956376964,1162.486656948584,-27.831954833800523,31,0.7489518689196109,0.1521143413705534
0101002,2023,689.3066105366493,1162.486656948584,-40.70412710404668,62,0.6620153609831029,-2.5410559386461053
0101002,2024,1336.1202275181283,1162.486656948584,14.93639256258785,39,0.700608144852305,-1.3455059791797153
0101002,2025,826.8566978809727,1162.486656948584,-28.871725714995108,43,0.6872508960573477,-1.759294689253506
0101002,2026,757.7943166413562,1162.486656948584,-34.812643903329295,42,0.6923702636968766,-1.600703907239032
0101003,2021,894.1164367215554,1164.0513591060433,-23.189262249716357,24,0.7575824372759856,0.4194771645243906
0101003,2022,828.4909822885272,1164.0513591060433,-28.8269391373948,31,0.7489518689196109,0.1521143413705534
0101003,2023,677.755790189699,1164.0513591060433,-41.77612655250922,62,0.6620153609831029,-2.5410559386461053
0101003,2024,1321.7088401813426,1164.0513591060433,13.543859542106075,39,0.700608144852305,-1.3455059791797153
0101003,2025,823.4848415567448,1164.0513591060433,-29.25700098068211,43,0.6872508960573477,-1.759294689253506
0101003,2026,751.2096803295458,1164.0513591060433,-35.46593331530901,42,0.6923702636968766,-1.600703907239032
0101004,2021,898.0701612511849,1171.599034580713,-23.346628433115548,24,0.7575824372759856,0.4194771645243906
0101004,2022,837.4794912900059,1171.599034580713,-28.51825013753792,31,0.7489518689196109,0.1521143413705534
0101004,2023,679.6336854505738,1171.599034580713,-41.990931590875,62,0.6620153609831029,-2.5410559386461053
0101004,2024,1335.2068417036073,1171.599034580713,13.964488045301755,39,0.700608144852305,-1.3455059791797153
0101004,2025,829.3616279093718,1171.599034580713,-29.211137647772098,43,0.6872508960573477,-1.759294689253506
0101004,2026,754.47006576019,1171.599034580713,-35.603389599053685,42,0.6923702636968766,-1.600703907239032
0101005,2021,893.4844318632997,1169.2759987916806,-23.5865242434961,24,0.7575824372759856,0.4194771645243906
0101005,2022,848.2473492959751,1169.2759987916806,-27.455335594628952,31,0.7489518689196109,0.1521143413705534
0101005,2023,668.6381007488275,1169.2759987916806,-42.81605870301006,62,0.6620153609831029,-2.5410559386461053
0101005,2024,1326.6875491261067,1169.2759987916806,13.462309197921936,39,0.700608144852305,-1.3455059791797153
0101005,2025,823.5821747262611,1169.2759987916806,-29.564775504043222,43,0.6872508960573477,-1.759294689253506
0101005,2026,744.3705764959974,1169.2759987916806,-36.33918961261299,42,0.6923702636968766,-1.600703907239032
0101006,2021,893.6516313894148,1162.125200592912,-23.10194883189204,24,0.7575824372759856,0.4194771645243906
0101006,2022,837.3096183865616,1162.125200592912,-27.95013670133224,31,0.7489518689196109,0.1521143413705534
0101006,2023,668.5817857055107,1162.125200592912,-42.46903987931742,62,0.6620153609831029,-2.5410559386461053
0101006,2024,1302.1140445323467,1162.125200592912,12.045934798420417,39,0.700608144852305,-1.3455059791797153
0101006,2025,824.3909369326099,1162.125200592912,-29.061779530122173,43,0.6872508960573477,-1.759294689253506
0101006,2026,745.63959336729,1162.125200592912,-35.838273450496786,42,0.6923702636968766,-1.600703907239032
0101007,2021,892.9171387685616,1152.9332944684356,-22.552575846962203,24,0.7575824372759856,0.4194771645243906
0101007,2022,835.4151615913198,1152.9332944684356,-27.540026331142496,31,0.7489518689196109,0.1521143413705534
0101007,2023,655.9828623402653,1152.9332944684356,-43.10313827456004,62,0.6620153609831029,-2.5410559386461053
0101007,2024,1319.9677552936214,1152.9332944684356,14.487781871387245,39,0.700608144852305,-1.3455059791797153
0101007,2025,807.7645955719878,1152.9332944684356,-29.938306106043125,43,0.6872508960573477,-1.759294689253506
0101007,2026,742.6270055470031,1152.9332944684356,-35.588033660751016,42,0.6923702636968766,-1.600703907239032
0102001,2021,877.6939131285114,1139.8151955301432,-22.99682294371551,24,0.7575824372759856,0.4194771645243906
0102001,2022,843.6651989584273,1139.8151955301432,-25.98228184122187,31,0.7489518689196109,0.1521143413705534
0102001,2023,650.5117526262239,1139.8151955301432,-42.92831371460509,62,0.6620153609831029,-2.5410559386461053
0102001,2024,1288.8954022840182,1139.8151955301432,13.079331398502354,39,0.700608144852305,-1.3455059791797153
0102001,2025,796.0734756635032,1139.8151955301432,-30.157671279927193,43,0.6872508960573477,-1.759294689253506
0102001,2026,714.431015560239,1139.8151955301432,-37.3204517397272,42,0.6923702636968766,-1.600703907239032
0102002,2021,884.0445352055232,1136.0656615639634,-22.183676074805014,40,0.7104044418842805,-0.3412071884863968
0102002,2022,853.8057804045233,1136.0656615639634,-24.845384444669108,41,0.7010844214029698,-0.6139585118095573
0102002,2023,649.101902076675,1136.0656615639634,-42.864050552932866,79,0.6382061571940604,-2.4540971473022757
0102002,2024,1279.8611205872783,1136.0656615639634,12.65731936879062,66,0.6712378877765418,-1.4874202772146634
0102002,2025,796.1530273740013,1136.0656615639634,-29.920157407277127,62,0.6614049539170507,-1.7751820613977958
0102002,2026,712.8935665725733,1136.0656615639634,-37.24891168780076,63,0.6444295314900154,-2.2719694815786977
0102003,2021,865.3273293905828,1123.190915215172,-22.958126025724642,24,0.7575824372759856,0.4194771645243906
0102003,2022,836.244015393768,1123.190915215172,-25.547473357762428,31,0.7489518689196109,0.1521143413705534
0102003,2023,644.0484255787634,1123.190915215172,-42.65904247851028,62,0.6620153609831029,-2.5410559386461053
0102003,2024,1244.0769230621286,1123.190915215172,10.762730201018245,39,0.700608144852305,-1.3455059791797153
0102003,2025,772.3021296564015,1123.190915215172,-31.240351110883946,43,0.6872508960573477,-1.759294689253506
0102003,2026,671.447611685493,1123.190915215172,-40.21963652039845,42,0.6923702636968766,-1.600703907239032
0102004,2021,865.5229554494094,1135.9294191175372,-23.804864907733165,24,0.7575824372759856,0.4194771645243906
0102004,2022,840.7438456743447,1135.9294191175372,-25.986260103423646,31,0.7489518689196109,0.1521143413705534
0102004,2023,642.5003542701613,1135.9294191175372,-43.43835598788376,62,0.6620153609831029,-2.5410559386461053
0102004,2024,1268.0773973165672,1135.9294191175372,11.633467359414896,39,0.700608144852305,-1.3455059791797153
0102004,2025,786.6429764705271,1135.9294191175372,-30.748956472872962,43,0.6872508960573477,-1.759294689253506
0102004,2026,697.1897151841565,1135.9294191175372,-38.623852551879665,42,0.6923702636968766,-1.600703907239032
0102005,2021,855.9028118145097,1123.38607543102,-23.81044855962652,24,0.7575824372759856,0.4194771645243906
0102005,2022,827.6182322062637,1123.38607543102,-26.328245444138716,31,0.7489518689196109,0.1521143413705534
0102005,2023,639.4460403698573,1123.38607543102,-43.0786926814528,62,0.6620153609831029,-2.5410559386461053
0102005,2024,1243.310237087297,1123.38607543102,10.675240176024506,39,0.700608144852305,-1.3455059791797153
0102005,2025,773.1157491033316,1123.38607543102,-31.17987074864684,43,0.6872508960573477,-1.759294689253506
0102005,2026,676.8657836189091,1123.38607543102,-39.74771466174621,42,0.6923702636968766,-1.600703907239032
0102006,2021,848.7294302992666,1125.2162056663462,-24.57187996180217,24,0.7575824372759856,0.4194771645243906
0102006,2022,797.4437589310072,1125.2162056663462,-29.129730365128733,31,0.7489518689196109,0.1521143413705534
0102006,2023,637.6301701527202,1125.2162056663462,-43.33265314330241,62,0.6620153609831029,-2.5410559386461053
0102006,2024,1224.3746559991043,1125.2162056663462,8.812390883940127,39,0.700608144852305,-1.3455059791797153
0102006,2025,762.6749912210422,1125.2162056663462,-32.219693657061164,43,0.6872508960573477,-1.759294689253506
0102006,2026,672.5942671340499,1125.2162056663462,-40.22533058562344,42,0.6923702636968766,-1.600703907239032
0201001,2021,1087.8269187321387,1359.2162295438177,-19.96660317268012,120,0.6897137096774194,-0.9296912985688226
0201001,2022,877.6680772116961,1359.2162295438177,-35.428369810868105,110,0.6856281362007168,-1.0250110555585372
0201001,2023,819.8250111336864,1359.2162295438177,-39.68398895524979,127,0.6777421274961598,-1.2089980619417473
0201001,2024,1763.8107785910606,1359.2162295438177,29.766753828640905,130,0.733470986281053,0.09120160573806572
0201001,2025,1244.274607826528,1359.2162295438177,-8.456463307230127,118,0.7039270993343574,-0.598081340792978
0201001,2026,1144.607846294134,1359.2162295438177,-15.789127482807558,121,0.7037068612391193,-0.6032196749430505
0201002,2021,1104.737086041973,1379.7390828077573,-19.931449372743543,104,0.6893706477214542,-0.7999031706253564
0201002,2022,911.3009720236403,1379.7390828077573,-33.95120980633885,103,0.679836917562724,-1.0265169866691912
0201002,2023,848.8007977351311,1379.7390828077573,-38.4810644047403,123,0.6764364439324116,-1.1073451927219793
0201002,2024,1793.2310531637895,1379.7390828077573,29.96885248148364,116,0.7266141082684464,0.08536236308637862
0201002,2025,1275.4225596993347,1379.7390828077573,-7.560597826665851,109,0.6931149513568868,-0.7109022317352196
0201002,2026,1147.2524718713903,1379.7390828077573,-16.850041709571546,111,0.6843688556067589,-0.9187942215883554
0201003,2021,1070.7821006982665,1332.2787627161783,-19.62777380649576,104,0.6893706477214542,-0.7999031706253564
0201003,2022,867.0713335557484,1332.2787627161783,-34.91817494801088,103,0.679836917562724,-1.0265169866691912
0201003,2023,820.7704425054642,1332.2787627161783,-38.393490501032865,123,0.6764364439324116,-1.1073451927219793
0201003,2024,1800.1302377375664,1332.2787627161783,35.11663535546852,116,0.7266141082684464,0.08536236308637862
0201003,2025,1217.842617108067,1332.2787627161783,-8.58950459998364,109,0.6931149513568868,-0.7109022317352196
0201003,2026,1201.2136020087057,1332.2787627161783,-9.837667939723366,111,0.6843688556067589,-0.9187942215883554
0201004,2021,1096.3747805684638,1372.8101418375775,-20.136459721887732,104,0.6893706477214542,-0.7999031706253564
0201004,2022,906.8449396997116,1372.8101418375775,-33.94243587930865,103,0.679836917562724,-1.0265169866691912
0201004,2023,854.8898108254,1372.8101418375775,-37.727018123490424,123,0.6764364439324116,-1.1073451927219793
0201004,2024,1807.8694312439482,1372.8101418375775,31.691147679315748,116,0.7266141082684464,0.08536236308637862
0201004,2025,1251.0920176345564,1372.8101418375775,-8.866347974388871,109,0.6931149513568868,-0.7109022317352196
0201004,2026,1185.465958058805,1372.8101418375775,-13.646765715760418,111,0.6843688556067589,-0.9187942215883554
0201005,2021,1059.3015891078571,1328.0955943871013,-20.23905556311171,104,0.6893706477214542,-0.7999031706253564
0201005,2022,913.0746815458801,1328.0955943871013,-31.249325319292836,103,0.679836917562724,-1.0265169866691912
0201005,2023,843.05169954798,1328.0955943871013,-36.52176069923361,123,0.6764364439324116,-1.1073451927219793
0201005,2024,1826.7617010304741,1328.0955943871013,37.54745582704088,116,0.7266141082684464,0.08536236308637862
0201005,2025,1126.9311506567415,1328.0955943871013,-15.146834654111974,109,0.6931149513568868,-0.7109022317352196
0201005,2026,1236.1723973252533,1328.0955943871013,-6.921429259335006,111,0.6843688556067589,-0.9187942215883554
0201006,2021,1064.7620408089133,1365.9422136911026,-22.049261664468837,104,0.6893706477214542,-0.7999031706253564
0201006,2022,991.3898096926681,1365.9422136911026,-27.420808892515613,103,0.679836917562724,-1.0265169866691912
0201006,2023,873.1116422232506,1365.9422136911026,-36.07989902706835,123,0.6764364439324116,-1.1073451927219793
0201006,2024,1855.8925137250408,1365.9422136911026,35.86903568270105,116,0.7266141082684464,0.08536236308637862
0201006,2025,1138.0344536021887,1365.9422136911026,-16.685022089847607,109,0.6931149513568868,-0.7109022317352196
0201006,2026,1186.9816638455486,1365.9422136911026,-13.101619384172903,111,0.6843688556067589,-0.9187942215883554
0202001,2021,1112.7775778769096,1402.59681520468,-20.663046870349362,104,0.6893706477214542,-0.7999031706253564
0202001,2022,942.9457579341515,1402.59681520468,-32.77143169638896,103,0.679836917562724,-1.0265169866691912
0202001,2023,884.8522181804265,1402.59681520468,-36.91328765413598,123,0.6764364439324116,-1.1073451927219793
0202001,2024,1800.938666100686,1402.59681520468,28.400310522441636,116,0.7266141082684464,0.08536236308637862
0202001,2025,1292.3260401304385,1402.59681520468,-7.861901144995101,109,0.6931149513568868,-0.7109022317352196
0202001,2026,1170.4874756614468,1402.59681520468,-16.548543175564088,111,0.6843688556067589,-0.9187942215883554
0202002,2021,1116.8195346896905,1426.0003863270308,-21.681680776658258,99,0.6953947772657451,-0.810622167608294
0202002,2022,993.750799037534,1426.0003863270308,-30.31202455721966,94,0.6878739759344598,-0.9869147513143891
0202002,2023,919.1103417632833,1426.0003863270308,-35.54627680496998,116,0.6791687788018433,-1.1909703600958494
0202002,2024,1840.8934683106086,1426.0003863270308,29.094878652327974,112,0.7280557718452602,-0.045026738716747214
0202002,2025,1316.8998933707792,1426.0003863270308,-7.650803884931847,106,0.6930186251920123,-0.8663207520948164
0202002,2026,1198.1582064413642,1426.0003863270308,-15.977708145824765,103,0.6901153353814644,-0.9343757956205565
0202003,2021,1139.2488893647228,1442.2065402061921,-21.006537024728477,104,0.6893706477214542,-0.7999031706253564
0202003,2022,1021.2197747190456,1442.2065402061921,-29.19046292959939,103,0.679836917562724,-1.0265169866691912
0202003,2023,936.1266027804678,1442.2065402061921,-35.090669978058074,123,0.6764364439324116,-1.1073451927219793
0202003,2024,1918.462089611761,1442.2065402061921,33.0227007109175,116,0.7266141082684464,0.08536236308637862
0202003,2025,1294.2860755420054,1442.2065402061921,-10.256538196189192,109,0.6931149513568868,-0.7109022317352196
0202003,2026,1240.9860340071668,1442.2065402061921,-13.952266931909547,111,0.6843688556067589,-0.9187942215883554
0202004,2021,1086.9191777035062,1416.5026599124517,-23.267410047032012,98,0.6766568100358423,-0.7294947272294791
0202004,2022,1079.6534639101012,1416.5026599124517,-23.78034334387835,98,0.66282910906298,-1.0374919106669025
0202004,2023,914.1915344853895,1416.5026599124517,-35.46136125562291,117,0.6647366871479774,-0.9950026582221744
0202004,2024,1956.6672801564957,1416.5026599124517,38.13368202763766,103,0.7138753244345569,0.09950769544558924
0202004,2025,1180.507056690586,1416.5026599124517,-16.660441939194914,102,0.6789368279569893,-0.6787097775637105
0202004,2026,1218.9265858095562,1416.5026599124517,-13.948161178540031,100,0.6631707629288275,-1.0298819378595605
0202005,2021,1190.0327408365733,1486.2667390896693,-19.931415435868377,99,0.6953947772657451,-0.810622167608294
0202005,2022,1082.6668700055702,1486.2667390896693,-27.155278286810205,94,0.6878739759344598,-0.9869147513143891
0202005,2023,988.3645265921174,1486.2667390896693,-33.50019208547413,116,0.6791687788018433,-1.1909703600958494
0202005,2024,2011.5806141273517,1486.2667390896693,35.3445220310477,112,0.7280557718452602,-0.045026738716747214
0202005,2025,1374.7194958791679,1486.2667390896693,-7.505196764264772,106,0.6930186251920123,-0.8663207520948164
0202005,2026,1290.37846388643,1486.2667390896693,-13.179886897234875,103,0.6901153353814644,-0.9343757956205565
0203001,2021,1138.753288717947,1435.7877699965761,-20.687909974281045,113,0.6848355734767025,-0.9675720109109717
0203001,2022,1019.1500233869396,1435.7877699965761,-29.018059306260156,110,0.6824118023553507,-1.0261986954055635
0203001,2023,913.7180050009554,1435.7877699965761,-36.361207129997055,126,0.6738658474142345,-1.2329100468298584
0203001,2024,1850.554794819523,1435.7877699965761,28.887766945106105,129,0.7111213385242863,-0.3317664100569797
0203001,2025,1346.044794872667,1435.7877699965761,-6.250434569736113,118,0.6915407066052227,-0.8053868437732682
0203001,2026,1232.1463675006028,1435.7877699965761,-14.183252340731316,119,0.699321300563236,-0.617188204413888
0203002,2021,1198.107108598095,1497.5495215399358,-19.99549321306737,99,0.6953947772657451,-0.810622167608294
0203002,2022,1083.404647206844,1497.5495215399358,-27.65483667660119,94,0.6878739759344598,-0.9869147513143891
0203002,2023,944.1568427552584,1497.5495215399358,-36.95321395553061,116,0.6791687788018433,-1.1909703600958494
0203002,2024,1949.9197856194767,1497.5495215399358,30.20736593834753,112,0.7280557718452602,-0.045026738716747214
0203002,2025,1426.8948784812587,1497.5495215399358,-4.718017136823803,106,0.6930186251920123,-0.8663207520948164
0203002,2026,1332.7015328172881,1497.5495215399358,-11.007848912611173,103,0.6901153353814644,-0.9343757956205565
0203003,2021,1213.6681382347908,1502.6070183081872,-19.229171470177075,99,0.6953947772657451,-0.810622167608294
0203003,2022,1106.1503261514545,1502.6070183081872,-26.384589405359666,94,0.6878739759344598,-0.9869147513143891
0203003,2023,978.825271756101,1502.6070183081872,-34.85819912792779,116,0.6791687788018433,-1.1909703600958494
0203003,2024,2000.8837628173846,1502.6070183081872,33.160815731462264,112,0.7280557718452602,-0.045026738716747214
0203003,2025,1389.7403032829172,1502.6070183081872,-7.511392776026607,106,0.6930186251920123,-0.8663207520948164
0203003,2026,1303.7530307850357,1502.6070183081872,-13.233931766606874,103,0.6901153353814644,-0.9343757956205565
0203004,2021,1239.252784844087,1489.116959847674,-16.779351907263635,80,0.7091191756272401,-0.8623336103431457
0203004,2022,1099.206615766872,1489.116959847674,-26.183997267796023,86,0.7060546594982079,-0.9297816705357062
0203004,2023,961.2705607693034,1489.116959847674,-35.44694025460334,112,0.6960745647721454,-1.1494372381582185
0203004,2024,1958.906148272831,1489.116959847674,31.548172580964557,106,0.7286864726239031,-0.4316697893459278
0203004,2025,1381.4238359193967,1489.116959847674,-7.232012449800694,100,0.7013524705581158,-1.0332738726695159
0203004,2026,1305.0310401213537,1489.116959847674,-12.362086034205866,94,0.7064765745007681,-0.9204955883972482
0203005,2021,1252.1002322263646,1517.7718496250538,-17.50405487256336,99,0.6953947772657451,-0.810622167608294
0203005,2022,1133.0492362953596,1517.7718496250538,-25.347855372646094,94,0.6878739759344598,-0.9869147513143891
0203005,2023,1025.5637848721017,1517.7718496250538,-32.42964776784771,116,0.6791687788018433,-1.1909703600958494
0203005,2024,2084.83897500602,1517.7718496250538,37.36181597524377,112,0.7280557718452602,-0.045026738716747214
0203005,2025,1415.694528503118,1517.7718496250538,-6.725472023160321,106,0.6930186251920123,-0.8663207520948164
0203005,2026,1336.7681787440922,1517.7718496250538,-11.925617867117268,103,0.6901153353814644,-0.9343757956205565
0203006,2021,1170.9201081186839,1476.4692183202803,-20.694580449784617,81,0.7121193036354326,-0.7572705858007305
0203006,2022,1136.6319948473486,1476.4692183202803,-23.01688509697147,87,0.6963732078853047,-1.1159643160994022
0203006,2023,999.2067254004405,1476.4692183202803,-32.32458130504083,112,0.6887586405529954,-1.2894230327475726
0203006,2024,2095.3866808742723,1476.4692183202803,41.91875149677076,100,0.7391971017179583,-0.14044235379811468
0203006,2025,1304.1482226472647,1476.4692183202803,-11.671153962089255,99,0.705078853046595,-0.9176510080189252
0203006,2026,1288.4128010138522,1476.4692183202803,-12.736900639240712,95,0.6985232974910395,-1.0669855931578023
0203007,2021,1162.0271318956432,1449.4052116106454,-19.827311052349163,113,0.6848355734767025,-0.9675720109109717
0203007,2022,1024.8509304175686,1449.4052116106454,-29.291620989915764,110,0.6824118023553507,-1.0261986954055635
0203007,2023,903.0450103986446,1449.4052116106454,-37.69547651928616,126,0.6738658474142345,-1.2329100468298584
0203007,2024,1831.9712823370287,1449.4052116106454,26.3946940208155,129,0.7111213385242863,-0.3317664100569797
0203007,2025,1399.6112694041465,1449.4052116106454,-3.4354742074623603,118,0.6915407066052227,-0.8053868437732682
0203007,2026,1286.3719223824266,1449.4052116106454,-11.248289154904358,119,0.699321300563236,-0.617188204413888
0203008,2021,1068.2046769007245,1413.0705576116277,-24.405425394595692,81,0.7121193036354326,-0.7572705858007305
0203008,2022,1159.0850592037348,1413.0705576116277,-17.97401389759187,87,0.6963732078853047,-1.1159643160994022
0203008,2023,932.9841328132674,1413.0705576116277,-33.97469589981427,112,0.6887586405529954,-1.2894230327475726
0203008,2024,2025.8100847440182,1413.0705576116277,43.36227400902352,100,0.7391971017179583,-0.14044235379811468
0203008,2025,1190.7717225814488,1413.0705576116277,-15.731616077678984,99,0.705078853046595,-0.9176510080189252
0203008,2026,1207.5342171867183,1413.0705576116277,-14.545369961731211,95,0.6985232974910395,-1.0669855931578023
0204001,2021,1344.6920596388277,1562.525964400435,-13.941138241833535,80,0.7091191756272401,-0.8623336103431457
0204001,2022,1162.8089745523284,1562.525964400435,-25.581462257587766,86,0.7060546594982079,-0.9297816705357062
0204001,2023,1027.9625455474136,1562.525964400435,-34.21149030685974,112,0.6960745647721454,-1.1494372381582185
0204001,2024,2080.0385227591896,1562.525964400435,33.12025336854688,106,0.7286864726239031,-0.4316697893459278
0204001,2025,1495.1385754332825,1562.525964400435,-4.312721228476355,100,0.7013524705581158,-1.0332738726695159
0204001,2026,1374.5994591271342,1562.525964400435,-12.027096480627831,94,0.7064765745007681,-0.9204955883972482
0204002,2021,1298.228603711416,1506.2566064020527,-13.810927155867985,80,0.7091191756272401,-0.8623336103431457
0204002,2022,1130.6623511689113,1506.2566064020527,-24.935608822344786,86,0.7060546594982079,-0.9297816705357062
0204002,2023,964.74260543073,1506.2566064020527,-35.950979313200826,112,0.6960745647721454,-1.1494372381582185
0204002,2024,2009.8813806924898,1506.2566064020527,33.43552301446362,106,0.7286864726239031,-0.4316697893459278
0204002,2025,1446.020409736526,1506.2566064020527,-3.9990660561755784,100,0.7013524705581158,-1.0332738726695159
0204002,2026,1321.2529052679422,1506.2566064020527,-12.282349524495894,94,0.7064765745007681,-0.9204955883972482
0204003,2021,1391.0814157216926,1606.5435655717781,-13.411534829645365,80,0.7091191756272401,-0.8623336103431457
0204003,2022,1203.6270608443872,1606.5435655717781,-25.07971233160992,86,0.7060546594982079,-0.9297816705357062
0204003,2023,1080.8804187249236,1606.5435655717781,-32.720130229382725,112,0.6960745647721454,-1.1494372381582185
0204003,2024,2116.8415187984106,1606.5435655717781,31.76371709814259,106,0.7286864726239031,-0.4316697893459278
0204003,2025,1577.8341369744708,1606.5435655717781,-1.7870308165026014,100,0.7013524705581158,-1.0332738726695159
0204003,2026,1413.8286623931756,1606.5435655717781,-11.995622609214099,94,0.7064765745007681,-0.9204955883972482
0204004,2021,1338.0747449133871,1559.453377619136,-14.195912226868513,99,0.6953947772657451,-0.810622167608294
0204004,2022,1197.2360914178826,1559.453377619136,-23.22719559300076,94,0.6878739759344598,-0.9869147513143891
0204004,2023,1072.538832988631,1559.453377619136,-31.223411460616543,116,0.6791687788018433,-1.1909703600958494
0204004,2024,2090.501136891228,1559.453377619136,34.05345532566406,112,0.7280557718452602,-0.045026738716747214
0204004,2025,1484.6423564909117,1559.453377619136,-4.7972592321061,106,0.6930186251920123,-0.8663207520948164
0204004,2026,1398.7537290860892,1559.453377619136,-10.304870337219818,103,0.6901153353814644,-0.9343757956205565
0204005,2021,1279.2646496483294,1505.8107002827405,-15.04478953376234,81,0.7121193036354326,-0.7572705858007305
0204005,2022,1221.9791559990044,1505.8107002827405,-18.849085361821516,87,0.6963732078853047,-1.1159643160994022
0204005,2023,1057.4969660081438,1505.8107002827405,-29.772250535237834,112,0.6887586405529954,-1.2894230327475726
0204005,2024,2074.9589350183182,1505.8107002827405,37.796798404255654,100,0.7391971017179583,-0.14044235379811468
0204005,2025,1380.5331165076625,1505.8107002827405,-8.319610409964222,99,0.705078853046595,-0.9176510080189252
0204005,2026,1336.7805648217602,1505.8107002827405,-11.225191548263147,95,0.6985232974910395,-1.0669855931578023
0204006,2021,1357.7254672560514,1604.242764555015,-15.36658308490751,54,0.730268305171531,-0.6212812012279186
0204006,2022,1257.2720786279954,1604.242764555015,-21.62831546404152,71,0.7124825268817204,-1.0021056182552803
0204006,2023,1099.37306060384,1604.242764555015,-31.470904223851413,107,0.6889168586789555,-1.5066875212198312
0204006,2024,2081.8456198254694,1604.242764555015,29.77123324616845,95,0.728241811889754,-0.6646719435427884
0204006,2025,1581.0052367134026,1604.242764555015,-1.448504450513007,88,0.7099318996415771,-1.05671897933255
0204006,2026,1417.2319075658263,1604.242764555015,-11.657266663194939,83,0.7047406554019457,-1.1678725385971933
0204007,2021,1303.3305573011678,1571.1051727347067,-17.043710381746337,54,0.730268305171531,-0.6212812012279186
0204007,2022,1247.8369449243842,1571.1051727347067,-20.57584898964042,71,0.7124825268817204,-1.0021056182552803
0204007,2023,1083.036321061207,1571.1051727347067,-31.065320141741644,107,0.6889168586789555,-1.5066875212198312
0204007,2024,2016.6456699076575,1571.1051727347067,28.35841323069616,95,0.728241811889754,-0.6646719435427884
0204007,2025,1550.4186758120995,1571.1051727347067,-1.3166844130873614,88,0.7099318996415771,-1.05671897933255
0204007,2026,1310.270354440137,1571.1051727347067,-16.60199602300041,83,0.7047406554019457,-1.1678725385971933
0301000,2021,864.7984461122885,1157.8224502480973,-25.30819851290842,40,0.7104044418842805,-0.3412071884863968
0301000,2022,939.2085094326793,1157.8224502480973,-18.88147364637588,41,0.7010844214029698,-0.6139585118095573
0301000,2023,656.5894961802086,1157.8224502480973,-43.29100320696709,79,0.6382061571940604,-2.4540971473022757
0301000,2024,1323.544109163892,1157.8224502480973,14.313218652849923,66,0.6712378877765418,-1.4874202772146634
0301000,2025,828.841144507945,1157.8224502480973,-28.41379571363972,62,0.6614049539170507,-1.7751820613977958
0301000,2026,707.067048616008,1157.8224502480973,-38.93130605089768,63,0.6444295314900154,-2.2719694815786977
0301001,2021,874.6176639374255,1162.2572294268525,-24.748356749845435,40,0.7104044418842805,-0.3412071884863968
0301001,2022,957.5481567581802,1162.2572294268525,-17.613060816977764,41,0.7010844214029698,-0.6139585118095573
0301001,2023,653.4136427430855,1162.2572294268525,-43.78063425208331,79,0.6382061571940604,-2.4540971473022757
0301001,2024,1341.5732683810027,1162.2572294268525,15.42825756761064,66,0.6712378877765418,-1.4874202772146634
0301001,2025,825.1012903957682,1162.2572294268525,-29.008719455102643,62,0.6614049539170507,-1.7751820613977958
0301001,2026,703.4280404745418,1162.2572294268525,-39.47742180778471,63,0.6444295314900154,-2.2719694815786977
0301002,2021,876.0072419431182,1162.6606705981078,-24.654951862053306,40,0.7104044418842805,-0.3412071884863968
0301002,2022,955.9859001652648,1162.6606705981078,-17.776018029965982,41,0.7010844214029698,-0.6139585118095573
0301002,2023,643.1764448833259,1162.6606705981078,-44.68063974741173,79,0.6382061571940604,-2.4540971473022757
0301002,2024,1337.829303654051,1162.6606705981078,15.066187193364957,66,0.6712378877765418,-1.4874202772146634
0301002,2025,827.9539895564305,1162.6606705981078,-28.7879937376306,62,0.6614049539170507,-1.7751820613977958
0301002,2026,703.7473720319967,1162.6606705981078,-39.470957448834334,63,0.6444295314900154,-2.2719694815786977
0301003,2021,880.7402357123902,1163.1603397399585,-24.280410393867747,40,0.7104044418842805,-0.3412071884863968
0301003,2022,953.1529398751659,1163.1603397399585,-18.054896877909616,41,0.7010844214029698,-0.6139585118095573
0301003,2023,668.72108287173,1163.1603397399585,-42.50826304641436,79,0.6382061571940604,-2.4540971473022757
0301003,2024,1347.1949855558942,1163.1603397399585,15.821949866093203,66,0.6712378877765418,-1.4874202772146634
0301003,2025,830.3202344699334,1163.1603397399585,-28.61515252011054,62,0.6614049539170507,-1.7751820613977958
0301003,2026,712.0036425390238,1163.1603397399585,-38.78714582907782,63,0.6444295314900154,-2.2719694815786977
0301004,2021,888.7944868535387,1171.5868216826577,-24.137548288821367,40,0.7104044418842805,-0.3412071884863968
0301004,2022,954.2264414220136,1171.5868216826577,-18.552648104087286,41,0.7010844214029698,-0.6139585118095573
0301004,2023,671.3167052144297,1171.5868216826577,-42.70021710808675,79,0.6382061571940604,-2.4540971473022757
0301004,2024,1359.9597273343015,1171.5868216826577,16.078441833367386,66,0.6712378877765418,-1.4874202772146634
0301004,2025,828.55787212863,1171.5868216826577,-29.279003758454905,62,0.6614049539170507,-1.7751820613977958
0301004,2026,718.5841268764216,1171.5868216826577,-38.665738332189854,63,0.6444295314900154,-2.2719694815786977
0301005,2021,899.257602406952,1170.8919054510002,-23.198922272796914,40,0.7104044418842805,-0.3412071884863968
0301005,2022,942.0065381173835,1170.8919054510002,-19.54795026492693,41,0.7010844214029698,-0.6139585118095573
0301005,2023,666.718451949191,1170.8919054510002,-43.05892381309215,79,0.6382061571940604,-2.4540971473022757
0301005,2024,1343.7025072811632,1170.8919054510002,14.75888602745105,66,0.6712378877765418,-1.4874202772146634
0301005,2025,839.784749678561,1170.8919054510002,-28.278200082432416,62,0.6614049539170507,-1.7751820613977958
0301005,2026,725.8373252168399,1170.8919054510002,-38.009877612292115,63,0.6444295314900154,-2.2719694815786977
0301006,2021,872.3520309347998,1166.7169239801324,-25.230189688269682,40,0.7104044418842805,-0.3412071884863968
0301006,2022,930.4215336282272,1166.7169239801324,-20.253018148207563,41,0.7010844214029698,-0.6139585118095573
0301006,2023,676.259982028893,1166.7169239801324,-42.03735558048623,79,0.6382061571940604,-2.4540971473022757
0301006,2024,1338.6333824574103,1166.7169239801324,14.735061688383073,66,0.6712378877765418,-1.4874202772146634
0301006,2025,831.1637553167684,1166.7169239801324,-28.760461236703378,62,0.6614049539170507,-1.7751820613977958
0301006,2026,715.0012183315042,1166.7169239801324,-38.71682122409328,63,0.6444295314900154,-2.2719694815786977
0301007,2021,893.8242049703607,1174.110597161488,-23.872230850206392,40,0.7104044418842805,-0.3412071884863968
0301007,2022,933.0223224950047,1174.110597161488,-20.533693780580347,41,0.7010844214029698,-0.6139585118095573
0301007,2023,678.7920485653657,1174.110597161488,-42.18670283647869,79,0.6382061571940604,-2.4540971473022757
0301007,2024,1347.6463824483644,1174.110597161488,14.780190699787054,66,0.6712378877765418,-1.4874202772146634
0301007,2025,839.1549198042215,1174.110597161488,-28.52846045057852,62,0.6614049539170507,-1.7751820613977958
0301007,2026,731.3133143365723,1174.110597161488,-37.713421878263915,63,0.6444295314900154,-2.2719694815786977
0302001,2021,867.6219947709034,1147.159302873755,-24.367784613922513,40,0.7104044418842805,-0.3412071884863968
0302001,2022,911.4418939040419,1147.159302873755,-20.547922889106694,41,0.7010844214029698,-0.6139585118095573
0302001,2023,647.8532907151107,1147.159302873755,-43.525429372174386,79,0.6382061571940604,-2.4540971473022757
0302001,2024,1305.0155785453749,1147.159302873755,13.760623766566097,66,0.6712378877765418,-1.4874202772146634
0302001,2025,818.3404673112001,1147.159302873755,-28.663746590279924,62,0.6614049539170507,-1.7751820613977958
0302001,2026,708.3080950353533,1147.159302873755,-38.25547216842797,63,0.6444295314900154,-2.2719694815786977
0302002,2021,867.934403095496,1158.4164722351509,-25.075788898199377,40,0.7104044418842805,-0.3412071884863968
0302002,2022,912.9508623712928,1158.4164722351509,-21.189754785706306,41,0.7010844214029698,-0.6139585118095573
0302002,2023,663.205252215561,1158.4164722351509,-42.74897948093622,79,0.6382061571940604,-2.4540971473022757
0302002,2024,1326.0418208704182,1158.4164722351509,14.470214525854951,66,0.6712378877765418,-1.4874202772146634
0302002,2025,829.4235871117681,1158.4164722351509,-28.400225049337813,62,0.6614049539170507,-1.7751820613977958
0302002,2026,721.1751609109331,1158.4164722351509,-37.74474222388826,63,0.6444295314900154,-2.2719694815786977
0302003,2021,885.2631650273869,1167.9189132860456,-24.20165861201624,40,0.7104044418842805,-0.3412071884863968
0302003,2022,917.3270768269424,1167.9189132860456,-21.45627008933697,41,0.7010844214029698,-0.6139585118095573
0302003,2023,681.6800833795297,1167.9189132860456,-41.632927112931064,79,0.6382061571940604,-2.4540971473022757
0302003,2024,1345.4599910424972,1167.9189132860456,15.201490080927258,66,0.6712378877765418,-1.4874202772146634
0302003,2025,833.6969401189363,1167.9189132860456,-28.616881648636515,62,0.6614049539170507,-1.7751820613977958
0302003,2026,725.6661797033977,1167.9189132860456,-37.866732745883,63,0.6444295314900154,-2.2719694815786977
0302004,2021,892.99592934461,1165.0514287464944,-23.35137253937323,40,0.7104044418842805,-0.3412071884863968
0302004,2022,900.9028135751527,1165.0514287464944,-22.67269999020947,41,0.7010844214029698,-0.6139585118095573
0302004,2023,675.8339343766094,1165.0514287464944,-41.991064282565226,79,0.6382061571940604,-2.4540971473022757
0302004,2024,1349.7091410759394,1165.0514287464944,15.849747725568006,66,0.6712378877765418,-1.4874202772146634
0302004,2025,834.0405653420253,1165.0514287464944,-28.411695418511382,62,0.6614049539170507,-1.7751820613977958
0302004,2026,728.3086975153175,1165.0514287464944,-37.48699160011146,63,0.6444295314900154,-2.2719694815786977
0302005,2021,892.7349130826734,1161.0831270497235,-23.111886454582688,40,0.7104044418842805,-0.3412071884863968
0302005,2022,893.7003423369617,1161.0831270497235,-23.028737433483613,41,0.7010844214029698,-0.6139585118095573
0302005,2023,684.5150447139043,1161.0831270497235,-41.04513029543061,79,0.6382061571940604,-2.4540971473022757
0302005,2024,1341.8589612749572,1161.0831270497235,15.56958584736129,66,0.6712378877765418,-1.4874202772146634
0302005,2025,830.4327096802058,1161.0831270497235,-28.477755783919648,62,0.6614049539170507,-1.7751820613977958
0302005,2026,744.3553195448795,1161.0831270497235,-35.89129820219992,63,0.6444295314900154,-2.2719694815786977
0302006,2021,901.920509344238,1166.3838814569333,-22.673784876241037,40,0.7104044418842805,-0.3412071884863968
0302006,2022,898.0826258578776,1166.3838814569333,-23.00282607334387,41,0.7010844214029698,-0.6139585118095573
0302006,2023,681.663800020779,1166.3838814569333,-41.55750856490653,79,0.6382061571940604,-2.4540971473022757
0302006,2024,1363.9642888093308,1166.3838814569333,16.939569424227578,66,0.6712378877765418,-1.4874202772146634
0302006,2025,833.7742110747279,1166.3838814569333,-28.51631231106707,62,0.6614049539170507,-1.7751820613977958
0302006,2026,743.3321034987431,1166.3838814569333,-36.27037244631288,63,0.6444295314900154,-2.2719694815786977
0303001,2021,886.3733462006523,1159.0351885113841,-23.524897691926608,40,0.7104044418842805,-0.3412071884863968
0303001,2022,914.2866957875746,1159.0351885113841,-21.116571364684294,41,0.7010844214029698,-0.6139585118095573
0303001,2023,660.297579698265,1159.0351885113841,-43.03041130732852,79,0.6382061571940604,-2.4540971473022757
0303001,2024,1329.9233225420137,1159.0351885113841,14.743998777993191,66,0.6712378877765418,-1.4874202772146634
0303001,2025,822.6420749260415,1159.0351885113841,-29.023546214967965,62,0.6614049539170507,-1.7751820613977958
0303001,2026,719.3737777180445,1159.0351885113841,-37.93339625503711,63,0.6444295314900154,-2.2719694815786977
0303002,2021,871.4839270388253,1136.1899613601067,-23.29769169975837,40,0.7104044418842805,-0.3412071884863968
0303002,2022,899.9755573710539,1136.1899613601067,-20.790044976835212,41,0.7010844214029698,-0.6139585118095573
0303002,2023,647.5118335097004,1136.1899613601067,-43.010248679316,79,0.6382061571940604,-2.4540971473022757
0303002,2024,1303.3877618229997,1136.1899613601067,14.715655493271944,66,0.6712378877765418,-1.4874202772146634
0303002,2025,810.5502703060439,1136.1899613601067,-28.66067313816495,62,0.6614049539170507,-1.7751820613977958
0303002,2026,716.2583164133886,1136.1899613601067,-36.95963344404378,63,0.6444295314900154,-2.2719694815786977
0303003,2021,862.4710238067606,1140.8889641015173,-24.40359658610764,40,0.7104044418842805,-0.3412071884863968
0303003,2022,898.067728718614,1140.8889641015173,-21.283511632013372,41,0.7010844214029698,-0.6139585118095573
0303003,2023,664.6948409802097,1140.8889641015173,-41.73886662987612,79,0.6382061571940604,-2.4540971473022757
0303003,2024,1302.837680498288,1140.8889641015173,14.194958623717588,66,0.6712378877765418,-1.4874202772146634
0303003,2025,805.4304826569041,1140.8889641015173,-29.403254129011263,62,0.6614049539170507,-1.7751820613977958
0303003,2026,712.6728233271369,1140.8889641015173,-37.53355096318359,63,0.6444295314900154,-2.2719694815786977
0303004,2021,858.3178366444778,1131.1019589547072,-24.11666960265185,40,0.7104044418842805,-0.3412071884863968
0303004,2022,891.8660343657534,1131.1019589547072,-21.15069492144108,41,0.7010844214029698,-0.6139585118095573
0303004,2023,659.6375180885959,1131.1019589547072,-41.68186936054897,79,0.6382061571940604,-2.4540971473022757
0303004,2024,1290.9494141290124,1131.1019589547072,14.132011169181078,66,0.6712378877765418,-1.4874202772146634
0303004,2025,790.7467612096074,1131.1019589547072,-30.09058511927913,62,0.6614049539170507,-1.7751820613977958
0303004,2026,711.4976778554378,1131.1019589547072,-37.09694583917449,63,0.6444295314900154,-2.2719694815786977
0303005,2021,870.6646558831917,1141.244716097436,-23.709205957115945,40,0.7104044418842805,-0.3412071884863968
0303005,2022,893.3734682595212,1141.244716097436,-21.719377478086145,41,0.7010844214029698,-0.6139585118095573
0303005,2023,666.1021466164163,1141.244716097436,-41.63371473086001,79,0.6382061571940604,-2.4540971473022757
0303005,2024,1301.0055097514187,1141.244716097436,13.998820007710151,66,0.6712378877765418,-1.4874202772146634
0303005,2025,806.09445343052,1141.244716097436,-29.367081217513544,62,0.6614049539170507,-1.7751820613977958
0303005,2026,723.5803699663546,1141.244716097436,-36.59726439385524,63,0.6444295314900154,-2.2719694815786977
0303006,2021,881.0401129640251,1150.060081912616,-23.391818669264236,40,0.7104044418842805,-0.3412071884863968
0303006,2022,874.4834088126368,1150.060081912616,-23.961937070424998,41,0.7010844214029698,-0.6139585118095573
0303006,2023,663.7951056434664,1150.060081912616,-42.28170196642796,79,0.6382061571940604,-2.4540971473022757
0303006,2024,1303.1635891429821,1150.060081912616,13.312652933379468,66,0.6712378877765418,-1.4874202772146634
0303006,2025,802.9838776302306,1150.060081912616,-30.178962798637237,62,0.6614049539170507,-1.7751820613977958
0303006,2026,725.6861223752327,1150.060081912616,-36.90015558418696,63,0.6444295314900154,-2.2719694815786977
0303007,2021,872.4999692200056,1139.404627771984,-23.424923161308325,40,0.7104044418842805,-0.3412071884863968
0303007,2022,869.5208544360052,1139.404627771984,-23.686385569954663,41,0.7010844214029698,-0.6139585118095573
0303007,2023,652.7027900357366,1139.404627771984,-42.715452076752975,79,0.6382061571940604,-2.4540971473022757
0303007,2024,1275.9378513706067,1139.404627771984,11.982856684161682,66,0.6712378877765418,-1.4874202772146634
0303007,2025,797.018523318116,1139.404627771984,-30.049562386224206,62,0.6614049539170507,-1.7751820613977958
0303007,2026,718.0094352492962,1139.404627771984,-36.98380559913056,63,0.6444295314900154,-2.2719694815786977
0304001,2021,877.6072447386057,1162.511624921749,-24.50765859673195,40,0.7104044418842805,-0.3412071884863968
0304001,2022,909.5280921443945,1162.511624921749,-21.761806708331484,41,0.7010844214029698,-0.6139585118095573
0304001,2023,660.1404585095884,1162.511624921749,-43.21429185243427,79,0.6382061571940604,-2.4540971473022757
0304001,2024,1336.7442830219484,1162.511624921749,14.987605660453276,66,0.6712378877765418,-1.4874202772146634
0304001,2025,826.8931129540625,1162.511624921749,-28.87012093236294,62,0.6614049539170507,-1.7751820613977958
0304001,2026,730.8895236888304,1162.511624921749,-37.128411620139445,63,0.6444295314900154,-2.2719694815786977
0304002,2021,895.6996377183979,1166.2136842591933,-23.195924571287502,40,0.7104044418842805,-0.3412071884863968
0304002,2022,897.6067830096246,1166.2136842591933,-23.03239147979937,41,0.7010844214029698,-0.6139585118095573
0304002,2023,672.2671254145271,1166.2136842591933,-42.354721567037075,79,0.6382061571940604,-2.4540971473022757
0304002,2024,1338.0855492412206,1166.2136842591933,14.737596317196743,66,0.6712378877765418,-1.4874202772146634
0304002,2025,817.7796781333508,1166.2136842591933,-29.877372460020144,62,0.6614049539170507,-1.7751820613977958
0304002,2026,730.3057088375624,1166.2136842591933,-37.378053551011966,63,0.6444295314900154,-2.2719694815786977
0304003,2021,889.0495380053849,1168.0690347986467,-23.887243688585546,40,0.7104044418842805,-0.3412071884863968
0304003,2022,903.2412880823196,1168.0690347986467,-22.672268404236785,41,0.7010844214029698,-0.6139585118095573
0304003,2023,664.6408011226429,1168.0690347986467,-43.09918495209365,79,0.6382061571940604,-2.4540971473022757
0304003,2024,1352.6665810951329,1168.0690347986467,15.803650366290833,66,0.6712378877765418,-1.4874202772146634
0304003,2025,829.7300148734544,1168.0690347986467,-28.96566982306107,62,0.6614049539170507,-1.7751820613977958
0304003,2026,740.8478282083248,1168.0690347986467,-36.57499632836058,63,0.6444295314900154,-2.2719694815786977
0304004,2021,893.1611627605522,1170.8673442226316,-23.717988449533156,40,0.7104044418842805,-0.3412071884863968
0304004,2022,895.5035962377196,1170.8673442226316,-23.51792876824427,41,0.7010844214029698,-0.6139585118095573
0304004,2023,670.1760197651001,1170.8673442226316,-42.762429657644354,79,0.6382061571940604,-2.4540971473022757
0304004,2024,1360.4353456982324,1170.8673442226316,16.19039103028873,66,0.6712378877765418,-1.4874202772146634
0304004,2025,826.3528668347614,1170.8673442226316,-29.42386932967219,62,0.6614049539170507,-1.7751820613977958
0304004,2026,742.3153393048734,1170.8673442226316,-36.60124326059197,63,0.6444295314900154,-2.2719694815786977
0304005,2021,898.9815160704321,1168.2997181028406,-23.05214987723737,40,0.7104044418842805,-0.3412071884863968
0304005,2022,892.1477267036461,1168.2997181028406,-23.63708448441875,41,0.7010844214029698,-0.6139585118095573
0304005,2023,672.1486668432638,1168.2997181028406,-42.46778832278232,79,0.6382061571940604,-2.4540971473022757
0304005,2024,1360.2676639479896,1168.2997181028406,16.43139537488537,66,0.6712378877765418,-1.4874202772146634
0304005,2025,840.2481076755438,1168.2997181028406,-28.07940508279912,62,0.6614049539170507,-1.7751820613977958
0304005,2026,743.4410366352525,1168.2997181028406,-36.36555542078711,63,0.6444295314900154,-2.2719694815786977
0304006,2021,892.9277239276124,1166.6232976463923,-23.460492711824617,40,0.7104044418842805,-0.3412071884863968
0304006,2022,883.3269058073054,1166.6232976463923,-24.28345057145902,41,0.7010844214029698,-0.6139585118095573
0304006,2023,681.5375682025606,1166.6232976463923,-41.58032249334206,79,0.6382061571940604,-2.4540971473022757
0304006,2024,1342.1647323459588,1166.6232976463923,15.046968036187266,66,0.6712378877765418,-1.4874202772146634
0304006,2025,814.1656029580786,1166.6232976463923,-30.211782620780895,62,0.6614049539170507,-1.7751820613977958
0304006,2026,734.6752189370158,1166.6232976463923,-37.02549739755854,63,0.6444295314900154,-2.2719694815786977
0304007,2021,905.1493412241729,1177.4910654997295,-23.128984351144464,40,0.7104044418842805,-0.3412071884863968
0304007,2022,893.7166433359147,1177.4910654997295,-24.099921475275096,41,0.7010844214029698,-0.6139585118095573
0304007,2023,685.0671793059572,1177.4910654997295,-41.81975563311698,79,0.6382061571940604,-2.4540971473022757
0304007,2024,1365.4818429372638,1177.4910654997295,15.965367631706876,66,0.6712378877765418,-1.4874202772146634
0304007,2025,818.9885251834935,1177.4910654997295,-30.446306627735375,62,0.6614049539170507,-1.7751820613977958
0304007,2026,757.5107992336231,1177.4910654997295,-35.6673845408641,63,0.6444295314900154,-2.2719694815786977
0304008,2021,895.6686631649075,1172.2290971923449,-23.592694865691264,40,0.7104044418842805,-0.3412071884863968
0304008,2022,885.7127748452131,1172.2290971923449,-24.44200737154359,41,0.7010844214029698,-0.6139585118095573
0304008,2023,677.301837979155,1172.2290971923449,-42.221035154187085,79,0.6382061571940604,-2.4540971473022757
0304008,2024,1357.387834252449,1172.2290971923449,15.795439432751298,66,0.6712378877765418,-1.4874202772146634
0304008,2025,814.1341315713207,1172.2290971923449,-30.54820653050777,62,0.6614049539170507,-1.7751820613977958
0304008,2026,742.4081560514669,1172.2290971923449,-36.66697424337616,63,0.6444295314900154,-2.2719694815786977
0305001,2021,886.6875197899258,1156.454906355394,-23.327099490255886,40,0.7104044418842805,-0.3412071884863968
0305001,2022,867.15095399652,1156.454906355394,-25.016449043449956,41,0.7010844214029698,-0.6139585118095573
0305001,2023,666.3392722194482,1156.454906355394,-42.38086858748013,79,0.6382061571940604,-2.4540971473022757
0305001,2024,1317.5734342073486,1156.454906355394,13.93210638534319,66,0.6712378877765418,-1.4874202772146634
0305001,2025,798.7988932538586,1156.454906355394,-30.92693118737333,62,0.6614049539170507,-1.7751820613977958
0305001,2026,725.4358932431784,1156.454906355394,-37.27071507444993,63,0.6444295314900154,-2.2719694815786977
0305002,2021,885.5570970438577,1159.4001684124794,-23.619374813752547,40,0.7104044418842805,-0.3412071884863968
0305002,2022,869.9179382048767,1159.4001684124794,-24.968275673444072,41,0.7010844214029698,-0.6139585118095573
0305002,2023,678.2998659852997,1159.4001684124794,-41.49562123023764,79,0.6382061571940604,-2.4540971473022757
0305002,2024,1328.5605594621986,1159.4001684124794,14.590336939604198,66,0.6712378877765418,-1.4874202772146634
0305002,2025,804.7142901166751,1159.4001684124794,-30.59218792261015,62,0.6614049539170507,-1.7751820613977958
0305002,2026,742.6023864267211,1159.4001684124794,-35.9494325894797,63,0.6444295314900154,-2.2719694815786977
0305003,2021,885.95625219219,1156.6930906866648,-23.406108385566068,40,0.7104044418842805,-0.3412071884863968
0305003,2022,863.0908398627414,1156.6930906866648,-25.38290002662919,41,0.7010844214029698,-0.6139585118095573
0305003,2023,675.0323009415464,1156.6930906866648,-41.641191913680665,79,0.6382061571940604,-2.4540971473022757
0305003,2024,1319.981126250116,1156.6930906866648,14.116798732368672,66,0.6712378877765418,-1.4874202772146634
0305003,2025,803.275100540253,1156.6930906866648,-30.55417145585326,62,0.6614049539170507,-1.7751820613977958
0305003,2026,740.5548836340099,1156.6930906866648,-35.97654472074495,63,0.6444295314900154,-2.2719694815786977
0305004,2021,887.0749396886373,1148.0915857276239,-22.73482789036926,40,0.7104044418842805,-0.3412071884863968
0305004,2022,857.0124273373629,1148.0915857276239,-25.35330473707673,41,0.7010844214029698,-0.6139585118095573
0305004,2023,658.9304237811732,1148.0915857276239,-42.6064582327233,79,0.6382061571940604,-2.4540971473022757
0305004,2024,1299.4772694464896,1148.0915857276239,13.185854299500184,66,0.6712378877765418,-1.4874202772146634
0305004,2025,797.0266606744719,1148.0915857276239,-30.578128906907555,62,0.6614049539170507,-1.7751820613977958
0305004,2026,726.2688162302701,1148.0915857276239,-36.74121252530702,63,0.6444295314900154,-2.2719694815786977
0305005,2021,890.3292377033684,1157.6773697861456,-23.093492112760536,40,0.7104044418842805,-0.3412071884863968
0305005,2022,851.6961105016987,1157.6773697861456,-26.430615927213804,41,0.7010844214029698,-0.6139585118095573
0305005,2023,661.3123336316031,1157.6773697861456,-42.87593841851073,79,0.6382061571940604,-2.4540971473022757
0305005,2024,1316.4344302200377,1157.6773697861456,13.713411402627559,66,0.6712378877765418,-1.4874202772146634
0305005,2025,805.62825684775,1157.6773697861456,-30.40995031313678,62,0.6614049539170507,-1.7751820613977958
0305005,2026,742.1815739140184,1157.6773697861456,-35.8904654021941,63,0.6444295314900154,-2.2719694815786977
0306001,2021,927.736609418628,1170.9435799658731,-20.77016986201277,40,0.7104044418842805,-0.3412071884863968
0306001,2022,931.7710667677052,1170.9435799658731,-20.42562231778397,41,0.7010844214029698,-0.6139585118095573
0306001,2023,665.495960454561,1170.9435799658731,-43.16583891480436,79,0.6382061571940604,-2.4540971473022757
0306001,2024,1416.887180406313,1170.9435799658731,21.003881369553934,66,0.6712378877765418,-1.4874202772146634
0306001,2025,868.766597957787,1170.9435799658731,-25.806280266457673,62,0.6614049539170507,-1.7751820613977958
0306001,2026,719.9573395774727,1170.9435799658731,-38.51477117296671,63,0.6444295314900154,-2.2719694815786977
0306002,2021,915.5012156659244,1167.3402695089662,-21.573748496569575,40,0.7104044418842805,-0.3412071884863968
0306002,2022,932.4263571559619,1167.3402695089662,-20.123859211317985,41,0.7010844214029698,-0.6139585118095573
0306002,2023,648.8092741171924,1167.3402695089662,-44.41986702042673,79,0.6382061571940604,-2.4540971473022757
0306002,2024,1378.366367007188,1167.3402695089662,18.07751373016443,66,0.6712378877765418,-1.4874202772146634
0306002,2025,854.4418578039271,1167.3402695089662,-26.804387707506894,62,0.6614049539170507,-1.7751820613977958
0306002,2026,722.3057786177784,1167.3402695089662,-38.12380181816126,63,0.6444295314900154,-2.2719694815786977
0306003,2021,934.6915410671902,1168.3822528352061,-20.00122059376887,40,0.7104044418842805,-0.3412071884863968
0306003,2022,926.7601651422627,1168.3822528352061,-20.680054588866035,41,0.7010844214029698,-0.6139585118095573
0306003,2023,661.5439826401741,1168.3822528352061,-43.379490656001835,79,0.6382061571940604,-2.4540971473022757
0306003,2024,1409.990519401279,1168.3822528352061,20.67887166034782,66,0.6712378877765418,-1.4874202772146634
0306003,2025,870.3842550135622,1168.3822528352061,-25.505180098252907,62,0.6614049539170507,-1.7751820613977958
0306003,2026,730.3523350272202,1168.3822528352061,-37.49029196096217,63,0.6444295314900154,-2.2719694815786977
0306004,2021,948.086739169618,1168.431186476813,-18.858144994537742,40,0.7104044418842805,-0.3412071884863968
0306004,2022,916.7188920339167,1168.431186476813,-21.542757276266133,41,0.7010844214029698,-0.6139585118095573
0306004,2023,664.0398312230456,1168.431186476813,-43.1682551006419,79,0.6382061571940604,-2.4540971473022757
0306004,2024,1417.7724888614216,1168.431186476813,21.33983629249497,66,0.6712378877765418,-1.4874202772146634
0306004,2025,876.158267272173,1168.431186476813,-25.014131990599694,62,0.6614049539170507,-1.7751820613977958
0306004,2026,733.297142127998,1168.431186476813,-37.24087899954818,63,0.6444295314900154,-2.2719694815786977
0306005,2021,937.8019139496186,1169.8135641003785,-19.833215930367828,40,0.7104044418842805,-0.3412071884863968
0306005,2022,892.0135363686212,1169.8135641003785,-23.747376185143978,41,0.7010844214029698,-0.6139585118095573
0306005,2023,666.0021390697893,1169.8135641003785,-43.067668258577186,79,0.6382061571940604,-2.4540971473022757
0306005,2024,1398.0640759836965,1169.8135641003785,19.511699888592887,66,0.6712378877765418,-1.4874202772146634
0306005,2025,851.949647061052,1169.8135641003785,-27.172185961424827,62,0.6614049539170507,-1.7751820613977958
0306005,2026,727.557059185036,1169.8135641003785,-37.805725500836616,63,0.6444295314900154,-2.2719694815786977
0306006,2021,924.9731802421734,1166.026109453295,-20.673030154028208,40,0.7104044418842805,-0.3412071884863968
0306006,2022,897.0426829209937,1166.026109453295,-23.06838795045656,41,0.7010844214029698,-0.6139585118095573
0306006,2023,652.2604055453875,1166.026109453295,-44.06125212314436,79,0.6382061571940604,-2.4540971473022757
0306006,2024,1378.808240483492,1166.026109453295,18.248487688664397,66,0.6712378877765418,-1.4874202772146634
0306006,2025,839.810073058901,1166.026109453295,-27.976735147666993,62,0.6614049539170507,-1.7751820613977958
0306006,2026,727.4695784239749,1166.026109453295,-37.611210201368685,63,0.6444295314900154,-2.2719694815786977
0306007,2021,906.7268578751783,1169.8578001009878,-22.492557830797445,40,0.7104044418842805,-0.3412071884863968
0306007,2022,919.0905198898005,1169.8578001009878,-21.435706133646317,41,0.7010844214029698,-0.6139585118095573
0306007,2023,652.8709214760393,1169.8578001009878,-44.19228376135285,79,0.6382061571940604,-2.4540971473022757
0306007,2024,1367.4626009106278,1169.8578001009878,16.891352161996252,66,0.6712378877765418,-1.4874202772146634
0306007,2025,834.8887905794152,1169.8578001009878,-28.6333099196036,62,0.6614049539170507,-1.7751820613977958
0306007,2026,726.3527703653289,1169.8578001009878,-37.91102044174714,63,0.6444295314900154,-2.2719694815786977
0307001,2021,967.0587754718124,1171.1486186253608,-17.42646833269542,33,0.7241259600614439,-0.3871458858830264
0307001,2022,911.353905777306,1171.1486186253608,-22.182898798359993,37,0.72067089093702,-0.4863011847917881
0307001,2023,674.6353357756258,1171.1486186253608,-42.39541207268117,76,0.6470059523809524,-2.600374373657513
0307001,2024,1461.2468690831315,1171.1486186253608,24.77040452801579,62,0.6824293659621802,-1.5837755631775796
0307001,2025,876.9629816792664,1171.1486186253608,-25.119411171862687,53,0.6746053507424475,-1.808313058620203
0307001,2026,743.6922753326835,1171.1486186253608,-36.498898303308884,57,0.6557982590885817,-2.3480483656104676
0307002,2021,978.3151900209983,1174.9397735291311,-16.73486487886417,33,0.7241259600614439,-0.3871458858830264
0307002,2022,894.9975656363217,1174.9397735291311,-23.826090000507467,37,0.72067089093702,-0.4863011847917881
0307002,2023,692.2517837415105,1174.9397735291311,-41.08193463719296,76,0.6470059523809524,-2.600374373657513
0307002,2024,1448.5152381199011,1174.9397735291311,23.28421173189496,62,0.6824293659621802,-1.5837755631775796
0307002,2025,888.5879473692136,1174.9397735291311,-24.371617389358708,53,0.6746053507424475,-1.808313058620203
0307002,2026,746.9730428610405,1174.9397735291311,-36.424567480818176,57,0.6557982590885817,-2.3480483656104676
0307003,2021,956.6866264972934,1177.7461398156447,-18.769708160788728,33,0.7241259600614439,-0.3871458858830264
0307003,2022,881.9078910421674,1177.7461398156447,-25.119016634585236,37,0.72067089093702,-0.4863011847917881
0307003,2023,675.8017025666807,1177.7461398156447,-42.61906876871908,76,0.6470059523809524,-2.600374373657513
0307003,2024,1415.5474550330148,1177.7461398156447,20.191220092183332,62,0.6824293659621802,-1.5837755631775796
0307003,2025,876.8206594599901,1177.7461398156447,-25.55096299468739,53,0.6746053507424475,-1.808313058620203
0307003,2026,718.7696195286072,1177.7461398156447,-38.97075140139132,57,0.6557982590885817,-2.3480483656104676
0307004,2021,954.9772828650897,1173.6912001663393,-18.634707090779305,33,0.7241259600614439,-0.3871458858830264
0307004,2022,883.9075387181115,1173.6912001663393,-24.6899407107388,37,0.72067089093702,-0.4863011847917881
0307004,2023,670.7413866436416,1173.6912001663393,-42.85197106797921,76,0.6470059523809524,-2.600374373657513
0307004,2024,1413.6787225532876,1173.6912001663393,20.447245608805492,62,0.6824293659621802,-1.5837755631775796
0307004,2025,873.2553210660272,1173.6912001663393,-25.59752335688751,53,0.6746053507424475,-1.808313058620203
0307004,2026,722.5999838847238,1173.6912001663393,-38.4335518761396,57,0.6557982590885817,-2.3480483656104676
0307005,2021,973.3482512887088,1172.7904137211365,-17.005780410467324,33,0.7241259600614439,-0.3871458858830264
0307005,2022,913.1933253763061,1172.7904137211365,-22.134994054151328,37,0.72067089093702,-0.4863011847917881
0307005,2023,674.5928518237586,1172.7904137211365,-42.47967548751112,76,0.6470059523809524,-2.600374373657513
0307005,2024,1441.1406344961817,1172.7904137211365,22.88134500721226,62,0.6824293659621802,-1.5837755631775796
0307005,2025,891.0331933493899,1172.7904137211365,-24.024515981313453,53,0.6746053507424475,-1.808313058620203
0307005,2026,746.7737426800477,1172.7904137211365,-36.32504717440384,57,0.6557982590885817,-2.3480483656104676
0307006,2021,953.6353896254376,1172.3737621060106,-18.65773352754323,40,0.7104044418842805,-0.3412071884863968
0307006,2022,898.761532857781,1172.3737621060106,-23.338310536455737,41,0.7010844214029698,-0.6139585118095573
0307006,2023,670.2885575205181,1172.3737621060106,-42.826376776256446,79,0.6382061571940604,-2.4540971473022757
0307006,2024,1413.985357090802,1172.3737621060106,20.60875147451004,66,0.6712378877765418,-1.4874202772146634
0307006,2025,873.6003171132664,1172.3737621060106,-25.48448751156271,62,0.6614049539170507,-1.7751820613977958
0307006,2026,733.1651529401838,1172.3737621060106,-37.46318992817172,63,0.6444295314900154,-2.2719694815786977
0308001,2021,985.4186823654347,1180.5262710538707,-16.527170421566385,33,0.7241259600614439,-0.3871458858830264
0308001,2022,945.1623504255767,1180.5262710538707,-19.937203127058037,37,0.72067089093702,-0.4863011847917881
0308001,2023,693.5087106525408,1180.5262710538707,-41.25427551616985,76,0.6470059523809524,-2.600374373657513
0308001,2024,1493.9030578923548,1180.5262710538707,26.545515718064344,62,0.6824293659621802,-1.5837755631775796
0308001,2025,880.5066351365781,1180.5262710538707,-25.414058396977584,53,0.6746053507424475,-1.808313058620203
0308001,2026,767.0899025374569,1180.5262710538707,-35.02136112120012,57,0.6557982590885817,-2.3480483656104676
0308002,2021,973.4075479958478,1172.7208660923848,-16.99580214349451,33,0.7241259600614439,-0.3871458858830264
0308002,2022,903.4849365585101,1172.7208660923848,-22.958227939696673,37,0.72067089093702,-0.4863011847917881
0308002,2023,689.0489845424106,1172.7208660923848,-41.243564051317165,76,0.6470059523809524,-2.600374373657513
0308002,2024,1460.4867631806896,1172.7208660923848,24.53831132443031,62,0.6824293659621802,-1.5837755631775796
0308002,2025,888.4434230991562,1172.7208660923848,-24.240844621488442,53,0.6746053507424475,-1.808313058620203
0308002,2026,752.8298314496716,1172.7208660923848,-35.80485747148247,57,0.6557982590885817,-2.3480483656104676
0308003,2021,969.8985397933677,1178.5693649807674,-17.705434350128805,33,0.7241259600614439,-0.3871458858830264
0308003,2022,923.3892057478093,1178.5693649807674,-21.651687784801897,37,0.72067089093702,-0.4863011847917881
0308003,2023,693.1293635832126,1178.5693649807674,-41.18892072215678,76,0.6470059523809524,-2.600374373657513
0308003,2024,1477.8733803897728,1178.5693649807674,25.395536682212132,62,0.6824293659621802,-1.5837755631775796
0308003,2025,890.7020900539177,1178.5693649807674,-24.425144881612237,53,0.6746053507424475,-1.808313058620203
0308003,2026,766.8210086818997,1178.5693649807674,-34.93628534164274,57,0.6557982590885817,-2.3480483656104676
0308004,2021,983.3936622308688,1188.3691327658184,-17.248468079769822,33,0.7241259600614439,-0.3871458858830264
0308004,2022,912.6290378712249,1188.3691327658184,-23.20323603936381,37,0.72067089093702,-0.4863011847917881
0308004,2023,699.3078835175653,1188.3691327658184,-41.153984546031474,76,0.6470059523809524,-2.600374373657513
0308004,2024,1475.6692586301415,1188.3691327658184,24.17600036410057,62,0.6824293659621802,-1.5837755631775796
0308004,2025,881.6031772366699,1188.3691327658184,-25.814029249916594,53,0.6746053507424475,-1.808313058620203
0308004,2026,757.3687111299248,1188.3691327658184,-36.26822758621981,57,0.6557982590885817,-2.3480483656104676
0308005,2021,974.8719773013062,1181.6374973138068,-17.49821924934987,33,0.7241259600614439,-0.3871458858830264
0308005,2022,892.2327747409107,1181.6374973138068,-24.491836390669228,37,0.72067089093702,-0.4863011847917881
0308005,2023,696.6413373858604,1181.6374973138068,-41.04441176168483,76,0.6470059523809524,-2.600374373657513
0308005,2024,1464.4735348734562,1181.6374973138068,23.935939592524356,62,0.6824293659621802,-1.5837755631775796
0308005,2025,887.2173341290728,1181.6374973138068,-24.91628471963978,53,0.6746053507424475,-1.808313058620203
0308005,2026,759.4900372518385,1181.6374973138068,-35.72563167821161,57,0.6557982590885817,-2.3480483656104676
0308006,2021,998.1428154366745,1196.0717453973868,-16.548248942621065,33,0.7241259600614439,-0.3871458858830264
0308006,2022,920.9639399443657,1196.0717453973868,-23.000945094779276,37,0.72067089093702,-0.4863011847917881
0308006,2023,711.0451616232102,1196.0717453973868,-40.55162958581801,76,0.6470059523809524,-2.600374373657513
0308006,2024,1478.7372998068836,1196.0717453973868,23.632825998709883,62,0.6824293659621802,-1.5837755631775796
0308006,2025,879.7382806855219,1196.0717453973868,-26.447699808071736,53,0.6746053507424475,-1.808313058620203
0308006,2026,766.3708227924803,1196.0717453973868,-35.926015664063804,57,0.6557982590885817,-2.3480483656104676
0309001,2021,982.3996413628258,1194.488408592096,-17.755615349943177,33,0.7077758576548899,-0.5773212507442399
0309001,2022,931.08570395273955,1194.488408592096,-22.051507804066556,34,0.7065951740911418,-0.6033416567988051
0309001,2023,713.4374636108571,1194.488408592096,-40.272550283534166,74,0.6348933691756272,-2.1835364998811952
0309001,2024,1500.0772730299336,1194.488408592096,25.58324235209826,61,0.6451400630329996,-1.9577155067954217
0309001,2025,869.4263532285149,1194.488408592096,-27.21349600593621,51,0.6471820276497696,-1.9127138229329497
0309001,2026,765.0068867010051,1194.488408592096,-35.955269117873364,57,0.6392711853558628,-2.0870563267513544
0309002,2021,996.2087701199977,1194.5755173857017,-16.605626381815078,33,0.7077758576548899,-0.5773212507442399
0309002,2022,939.6364916853653,1194.5755173857017,-21.34139047636469,34,0.7065951740911418,-0.6033416567988051
0309002,2023,720.0068630510215,1194.5755173857017,-39.726969741792615,74,0.6348933691756272,-2.1835364998811952
0309002,2024,1502.8387400960207,1194.5755173857017,25.805252009931134,61,0.6451400630329996,-1.9577155067954217
0309002,2025,889.0914091518302,1194.5755173857017,-25.572607490099553,51,0.6471820276497696,-1.9127138229329497
0309002,2026,777.5404649182263,1194.5755173857017,-34.91073158607385,57,0.6392711853558628,-2.0870563267513544
0309003,2021,979.0971866566852,1187.0154476378148,-17.51605351007784,33,0.7241259600614439,-0.3871458858830264
0309003,2022,930.4754724479113,1187.0154476378148,-21.61218505626218,37,0.72067089093702,-0.4863011847917881
0309003,2023,707.8210921962146,1187.0154476378148,-40.36968148942011,76,0.6470059523809524,-2.600374373657513
0309003,2024,1495.8075298367564,1187.0154476378148,26.014158687946672,62,0.6824293659621802,-1.5837755631775796
0309003,2025,887.3853193484779,1187.0154476378148,-25.242310779156835,53,0.6746053507424475,-1.808313058620203
0309003,2026,765.1589853294038,1187.0154476378148,-35.53925630436521,57,0.6557982590885817,-2.3480483656104676
0309004,2021,991.0532041588202,1193.0795062759023,-16.9331801488813,33,0.7241259600614439,-0.3871458858830264
0309004,2022,931.0803207588793,1193.0795062759023,-21.959909975725882,37,0.72067089093702,-0.4863011847917881
0309004,2023,718.3962222108682,1193.0795062759023,-39.78639156636913,76,0.6470059523809524,-2.600374373657513
0309004,2024,1502.2219750254862,1193.0795062759023,25.911304915004887,62,0.6824293659621802,-1.5837755631775796
0309004,2025,884.9685572049689,1193.0795062759023,-25.824846328362135,53,0.6746053507424475,-1.808313058620203
0309004,2026,766.1207238443641,1193.0795062759023,-35.786280812437575,57,0.6557982590885817,-2.3480483656104676
0309005,2021,1002.3331503049378,1197.787734997462,-16.317965110315498,33,0.7241259600614439,-0.3871458858830264
0309005,2022,933.7788387789361,1197.787734997462,-22.041375821825827,37,0.72067089093702,-0.4863011847917881
0309005,2023,725.3013084459918,1197.787734997462,-39.4465908062142,76,0.6470059523809524,-2.600374373657513
0309005,2024,1502.2934484178713,1197.787734997462,25.42234358586537,62,0.6824293659621802,-1.5837755631775796
0309005,2025,888.669289204562,1197.787734997462,-25.80744791092346,53,0.6746053507424475,-1.808313058620203
0309005,2026,776.801569527383,1197.787734997462,-35.1469758096138,57,0.6557982590885817,-2.3480483656104676
0309006,2021,1009.8456561092225,1198.649605716921,-15.75138795417811,33,0.7241259600614439,-0.3871458858830264
0309006,2022,934.042873545591,1198.649605716921,-22.075403096058828,37,0.72067089093702,-0.4863011847917881
0309006,2023,733.2894413337742,1198.649605716921,-38.82370312088089,76,0.6470059523809524,-2.600374373657513
0309006,2024,1487.6880359239215,1198.649605716921,24.113671654204932,62,0.6824293659621802,-1.5837755631775796
0309006,2025,877.3220171348112,1198.649605716921,-26.807466256155944,53,0.6746053507424475,-1.808313058620203
0309006,2026,776.9409093802531,1198.649605716921,-35.181982651589074,57,0.6557982590885817,-2.3480483656104676
0310001,2021,913.1651321724519,1168.8209019463616,-21.872963543703126,40,0.7104044418842805,-0.3412071884863968
0310001,2022,901.2077688038936,1168.8209019463616,-22.895991395844238,41,0.7010844214029698,-0.6139585118095573
0310001,2023,658.4236481590632,1168.8209019463616,-43.66770417412685,79,0.6382061571940604,-2.4540971473022757
0310001,2024,1362.5341333068995,1168.8209019463616,16.57338870634157,66,0.6712378877765418,-1.4874202772146634
0310001,2025,835.9504953751123,1168.8209019463616,-28.479162720049057,62,0.6614049539170507,-1.7751820613977958
0310001,2026,733.2511013755684,1168.8209019463616,-37.26574360926187,63,0.6444295314900154,-2.2719694815786977
0310002,2021,906.6274807838074,1172.9316020898464,-22.704147525018264,40,0.7104044418842805,-0.3412071884863968
0310002,2022,883.081166424459,1172.9316020898464,-24.711623009300155,41,0.7010844214029698,-0.6139585118095573
0310002,2023,641.4373766110245,1172.9316020898464,-45.31331788928213,79,0.6382061571940604,-2.4540971473022757
0310002,2024,1363.8346776066373,1172.9316020898464,16.275721037497277,66,0.6712378877765418,-1.4874202772146634
0310002,2025,815.3491309888066,1172.9316020898464,-30.486216797631226,62,0.6614049539170507,-1.7751820613977958
0310002,2026,714.8617688244185,1172.9316020898464,-39.05341389466117,63,0.6444295314900154,-2.2719694815786977
0310003,2021,916.4906512626035,1167.1331633762486,-21.475057001087503,40,0.7104044418842805,-0.3412071884863968
0310003,2022,890.7028682217726,1167.1331633762486,-23.684554927290947,41,0.7010844214029698,-0.6139585118095573
0310003,2023,656.7998513074104,1167.1331633762486,-43.72537154137244,79,0.6382061571940604,-2.4540971473022757
0310003,2024,1365.9507666194108,1167.1331633762486,17.03469745200526,66,0.6712378877765418,-1.4874202772146634
0310003,2025,833.7953827884221,1167.1331633762486,-28.56038976936931,62,0.6614049539170507,-1.7751820613977958
0310003,2026,733.4465786275539,1167.1331633762486,-37.15827793755246,63,0.6444295314900154,-2.2719694815786977
0310004,2021,921.664256571859,1168.346888793568,-21.113817701558897,40,0.7104044418842805,-0.3412071884863968
0310004,2022,888.3995179221264,1168.346888793568,-23.96098055779603,41,0.7010844214029698,-0.6139585118095573
0310004,2023,663.7085756181218,1168.346888793568,-43.19250712402157,79,0.6382061571940604,-2.4540971473022757
0310004,2024,1379.5127563401968,1168.346888793568,18.073901644457504,66,0.6712378877765418,-1.4874202772146634
0310004,2025,840.5871166557752,1168.346888793568,-28.05329267202798,62,0.6614049539170507,-1.7751820613977958
0310004,2026,730.3736830854876,1168.346888793568,-37.486572687357466,63,0.6444295314900154,-2.2719694815786977
0310005,2021,905.8653815130123,1166.8220112810566,-22.364733202242167,40,0.7104044418842805,-0.3412071884863968
0310005,2022,900.1810384178359,1166.8220112810566,-22.851897743210632,41,0.7010844214029698,-0.6139585118095573
0310005,2023,663.704086594655,1166.8220112810566,-43.11865218706556,79,0.6382061571940604,-2.4540971473022757
0310005,2024,1357.9093911736477,1166.8220112810566,16.376737672508924,66,0.6712378877765418,-1.4874202772146634
0310005,2025,835.8268631454362,1166.8220112810566,-28.367235528255083,62,0.6614049539170507,-1.7751820613977958
0310005,2026,731.3783692291552,1166.8220112810566,-37.31877165856915,63,0.6444295314900154,-2.2719694815786977
0310006,2021,913.5009783636636,1172.2772606109033,-22.074665349422954,40,0.7104044418842805,-0.3412071884863968
0310006,2022,909.8229257115245,1172.2772606109033,-22.388418142872386,41,0.7010844214029698,-0.6139585118095573
0310006,2023,670.2686578326332,1172.2772606109033,-42.82336778559202,79,0.6382061571940604,-2.4540971473022757
0310006,2024,1376.2408391514468,1172.2772606109033,17.398919640755715,66,0.6712378877765418,-1.4874202772146634
0310006,2025,842.6537372394614,1172.2772606109033,-28.118222066311066,62,0.6614049539170507,-1.7751820613977958
0310006,2026,738.1294377508027,1172.2772606109033,-37.034568309706465,63,0.6444295314900154,-2.2719694815786977
0310007,2021,913.8096940593715,1169.561768414152,-21.867342218407444,40,0.7104044418842805,-0.3412071884863968
0310007,2022,903.2223649035664,1169.561768414152,-22.772581209774344,41,0.7010844214029698,-0.6139585118095573
0310007,2023,668.180849576395,1169.561768414152,-42.86912691388641,79,0.6382061571940604,-2.4540971473022757
0310007,2024,1372.3682652071072,1169.561768414152,17.340383575289678,66,0.6712378877765418,-1.4874202772146634
0310007,2025,842.3906309339823,1169.561768414152,-27.97382287245864,62,0.6614049539170507,-1.7751820613977958
0310007,2026,739.6394959733401,1169.561768414152,-36.75926180656179,63,0.6444295314900154,-2.2719694815786977
0310008,2021,915.7780660030655,1172.9269270305676,-21.92368979698601,40,0.7104044418842805,-0.3412071884863968
0310008,2022,908.6564370137346,1172.9269270305676,-22.53085711706454,41,0.7010844214029698,-0.6139585118095573
0310008,2023,675.8884054565935,1172.9269270305676,-42.37591533790585,79,0.6382061571940604,-2.4540971473022757
0310008,2024,1380.1793455408388,1172.9269270305676,17.66967862481939,66,0.6712378877765418,-1.4874202772146634
0310008,2025,847.7980635519784,1172.9269270305676,-27.719447476723843,62,0.6614049539170507,-1.7751820613977958
0310008,2026,741.9555714309474,1172.9269270305676,-36.7432399809156,63,0.6444295314900154,-2.2719694815786977
0311001,2021,947.840205454093,1172.4333321633244,-19.15615332215279,40,0.7104044418842805,-0.3412071884863968
0311001,2022,884.6895515140113,1172.4333321633244,-24.542442862689718,41,0.7010844214029698,-0.6139585118095573
0311001,2023,678.7889183259649,1172.4333321633244,-42.10426301395813,79,0.6382061571940604,-2.4540971473022757
0311001,2024,1404.7021379705889,1172.4333321633244,19.81083268749208,66,0.6712378877765418,-1.4874202772146634
0311001,2025,871.2063220136259,1172.4333321633244,-25.692463860088925,62,0.6614049539170507,-1.7751820613977958
0311001,2026,735.0865852052185,1172.4333321633244,-37.30248321677551,63,0.6444295314900154,-2.2719694815786977
0311002,2021,964.3270525826848,1168.3245161062866,-17.460684999016443,33,0.7241259600614439,-0.3871458858830264
0311002,2022,893.787148150343,1168.3245161062866,-23.498382869761503,37,0.72067089093702,-0.4863011847917881
0311002,2023,686.078313618416,1168.3245161062866,-41.27673397585359,76,0.6470059523809524,-2.600374373657513
0311002,2024,1419.7209250410147,1168.3245161062866,21.517686693125732,62,0.6824293659621802,-1.5837755631775796
0311002,2025,880.44446669627,1168.3245161062866,-24.640418431810705,53,0.6746053507424475,-1.808313058620203
0311002,2026,732.9622068146912,1168.3245161062866,-37.26381696949591,57,0.6557982590885817,-2.3480483656104676
0311003,2021,935.2871015010127,1168.9176274385989,-19.986911006683265,40,0.7104044418842805,-0.3412071884863968
0311003,2022,892.8632287478534,1168.9176274385989,-23.616240546876863,41,0.7010844214029698,-0.6139585118095573
0311003,2023,676.6919052436897,1168.9176274385989,-42.10953027318984,79,0.6382061571940604,-2.4540971473022757
0311003,2024,1394.2682312352254,1168.9176274385989,19.278570064036764,66,0.6712378877765418,-1.4874202772146634
0311003,2025,863.8665372384111,1168.9176274385989,-26.096885104610298,62,0.6614049539170507,-1.7751820613977958
0311003,2026,740.2717969569778,1168.9176274385989,-36.67031965467875,63,0.6444295314900154,-2.2719694815786977
0311004,2021,933.732420499841,1168.083812207689,-20.06289182836305,40,0.7104044418842805,-0.3412071884863968
0311004,2022,916.4080375078814,1168.083812207689,-21.546037370737817,41,0.7010844214029698,-0.6139585118095573
0311004,2023,689.7048137935908,1168.083812207689,-40.95416727931172,79,0.6382061571940604,-2.4540971473022757
0311004,2024,1407.686873071019,1168.083812207689,20.512488775140017,66,0.6712378877765418,-1.4874202772146634
0311004,2025,881.9197350968115,1168.083812207689,-24.49859112164434,62,0.6614049539170507,-1.7751820613977958
0311004,2026,744.570352526831,1168.083812207689,-36.257112311180286,63,0.6444295314900154,-2.2719694815786977
0311005,2021,922.3361576624694,1170.671701398372,-21.213081638452937,40,0.7104044418842805,-0.3412071884863968
0311005,2022,910.84848113868,1170.671701398372,-22.194370970899204,41,0.7010844214029698,-0.6139585118095573
0311005,2023,684.7133340775879,1170.671701398372,-41.51107152759437,79,0.6382061571940604,-2.4540971473022757
0311005,2024,1389.5258898650156,1170.671701398372,18.694753465486638,66,0.6712378877765418,-1.4874202772146634
0311005,2025,859.9227612242418,1170.671701398372,-26.544499179653823,62,0.6614049539170507,-1.7751820613977958
0311005,2026,744.5628627279341,1170.671701398372,-36.39866225188917,63,0.6444295314900154,-2.2719694815786977
0311006,2021,924.3382916051688,1168.2421751070494,-20.877852957117476,40,0.7104044418842805,-0.3412071884863968
0311006,2022,908.9213891188444,1168.2421751070494,-22.197519616550625,41,0.7010844214029698,-0.6139585118095573
0311006,2023,677.6189526240366,1168.2421751070494,-41.99670521551369,79,0.6382061571940604,-2.4540971473022757
0311006,2024,1390.9288649753394,1168.2421751070494,19.06168897282659,66,0.6712378877765418,-1.4874202772146634
0311006,2025,865.8042552424328,1168.2421751070494,-25.88828980060606,62,0.6614049539170507,-1.7751820613977958
0311006,2026,744.6742173852537,1168.2421751070494,-36.25686238240654,63,0.6444295314900154,-2.2719694815786977
0311007,2021,926.0571929726093,1163.5320700879304,-20.409826529093834,40,0.7104044418842805,-0.3412071884863968
0311007,2022,908.3226181543915,1163.5320700879304,-21.934028162562992,41,0.7010844214029698,-0.6139585118095573
0311007,2023,675.3348560731783,1163.5320700879304,-41.95820867901458,79,0.6382061571940604,-2.4540971473022757
0311007,2024,1376.3425252257762,1163.5320700879304,18.29003777452935,66,0.6712378877765418,-1.4874202772146634
0311007,2025,862.1638583066368,1163.5320700879304,-25.90115214946491,62,0.6614049539170507,-1.7751820613977958
0311007,2026,758.9069858063286,1163.5320700879304,-34.77558502113512,63,0.6444295314900154,-2.2719694815786977
0312001,2021,972.4696138808434,1177.7480220910727,-17.42973915980438,33,0.7241259600614439,-0.3871458858830264
0312001,2022,876.0815011169896,1177.7480220910727,-25.613842291874885,37,0.72067089093702,-0.4863011847917881
0312001,2023,689.0385779033749,1177.7480220910727,-41.495246438198386,76,0.6470059523809524,-2.600374373657513
0312001,2024,1435.9970868911398,1177.7480220910727,21.927361367294004,62,0.6824293659621802,-1.5837755631775796
0312001,2025,874.3367784926784,1177.7480220910727,-25.761982861129542,53,0.6746053507424475,-1.808313058620203
0312001,2026,730.5795818354695,1177.7480220910727,-37.96809095562418,57,0.6557982590885817,-2.3480483656104676
0312002,2021,983.8354215317603,1177.1336246875187,-16.421092652677494,33,0.7241259600614439,-0.3871458858830264
0312002,2022,881.9890957616428,1177.1336246875187,-25.073154205770376,37,0.72067089093702,-0.4863011847917881
0312002,2023,696.2583953957135,1177.1336246875187,-40.85137143367714,76,0.6470059523809524,-2.600374373657513
0312002,2024,1454.0934716598103,1177.1336246875187,23.52832687502349,62,0.6824293659621802,-1.5837755631775796
0312002,2025,887.6163423569662,1177.1336246875187,-24.595107663108987,53,0.6746053507424475,-1.808313058620203
0312002,2026,756.4865240049493,1177.1336246875187,-35.7348640681498,57,0.6557982590885817,-2.3480483656104676
0312003,2021,973.5825161120681,1177.2928496725747,-17.30328470245631,33,0.7241259600614439,-0.3871458858830264
0312003,2022,884.5942325594731,1177.2928496725747,-24.86200584625194,37,0.72067089093702,-0.4863011847917881
0312003,2023,697.0493070853832,1177.2928496725747,-40.7921905514635,76,0.6470059523809524,-2.600374373657513
0312003,2024,1460.3162228603405,1177.2928496725747,24.0401845017983,62,0.6824293659621802,-1.5837755631775796
0312003,2025,896.5139605528508,1177.2928496725747,-23.849536604066977,53,0.6746053507424475,-1.808313058620203
0312003,2026,769.8828840913773,1177.2928496725747,-34.60566040934548,57,0.6557982590885817,-2.3480483656104676
0312004,2021,955.1792684162805,1169.9784944601752,-18.359245666562654,33,0.7241259600614439,-0.3871458858830264
0312004,2022,882.1852640737253,1169.9784944601752,-24.598164132857576,37,0.72067089093702,-0.4863011847917881
0312004,2023,685.7022858420662,1169.9784944601752,-41.39188975790129,76,0.6470059523809524,-2.600374373657513
0312004,2024,1418.1549271229214,1169.9784944601752,21.212050805878633,62,0.6824293659621802,-1.5837755631775796
0312004,2025,870.1613926315619,1169.9784944601752,-25.62586434265598,53,0.6746053507424475,-1.808313058620203
0312004,2026,736.2039883220529,1169.9784944601752,-37.07542559047332,57,0.6557982590885817,-2.3480483656104676
0312005,2021,964.7603890036761,1166.744785816404,-17.31178911345155,33,0.7241259600614439,-0.3871458858830264
0312005,2022,892.9440566401213,1166.744785816404,-23.46706259198721,37,0.72067089093702,-0.4863011847917881
0312005,2023,686.3374529518337,1166.744785816404,-41.17501433943978,76,0.6470059523809524,-2.600374373657513
0312005,2024,1419.3108172342925,1166.744785816404,21.647067506812217,62,0.6824293659621802,-1.5837755631775796
0312005,2025,876.7003900141125,1166.744785816404,-24.859283652109,53,0.6746053507424475,-1.808313058620203
0312005,2026,739.0642039782599,1166.744785816404,-36.65588113504051,57,0.6557982590885817,-2.3480483656104676
0312006,2021,959.3333553308865,1164.1315113658766,-17.592355677641624,33,0.7241259600614439,-0.3871458858830264
0312006,2022,893.5145947531244,1164.1315113658766,-23.24624958354036,37,0.72067089093702,-0.4863011847917881
0312006,2023,690.65854043185,1164.1315113658766,-40.67177688356707,76,0.6470059523809524,-2.600374373657513
0312006,2024,1419.7056396467826,1164.1315113658766,21.95405981073742,62,0.6824293659621802,-1.5837755631775796
0312006,2025,880.7241962701794,1164.1315113658766,-24.344956933875547,53,0.6746053507424475,-1.808313058620203
0312006,2026,756.5732934071187,1164.1315113658766,-35.009637139756606,57,0.6557982590885817,-2.3480483656104676
0312007,2021,935.2153783689508,1159.4898501978084,-19.34251272579889,33,0.7241259600614439,-0.3871458858830264
0312007,2022,888.3538260101676,1159.4898501978084,-23.38407913975143,37,0.72067089093702,-0.4863011847917881
0312007,2023,682.141121773624,1159.4898501978084,-41.16885786820375,76,0.6470059523809524,-2.600374373657513
0312007,2024,1376.4790315881073,1159.4898501978084,18.714194121947735,62,0.6824293659621802,-1.5837755631775796
0312007,2025,869.005340023901,1159.4898501978084,-25.052785940674763,53,0.6746053507424475,-1.808313058620203
0312007,2026,762.3591238708498,1159.4898501978084,-34.25047026148684,57,0.6557982590885817,-2.3480483656104676
0313001,2021,970.2203112459001,1173.165757941516,-17.298957570302097,33,0.7241259600614439,-0.3871458858830264
0313001,2022,885.5772023887846,1173.165757941516,-24.5138893294453,37,0.72067089093702,-0.4863011847917881
0313001,2023,687.5590394627643,1173.165757941516,-41.39284795788933,76,0.6470059523809524,-2.600374373657513
0313001,2024,1422.2771859664197,1173.165757941516,21.234120271461443,62,0.6824293659621802,-1.5837755631775796
0313001,2025,861.4458114535023,1173.165757941516,-26.57083573893003,53,0.6746053507424475,-1.808313058620203
0313001,2026,744.4236704692097,1173.165757941516,-36.5457382786721,57,0.6557982590885817,-2.3480483656104676
0313002,2021,959.2735107354691,1169.7406811153044,-17.9926349299199,33,0.7241259600614439,-0.3871458858830264
0313002,2022,883.9072778855864,1169.7406811153044,-24.43562131712701,37,0.72067089093702,-0.4863011847917881
0313002,2023,689.2285573226243,1169.7406811153044,-41.07851693543988,76,0.6470059523809524,-2.600374373657513
0313002,2024,1420.6097176678272,1169.7406811153044,21.446551411149393,62,0.6824293659621802,-1.5837755631775796
0313002,2025,872.7206180600548,1169.7406811153044,-25.39195805108291,53,0.6746053507424475,-1.808313058620203
0313002,2026,759.8959555144529,1169.7406811153044,-35.037229380624744,57,0.6557982590885817,-2.3480483656104676
0313003,2021,949.6686870549743,1164.0403696088592,-18.41617251005806,33,0.7241259600614439,-0.3871458858830264
0313003,2022,888.9126897784588,1164.0403696088592,-23.63557888656807,37,0.72067089093702,-0.4863011847917881
0313003,2023,688.0161885704734,1164.0403696088592,-40.89412991736184,76,0.6470059523809524,-2.600374373657513
0313003,2024,1411.0364132670845,1164.0403696088592,21.21885547158651,62,0.6824293659621802,-1.5837755631775796
0313003,2025,869.2425868634563,1164.0403696088592,-25.325391665278836,53,0.6746053507424475,-1.808313058620203
0313003,2026,757.3457092889042,1164.0403696088592,-34.938192088356224,57,0.6557982590885817,-2.3480483656104676
0313004,2021,965.3716115211683,1180.5508917972677,-18.22702280530329,33,0.7241259600614439,-0.3871458858830264
0313004,2022,905.0947337500057,1180.5508917972677,-23.332849092842427,37,0.72067089093702,-0.4863011847917881
0313004,2023,693.607079686579,1180.5508917972677,-41.247168207155106,76,0.6470059523809524,-2.600374373657513
0313004,2024,1451.2860928496248,1180.5508917972677,22.932954685264818,62,0.6824293659621802,-1.5837755631775796
0313004,2025,877.1878798912751,1180.5508917972677,-25.696733111111673,53,0.6746053507424475,-1.808313058620203
0313004,2026,763.7750081045184,1180.5508917972677,-35.303508437340696,57,0.6557982590885817,-2.3480483656104676
0313005,2021,976.2225236670088,1183.3032257104785,-17.50022289672492,33,0.7241259600614439,-0.3871458858830264
0313005,2022,909.0108004204891,1183.3032257104785,-23.180231349855305,37,0.72067089093702,-0.4863011847917881
0313005,2023,711.0970720272601,1183.3032257104785,-39.90576070640698,76,0.6470059523809524,-2.600374373657513
0313005,2024,1442.4258370669857,1183.3032257104785,21.898242625082414,62,0.6824293659621802,-1.5837755631775796
0313005,2025,873.5550458729833,1183.3032257104785,-26.17656853352329,53,0.6746053507424475,-1.808313058620203
0313005,2026,764.635162809784,1183.3032257104785,-35.38129989034028,57,0.6557982590885817,-2.3480483656104676
0313006,2021,974.9309803027872,1178.2889975451305,-17.258755506163872,33,0.7241259600614439,-0.3871458858830264
0313006,2022,905.0185043967844,1178.2889975451305,-23.192145027042013,37,0.72067089093702,-0.4863011847917881
0313006,2023,715.0270161163155,1178.2889975451305,-39.316498956875925,76,0.6470059523809524,-2.600374373657513
0313006,2024,1430.2308116610996,1178.2889975451305,21.382005148216553,62,0.6824293659621802,-1.5837755631775796
0313006,2025,876.0949014507854,1178.2889975451305,-25.646857156770704,53,0.6746053507424475,-1.808313058620203
0313006,2026,768.8920968840126,1178.2889975451305,-34.74503296848762,57,0.6557982590885817,-2.3480483656104676
0314001,2021,939.8445993080057,1147.356015318514,-18.086052911214455,33,0.7241259600614439,-0.3871458858830264
0314001,2022,896.7708591128956,1147.356015318514,-21.84022682236553,37,0.72067089093702,-0.4863011847917881
0314001,2023,690.6596610935242,1147.356015318514,-39.8042410662054,76,0.6470059523809524,-2.600374373657513
0314001,2024,1336.96781779525,1147.356015318514,16.525977982875574,62,0.6824293659621802,-1.5837755631775796
0314001,2025,847.7119961877187,1147.356015318514,-26.11604551073993,53,0.6746053507424475,-1.808313058620203
0314001,2026,745.5902549976602,1147.356015318514,-35.016660474763,57,0.6557982590885817,-2.3480483656104676
0314002,2021,952.7159820743893,1152.432423301745,-17.32999151960369,33,0.7241259600614439,-0.3871458858830264
0314002,2022,906.5259895359886,1152.432423301745,-21.338034993950355,37,0.72067089093702,-0.4863011847917881
0314002,2023,706.1891342868265,1152.432423301745,-38.72186168941875,76,0.6470059523809524,-2.600374373657513
0314002,2024,1357.712948975885,1152.432423301745,17.81280372917715,62,0.6824293659621802,-1.5837755631775796
0314002,2025,849.1073032358253,1152.432423301745,-26.320425730203464,53,0.6746053507424475,-1.808313058620203
0314002,2026,745.537547427258,1152.432423301745,-35.3074824733518,57,0.6557982590885817,-2.3480483656104676
0314003,2021,951.5604833194554,1156.5675379071386,-17.725471956324547,33,0.7241259600614439,-0.3871458858830264
0314003,2022,893.1044841598599,1156.5675379071386,-22.77973789788593,37,0.72067089093702,-0.4863011847917881
0314003,2023,700.7160976417865,1156.5675379071386,-39.41416521945929,76,0.6470059523809524,-2.600374373657513
0314003,2024,1362.7586741327468,1156.5675379071386,17.827850900840644,62,0.6824293659621802,-1.5837755631775796
0314003,2025,850.0036589285353,1156.5675379071386,-26.50635340616118,53,0.6746053507424475,-1.808313058620203
0314003,2026,738.465985746308,1156.5675379071386,-36.15020640449622,57,0.6557982590885817,-2.3480483656104676
0314004,2021,936.3748760412254,1155.7736694314092,-18.98285098484018,33,0.7241259600614439,-0.3871458858830264
0314004,2022,891.9199656179069,1155.7736694314092,-22.82918453604389,37,0.72067089093702,-0.4863011847917881
0314004,2023,685.2333256050116,1155.7736694314092,-40.71215293024309,76,0.6470059523809524,-2.600374373657513
0314004,2024,1380.456617730309,1155.7736694314092,19.440047324268445,62,0.6824293659621802,-1.5837755631775796
0314004,2025,858.9586294868692,1155.7736694314092,-25.681069554955357,53,0.6746053507424475,-1.808313058620203
0314004,2026,749.3306563552063,1155.7736694314092,-35.166315328515424,57,0.6557982590885817,-2.3480483656104676
0314005,2021,950.8281166851659,1168.505702763374,-18.628714054490885,33,0.7241259600614439,-0.3871458858830264
0314005,2022,886.3328643839999,1168.505702763374,-24.14817811432753,37,0.72067089093702,-0.4863011847917881
0314005,2023,706.4870997033026,1168.505702763374,-39.5392681411356,76,0.6470059523809524,-2.600374373657513
0314005,2024,1390.637329914211,1168.505702763374,19.009888152494472,62,0.6824293659621802,-1.5837755631775796
0314005,2025,856.301847587375,1168.505702763374,-26.718214077832467,53,0.6746053507424475,-1.808313058620203
0314005,2026,746.0229759085229,1168.505702763374,-36.155812150144484,57,0.6557982590885817,-2.3480483656104676
0314006,2021,958.5205825945969,1166.7200142178908,-17.844849585687452,33,0.7241259600614439,-0.3871458858830264
0314006,2022,884.8962726844842,1166.7200142178908,-24.15521617003603,37,0.72067089093702,-0.4863011847917881
0314006,2023,714.1833118300761,1166.7200142178908,-38.78708660802155,76,0.6470059523809524,-2.600374373657513
0314006,2024,1386.2274478432303,1166.7200142178908,18.814062581457126,62,0.6824293659621802,-1.5837755631775796
0314006,2025,855.2613112330436,1166.7200142178908,-26.695239576706257,53,0.6746053507424475,-1.808313058620203
0314006,2026,737.8659369556465,1166.7200142178908,-36.75724012926324,57,0.6557982590885817,-2.3480483656104676
0314007,2021,962.6804179385829,1163.7648059381347,-17.278782359933423,33,0.7241259600614439,-0.3871458858830264
0314007,2022,901.152844590233,1163.7648059381347,-22.565724621325423,37,0.72067089093702,-0.4863011847917881
0314007,2023,725.1008890190252,1163.7648059381347,-37.693519745640835,76,0.6470059523809524,-2.600374373657513
0314007,2024,1372.2033603085172,1163.7648059381347,17.910711280047337,62,0.6824293659621802,-1.5837755631775796
0314007,2025,845.7095167259071,1163.7648059381347,-27.32985974393999,53,0.6746053507424475,-1.808313058620203
0314007,2026,745.9422377202426,1163.7648059381347,-35.902664016469956,57,0.6557982590885817,-2.3480483656104676
0314008,2021,921.8448319772419,1131.8725498529143,-18.555774490949997,33,0.7241259600614439,-0.3871458858830264
0314008,2022,885.0616332382718,1131.8725498529143,-21.805539558911935,37,0.72067089093702,-0.4863011847917881
0314008,2023,704.0757487581527,1131.8725498529143,-37.79549218243285,76,0.6470059523809524,-2.600374373657513
0314008,2024,1287.4186620057935,1131.8725498529143,13.742369860731431,62,0.6824293659621802,-1.5837755631775796
0314008,2025,794.9939942909772,1131.8725498529143,-29.762940677880575,53,0.6746053507424475,-1.808313058620203
0314008,2026,708.8834031927698,1131.8725498529143,-37.37073990486928,57,0.6557982590885817,-2.3480483656104676
0315001,2021,951.9913214910864,1158.8467941327556,-17.850113896761762,33,0.7241259600614439,-0.3871458858830264
0315001,2022,885.7670614716498,1158.8467941327556,-23.56478302772284,37,0.72067089093702,-0.4863011847917881
0315001,2023,693.2859975989325,1158.8467941327556,-40.1744906135098,76,0.6470059523809524,-2.600374373657513
0315001,2024,1384.8539196644444,1158.8467941327556,19.502761424198916,62,0.6824293659621802,-1.5837755631775796
0315001,2025,859.7701948174132,1158.8467941327556,-25.80812242218454,53,0.6746053507424475,-1.808313058620203
0315001,2026,755.9698063126797,1158.8467941327556,-34.76533652764483,57,0.6557982590885817,-2.3480483656104676
0315002,2021,953.0816252374857,1158.1621862916531,-17.707412958354283,33,0.7241259600614439,-0.3871458858830264
0315002,2022,897.3818345728515,1158.1621862916531,-22.516738571287704,37,0.72067089093702,-0.4863011847917881
0315002,2023,697.3455724177317,1158.1621862916531,-39.78860813522336,76,0.6470059523809524,-2.600374373657513
0315002,2024,1392.0756315045921,1158.1621862916531,20.196950650056362,62,0.6824293659621802,-1.5837755631775796
0315002,2025,880.4455653187348,1158.1621862916531,-23.979078600566798,53,0.6746053507424475,-1.808313058620203
0315002,2026,774.0735759285199,1158.1621862916531,-33.163628972636005,57,0.6557982590885817,-2.3480483656104676
0315003,2021,933.1695509833816,1158.7585961849427,-19.468165840951066,33,0.7241259600614439,-0.3871458858830264
0315003,2022,886.3587115144209,1158.7585961849427,-23.507906268601754,37,0.72067089093702,-0.4863011847917881
0315003,2023,686.1393638135115,1158.7585961849427,-40.78668619395503,76,0.6470059523809524,-2.600374373657513
0315003,2024,1333.386352946558,1158.7585961849427,15.070244771995975,62,0.6824293659621802,-1.5837755631775796
0315003,2025,850.5183811289965,1158.7585961849427,-26.600899969224464,53,0.6746053507424475,-1.808313058620203
0315003,2026,763.5695267210378,1158.7585961849427,-34.1045210594348,57,0.6557982590885817,-2.3480483656104676
0315004,2021,945.7205856976844,1156.3821914865039,-18.217299379024386,33,0.7241259600614439,-0.3871458858830264
0315004,2022,896.1365235182118,1156.3821914865039,-22.505160481047533,37,0.72067089093702,-0.4863011847917881
0315004,2023,694.4263453078163,1156.3821914865039,-39.948370839648916,76,0.6470059523809524,-2.600374373657513
0315004,2024,1346.2748459644715,1156.3821914865039,16.42127108805306,62,0.6824293659621802,-1.5837755631775796
0315004,2025,849.7999529962426,1156.3821914865039,-26.512189546620096,53,0.6746053507424475,-1.808313058620203
0315004,2026,759.1196228473246,1156.3821914865039,-34.35391616750055,57,0.6557982590885817,-2.3480483656104676
0315005,2021,908.317569653085,1122.799030565553,-19.102390995513584,33,0.7241259600614439,-0.3871458858830264
0315005,2022,867.956289628859,1122.799030565553,-22.697093068234114,37,0.72067089093702,-0.4863011847917881
0315005,2023,670.9236499969054,1122.799030565553,-40.24543736389213,76,0.6470059523809524,-2.600374373657513
0315005,2024,1256.9571034016135,1122.799030565553,11.948538356724901,62,0.6824293659621802,-1.5837755631775796
0315005,2025,800.2043531416424,1122.799030565553,-28.731292835318886,53,0.6746053507424475,-1.808313058620203
0315005,2026,703.7420939082915,1122.799030565553,-37.32252391117428,57,0.6557982590885817,-2.3480483656104676
0315006,2021,908.6057223209898,1121.4955371558037,-18.9826716007019,33,0.7241259600614439,-0.3871458858830264
0315006,2022,882.1416922784248,1121.4955371558037,-21.342380504196935,37,0.72067089093702,-0.4863011847917881
0315006,2023,678.7802631844347,1121.4955371558037,-39.475437868805784,76,0.6470059523809524,-2.600374373657513
0315006,2024,1260.722324258327,1121.4955371558037,12.414386191461164,62,0.6824293659621802,-1.5837755631775796
0315006,2025,789.8959443007209,1121.4955371558037,-29.56762482497649,53,0.6746053507424475,-1.808313058620203
0315006,2026,704.4793730602944,1121.4955371558037,-37.18393433406729,57,0.6557982590885817,-2.3480483656104676
0315007,2021,963.0752127556395,1159.944945134843,-16.97233417887066,33,0.7241259600614439,-0.3871458858830264
0315007,2022,899.1424701636329,1159.944945134843,-22.48403909729457,37,0.72067089093702,-0.4863011847917881
0315007,2023,706.6505477423923,1159.944945134843,-39.07895795345317,76,0.6470059523809524,-2.600374373657513
0315007,2024,1377.8580563481983,1159.944945134843,18.78650466363496,62,0.6824293659621802,-1.5837755631775796
0315007,2025,865.6345365656668,1159.944945134843,-25.37279116596027,53,0.6746053507424475,-1.808313058620203
0315007,2026,772.2078607542591,1159.944945134843,-33.427197213701355,57,0.6557982590885817,-2.3480483656104676
0315008,2021,967.1766840238633,1168.0791441213673,-17.199387653532966,33,0.7241259600614439,-0.3871458858830264
0315008,2022,893.191630305674,1168.0791441213673,-23.53329525650118,37,0.72067089093702,-0.4863011847917881
0315008,2023,696.0973074165637,1168.0791441213673,-40.406665856518636,76,0.6470059523809524,-2.600374373657513
0315008,2024,1405.7546395238578,1168.0791441213673,20.347550643177584,62,0.6824293659621802,-1.5837755631775796
0315008,2025,874.5174069351904,1168.0791441213673,-25.132007421209032,53,0.6746053507424475,-1.808313058620203
0315008,2026,763.522418597299,1168.0791441213673,-34.63435911514174,57,0.6557982590885817,-2.3480483656104676
0316001,2021,934.197778094917,1159.8112228144776,-19.45260058547041,33,0.7241259600614439,-0.3871458858830264
0316001,2022,886.3471903537259,1159.8112228144776,-23.578322668506786,37,0.72067089093702,-0.4863011847917881
0316001,2023,680.7429914222975,1159.8112228144776,-41.30570751243812,76,0.6470059523809524,-2.600374373657513
0316001,2024,1348.2163600324277,1159.8112228144776,16.24446578131511,62,0.6824293659621802,-1.5837755631775796
0316001,2025,857.6315000133976,1159.8112228144776,-26.05421613939809,53,0.6746053507424475,-1.808313058620203
0316001,2026,773.2939502515351,1159.8112228144776,-33.325877949774714,57,0.6557982590885817,-2.3480483656104676
0316002,2021,896.7906421601141,1157.647761502048,-22.53337569654796,24,0.7575824372759856,0.4194771645243906
0316002,2022,840.2350343186806,1157.647761502048,-27.4187656849545,31,0.7489518689196109,0.1521143413705534
0316002,2023,689.6676035943098,1157.647761502048,-40.425090728852965,62,0.6620153609831029,-2.5410559386461053
0316002,2024,1321.8430226695777,1157.647761502048,14.1835251298276,39,0.700608144852305,-1.3455059791797153
0316002,2025,820.3070563470214,1157.647761502048,-29.14018550144537,43,0.6872508960573477,-1.759294689253506
0316002,2026,758.2545398082173,1157.647761502048,-34.50040979439359,42,0.6923702636968766,-1.600703907239032
0316003,2021,902.1228722008924,1153.9859512113376,-21.825489187807253,24,0.7575824372759856,0.4194771645243906
0316003,2022,864.0177006780827,1153.9859512113376,-25.127537317839575,31,0.7489518689196109,0.1521143413705534
0316003,2023,690.2286259641577,1153.9859512113376,-40.18743250386839,62,0.6620153609831029,-2.5410559386461053
0316003,2024,1308.4417476066433,1153.9859512113376,13.384547379729678,39,0.700608144852305,-1.3455059791797153
0316003,2025,822.4971038867213,1153.9859512113376,-28.72555311237999,43,0.6872508960573477,-1.759294689253506
0316003,2026,751.7254664428968,1153.9859512113376,-34.858351988270606,42,0.6923702636968766,-1.600703907239032
0316004,2021,911.2039339958267,1145.5102817832535,-20.454320796027638,33,0.7241259600614439,-0.3871458858830264
0316004,2022,881.1803457130572,1145.5102817832535,-23.07530017615426,37,0.72067089093702,-0.4863011847917881
0316004,2023,683.8790369944269,1145.5102817832535,-40.29917951239949,76,0.6470059523809524,-2.600374373657513
0316004,2024,1305.4328296900114,1145.5102817832535,13.96081296256907,62,0.6824293659621802,-1.5837755631775796
0316004,2025,829.1528111694143,1145.5102817832535,-27.617165523940567,53,0.6746053507424475,-1.808313058620203
0316004,2026,758.9359081867774,1145.5102817832535,-33.74691434411947,57,0.6557982590885817,-2.3480483656104676
0316005,2021,909.435538664762,1131.5694244019398,-19.63060161815353,33,0.7241259600614439,-0.3871458858830264
0316005,2022,857.0589184744906,1131.5694244019398,-24.25927212309879,37,0.72067089093702,-0.4863011847917881
0316005,2023,672.0271755538577,1131.5694244019398,-40.61105213150847,76,0.6470059523809524,-2.600374373657513
0316005,2024,1269.1114973922656,1131.5694244019398,12.15498316093331,62,0.6824293659621802,-1.5837755631775796
0316005,2025,810.9052867746133,1131.5694244019398,-28.337999482162118,53,0.6746053507424475,-1.808313058620203
0316005,2026,724.5994565042149,1131.5694244019398,-35.96509053015619,57,0.6557982590885817,-2.3480483656104676
0317001,2021,939.384351716663,1169.1829583692,-19.654631895513145,40,0.7104044418842805,-0.3412071884863968
0317001,2022,898.0520248367216,1169.1829583692,-23.18977809175882,41,0.7010844214029698,-0.6139585118095573
0317001,2023,687.3908622427288,1169.1829583692,-41.20758797224384,79,0.6382061571940604,-2.4540971473022757
0317001,2024,1373.5034263891362,1169.1829583692,17.475491458148394,66,0.6712378877765418,-1.4874202772146634
0317001,2025,855.8906793592542,1169.1829583692,-26.795830093771816,62,0.6614049539170507,-1.7751820613977958
0317001,2026,782.4276663410349,1169.1829583692,-33.07910787269934,63,0.6444295314900154,-2.2719694815786977
0317002,2021,934.1650749797479,1172.7402326629858,-20.34339327998462,40,0.7104044418842805,-0.3412071884863968
0317002,2022,878.3925334355271,1172.7402326629858,-25.099138839900824,41,0.7010844214029698,-0.6139585118095573
0317002,2023,699.5161198741661,1172.7402326629858,-40.35199779189393,79,0.6382061571940604,-2.4540971473022757
0317002,2024,1348.7798523098568,1172.7402326629858,15.010964469695995,66,0.6712378877765418,-1.4874202772146634
0317002,2025,833.9050661221702,1172.7402326629858,-28.892601882635997,62,0.6614049539170507,-1.7751820613977958
0317002,2026,787.8584754169798,1172.7402326629858,-32.81901196243949,63,0.6444295314900154,-2.2719694815786977
0317003,2021,934.218358963145,1171.6734200621784,-20.266317988713283,40,0.7104044418842805,-0.3412071884863968
0317003,2022,886.7723119184025,1171.6734200621784,-24.315743898044282,41,0.7010844214029698,-0.6139585118095573
0317003,2023,691.6570167946165,1171.6734200621784,-40.96844692799196,79,0.6382061571940604,-2.4540971473022757
0317003,2024,1360.7673624058043,1171.6734200621784,16.138792525786844,66,0.6712378877765418,-1.4874202772146634
0317003,2025,844.952736876796,1171.6734200621784,-27.884961593482583,62,0.6614049539170507,-1.7751820613977958
0317003,2026,798.7121520566577,1171.6734200621784,-31.831503695434893,63,0.6444295314900154,-2.2719694815786977
0317004,2021,939.9771183458795,1164.0158616573524,-19.247052440718583,40,0.7104044418842805,-0.3412071884863968
0317004,2022,895.815008829795,1164.0158616573524,-23.04099640409426,41,0.7010844214029698,-0.6139585118095573
0317004,2023,688.3302631949591,1164.0158616573524,-40.86590347532732,79,0.6382061571940604,-2.4540971473022757
0317004,2024,1352.8024180656823,1164.0158616573524,16.21855531586411,66,0.6712378877765418,-1.4874202772146634
0317004,2025,849.6155746015002,1164.0158616573524,-27.00996587866096,62,0.6614049539170507,-1.7751820613977958
0317004,2026,790.5659775281193,1164.0158616573524,-32.082886190013475,63,0.6444295314900154,-2.2719694815786977
0317005,2021,904.1767041403809,1175.704108793877,-23.09487588097728,40,0.7104044418842805,-0.3412071884863968
0317005,2022,855.593357277271,1175.704108793877,-27.22715257370316,41,0.7010844214029698,-0.6139585118095573
0317005,2023,686.4800364995118,1175.704108793877,-41.61115612636983,79,0.6382061571940604,-2.4540971473022757
0317005,2024,1348.2096109692386,1175.704108793877,14.672526946625238,66,0.6712378877765418,-1.4874202772146634
0317005,2025,830.7166391260928,1175.704108793877,-29.34305214104401,62,0.6614049539170507,-1.7751820613977958
0317005,2026,780.6143693245401,1175.704108793877,-33.604521453501484,63,0.6444295314900154,-2.2719694815786977
0317006,2021,915.1822577373773,1178.782155580492,-22.36205363265825,40,0.7104044418842805,-0.3412071884863968
0317006,2022,858.3106427419335,1178.782155580492,-27.18666136244165,41,0.7010844214029698,-0.6139585118095573
0317006,2023,690.8069100079028,1178.782155580492,-41.39655858060435,79,0.6382061571940604,-2.4540971473022757
0317006,2024,1361.1346674438332,1178.782155580492,15.469568401596792,66,0.6712378877765418,-1.4874202772146634
0317006,2025,842.9470812532915,1178.782155580492,-28.490003240829374,62,0.6614049539170507,-1.7751820613977958
0317006,2026,790.6973045147431,1178.782155580492,-32.92252510173402,63,0.6444295314900154,-2.2719694815786977
0317007,2021,927.8273217086064,1176.1606257001229,-21.11389367788887,40,0.7104044418842805,-0.3412071884863968
0317007,2022,879.9770550227884,1176.1606257001229,-25.182238225414824,41,0.7010844214029698,-0.6139585118095573
0317007,2023,702.5504502126507,1176.1606257001229,-40.267474113542136,79,0.6382061571940604,-2.4540971473022757
0317007,2024,1367.315882071734,1176.1606257001229,16.25247880218944,66,0.6712378877765418,-1.4874202772146634
0317007,2025,843.1124127120773,1176.1606257001229,-28.316558615435266,62,0.6614049539170507,-1.7751820613977958
0317007,2026,795.0132594923094,1176.1606257001229,-32.40606409357831,63,0.6444295314900154,-2.2719694815786977
0318001,2021,897.6922687934307,1168.5395951062644,-23.178275468552133,40,0.7104044418842805,-0.3412071884863968
0318001,2022,894.2538899996288,1168.5395951062644,-23.472521278296327,41,0.7010844214029698,-0.6139585118095573
0318001,2023,679.8012820727189,1168.5395951062644,-41.82471138165418,79,0.6382061571940604,-2.4540971473022757
0318001,2024,1366.1418464069802,1168.5395951062644,16.91018876281606,66,0.6712378877765418,-1.4874202772146634
0318001,2025,834.9065096123828,1168.5395951062644,-28.551286314225557,62,0.6614049539170507,-1.7751820613977958
0318001,2026,747.7370843832393,1168.5395951062644,-36.01097579280214,63,0.6444295314900154,-2.2719694815786977
0318002,2021,911.8339921902328,1172.3090905421325,-22.218977951577887,40,0.7104044418842805,-0.3412071884863968
0318002,2022,896.1423506519776,1172.3090905421325,-23.55750220809445,41,0.7010844214029698,-0.6139585118095573
0318002,2023,685.9716926724659,1172.3090905421325,-41.485424091078286,79,0.6382061571940604,-2.4540971473022757
0318002,2024,1367.4325836401981,1172.3090905421325,16.644372603801195,66,0.6712378877765418,-1.4874202772146634
0318002,2025,842.703792607439,1172.3090905421325,-28.115903953475957,62,0.6614049539170507,-1.7751820613977958
0318002,2026,751.6182657784074,1172.3090905421325,-35.88565747359148,63,0.6444295314900154,-2.2719694815786977
0318003,2021,928.4547316891678,1172.6898534971476,-20.82691523932196,40,0.7104044418842805,-0.3412071884863968
0318003,2022,897.7399160097882,1172.6898534971476,-23.44609162153275,41,0.7010844214029698,-0.6139585118095573
0318003,2023,689.5129934733282,1172.6898534971476,-41.20244228112908,79,0.6382061571940604,-2.4540971473022757
0318003,2024,1373.1443112064526,1172.6898534971476,17.09356119280114,66,0.6712378877765418,-1.4874202772146634
0318003,2025,846.158546764117,1172.6898534971476,-27.844643300977012,62,0.6614049539170507,-1.7751820613977958
0318003,2026,753.1452843985082,1172.6898534971476,-35.77625983950409,63,0.6444295314900154,-2.2719694815786977
0318004,2021,890.8062417742583,1170.505846047185,-23.895617883283226,40,0.7104044418842805,-0.3412071884863968
0318004,2022,882.3049177703924,1170.505846047185,-24.62191276105551,41,0.7010844214029698,-0.6139585118095573
0318004,2023,682.3014811411476,1170.505846047185,-41.70883610318655,79,0.6382061571940604,-2.4540971473022757
0318004,2024,1358.4330671944692,1170.505846047185,16.055214229123,66,0.6712378877765418,-1.4874202772146634
0318004,2025,828.8116214014559,1170.505846047185,-29.192013504215755,62,0.6614049539170507,-1.7751820613977958
0318004,2026,752.7787956160912,1170.505846047185,-35.687737215646045,63,0.6444295314900154,-2.2719694815786977
0318005,2021,907.8129101871034,1176.954671637105,-22.867640354885918,40,0.7104044418842805,-0.3412071884863968
0318005,2022,870.7857527392556,1176.954671637105,-26.013654244812898,41,0.7010844214029698,-0.6139585118095573
0318005,2023,695.0102580671794,1176.954671637105,-40.948426068062325,79,0.6382061571940604,-2.4540971473022757
0318005,2024,1353.6236078386733,1176.954671637105,15.010683117968128,66,0.6712378877765418,-1.4874202772146634
0318005,2025,828.7252213996506,1176.954671637105,-29.587328945564128,62,0.6614049539170507,-1.7751820613977958
0318005,2026,763.618075946925,1176.954671637105,-35.119160121539984,63,0.6444295314900154,-2.2719694815786977
0318006,2021,897.8425976572896,1174.7448057511583,-23.571264732412345,40,0.7104044418842805,-0.3412071884863968
0318006,2022,873.7130651456441,1174.7448057511583,-25.625288073781075,41,0.7010844214029698,-0.6139585118095573
0318006,2023,692.6195600776431,1174.7448057511583,-41.040849324312056,79,0.6382061571940604,-2.4540971473022757
0318006,2024,1364.7708005758288,1174.7448057511583,16.17593828841521,66,0.6712378877765418,-1.4874202772146634
0318006,2025,821.6396694206242,1174.7448057511583,-30.058029165300354,62,0.6614049539170507,-1.7751820613977958
0318006,2026,766.8900545673125,1174.7448057511583,-34.71858306477502,63,0.6444295314900154,-2.2719694815786977
0318007,2021,904.4905411573662,1178.6055239893976,-23.25756813901521,40,0.7104044418842805,-0.3412071884863968
0318007,2022,868.0175516447521,1178.6055239893976,-26.35215651232935,41,0.7010844214029698,-0.6139585118095573
0318007,2023,692.8560792812198,1178.6055239893976,-41.21391210385566,79,0.6382061571940604,-2.4540971473022757
0318007,2024,1358.3184191856212,1178.6055239893976,15.247925751096366,66,0.6712378877765418,-1.4874202772146634
0318007,2025,830.4669862023039,1178.6055239893976,-29.5381729256366,62,0.6614049539170507,-1.7751820613977958
0318007,2026,772.76333840768,1178.6055239893976,-34.43409837483237,63,0.6444295314900154,-2.2719694815786977
0319001,2021,912.8968165915715,1181.6766746463882,-22.74563455652943,40,0.7104044418842805,-0.3412071884863968
0319001,2022,897.5662162057515,1181.6766746463882,-24.04299454634285,41,0.7010844214029698,-0.6139585118095573
0319001,2023,687.3383061449314,1181.6766746463882,-41.83364020867938,79,0.6382061571940604,-2.4540971473022757
0319001,2024,1373.2150946662186,1181.6766746463882,16.20903789754059,66,0.6712378877765418,-1.4874202772146634
0319001,2025,825.0840393086368,1181.6766746463882,-30.176836269063216,62,0.6614049539170507,-1.7751820613977958
0319001,2026,770.159435985237,1181.6766746463882,-34.82485924369253,63,0.6444295314900154,-2.2719694815786977
0319002,2021,902.0912036145046,1174.5014230512247,-23.19369002798043,40,0.7104044418842805,-0.3412071884863968
0319002,2022,880.867383943491,1174.5014230512247,-25.00073932178856,41,0.7010844214029698,-0.6139585118095573
0319002,2023,693.1922883661432,1174.5014230512247,-40.97986815841344,79,0.6382061571940604,-2.4540971473022757
0319002,2024,1372.7106995145375,1174.5014230512247,16.87603544560951,66,0.6712378877765418,-1.4874202772146634
0319002,2025,823.1965114444162,1174.5014230512247,-29.910982201635587,62,0.6614049539170507,-1.7751820613977958
0319002,2026,770.5443260102483,1174.5014230512247,-34.3939214642704,63,0.6444295314900154,-2.2719694815786977
0319003,2021,899.7246548240122,1173.7913586760292,-23.348843201669915,40,0.7104044418842805,-0.3412071884863968
0319003,2022,869.2456143740751,1173.7913586760292,-25.945475066835098,41,0.7010844214029698,-0.6139585118095573
0319003,2023,681.1127393040457,1173.7913586760292,-41.9732702690619,79,0.6382061571940604,-2.4540971473022757
0319003,2024,1363.753068361585,1173.7913586760292,16.183600968047852,66,0.6712378877765418,-1.4874202772146634
0319003,2025,824.1249419733414,1173.7913586760292,-29.789486361280755,62,0.6614049539170507,-1.7751820613977958
0319003,2026,748.5848208255167,1173.7913586760292,-36.225052664395285,63,0.6444295314900154,-2.2719694815786977
0319004,2021,902.1791641273348,1180.1304170056546,-23.552587821909178,40,0.7104044418842805,-0.3412071884863968
0319004,2022,872.6184618697716,1180.1304170056546,-26.057455235848696,41,0.7010844214029698,-0.6139585118095573
0319004,2023,677.454943805441,1180.1304170056546,-42.59490866065908,79,0.6382061571940604,-2.4540971473022757
0319004,2024,1366.0794504422233,1180.1304170056546,15.756651193550054,66,0.6712378877765418,-1.4874202772146634
0319004,2025,833.7482049142467,1180.1304170056546,-29.3511807762979,62,0.6614049539170507,-1.7751820613977958
0319004,2026,763.9426671655366,1180.1304170056546,-35.266250563739504,63,0.6444295314900154,-2.2719694815786977
0319005,2021,892.8523335853862,1175.022149590913,-24.01399974492097,40,0.7104044418842805,-0.3412071884863968
0319005,2022,857.8619111470273,1175.022149590913,-26.991851902902923,41,0.7010844214029698,-0.6139585118095573
0319005,2023,670.3680157950189,1175.022149590913,-42.948478373074984,79,0.6382061571940604,-2.4540971473022757
0319005,2024,1341.0149198155273,1175.022149590913,14.126777974560321,66,0.6712378877765418,-1.4874202772146634
0319005,2025,820.4386442897576,1175.022149590913,-30.17675074675014,62,0.6614049539170507,-1.7751820613977958
0319005,2026,744.7590825942823,1175.022149590913,-36.61744309640698,63,0.6444295314900154,-2.2719694815786977
0319006,2021,907.8705700724175,1180.0298634593748,-23.063763199102034,40,0.7104044418842805,-0.3412071884863968
0319006,2022,861.1390512259337,1180.0298634593748,-27.02396118167561,41,0.7010844214029698,-0.6139585118095573
0319006,2023,685.7749187011553,1180.0298634593748,-41.88495224258664,79,0.6382061571940604,-2.4540971473022757
0319006,2024,1362.4868642759802,1180.0298634593748,15.462066382092615,66,0.6712378877765418,-1.4874202772146634
0319006,2025,839.1391489654329,1180.0298634593748,-28.88831249529456,62,0.6614049539170507,-1.7751820613977958
0319006,2026,774.7102927848714,1180.0298634593748,-34.348246872860386,63,0.6444295314900154,-2.2719694815786977
0401001,2021,1133.8192431714458,1373.165337277651,-17.430245842115212,43,0.7265435867895546,-0.4173980232843509
0401001,2022,1118.8422954063212,1373.165337277651,-18.52093371185251,36,0.7136395929339477,-0.6051299711878959
0401001,2023,979.3277942519803,1373.165337277651,-28.680999464089847,81,0.6513418458781361,-1.5114600218418048
0401001,2024,1721.8679852819926,1373.165337277651,25.394075901716036,80,0.6099238042269188,-2.1140246018113404
0401001,2025,1310.5662230465703,1373.165337277651,-4.5587455881449515,56,0.6463437660010241,-1.5841738871463882
0401001,2026,888.1576327690672,1373.165337277651,-35.320415636920224,65,0.6159742063492064,-2.0260011736598105
0401002,2021,1144.5218097237298,1369.9266141126343,-16.45378679900381,43,0.7265435867895546,-0.4173980232843509
0401002,2022,1131.3074520590585,1369.9266141126343,-17.418390123630132,36,0.7136395929339477,-0.6051299711878959
0401002,2023,984.2890699699387,1369.9266141126343,-28.150233754856355,81,0.6513418458781361,-1.5114600218418048
0401002,2024,1752.2429615980539,1369.9266141126343,27.90779765477173,80,0.6099238042269188,-2.1140246018113404
0401002,2025,1391.2998310272417,1369.9266141126343,1.5601723986106961,56,0.6463437660010241,-1.5841738871463882
0401002,2026,895.0867391069162,1369.9266141126343,-34.66170159146037,65,0.6159742063492064,-2.0260011736598105
0401003,2021,1150.4642586422003,1371.5525749122012,-16.119565543023654,43,0.7265435867895546,-0.4173980232843509
0401003,2022,1124.0921150021684,1371.5525749122012,-18.04236049251512,36,0.7136395929339477,-0.6051299711878959
0401003,2023,1031.034624822364,1371.5525749122012,-24.827189005979964,81,0.6513418458781361,-1.5114600218418048
0401003,2024,1815.4522476553934,1371.5525749122012,32.36475807510391,80,0.6099238042269188,-2.1140246018113404
0401003,2025,1450.4260073101,1371.5525749122012,5.75066780819159,56,0.6463437660010241,-1.5841738871463882
0401003,2026,908.9118270727644,1371.5525749122012,-33.73117125087621,65,0.6159742063492064,-2.0260011736598105
0401004,2021,1168.488759562011,1418.0193417443122,-17.597121198315428,25,0.6944089221710189,-0.5466489492964565
0401004,2022,1157.1620635105526,1418.0193417443122,-18.395889996315415,30,0.6827787378392217,-0.704249773257099
0401004,2023,1034.3098012024939,1418.0193417443122,-27.059542084229644,64,0.6099891193036354,-1.6906231212379528
0401004,2024,1851.3149424068001,1418.0193417443122,30.556395664497,68,0.5721928995179829,-2.202800332783137
0401004,2025,1378.3883308144784,1418.0193417443122,-2.794814553169881,50,0.6024204429083462,-1.793186382675506
0401004,2026,936.3724301149754,1418.0193417443122,-33.96617362333441,53,0.5828673835125449,-2.0581502202051114
0401005,2021,1181.540957129392,1407.2114534686839,-16.036715433421822,43,0.7265435867895546,-0.4173980232843509
0401005,2022,1147.334956359658,1407.2114534686839,-18.467480240332563,36,0.7136395929339477,-0.6051299711878959
0401005,2023,1089.1315876777574,1407.2114534686839,-22.6035586199132,81,0.6513418458781361,-1.5114600218418048
0401005,2024,1957.3775442987878,1407.2114534686839,39.096191938601734,80,0.6099238042269188,-2.1140246018113404
0401005,2025,1501.718658092954,1407.2114534686839,6.715920652245693,56,0.6463437660010241,-1.5841738871463882
0401005,2026,933.1647901671195,1407.2114534686839,-33.686953167775215,65,0.6159742063492064,-2.0260011736598105
0401006,2021,1168.8958538043335,1376.078561897042,-15.05602324093251,44,0.6916002944188427,-0.6739513447289119
0401006,2022,1103.5149367653178,1376.078561897042,-19.807272104869647,36,0.6750956221198157,-0.9367739472642291
0401006,2023,1083.0379187265366,1376.078561897042,-21.29534252510436,67,0.6422662570404506,-1.4595531344795616
0401006,2024,1942.6430956186894,1376.078561897042,41.172397376832166,66,0.6358524595229267,-1.5616873014081323
0401006,2025,1488.3306873098065,1376.078561897042,8.157392210079594,48,0.7049095622119815,-0.4620127896423977
0401006,2026,896.546535080264,1376.078561897042,-34.84772164139394,57,0.6120556195596518,-1.9406313542163196
0402001,2021,1131.7996089468309,1340.9758727254389,-15.598808899780725,43,0.7265435867895546,-0.4173980232843509
0402001,2022,1089.1052063262528,1340.9758727254389,-18.782639682194784,36,0.7136395929339477,-0.6051299711878959
0402001,2023,1051.4081698434802,1340.9758727254389,-21.593804092346026,81,0.6513418458781361,-1.5114600218418048
0402001,2024,1786.844322464351,1340.9758727254389,33.24955048092819,80,0.6099238042269188,-2.1140246018113404
0402001,2025,1430.7693967424168,1340.9758727254389,6.696132707777876,56,0.6463437660010241,-1.5841738871463882
0402001,2026,890.1044587724124,1340.9758727254389,-33.62263431605687,65,0.6159742063492064,-2.0260011736598105
0402002,2021,1131.0085572844598,1344.8289066323339,-15.89944626363768,44,0.6916002944188427,-0.6739513447289119
0402002,2022,1093.1633082219205,1344.8289066323339,-18.713577405219837,36,0.6750956221198157,-0.9367739472642291
0402002,2023,1086.3248285457396,1344.8289066323339,-19.222079240840365,67,0.6422662570404506,-1.4595531344795616
0402002,2024,1841.8896588486407,1344.8289066323339,36.96089143867574,66,0.6358524595229267,-1.5616873014081323
0402002,2025,1432.9834093218844,1344.8289066323339,6.555071968991467,48,0.7049095622119815,-0.4620127896423977
0402002,2026,876.0666104561259,1344.8289066323339,-34.856649337651696,57,0.6120556195596518,-1.9406313542163196
0402003,2021,1151.4059931331697,1354.1664418107996,-14.973081773204882,48,0.6610142729134665,-0.7654390204242343
0402003,2022,1132.6871879365503,1354.1664418107996,-16.355393771099944,45,0.6457266385048643,-1.007584803421679
0402003,2023,1116.6839894428497,1354.1664418107996,-17.537168625326952,74,0.6273591909882232,-1.2985127417611078
0402003,2024,1843.1519416082756,1354.1664418107996,36.10970444250572,76,0.6370382214806575,-1.1452034491260192
0402003,2025,1421.7309303536533,1354.1664418107996,4.989378443945641,54,0.6752030209933436,-0.5406988531932537
0402003,2026,882.1025797372922,1354.1664418107996,-34.86010637232014,68,0.5967424475166411,-1.7834612382130226
0402004,2021,1140.4281646550567,1316.9199086061483,-13.401858594262857,44,0.6916002944188427,-0.6739513447289119
0402004,2022,1079.996325661326,1316.9199086061483,-17.990735913134348,36,0.6750956221198157,-0.9367739472642291
0402004,2023,1100.6757492265422,1316.9199086061483,-16.420448803791178,67,0.6422662570404506,-1.4595531344795616
0402004,2024,1898.9999571048309,1316.9199086061483,44.20011002147933,66,0.6358524595229267,-1.5616873014081323
0402004,2025,1386.3058402793738,1316.9199086061483,5.268804216549876,48,0.7049095622119815,-0.4620127896423977
0402004,2026,855.1203596354876,1316.9199086061483,-35.06663890133134,57,0.6120556195596518,-1.9406313542163196
0402005,2021,1123.3626399758396,1305.2421729778962,-13.934543088437023,44,0.6916002944188427,-0.6739513447289119
0402005,2022,1040.884001164788,1305.2421729778962,-20.253572653876006,36,0.6750956221198157,-0.9367739472642291
0402005,2023,1081.167849932603,1305.2421729778962,-17.167260427547323,67,0.6422662570404506,-1.4595531344795616
0402005,2024,1880.7421550799745,1305.2421729778962,44.09143330000449,66,0.6358524595229267,-1.5616873014081323
0402005,2025,1379.029815982229,1305.2421729778962,5.653176439739684,48,0.7049095622119815,-0.4620127896423977
0402005,2026,843.8957876348126,1305.2421729778962,-35.345654231392686,57,0.6120556195596518,-1.9406313542163196
0402006,2021,1152.3160170611263,1361.5449555297967,-15.367023881136289,44,0.6916002944188427,-0.6739513447289119
0402006,2022,1083.1106090341875,1361.5449555297967,-20.44988271336706,36,0.6750956221198157,-0.9367739472642291
0402006,2023,1113.4242611927727,1361.5449555297967,-18.223466902749205,67,0.6422662570404506,-1.4595531344795616
0402006,2024,1965.5490313251735,1361.5449555297967,44.36166968576885,66,0.6358524595229267,-1.5616873014081323
0402006,2025,1464.8514062620388,1361.5449555297967,7.587443243256273,48,0.7049095622119815,-0.4620127896423977
0402006,2026,871.2157616851965,1361.5449555297967,-36.01270687781338,57,0.6120556195596518,-1.9406313542163196
0403001,2021,1277.1531055726384,1404.738198140716,-9.082481898544982,48,0.6610142729134665,-0.7654390204242343
0403001,2022,1221.8370428184137,1404.738198140716,-13.020301972594368,45,0.6457266385048643,-1.007584803421679
0403001,2023,1123.046468608734,1404.738198140716,-20.052970005715206,74,0.6273591909882232,-1.2985127417611078
0403001,2024,2025.318352326962,1404.738198140716,44.17763786929364,76,0.6370382214806575,-1.1452034491260192
0403001,2025,1463.4478199946411,1404.738198140716,4.179399544458329,54,0.6752030209933436,-0.5406988531932537
0403001,2026,988.4451334978294,1404.738198140716,-29.63492166681905,68,0.5967424475166411,-1.7834612382130226
0403002,2021,1196.5929247965619,1358.7274313704274,-11.932820581265142,48,0.6610142729134665,-0.7654390204242343
0403002,2022,1154.2697791199932,1358.7274313704274,-15.04773124689298,45,0.6457266385048643,-1.007584803421679
0403002,2023,1120.9204767482825,1358.7274313704274,-17.502182493091368,74,0.6273591909882232,-1.2985127417611078
0403002,2024,1925.8186670189432,1358.7274313704274,41.7369387380765,76,0.6370382214806575,-1.1452034491260192
0403002,2025,1435.7961953903343,1358.7274313704274,5.672128363683251,54,0.6752030209933436,-0.5406988531932537
0403002,2026,909.3916562524338,1358.7274313704274,-33.070339550353275,68,0.5967424475166411,-1.7834612382130226
0403003,2021,1248.4341009429106,1376.093032664355,-9.276911421771716,48,0.6610142729134665,-0.7654390204242343
0403003,2022,1194.5548831574426,1376.093032664355,-13.192287526914,45,0.6457266385048643,-1.007584803421679
0403003,2023,1111.8074218580878,1376.093032664355,-19.205504608548477,74,0.6273591909882232,-1.2985127417611078
0403003,2024,2072.4465923532034,1376.093032664355,50.60366873165451,76,0.6370382214806575,-1.1452034491260192
0403003,2025,1524.3239509009215,1376.093032664355,10.771867505902984,54,0.6752030209933436,-0.5406988531932537
0403003,2026,937.5465751555384,1376.093032664355,-31.86895414038355,68,0.5967424475166411,-1.7834612382130226
0403004,2021,1236.0593047250686,1361.9374878187002,-9.242581558955397,50,0.7018587429595494,-0.6937996223219165
0403004,2022,1162.7008999784382,1361.9374878187002,-14.628908420706031,50,0.6812960829493088,-1.0783537853063874
0403004,2023,1106.8597312577501,1361.9374878187002,-18.729035571925294,78,0.6805801331285202,-1.0917431757809235
0403004,2024,2084.9528796198174,1361.9374878187002,53.08726709322831,68,0.7328233840069213,-0.1147120133181966
0403004,2025,1541.9555489548632,1361.9374878187002,13.21779176696888,60,0.7372352790578597,-0.03220261970647501
0403004,2026,923.1010518204853,1361.9374878187002,-32.22148152343336,69,0.6412547363031234,-1.8271901000937887
0403005,2021,1255.5285029397603,1341.4549619754569,-6.405467307613467,50,0.7018587429595494,-0.6937996223219165
0403005,2022,1130.8195935225492,1341.4549619754569,-15.702008224168871,50,0.6812960829493088,-1.0783537853063874
0403005,2023,1091.6660548934385,1341.4549619754569,-18.620744949511653,78,0.6805801331285202,-1.0917431757809235
0403005,2024,2112.5278949824624,1341.4549619754569,57.48034446654147,68,0.7328233840069213,-0.1147120133181966
0403005,2025,1543.9990354676268,1341.4549619754569,15.098835162821937,60,0.7372352790578597,-0.03220261970647501
0403005,2026,907.378931873797,1341.4549619754569,-32.35859886510313,69,0.6412547363031234,-1.8271901000937887
0404001,2021,1165.017413648586,1326.3014576865962,-12.16043630980624,44,0.6916002944188427,-0.6739513447289119
0404001,2022,1081.8928964922432,1326.3014576865962,-18.42782873967907,36,0.6750956221198157,-0.9367739472642291
0404001,2023,1113.3090667197673,1326.3014576865962,-16.059123642851247,67,0.6422662570404506,-1.4595531344795616
0404001,2024,1968.2184652963322,1326.3014576865962,48.39902752798002,66,0.6358524595229267,-1.5616873014081323
0404001,2025,1425.0563665923041,1326.3014576865962,7.445887081958075,48,0.7049095622119815,-0.4620127896423977
0404001,2026,868.9406284341901,1326.3014576865962,-34.483927209893785,57,0.6120556195596518,-1.9406313542163196
0404002,2021,1181.792870391045,1336.714508714395,-11.58973268513021,48,0.6610142729134665,-0.7654390204242343
0404002,2022,1076.3601987985328,1336.714508714395,-19.47718141895997,45,0.6457266385048643,-1.007584803421679
0404002,2023,1110.4636590707146,1336.714508714395,-16.92589166712049,74,0.6273591909882232,-1.2985127417611078
0404002,2024,2008.4817163743658,1336.714508714395,50.25509959535436,76,0.6370382214806575,-1.1452034491260192
0404002,2025,1448.0024090407571,1336.714508714395,8.3254800932321,54,0.6752030209933436,-0.5406988531932537
0404002,2026,879.2399791980497,1336.714508714395,-34.2238022056279,68,0.5967424475166411,-1.7834612382130226
0404003,2021,1181.9001372051814,1322.141710817865,-10.607151447172138,44,0.6916002944188427,-0.6739513447289119
0404003,2022,1058.9631855605587,1322.141710817865,-19.905470276291823,36,0.6750956221198157,-0.9367739472642291
0404003,2023,1103.548965380703,1322.141710817865,-16.533231169444193,67,0.6422662570404506,-1.4595531344795616
0404003,2024,2022.9370529446019,1322.141710817865,53.004555895391206,66,0.6358524595229267,-1.5616873014081323
0404003,2025,1427.1556366660534,1322.141710817865,7.942713325580486,48,0.7049095622119815,-0.4620127896423977
0404003,2026,865.9594795116323,1322.141710817865,-34.50327809596465,57,0.6120556195596518,-1.9406313542163196
0404004,2021,1162.2397905239254,1315.5138038662406,-11.651266059835264,44,0.6916002944188427,-0.6739513447289119
0404004,2022,1032.1613515375516,1315.5138038662406,-21.539299055314192,36,0.6750956221198157,-0.9367739472642291
0404004,2023,1081.0766400479745,1315.5138038662406,-17.820958102398084,67,0.6422662570404506,-1.4595531344795616
0404004,2024,1975.3755437188297,1315.5138038662406,50.16000120358166,66,0.6358524595229267,-1.5616873014081323
0404004,2025,1412.7026039037858,1315.5138038662406,7.387896634144876,48,0.7049095622119815,-0.4620127896423977
0404004,2026,855.5819773135751,1315.5138038662406,-34.96214370392351,57,0.6120556195596518,-1.9406313542163196
0404005,2021,1141.3901120065495,1322.5794299941197,-13.69969272759487,44,0.6916002944188427,-0.6739513447289119
0404005,2022,1041.1672743998708,1322.5794299941197,-21.277523996838514,36,0.6750956221198157,-0.9367739472642291
0404005,2023,1079.3246200638712,1322.5794299941197,-18.39245374709404,67,0.6422662570404506,-1.4595531344795616
0404005,2024,1955.0773943974461,1322.5794299941197,47.82306075984704,66,0.6358524595229267,-1.5616873014081323
0404005,2025,1429.5551075708013,1322.5794299941197,8.088412321455602,48,0.7049095622119815,-0.4620127896423977
0404005,2026,855.3455495634369,1322.5794299941197,-35.327472198230105,57,0.6120556195596518,-1.9406313542163196
0404006,2021,1142.314779191164,1332.8453447650281,-14.295024274361959,44,0.6916002944188427,-0.6739513447289119
0404006,2022,1055.7385532027104,1332.8453447650281,-20.790618555311074,36,0.6750956221198157,-0.9367739472642291
0404006,2023,1099.1021966328394,1332.8453447650281,-17.53715455812288,67,0.6422662570404506,-1.4595531344795616
0404006,2024,1951.6275823957887,1332.8453447650281,46.42565921553696,66,0.6358524595229267,-1.5616873014081323
0404006,2025,1436.8531494650285,1332.8453447650281,7.803441345127428,48,0.7049095622119815,-0.4620127896423977
0404006,2026,857.1489780934405,1332.8453447650281,-35.6902898404503,57,0.6120556195596518,-1.9406313542163196
0404007,2021,1136.6005662806137,1320.8363185472965,-13.948416596335864,44,0.6916002944188427,-0.6739513447289119
0404007,2022,1040.9582501041275,1320.8363185472965,-21.189458868831608,36,0.6750956221198157,-0.9367739472642291
0404007,2023,1085.831089689714,1320.8363185472965,-17.7921537708813,67,0.6422662570404506,-1.4595531344795616
0404007,2024,1921.827380110874,1320.8363185472965,45.50079772371562,66,0.6358524595229267,-1.5616873014081323
0404007,2025,1426.0252130473668,1320.8363185472965,7.963809975770568,48,0.7049095622119815,-0.4620127896423977
0404007,2026,845.833241258307,1320.8363185472965,-35.96229681293251,57,0.6120556195596518,-1.9406313542163196
0405001,2021,1232.8777583939793,1316.1936075518365,-6.330060310262972,50,0.6802252944188428,-0.44627766110472733
0405001,2022,1060.0613360178845,1316.1936075518365,-19.460075635101013,43,0.6524619815668202,-0.9078849649465829
0405001,2023,1063.011489028232,1316.1936075518365,-19.235932849919514,74,0.6225560675883256,-1.4051162713875094
0405001,2024,2065.3689970538267,1316.1936075518365,56.919847141294134,68,0.6469238969225065,-0.9999640455208377
0405001,2025,1480.6285937942764,1316.1936075518365,12.493221764562007,53,0.7038475422427035,-0.05352186186796294
0405001,2026,880.7241083179382,1316.1936075518365,-33.08551999761539,66,0.5817073092677931,-2.0842890089541957
0405002,2021,1280.2023011869076,1325.5621527124829,-3.421933210204891,50,0.6802252944188428,-0.44627766110472733
0405002,2022,1098.3831632242168,1325.5621527124829,-17.138312905463714,43,0.6524619815668202,-0.9078849649465829
0405002,2023,1056.8653647413798,1325.5621527124829,-20.270402819005646,74,0.6225560675883256,-1.4051162713875094
0405002,2024,2106.1649594238347,1325.5621527124829,58.88843500201127,68,0.6469238969225065,-0.9999640455208377
0405002,2025,1540.4798299832476,1325.5621527124829,16.213323293138767,53,0.7038475422427035,-0.05352186186796294
0405002,2026,907.3860963138748,1325.5621527124829,-31.547072730079023,66,0.5817073092677931,-2.0842890089541957
0405003,2021,1265.139327781,1309.7190212713683,-3.4037601016967725,50,0.6802252944188428,-0.44627766110472733
0405003,2022,1044.1162484004187,1309.7190212713683,-20.27937050292849,43,0.6524619815668202,-0.9078849649465829
0405003,2023,1021.6778565124871,1309.7190212713683,-21.99259231031663,74,0.6225560675883256,-1.4051162713875094
0405003,2024,2056.7504741775524,1309.7190212713683,57.037535591490986,68,0.6469238969225065,-0.9999640455208377
0405003,2025,1476.7556727797978,1309.7190212713683,12.753624922258817,53,0.7038475422427035,-0.05352186186796294
0405003,2026,907.952702586468,1309.7190212713683,-30.67576420283629,66,0.5817073092677931,-2.0842890089541957
0405004,2021,1275.1981526782995,1289.479458924028,-1.1075249122343647,50,0.6802252944188428,-0.44627766110472733
0405004,2022,1030.5444851594932,1289.479458924028,-20.080581506943602,43,0.6524619815668202,-0.9078849649465829
0405004,2023,1007.8647329558503,1289.479458924028,-21.839411556285174,74,0.6225560675883256,-1.4051162713875094
0405004,2024,2035.7601831283866,1289.479458924028,57.87457249044299,68,0.6469238969225065,-0.9999640455208377
0405004,2025,1455.9354144716435,1289.479458924028,12.908771395746799,53,0.7038475422427035,-0.05352186186796294
0405004,2026,882.8202716795089,1289.479458924028,-31.536693696838345,66,0.5817073092677931,-2.0842890089541957
0405005,2021,1202.980753618405,1259.6336734115455,-4.497571078717176,50,0.6802252944188428,-0.44627766110472733
0405005,2022,1002.0166813429826,1259.6336734115455,-20.451739065600123,43,0.6524619815668202,-0.9078849649465829
0405005,2023,972.9441184613083,1259.6336734115455,-22.75975634834989,74,0.6225560675883256,-1.4051162713875094
0405005,2024,1957.0352404621674,1259.6336734115455,55.365427407303685,68,0.6469238969225065,-0.9999640455208377
0405005,2025,1391.6701399225994,1259.6336734115455,10.482132170494557,53,0.7038475422427035,-0.05352186186796294
0405005,2026,849.0155297302161,1259.6336734115455,-32.598219017853516,66,0.5817073092677931,-2.0842890089541957
0405006,2021,1204.9778114507128,1246.9588868550838,-3.3666767883783404,63,0.6743461341525857,-0.3242441180375946
0405006,2022,1000.7918883904814,1246.9588868550838,-19.741388514055387,53,0.6305985663082437,-1.196380591617923
0405006,2023,979.0574882677802,1246.9588868550838,-21.48438103384222,82,0.6298663594470046,-1.2109776158951246
0405006,2024,1939.8625124621346,1246.9588868550838,55.56747964278128,71,0.6928773328389568,0.045187488561727565
0405006,2025,1405.600532957436,1246.9588868550838,12.722283611327171,65,0.6998104198668714,0.18340312818460555
0405006,2026,843.8355244248571,1246.9588868550838,-32.32852074593506,75,0.6024678059395802,-1.757185759904154
0406001,2021,1178.1880827856419,1303.408094275615,-9.607122438468949,50,0.6802252944188428,-0.44627766110472733
0406001,2022,1028.021048756617,1303.408094275615,-21.128228889206632,43,0.6524619815668202,-0.9078849649465829
0406001,2023,1050.5559952877547,1303.408094275615,-19.399304032125553,74,0.6225560675883256,-1.4051162713875094
0406001,2024,1986.1269841367866,1303.408094275615,52.379518959532085,68,0.6469238969225065,-0.9999640455208377
0406001,2025,1433.9674785685309,1303.408094275615,10.016769488106933,53,0.7038475422427035,-0.05352186186796294
0406001,2026,853.7172749310305,1303.408094275615,-34.501152886771486,66,0.5817073092677931,-2.0842890089541957
0406002,2021,1210.346065731149,1297.131890716217,-6.690593732696579,50,0.6802252944188428,-0.44627766110472733
0406002,2022,1019.5536798845062,1297.131890716217,-21.399382192233723,43,0.6524619815668202,-0.9078849649465829
0406002,2023,1020.8423776842394,1297.131890716217,-21.300032402982794,74,0.6225560675883256,-1.4051162713875094
0406002,2024,1983.9446964519445,1297.131890716217,52.94857143297132,68,0.6469238969225065,-0.9999640455208377
0406002,2025,1419.545736788108,1297.131890716217,9.437270561924093,53,0.7038475422427035,-0.05352186186796294
0406002,2026,864.3893863904261,1297.131890716217,-33.36148832844208,66,0.5817073092677931,-2.0842890089541957
0406003,2021,1214.4397811892713,1288.5458967095349,-5.751142874266479,50,0.6802252944188428,-0.44627766110472733
0406003,2022,1021.7520396158939,1288.5458967095349,-20.705033307306547,43,0.6524619815668202,-0.9078849649465829
0406003,2023,998.776967179294,1288.5458967095349,-22.488056519383786,74,0.6225560675883256,-1.4051162713875094
0406003,2024,1972.478158416605,1288.5458967095349,53.077834747957205,68,0.6469238969225065,-0.9999640455208377
0406003,2025,1410.7147909714308,1288.5458967095349,9.481144177624538,53,0.7038475422427035,-0.05352186186796294
0406003,2026,864.4529836127722,1288.5458967095349,-32.91251900143702,66,0.5817073092677931,-2.0842890089541957
0406004,2021,1250.2514762791075,1286.3785468805368,-2.8084322992665967,50,0.6802252944188428,-0.44627766110472733
0406004,2022,1024.5986732319914,1286.3785468805368,-20.350142987331424,43,0.6524619815668202,-0.9078849649465829
0406004,2023,1000.440982171774,1286.3785468805368,-22.228104270096882,74,0.6225560675883256,-1.4051162713875094
0406004,2024,2004.1062620330827,1286.3785468805368,55.79444067168509,68,0.6469238969225065,-0.9999640455208377
0406004,2025,1427.5016737632618,1286.3785468805368,10.970575280888204,53,0.7038475422427035,-0.05352186186796294
0406004,2026,871.2014160298714,1286.3785468805368,-32.27487988333359,66,0.5817073092677931,-2.0842890089541957
0406005,2021,1173.7219050072347,1266.9423347675493,-7.357906291561257,50,0.6802252944188428,-0.44627766110472733
0406005,2022,1007.1827905859395,1266.9423347675493,-20.502870340130265,43,0.6524619815668202,-0.9078849649465829
0406005,2023,974.3693620152131,1266.9423347675493,-23.09284051243071,74,0.6225560675883256,-1.4051162713875094
0406005,2024,1943.6354836314804,1266.9423347675493,53.41151923762076,68,0.6469238969225065,-0.9999640455208377
0406005,2025,1377.5592403656317,1266.9423347675493,8.731013445720697,53,0.7038475422427035,-0.05352186186796294
0406005,2026,849.7767631437268,1266.9423347675493,-32.92695809240295,66,0.5817073092677931,-2.0842890089541957
0501001,2021,769.4963842247433,1073.0724956852066,-28.2903636689165,59,0.6576314644137224,-1.212808267082905
0501001,2022,865.910642780741,1073.0724956852066,-19.30548529921859,56,0.6678056195596518,-0.8364490852103713
0501001,2023,606.3224741557776,1073.0724956852066,-43.496597238883425,92,0.6322709293394777,-2.1509372906226383
0501001,2024,1329.824422390369,1073.0724956852066,23.926801566301844,75,0.6683711840316401,-0.8155279002155807
0501001,2025,1076.8075236362201,1073.0724956852066,0.34806855697373423,74,0.6695052483358935,-0.7735769462918598
0501001,2026,990.0480323739698,1073.0724956852066,-7.737078682481916,71,0.6631102150537634,-1.0101400279029233
0501002,2021,771.0000194787698,1093.891009944758,-29.517656469477192,59,0.6576314644137224,-1.212808267082905
0501002,2022,908.1085439317421,1093.891009944758,-16.98363587633817,56,0.6678056195596518,-0.8364490852103713
0501002,2023,632.5778428893553,1093.891009944758,-42.171766918415315,92,0.6322709293394777,-2.1509372906226383
0501002,2024,1303.4847941564399,1093.891009944758,19.160390048572246,75,0.6683711840316401,-0.8155279002155807
0501002,2025,1101.4761972307458,1093.891009944758,0.693413440372898,74,0.6695052483358935,-0.7735769462918598
0501002,2026,965.4889220618157,1093.891009944758,-11.738106147286707,71,0.6631102150537634,-1.0101400279029233
0501003,2021,799.5835566509868,1113.0618147617633,-28.163598279388694,59,0.6576314644137224,-1.212808267082905
0501003,2022,916.239774169226,1113.0618147617633,-17.682938897213408,56,0.6678056195596518,-0.8364490852103713
0501003,2023,641.7642899267299,1113.0618147617633,-42.342439439080806,92,0.6322709293394777,-2.1509372906226383
0501003,2024,1281.6880066148578,1113.0618147617633,15.149759844127505,75,0.6683711840316401,-0.8155279002155807
0501003,2025,1124.033145604777,1113.0618147617633,0.9856892669848663,74,0.6695052483358935,-0.7735769462918598
0501003,2026,973.408155462565,1113.0618147617633,-12.54680175414062,71,0.6631102150537634,-1.0101400279029233
0501004,2021,763.3991401116232,1073.3652763801051,-28.877973145715522,59,0.6576314644137224,-1.212808267082905
0501004,2022,858.7199174231548,1073.3652763801051,-19.997419674394152,56,0.6678056195596518,-0.8364490852103713
0501004,2023,600.5042347079466,1073.3652763801051,-44.05406547777187,92,0.6322709293394777,-2.1509372906226383
0501004,2024,1230.7344941148995,1073.3652763801051,14.661292031499073,75,0.6683711840316401,-0.8155279002155807
0501004,2025,1075.3445783603402,1073.3652763801051,0.18440152889146846,74,0.6695052483358935,-0.7735769462918598
0501004,2026,984.1805007156252,1073.3652763801051,-8.308893312186619,71,0.6631102150537634,-1.0101400279029233
0501005,2021,777.924941839144,1079.7530883700451,-27.953441373020713,59,0.6576314644137224,-1.212808267082905
0501005,2022,863.3044573678524,1079.7530883700451,-20.04612288990398,56,0.6678056195596518,-0.8364490852103713
0501005,2023,603.6253656669121,1079.7530883700451,-44.095981556475806,92,0.6322709293394777,-2.1509372906226383
0501005,2024,1213.6244557494592,1079.7530883700451,12.398331509428818,75,0.6683711840316401,-0.8155279002155807
0501005,2025,1083.5202809917353,1079.7530883700451,0.34889389641635027,74,0.6695052483358935,-0.7735769462918598
0501005,2026,974.8522269658764,1079.7530883700451,-9.715263844489034,71,0.6631102150537634,-1.0101400279029233
0501006,2021,787.7503258355543,1100.434785051084,-28.414628787022057,59,0.6576314644137224,-1.212808267082905
0501006,2022,885.3518700994731,1100.434785051084,-19.545266823024534,56,0.6678056195596518,-0.8364490852103713
0501006,2023,619.1769123678546,1100.434785051084,-43.73342966079436,92,0.6322709293394777,-2.1509372906226383
0501006,2024,1237.5230308242433,1100.434785051084,12.457643800018142,75,0.6683711840316401,-0.8155279002155807
0501006,2025,1107.0471053198376,1100.434785051084,0.6008825201255917,74,0.6695052483358935,-0.7735769462918598
0501006,2026,977.8641714826582,1100.434785051084,-11.138380505005195,71,0.6631102150537634,-1.0101400279029233
0502001,2021,769.0568723914453,1061.7400612194194,-27.566369539812268,59,0.6576314644137224,-1.212808267082905
0502001,2022,868.9493118392469,1061.7400612194194,-18.157998969988036,56,0.6678056195596518,-0.8364490852103713
0502001,2023,583.2680116241282,1061.7400612194194,-45.06489554945879,92,0.6322709293394777,-2.1509372906226383
0502001,2024,1184.3674582472836,1061.7400612194194,11.549662813610455,75,0.6683711840316401,-0.8155279002155807
0502001,2025,1056.7577892542563,1061.7400612194194,-0.4692553429170738,74,0.6695052483358935,-0.7735769462918598
0502001,2026,968.9845957634469,1061.7400612194194,-8.736174591494825,71,0.6631102150537634,-1.0101400279029233
0502002,2021,787.0300830998684,1073.5514904153179,-26.68911643954821,59,0.6576314644137224,-1.212808267082905
0502002,2022,878.5604825598199,1073.5514904153179,-18.163172385896747,56,0.6678056195596518,-0.8364490852103713
0502002,2023,602.1090115049865,1073.5514904153179,-43.91428665689315,92,0.6322709293394777,-2.1509372906226383
0502002,2024,1201.4107645727443,1073.5514904153179,11.909934017972656,75,0.6683711840316401,-0.8155279002155807
0502002,2025,1082.1102283029359,1073.5514904153179,0.7972359000970642,74,0.6695052483358935,-0.7735769462918598
0502002,2026,1000.9437129649905,1073.5514904153179,-6.7633251035065,71,0.6631102150537634,-1.0101400279029233
0502003,2021,785.3314728660398,1082.7758970892382,-27.47054353747627,59,0.6576314644137224,-1.212808267082905
0502003,2022,878.0476313592085,1082.7758970892382,-18.907722852012917,56,0.6678056195596518,-0.8364490852103713
0502003,2023,601.7506788822357,1082.7758970892382,-44.42518710474753,92,0.6322709293394777,-2.1509372906226383
0502003,2024,1194.048163679918,1082.7758970892382,10.276574025133574,75,0.6683711840316401,-0.8155279002155807
0502003,2025,1073.6104641045713,1082.7758970892382,-0.8464755273280312,74,0.6695052483358935,-0.7735769462918598
0502003,2026,975.2303525054925,1082.7758970892382,-9.932391815596743,71,0.6631102150537634,-1.0101400279029233
0502004,2021,814.5418809773015,1114.6642299333416,-26.924910739621367,59,0.6576314644137224,-1.212808267082905
0502004,2022,914.6619835444312,1114.6642299333416,-17.942824486336196,56,0.6678056195596518,-0.8364490852103713
0502004,2023,624.8778734573224,1114.6642299333416,-43.94025961569693,92,0.6322709293394777,-2.1509372906226383
0502004,2024,1255.5321840194194,1114.6642299333416,12.637702933600183,75,0.6683711840316401,-0.8155279002155807
0502004,2025,1109.1840083558543,1114.6642299333416,-0.49164774739520006,74,0.6695052483358935,-0.7735769462918598
0502004,2026,1005.4931123500021,1114.6642299333416,-9.794081002300407,71,0.6631102150537634,-1.0101400279029233
0502005,2021,789.9481455369003,1085.666095947688,-27.238388627458505,64,0.6838362775217613,-0.8920474606235507
0502005,2022,876.4399431106447,1085.666095947688,-19.271685246319493,58,0.6867827700972863,-0.7994845309277961
0502005,2023,595.0564780956627,1085.666095947688,-45.18973372045552,101,0.6312592165898617,-2.5437355846914724
0502005,2024,1184.3225154630054,1085.666095947688,9.087178818935046,83,0.681984025460388,-0.9502352459110016
0502005,2025,1090.2757546638811,1085.666095947688,0.42459267480110807,81,0.692098374295955,-0.632496871831396
0502005,2026,978.6741540069513,1085.666095947688,-9.854958383621854,76,0.6859018177163339,-0.8271593107595016
0502006,2021,830.0207315086881,1127.7832849281492,-26.40246201542449,48,0.686121799795187,-0.8674149743836826
0502006,2022,926.5985374835176,1127.7832849281492,-17.838954534376615,42,0.7012128136200717,-0.4750258777253989
0502006,2023,620.4712209943971,1127.7832849281492,-44.98311605727273,88,0.6292249103942652,-2.3468198237702316
0502006,2024,1271.2320324097116,1127.7832849281492,12.719531260893039,71,0.6541981522679521,-1.6974779085646339
0502006,2025,1101.5857642219526,1127.7832849281492,-2.322921527238781,64,0.6555187532002048,-1.6631402946133265
0502006,2026,1025.4811263457893,1127.7832849281492,-9.071083066183014,70,0.644318612391193,-1.9543608305886335
0503001,2021,813.0042340302073,1127.9549037664865,-27.922274967251838,59,0.6576314644137224,-1.212808267082905
0503001,2022,936.6039142484985,1127.9549037664865,-16.964418424799202,56,0.6678056195596518,-0.8364490852103713
0503001,2023,639.1080424331745,1127.9549037664865,-43.33922036252922,92,0.6322709293394777,-2.1509372906226383
0503001,2024,1290.6823931221447,1127.9549037664865,14.426772631802548,75,0.6683711840316401,-0.8155279002155807
0503001,2025,1114.2236235434561,1127.9549037664865,-1.2173607452903148,74,0.6695052483358935,-0.7735769462918598
0503001,2026,983.5375036773956,1127.9549037664865,-12.803472869956925,71,0.6631102150537634,-1.0101400279029233
0503002,2021,847.0769432679353,1154.5145216598473,-26.62916512733928,48,0.686121799795187,-0.8674149743836826
0503002,2022,965.6301520868163,1154.5145216598473,-16.360501841195696,42,0.7012128136200717,-0.4750258777253989
0503002,2023,637.3138154242773,1154.5145216598473,-44.79811180650979,88,0.6292249103942652,-2.3468198237702316
0503002,2024,1319.1191362685004,1154.5145216598473,14.25747459390989,71,0.6541981522679521,-1.6974779085646339
0503002,2025,1142.2014260845133,1154.5145216598473,-1.066517167547749,64,0.6555187532002048,-1.6631402946133265
0503002,2026,1000.6980316777765,1154.5145216598473,-13.323045063212252,70,0.644318612391193,-1.9543608305886335
0503003,2021,867.9695316515257,1172.1976685122643,-25.953654834244837,48,0.686121799795187,-0.8674149743836826
0503003,2022,976.3789060598596,1172.1976685122643,-16.705268037338357,42,0.7012128136200717,-0.4750258777253989
0503003,2023,636.9241492884913,1172.1976685122643,-45.66410031365564,88,0.6292249103942652,-2.3468198237702316
0503003,2024,1347.325428977494,1172.1976685122643,14.940121889808852,71,0.6541981522679521,-1.6974779085646339
0503003,2025,1131.441496450461,1172.1976685122643,-3.476902672356476,64,0.6555187532002048,-1.6631402946133265
0503003,2026,1013.8418947773108,1172.1976685122643,-13.50930632168346,70,0.644318612391193,-1.9543608305886335
0503004,2021,853.6308598751061,1157.8105135507033,-26.271971977759762,48,0.686121799795187,-0.8674149743836826
0503004,2022,946.0263396594246,1157.8105135507033,-18.29178189458582,42,0.7012128136200717,-0.4750258777253989
0503004,2023,630.9756931138386,1157.8105135507033,-45.50268064341543,88,0.6292249103942652,-2.3468198237702316
0503004,2024,1345.5200194514277,1157.8105135507033,16.21245477596056,71,0.6541981522679521,-1.6974779085646339
0503004,2025,1096.511316121267,1157.8105135507033,-5.294406702306364,64,0.6555187532002048,-1.6631402946133265
0503004,2026,1019.1544901910379,1157.8105135507033,-11.975709473775936,70,0.644318612391193,-1.9543608305886335
0503005,2021,888.6372617667755,1209.3608553020897,-26.52009051964889,48,0.686121799795187,-0.8674149743836826
0503005,2022,1034.1711621603417,1209.3608553020897,-14.486138886807844,42,0.7012128136200717,-0.4750258777253989
0503005,2023,652.5249292958499,1209.3608553020897,-46.043819226077574,88,0.6292249103942652,-2.3468198237702316
0503005,2024,1474.9340249841534,1209.3608553020897,21.95979541736742,71,0.6541981522679521,-1.6974779085646339
0503005,2025,1053.5516892467617,1209.3608553020897,-12.883595940138807,64,0.6555187532002048,-1.6631402946133265
0503005,2026,882.4704483381151,1209.3608553020897,-27.030013873098255,70,0.644318612391193,-1.9543608305886335
0503006,2021,897.4912667182399,1197.4491976357392,-25.04974169340466,48,0.686121799795187,-0.8674149743836826
0503006,2022,1017.1985521051772,1197.4491976357392,-15.052884572176543,42,0.7012128136200717,-0.4750258777253989
0503006,2023,650.1977306766273,1197.4491976357392,-45.70143502034266,88,0.6292249103942652,-2.3468198237702316
0503006,2024,1460.0202032516195,1197.4491976357392,21.927527792770185,71,0.6541981522679521,-1.6974779085646339
0503006,2025,1030.6513096922251,1197.4491976357392,-13.929433354904926,64,0.6555187532002048,-1.6631402946133265
0503006,2026,869.6323582665042,1197.4491976357392,-27.376262810688026,70,0.644318612391193,-1.9543608305886335
0503007,2021,883.0606519572905,1191.41747416293,-25.881509117724313,48,0.686121799795187,-0.8674149743836826
0503007,2022,1005.3276421145717,1191.41747416293,-15.619196132665571,42,0.7012128136200717,-0.4750258777253989
0503007,2023,647.4030493478734,1191.41747416293,-45.66110843701298,88,0.6292249103942652,-2.3468198237702316
0503007,2024,1418.116879958575,1191.41747416293,19.027705293219775,71,0.6541981522679521,-1.6974779085646339
0503007,2025,1085.3060424062687,1191.41747416293,-8.906318235026168,64,0.6555187532002048,-1.6631402946133265
0503007,2026,939.9774623479132,1191.41747416293,-21.10427430080076,70,0.644318612391193,-1.9543608305886335
0504001,2021,810.4209147125853,1112.6569723171058,-27.163453348529742,51,0.7386637864823349,-0.5660116576125139
0504001,2022,909.7399968954028,1112.6569723171058,-18.23715488872809,48,0.7389801587301588,-0.5585772301391803
0504001,2023,607.2167539708797,1112.6569723171058,-45.42641900617832,87,0.6425782770097286,-2.823923836464794
0504001,2024,1223.8639163847693,1112.6569723171058,9.994719561777899,70,0.7116859164503769,-1.199964286255422
0504001,2025,1109.0051179395832,1112.6569723171058,-0.32821026321504904,64,0.707090821812596,-1.3079443573667942
0504001,2026,997.109587903111,1112.6569723171058,-10.384816460851146,65,0.6803972094214029,-1.9352172192838166
0504002,2021,824.7833753161689,1130.4322547463423,-27.038230565949128,48,0.686121799795187,-0.8674149743836826
0504002,2022,919.7187665570309,1130.4322547463423,-18.640081022510582,42,0.7012128136200717,-0.4750258777253989
0504002,2023,623.1022232200709,1130.4322547463423,-44.879295455003735,88,0.6292249103942652,-2.3468198237702316
0504002,2024,1261.6946718704685,1130.4322547463423,11.611701326903496,71,0.6541981522679521,-1.6974779085646339
0504002,2025,1095.8052735025842,1130.4322547463423,-3.0631628829034128,64,0.6555187532002048,-1.6631402946133265
0504002,2026,1010.104728344424,1130.4322547463423,-10.644381907602119,70,0.644318612391193,-1.9543608305886335
0504003,2021,818.9643372078893,1132.5469985014538,-27.68826915867385,51,0.7386637864823349,-0.5660116576125139
0504003,2022,913.3933834789909,1132.5469985014538,-19.3505095428657,48,0.7389801587301588,-0.5585772301391803
0504003,2023,615.6913771116465,1132.5469985014538,-45.63657155717974,87,0.6425782770097286,-2.823923836464794
0504003,2024,1250.1720826733685,1132.5469985014538,10.385889886031405,70,0.7116859164503769,-1.199964286255422
0504003,2025,1113.4200366675582,1132.5469985014538,-1.6888448655290897,64,0.707090821812596,-1.3079443573667942
0504003,2026,992.4647993231628,1132.5469985014538,-12.36877580918433,65,0.6803972094214029,-1.9352172192838166
0504004,2021,822.4075337994375,1118.8092303086,-26.49260378620637,51,0.7386637864823349,-0.5660116576125139
0504004,2022,902.3131345081096,1118.8092303086,-19.350581845018795,48,0.7389801587301588,-0.5585772301391803
0504004,2023,603.6300289831801,1118.8092303086,-46.04709966356987,87,0.6425782770097286,-2.823923836464794
0504004,2024,1258.8279130939673,1118.8092303086,12.51497386616537,70,0.7116859164503769,-1.199964286255422
0504004,2025,1106.4433828334916,1118.8092303086,-1.1052686320524552,64,0.707090821812596,-1.3079443573667942
0504004,2026,968.8969094825143,1118.8092303086,-13.399274582739686,65,0.6803972094214029,-1.9352172192838166
0504005,2021,828.6183388884914,1128.530822469741,-26.575480049796433,51,0.7386637864823349,-0.5660116576125139
0504005,2022,906.2893718172257,1128.530822469741,-19.69298899308301,48,0.7389801587301588,-0.5585772301391803
0504005,2023,610.149594105829,1128.530822469741,-45.93416662111692,87,0.6425782770097286,-2.823923836464794
0504005,2024,1294.2773907410256,1128.530822469741,14.68693322071216,70,0.7116859164503769,-1.199964286255422
0504005,2025,1084.366768370951,1128.530822469741,-3.913411421244034,64,0.707090821812596,-1.3079443573667942
0504005,2026,974.5825197842256,1128.530822469741,-13.64147966721956,65,0.6803972094214029,-1.9352172192838166
0504006,2021,812.8385327107891,1090.3707716183483,-25.45301526155555,51,0.7386637864823349,-0.5660116576125139
0504006,2022,851.5780482374114,1090.3707716183483,-21.90013980533579,48,0.7389801587301588,-0.5585772301391803
0504006,2023,587.1134646695014,1090.3707716183483,-46.15469526956442,87,0.6425782770097286,-2.823923836464794
0504006,2024,1257.3393188646785,1090.3707716183483,15.313006510483808,70,0.7116859164503769,-1.199964286255422
0504006,2025,1014.5242949736338,1090.3707716183483,-6.956026208602579,64,0.707090821812596,-1.3079443573667942
0504006,2026,900.3556846360859,1090.3707716183483,-17.426648982917847,65,0.6803972094214029,-1.9352172192838166
0504007,2021,823.4647174685358,1124.1440875389958,-26.74740483924216,51,0.7386637864823349,-0.5660116576125139
0504007,2022,897.2376950212953,1124.1440875389958,-20.18481394270815,48,0.7389801587301588,-0.5585772301391803
0504007,2023,607.8830342415713,1124.1440875389958,-45.92481150949573,87,0.6425782770097286,-2.823923836464794
0504007,2024,1254.0875940551434,1124.1440875389958,11.559328377612447,70,0.7116859164503769,-1.199964286255422
0504007,2025,1107.5464378419902,1124.1440875389958,-1.476469954429207,64,0.707090821812596,-1.3079443573667942
0504007,2026,972.2456205349182,1124.1440875389958,-13.512366313878632,65,0.6803972094214029,-1.9352172192838166
0505001,2021,880.4690895249288,1214.7358589046503,-27.51765060110566,41,0.6717930747567844,-0.8776836410564353
0505001,2022,1028.2764236915668,1214.7358589046503,-15.349792619213313,38,0.6858263568868408,-0.5319759767823415
0505001,2023,659.1976705920606,1214.7358589046503,-45.7332500922076,86,0.6173969534050179,-2.217723403943594
0505001,2024,1450.6769738924986,1214.7358589046503,19.42324442456163,69,0.6358442714126807,-1.7632766707099246
0505001,2025,992.5228212185557,1214.7358589046503,-18.29311582902214,63,0.6297876984126984,-1.912479379379547
0505001,2026,788.2645359215053,1214.7358589046503,-35.10815292533655,68,0.6081647465437788,-2.4451573456626425
0505002,2021,874.2980233462132,1189.1190132462161,-26.475145581985313,41,0.6717930747567844,-0.8776836410564353
0505002,2022,986.6561272553524,1189.1190132462161,-17.026292888728893,38,0.6858263568868408,-0.5319759767823415
0505002,2023,643.5023926365719,1189.1190132462161,-45.884105336113244,86,0.6173969534050179,-2.217723403943594
0505002,2024,1372.9030578916754,1189.1190132462161,15.455479443032454,69,0.6358442714126807,-1.7632766707099246
0505002,2025,936.5302783332154,1189.1190132462161,-21.24166984963517,63,0.6297876984126984,-1.912479379379547
0505002,2026,758.8193239437509,1189.1190132462161,-36.1864274735441,68,0.6081647465437788,-2.4451573456626425
0505003,2021,878.3522964828543,1171.6004745920827,-25.029708033476936,48,0.686121799795187,-0.8674149743836826
0505003,2022,963.5086978693937,1171.6004745920827,-17.761325745036125,42,0.7012128136200717,-0.4750258777253989
0505003,2023,632.4894646978569,1171.6004745920827,-46.01491904327955,88,0.6292249103942652,-2.3468198237702316
0505003,2024,1396.134408329071,1171.6004745920827,19.16471857141953,71,0.6541981522679521,-1.6974779085646339
0505003,2025,956.9513093011655,1171.6004745920827,-18.321020684602562,64,0.6555187532002048,-1.6631402946133265
0505003,2026,823.7593786016496,1171.6004745920827,-29.68939527884207,70,0.644318612391193,-1.9543608305886335
0505004,2021,880.7618200030372,1166.2154596447947,-24.476921248214357,48,0.686121799795187,-0.8674149743836826
0505004,2022,962.3425083304954,1166.2154596447947,-17.481585381863724,42,0.7012128136200717,-0.4750258777253989
0505004,2023,630.6849398990264,1166.2154596447947,-45.920375631864786,88,0.6292249103942652,-2.3468198237702316
0505004,2024,1419.4407981343227,1166.2154596447947,21.713426656739333,71,0.6541981522679521,-1.6974779085646339
0505004,2025,1000.2806173518308,1166.2154596447947,-14.22848933450979,64,0.6555187532002048,-1.6631402946133265
0505004,2026,897.233991335409,1166.2154596447947,-23.064474586137962,70,0.644318612391193,-1.9543608305886335
0505005,2021,873.242867901313,1136.6494951606567,-23.17395365772921,51,0.7386637864823349,-0.5660116576125139
0505005,2022,926.1673370328181,1136.6494951606567,-18.517771663470327,48,0.7389801587301588,-0.5585772301391803
0505005,2023,621.5558652055875,1136.6494951606567,-45.31683972483221,87,0.6425782770097286,-2.823923836464794
0505005,2024,1356.773138677474,1136.6494951606567,19.36600899872872,70,0.7116859164503769,-1.199964286255422
0505005,2025,929.4946133827991,1136.6494951606567,-18.225044981749434,64,0.707090821812596,-1.3079443573667942
0505005,2026,821.2330957016385,1136.6494951606567,-27.74966256545396,65,0.6803972094214029,-1.9352172192838166
0505006,2021,859.0136235902819,1135.7816446127017,-24.36806602177454,51,0.7386637864823349,-0.5660116576125139
0505006,2022,919.5470808035204,1135.7816446127017,-19.038392179943763,48,0.7389801587301588,-0.5585772301391803
0505006,2023,627.2488547685128,1135.7816446127017,-44.77381653914623,87,0.6425782770097286,-2.823923836464794
0505006,2024,1374.6127130117648,1135.7816446127017,21.027903517537805,70,0.7116859164503769,-1.199964286255422
0505006,2025,1004.6053371393239,1135.7816446127017,-11.549430129953246,64,0.707090821812596,-1.3079443573667942
0505006,2026,913.9796009634526,1135.7816446127017,-19.52858145765183,65,0.6803972094214029,-1.9352172192838166
0506001,2021,872.0512258396489,1170.3267987248944,-25.486519937014652,48,0.686121799795187,-0.8674149743836826
0506001,2022,965.8014105564529,1170.3267987248944,-17.475921118039675,42,0.7012128136200717,-0.4750258777253989
0506001,2023,647.6785744562192,1170.3267987248944,-44.658314655198524,88,0.6292249103942652,-2.3468198237702316
0506001,2024,1408.0014403389207,1170.3267987248944,20.308399489183696,71,0.6541981522679521,-1.6974779085646339
0506001,2025,1051.4207360597095,1170.3267987248944,-10.16007347646286,64,0.6555187532002048,-1.6631402946133265
0506001,2026,968.6515514474995,1170.3267987248944,-17.23238735514952,70,0.644318612391193,-1.9543608305886335
0506002,2021,842.4644050114836,1129.7972928209329,-25.43225139901181,51,0.7386637864823349,-0.5660116576125139
0506002,2022,903.0520478483761,1129.7972928209329,-20.069551096764286,48,0.7389801587301588,-0.5585772301391803
0506002,2023,620.1158357426591,1129.7972928209329,-45.11264634080298,87,0.6425782770097286,-2.823923836464794
0506002,2024,1315.3205683762951,1129.7972928209329,16.4209346875083,70,0.7116859164503769,-1.199964286255422
0506002,2025,1082.2015903452493,1129.7972928209329,-4.212764783392627,64,0.707090821812596,-1.3079443573667942
0506002,2026,963.2854555040159,1129.7972928209329,-14.738204665118475,65,0.6803972094214029,-1.9352172192838166
0506003,2021,852.2440790317889,1110.5757137942355,-23.261055644722084,51,0.7386637864823349,-0.5660116576125139
0506003,2022,879.0673659857637,1110.5757137942355,-20.84579600768805,48,0.7389801587301588,-0.5585772301391803
0506003,2023,614.9606202611841,1110.5757137942355,-44.62686221003367,87,0.6425782770097286,-2.823923836464794
0506003,2024,1313.6816595920611,1110.5757137942355,18.288347500768104,70,0.7116859164503769,-1.199964286255422
0506003,2025,958.6937393815299,1110.5757137942355,-13.675967565849898,64,0.707090821812596,-1.3079443573667942
0506003,2026,855.3005787283939,1110.5757137942355,-22.9858380563451,65,0.6803972094214029,-1.9352172192838166
0506004,2021,842.7465022645325,1092.406746983185,-22.854147084693484,51,0.7386637864823349,-0.5660116576125139
0506004,2022,854.7451309297704,1092.406746983185,-21.755780684231972,48,0.7389801587301588,-0.5585772301391803
0506004,2023,591.2629834670793,1092.406746983185,-45.8751984917775,87,0.6425782770097286,-2.823923836464794
0506004,2024,1269.7703351776847,1092.406746983185,16.236039248595905,70,0.7116859164503769,-1.199964286255422
0506004,2025,900.5640312030336,1092.406746983185,-17.561472987048884,64,0.707090821812596,-1.3079443573667942
0506004,2026,788.400340669728,1092.406746983185,-27.829048763476415,65,0.6803972094214029,-1.9352172192838166
0506005,2021,868.4774459832731,1121.0463354173753,-22.52974577897965,44,0.6855396825396826,-0.6445751604201057
0506005,2022,889.6476274875407,1121.0463354173753,-20.641315226607727,41,0.6868872887864823,-0.6041454001643672
0506005,2023,606.8397826489515,1121.0463354173753,-45.868447763756365,79,0.628926267281106,-2.3430436942357833
0506005,2024,1306.9506536733466,1121.0463354173753,16.583107440136043,63,0.6591353355580274,-1.4367363875684407
0506005,2025,900.6427950061131,1121.0463354173753,-19.660520127315166,61,0.6522569764464926,-1.6430951889561796
0506005,2026,801.1528288426443,1121.0463354173753,-28.535261787875328,63,0.6399672299027138,-2.0118019291844336
0506006,2021,871.7804516498331,1124.4416849334564,-22.46992766891024,51,0.7386637864823349,-0.5660116576125139
0506006,2022,914.2731674748607,1124.4416849334564,-18.690921928159693,48,0.7389801587301588,-0.5585772301391803
0506006,2023,619.604631283868,1124.4416849334564,-44.896686098885084,87,0.6425782770097286,-2.823923836464794
0506006,2024,1353.5403433819015,1124.4416849334564,20.374436622029272,70,0.7116859164503769,-1.199964286255422
0506006,2025,949.0822990224423,1124.4416849334564,-15.595240576783823,64,0.707090821812596,-1.3079443573667942
0506006,2026,857.4519178090945,1124.4416849334564,-23.74420752110076,65,0.6803972094214029,-1.9352172192838166
0506007,2021,856.5163038237083,1137.4971429010773,-24.701674270649534,51,0.7386637864823349,-0.5660116576125139
0506007,2022,913.8358780566282,1137.4971429010773,-19.66257816472598,48,0.7389801587301588,-0.5585772301391803
0506007,2023,626.1499305877855,1137.4971429010773,-44.95371399431824,87,0.6425782770097286,-2.823923836464794
0506007,2024,1341.3967950972142,1137.4971429010773,17.925289172692814,70,0.7116859164503769,-1.199964286255422
0506007,2025,1057.1179615972226,1137.4971429010773,-7.066319401810127,64,0.707090821812596,-1.3079443573667942
0506007,2026,953.4879033831686,1137.4971429010773,-16.17667707266594,65,0.6803972094214029,-1.9352172192838166
0506008,2021,833.0790157656409,1105.0980622597706,-24.614923850096066,51,0.7386637864823349,-0.5660116576125139
0506008,2022,867.8764216252339,1105.0980622597706,-21.46611678509794,48,0.7389801587301588,-0.5585772301391803
0506008,2023,602.3053809277525,1105.0980622597706,-45.49756247910503,87,0.6425782770097286,-2.823923836464794
0506008,2024,1285.7842109991188,1105.0980622597706,16.35023668124713,70,0.7116859164503769,-1.199964286255422
0506008,2025,988.146762307681,1105.0980622597706,-10.582888880733405,64,0.707090821812596,-1.3079443573667942
0506008,2026,880.6265400449006,1105.0980622597706,-20.31236230347352,65,0.6803972094214029,-1.9352172192838166
0506009,2021,823.588316265872,1083.820239245123,-24.010616664669566,51,0.7386637864823349,-0.5660116576125139
0506009,2022,839.3205342831533,1083.820239245123,-22.55906432714921,48,0.7389801587301588,-0.5585772301391803
0506009,2023,587.5009889382558,1083.820239245123,-45.79350268016326,87,0.6425782770097286,-2.823923836464794
0506009,2024,1260.09490082963,1083.820239245123,16.26419725352994,70,0.7116859164503769,-1.199964286255422
0506009,2025,934.0610606991487,1083.820239245123,-13.817713779757526,64,0.707090821812596,-1.3079443573667942
0506009,2026,828.0644939477844,1083.820239245123,-23.59761665601222,65,0.6803972094214029,-1.9352172192838166
0601001,2021,827.332119914676,1266.649131767737,-34.683402122571195,63,0.6752386712749616,-0.9948295750942892
0601001,2022,1101.7107802138762,1266.649131767737,-13.021629069738717,55,0.6998287250384024,-0.3758606937195751
0601001,2023,780.6210375952878,1266.649131767737,-38.37117019881802,104,0.6344160906298003,-2.0223957333404146
0601001,2024,1604.6218492879425,1266.649131767737,26.682426020261076,83,0.6460900383141762,-1.7285447963340042
0601001,2025,1050.928731773585,1266.649131767737,-17.03079365736368,81,0.6463653993855607,-1.7216135412839482
0601001,2026,758.1958010200757,1266.649131767737,-40.1416081214269,81,0.6419500128008193,-1.832755506303055
0601002,2021,856.576115610726,1283.8485160381879,-33.28059308320708,63,0.6752386712749616,-0.9948295750942892
0601002,2022,1139.357133390426,1283.8485160381879,-11.254550738871124,55,0.6998287250384024,-0.3758606937195751
0601002,2023,821.4225923141757,1283.8485160381879,-36.0187294643613,104,0.6344160906298003,-2.0223957333404146
0601002,2024,1609.8745625531928,1283.8485160381879,25.394432632993546,83,0.6460900383141762,-1.7285447963340042
0601002,2025,1050.303276533622,1283.8485160381879,-18.191027725393976,81,0.6463653993855607,-1.7216135412839482
0601002,2026,770.4052489994305,1283.8485160381879,-39.99251162615241,81,0.6419500128008193,-1.832755506303055
0601003,2021,983.967350962672,1309.993973185585,-24.887642912592643,59,0.6967853302611368,-0.6318168637598295
0601003,2022,1113.495506511774,1309.993973185585,-14.999951961303667,51,0.7096177035330261,-0.3506979239054691
0601003,2023,827.0053522121837,1309.993973185585,-36.86953000240842,102,0.6327347670250896,-2.0349732443052653
0601003,2024,1610.3444626601477,1309.993973185585,22.927623761824165,85,0.6366384872080089,-1.9494544040986506
0601003,2025,1071.4787013170844,1309.993973185585,-18.207356426876512,76,0.6470037122375832,-1.722383307433395
0601003,2026,786.5812884518282,1309.993973185585,-39.95535059302183,76,0.6460341141833078,-1.7436243024798732
0601004,2021,870.3477027139259,1288.2229708288169,-32.43811650447736,59,0.6967853302611368,-0.6318168637598295
0601004,2022,1120.1978647662963,1288.2229708288169,-13.043169534107635,51,0.7096177035330261,-0.3506979239054691
0601004,2023,788.2801139204421,1288.2229708288169,-38.80872086815232,102,0.6327347670250896,-2.0349732443052653
0601004,2024,1652.728674513861,1288.2229708288169,28.29523397261955,85,0.6366384872080089,-1.9494544040986506
0601004,2025,1061.2207377208824,1288.2229708288169,-17.62134647869893,76,0.6470037122375832,-1.722383307433395
0601004,2026,753.9320529459134,1288.2229708288169,-41.4750342123733,76,0.6460341141833078,-1.7436243024798732
0601005,2021,838.6079751727282,1254.2509234891654,-33.13873966783073,40,0.6938686635944701,-0.6565435966588228
0601005,2022,1086.3631105040624,1254.2509234891654,-13.385504434635822,37,0.7042681131592422,-0.42269093631155774
0601005,2023,753.7480183261433,1254.2509234891654,-39.904527538292506,91,0.6327105734767025,-2.031806968697796
0601005,2024,1599.9676383948806,1254.2509234891654,27.56360058671319,73,0.6377825979483377,-1.9177522383343508
0601005,2025,990.4359403161766,1254.2509234891654,-21.033668640967736,62,0.6405730286738351,-1.8550037587530062
0601005,2026,729.6428499426129,1254.2509234891654,-41.82640520504143,63,0.6350291218637993,-1.9796697180587668
0601006,2021,871.213281224385,1266.0150874425367,-31.184605154721066,40,0.6938686635944701,-0.6565435966588228
0601006,2022,1089.0502042229937,1266.0150874425367,-13.978102233917912,37,0.7042681131592422,-0.42269093631155774
0601006,2023,756.2916959893139,1266.0150874425367,-40.26203135405831,91,0.6327105734767025,-2.031806968697796
0601006,2024,1628.1378575013,1266.0150874425367,28.60335343951418,73,0.6377825979483377,-1.9177522383343508
0601006,2025,993.3644867270374,1266.0150874425367,-21.53612570812863,62,0.6405730286738351,-1.8550037587530062
0601006,2026,755.6903305014705,1266.0150874425367,-40.3095320113418,63,0.6350291218637993,-1.9796697180587668
0601007,2021,925.9255815860871,1318.6441170775095,-29.781995794422407,63,0.6752386712749616,-0.9948295750942892
0601007,2022,1145.7493506441733,1318.6441170775095,-13.111556347479118,55,0.6998287250384024,-0.3758606937195751
0601007,2023,843.4773614010337,1318.6441170775095,-36.03449554907813,104,0.6344160906298003,-2.0223957333404146
0601007,2024,1617.0741348390534,1318.6441170775095,22.63158147802227,83,0.6460900383141762,-1.7285447963340042
0601007,2025,1067.2588571705032,1318.6441170775095,-19.06392002598453,81,0.6463653993855607,-1.7216135412839482
0601007,2026,800.2419714486714,1318.6441170775095,-39.31327178539762,81,0.6419500128008193,-1.832755506303055
0602001,2021,940.1906409646633,1311.5819977300814,-28.31628959593642,59,0.6967853302611368,-0.6318168637598295
0602001,2022,1144.3491773560502,1311.5819977300814,-12.750466281441527,51,0.7096177035330261,-0.3506979239054691
0602001,2023,813.0683214097425,1311.5819977300814,-38.00857873797465,102,0.6327347670250896,-2.0349732443052653
0602001,2024,1680.6795757882433,1311.5819977300814,28.141403183098635,85,0.6366384872080089,-1.9494544040986506
0602001,2025,1080.2685095520235,1311.5819977300814,-17.636220120311638,76,0.6470037122375832,-1.722383307433395
0602001,2026,784.2208570582083,1311.5819977300814,-40.20801913906736,76,0.6460341141833078,-1.7436243024798732
0602002,2021,912.0430081547972,1288.5526218381276,-29.219576081125602,59,0.6967853302611368,-0.6318168637598295
0602002,2022,1105.3906203645097,1288.5526218381276,-14.214553474140335,51,0.7096177035330261,-0.3506979239054691
0602002,2023,774.419879496876,1288.5526218381276,-39.900019108869486,102,0.6327347670250896,-2.0349732443052653
0602002,2024,1637.2380966365508,1288.5526218381276,27.060243321768375,85,0.6366384872080089,-1.9494544040986506
0602002,2025,1041.070567829013,1288.5526218381276,-19.206204683832006,76,0.6470037122375832,-1.722383307433395
0602002,2026,771.7268930973754,1288.5526218381276,-40.10901223447882,76,0.6460341141833078,-1.7436243024798732
0602003,2021,1023.5218457969308,1312.565387406795,-22.02126799800205,59,0.6967853302611368,-0.6318168637598295
0602003,2022,1109.505103924568,1312.565387406795,-15.470488969955897,51,0.7096177035330261,-0.3506979239054691
0602003,2023,800.0700720216189,1312.565387406795,-39.045316926854305,102,0.6327347670250896,-2.0349732443052653
0602003,2024,1603.2352445435858,1312.565387406795,22.145171579684916,85,0.6366384872080089,-1.9494544040986506
0602003,2025,1048.3244351457734,1312.565387406795,-20.13164104403792,76,0.6470037122375832,-1.722383307433395
0602003,2026,795.4298882604003,1312.565387406795,-39.39883712521837,76,0.6460341141833078,-1.7436243024798732
0602004,2021,974.370959297503,1303.9455426235281,-25.27518002499734,59,0.6967853302611368,-0.6318168637598295
0602004,2022,1099.9475889187092,1303.9455426235281,-15.644668204039917,51,0.7096177035330261,-0.3506979239054691
0602004,2023,754.1545702281452,1303.9455426235281,-42.16364521552087,102,0.6327347670250896,-2.0349732443052653
0602004,2024,1591.4193334109352,1303.9455426235281,22.046456802867095,85,0.6366384872080089,-1.9494544040986506
0602004,2025,1027.8151670025836,1303.9455426235281,-21.176526671917017,76,0.6470037122375832,-1.722383307433395
0602004,2026,796.3184021080299,1303.9455426235281,-38.930087486181094,76,0.6460341141833078,-1.7436243024798732
0602005,2021,893.9479928014991,1269.7018571581007,-29.593865854274597,40,0.6938686635944701,-0.6565435966588228
0602005,2022,1073.3586515416555,1269.7018571581007,-15.463725165836072,37,0.7042681131592422,-0.42269093631155774
0602005,2023,748.8809167609061,1269.7018571581007,-41.01915244598583,91,0.6327105734767025,-2.031806968697796
0602005,2024,1614.4820629073374,1269.7018571581007,27.154422418577706,73,0.6377825979483377,-1.9177522383343508
0602005,2025,1005.3458745014877,1269.7018571581007,-20.820319444779376,62,0.6405730286738351,-1.8550037587530062
0602005,2026,787.1367905941842,1269.7018571581007,-38.00617159401607,63,0.6350291218637993,-1.9796697180587668
0602006,2021,1067.671464520623,1338.068045992342,-20.207984360854134,38,0.6627542242703532,-0.656182136011189
0602006,2022,1121.7227073323104,1338.068045992342,-16.16848554959586,36,0.6650813492063492,-0.6200200097114332
0602006,2023,802.021180718818,1338.068045992342,-40.06125599359779,91,0.5928754480286739,-1.7420564236512284
0602006,2024,1619.6680242095629,1338.068045992342,21.04526590113584,75,0.5795687492275368,-1.9488345451161966
0602006,2025,1057.1464256646432,1338.068045992342,-20.994569085562524,61,0.59331592421915,-1.7352116877345394
0602006,2026,829.2424285138001,1338.068045992342,-38.02688652513072,65,0.5907047491039427,-1.7757877835196572
0602007,2021,953.6840772889263,1286.3220306519875,-25.859617221549072,40,0.6938686635944701,-0.6565435966588228
0602007,2022,1081.5978846428816,1286.3220306519875,-15.915466044326323,37,0.7042681131592422,-0.42269093631155774
0602007,2023,748.4670066942364,1286.3220306519875,-41.81340373103405,91,0.6327105734767025,-2.031806968697796
0602007,2024,1595.7432767123087,1286.3220306519875,24.054726474947135,73,0.6377825979483377,-1.9177522383343508
0602007,2025,1016.8119445820248,1286.3220306519875,-20.951991775602124,62,0.6405730286738351,-1.8550037587530062
0602007,2026,810.3824299937161,1286.3220306519875,-37.000034930369324,63,0.6350291218637993,-1.9796697180587668
0603001,2021,1049.9504349655242,1298.8011887134037,-19.160034338618967,59,0.6967853302611368,-0.6318168637598295
0603001,2022,1100.935913360656,1298.8011887134037,-15.234454439386028,51,0.7096177035330261,-0.3506979239054691
0603001,2023,861.6142699901085,1298.8011887134037,-33.660803710564345,102,0.6327347670250896,-2.0349732443052653
0603001,2024,1617.491679796451,1298.8011887134037,24.537280520873495,85,0.6366384872080089,-1.9494544040986506
0603001,2025,1073.5574528974741,1298.8011887134037,-17.342433759169612,76,0.6470037122375832,-1.722383307433395
0603001,2026,819.0109325726969,1298.8011887134037,-36.94100839374719,76,0.6460341141833078,-1.7436243024798732
0603002,2021,1053.1531273512085,1316.4884203255217,-20.00285675959076,38,0.6627542242703532,-0.656182136011189
0603002,2022,1104.7802751544612,1316.4884203255217,-16.081276667721276,36,0.6650813492063492,-0.6200200097114332
0603002,2023,893.5084881236332,1316.4884203255217,-32.12940772371551,91,0.5928754480286739,-1.7420564236512284
0603002,2024,1611.1555953361328,1316.4884203255217,22.38281556154897,75,0.5795687492275368,-1.9488345451161966
0603002,2025,1123.0920085558964,1316.4884203255217,-14.690323802605501,61,0.59331592421915,-1.7352116877345394
0603002,2026,833.7096800724414,1316.4884203255217,-36.671704270190695,65,0.5907047491039427,-1.7757877835196572
0603003,2021,1080.597596650195,1318.8383007092104,-18.064436249000387,52,0.6309932795698925,-0.7207737386333816
0603003,2022,1122.276242340191,1318.8383007092104,-14.904181829062553,44,0.6525979902713773,-0.4625912423458986
0603003,2023,888.1642064640113,1318.8383007092104,-32.655564674881106,102,0.5551111751152074,-1.6275866750506076
0603003,2024,1562.5860862847642,1318.8383007092104,18.482006887764587,88,0.5329233716475096,-1.8927372973189527
0603003,2025,1155.4102431495853,1318.8383007092104,-12.391819184485396,77,0.5611093189964158,-1.555907133410855
0603003,2026,849.049472693645,1318.8383007092104,-35.621412250685665,77,0.5579719662058372,-1.593399400092788
0603004,2021,1093.4480300231091,1340.0140955739982,-18.40025909916059,52,0.6309932795698925,-0.7207737386333816
0603004,2022,1110.0909185115547,1340.0140955739982,-17.158265560180947,44,0.6525979902713773,-0.4625912423458986
0603004,2023,924.6861179338891,1340.0140955739982,-30.994299165353357,102,0.5551111751152074,-1.6275866750506076
0603004,2024,1628.5057849865893,1340.0140955739982,21.529004087752895,88,0.5329233716475096,-1.8927372973189527
0603004,2025,1212.3706462910363,1340.0140955739982,-9.525530343640568,77,0.5611093189964158,-1.555907133410855
0603004,2026,863.1496846868718,1340.0140955739982,-35.58652199720783,77,0.5579719662058372,-1.593399400092788
0603005,2021,1056.1667425518222,1330.2804860070896,-20.605710324898098,38,0.6627542242703532,-0.656182136011189
0603005,2022,1118.8574163246858,1330.2804860070896,-15.893119677114248,36,0.6650813492063492,-0.6200200097114332
0603005,2023,869.5249914007826,1330.2804860070896,-34.63596583223514,91,0.5928754480286739,-1.7420564236512284
0603005,2024,1633.1989890889151,1330.2804860070896,22.771025078406744,75,0.5795687492275368,-1.9488345451161966
0603005,2025,1083.8001993478024,1330.2804860070896,-18.5284448845154,61,0.59331592421915,-1.7352116877345394
0603005,2026,821.7596516116731,1330.2804860070896,-38.226587531308525,65,0.5907047491039427,-1.7757877835196572
0604001,2021,1096.2550449519013,1356.792755746266,-19.20246918263234,38,0.6627542242703532,-0.656182136011189
0604001,2022,1126.3583923448848,1356.792755746266,-16.983755435415574,36,0.6650813492063492,-0.6200200097114332
0604001,2023,882.5535172812594,1356.792755746266,-34.95296068294267,91,0.5928754480286739,-1.7420564236512284
0604001,2024,1668.009983657216,1356.792755746266,22.937712970008718,75,0.5795687492275368,-1.9488345451161966
0604001,2025,1105.7416918953106,1356.792755746266,-18.50327272073853,61,0.59331592421915,-1.7352116877345394
0604001,2026,827.6772374793236,1356.792755746266,-38.997519409360144,65,0.5907047491039427,-1.7757877835196572
0604002,2021,1107.6519808574158,1387.15371805996,-20.14929806001953,38,0.6627542242703532,-0.656182136011189
0604002,2022,1135.816579660619,1387.15371805996,-18.118910336112936,36,0.6650813492063492,-0.6200200097114332
0604002,2023,940.6854752036687,1387.15371805996,-32.1859241008063,91,0.5928754480286739,-1.7420564236512284
0604002,2024,1729.174031382263,1387.15371805996,24.656266199584877,75,0.5795687492275368,-1.9488345451161966
0604002,2025,1185.4603904471444,1387.15371805996,-14.540084850502302,61,0.59331592421915,-1.7352116877345394
0604002,2026,889.9752223292271,1387.15371805996,-35.84162946454665,65,0.5907047491039427,-1.7757877835196572
0604003,2021,1147.4168682783095,1413.2186977501542,-18.80825875676578,25,0.6944089221710189,-0.5466489492964565
0604003,2022,1171.936748772624,1413.2186977501542,-17.073220822909526,30,0.6827787378392217,-0.704249773257099
0604003,2023,997.2413322283684,1413.2186977501542,-29.43474822290579,64,0.6099891193036354,-1.6906231212379528
0604003,2024,1785.209140145942,1413.2186977501542,26.322213468304447,68,0.5721928995179829,-2.202800332783137
0604003,2025,1226.1092435711755,1413.2186977501542,-13.239950368393595,50,0.6024204429083462,-1.793186382675506
0604003,2026,893.4699670433544,1413.2186977501542,-36.77765738128433,53,0.5828673835125449,-2.0581502202051114
0604004,2021,1114.2813403507203,1376.6283394122981,-19.0572133051959,38,0.6627542242703532,-0.656182136011189
0604004,2022,1154.2882793396486,1376.6283394122981,-16.151059346022876,36,0.6650813492063492,-0.6200200097114332
0604004,2023,907.3460731177832,1376.6283394122981,-34.089249280953936,91,0.5928754480286739,-1.7420564236512284
0604004,2024,1689.977675019243,1376.6283394122981,22.762086660275934,75,0.5795687492275368,-1.9488345451161966
0604004,2025,1117.462959229547,1376.6283394122981,-18.826096540580615,61,0.59331592421915,-1.7352116877345394
0604004,2026,840.2141031118615,1376.6283394122981,-38.96579933327824,65,0.5907047491039427,-1.7757877835196572
0604005,2021,1099.5539516836182,1347.9894366562348,-18.43007654339452,38,0.6627542242703532,-0.656182136011189
0604005,2022,1136.6363165540922,1347.9894366562348,-15.679137710931634,36,0.6650813492063492,-0.6200200097114332
0604005,2023,849.4809439675249,1347.9894366562348,-36.98163198706429,91,0.5928754480286739,-1.7420564236512284
0604005,2024,1664.1715683554867,1347.9894366562348,23.455831559300627,75,0.5795687492275368,-1.9488345451161966
0604005,2025,1080.035893444483,1347.9894366562348,-19.878015058962625,61,0.59331592421915,-1.7352116877345394
0604005,2026,844.0666372465727,1347.9894366562348,-37.38328993583745,65,0.5907047491039427,-1.7757877835196572
0604006,2021,1013.5526082697083,1301.9848032733432,-22.153268938199766,30,0.707341077828981,-0.6568131966740293
0604006,2022,1091.0573070655998,1301.9848032733432,-16.20045761497729,32,0.7117479518689196,-0.5703291228247643
0604006,2023,784.7513856997442,1301.9848032733432,-39.72653261952161,78,0.63732437275985665,-2.0308778595171675
0604006,2024,1628.1469327552809,1301.9848032733432,25.05114719172817,67,0.6398572178964281,-1.9811712502846845
0604006,2025,1032.5256430027464,1301.9848032733432,-20.696029599819042,57,0.644574692780338,-1.8885916933142297
0604006,2026,830.6699325173311,1301.9848032733432,-36.199721346291525,56,0.6444539170506912,-1.8909618942837392
0604007,2021,1120.3875072069304,1395.5143222444244,-19.715083582589383,38,0.6627542242703532,-0.656182136011189
0604007,2022,1142.4278231281278,1395.5143222444244,-18.13571491758352,36,0.6650813492063492,-0.6200200097114332
0604007,2023,966.1581303814557,1395.5143222444244,-30.766878205336464,91,0.5928754480286739,-1.7420564236512284
0604007,2024,1734.113741537029,1395.5143222444244,24.263414133079664,75,0.5795687492275368,-1.9488345451161966
0604007,2025,1219.2125568190677,1395.5143222444244,-12.63346155715609,61,0.59331592421915,-1.7352116877345394
0604007,2026,911.919302501353,1395.5143222444244,-34.65353325541648,65,0.5907047491039427,-1.7757877835196572
0701001,2021,804.7518201692516,1258.1149949366559,-36.03511416619197,48,0.6692345750128008,-1.0100229713569482
0701001,2022,1100.1379821482203,1258.1149949366559,-12.556643345339785,43,0.6887258064516129,-0.5058930250865261
0701001,2023,737.0476207028744,1258.1149949366559,-41.416514096949975,92,0.627497311827957,-2.0895342537971002
0701001,2024,1547.777711648222,1258.1149949366559,23.023548552980266,74,0.6402570757631937,-1.7595100002096518
0701001,2025,1018.0952730692355,1258.1149949366559,-19.077725234449254,68,0.6374879032258065,-1.8311331199119139
0701001,2026,729.7617916274961,1258.1149949366559,-41.995620864193064,71,0.6295153609831029,-2.037338525920771
0701002,2021,838.780486877704,1261.8649907076795,-33.52850795810581,48,0.6692345750128008,-1.0100229713569482
0701002,2022,1113.9562532518864,1261.8649907076795,-11.721439182875088,43,0.6887258064516129,-0.5058930250865261
0701002,2023,748.2798761283372,1261.8649907076795,-40.700480507927665,92,0.627497311827957,-2.0895342537971002
0701002,2024,1524.7415326265916,1261.8649907076795,20.832382533371153,74,0.6402570757631937,-1.7595100002096518
0701002,2025,1053.791340400209,1261.8649907076795,-16.489374999680315,68,0.6374879032258065,-1.8311331199119139
0701002,2026,751.5226578044145,1261.8649907076795,-40.443497256949385,71,0.6295153609831029,-2.037338525920771
0701003,2021,870.0464111715596,1280.9706868822345,-32.079131858265,48,0.6692345750128008,-1.0100229713569482
0701003,2022,1132.1898770028633,1280.9706868822345,-11.61469277969897,43,0.6887258064516129,-0.5058930250865261
0701003,2023,705.209865281693,1280.9706868822345,-44.94722849606267,92,0.627497311827957,-2.0895342537971002
0701003,2024,1559.0442464109856,1280.9706868822345,21.708034569124816,74,0.6402570757631937,-1.7595100002096518
0701003,2025,1024.5960872194903,1280.9706868822345,-20.014087932545635,68,0.6374879032258065,-1.8311331199119139
0701003,2026,727.9890912760447,1280.9706868822345,-43.16895002118248,71,0.6295153609831029,-2.037338525920771
0701004,2021,881.0662866662834,1265.1679205721935,-30.359735467541228,41,0.6717930747567844,-0.8776836410564353
0701004,2022,1112.5419591965563,1265.1679205721935,-12.063692012251586,38,0.6858263568868408,-0.5319759767823415
0701004,2023,683.1993646045938,1265.1679205721935,-45.99931333260446,86,0.6173969534050179,-2.217723403943594
0701004,2024,1559.3971467119609,1265.1679205721935,23.256140260551128,69,0.6358442714126807,-1.7632766707099246
0701004,2025,1018.3020662542461,1265.1679205721935,-19.51249714000795,63,0.6297876984126984,-1.912479379379547
0701004,2026,749.1390749908904,1265.1679205721935,-40.787379856100074,68,0.6081647465437788,-2.4451573456626425
0701005,2021,871.7574485174503,1267.049153595029,-31.19781927607214,41,0.6717930747567844,-0.8776836410564353
0701005,2022,1102.464082132897,1267.049153595029,-12.989635879172564,38,0.6858263568868408,-0.5319759767823415
0701005,2023,689.5380698138156,1267.049153595029,-45.57921704478689,86,0.6173969534050179,-2.217723403943594
0701005,2024,1525.6554693163234,1267.049153595029,20.410124973253357,69,0.6358442714126807,-1.7632766707099246
0701005,2025,1010.9411595834124,1267.049153595029,-20.21294858884956,63,0.6297876984126984,-1.912479379379547
0701005,2026,746.7765589412342,1267.049153595029,-41.061753064402666,68,0.6081647465437788,-2.4451573456626425
0701006,2021,825.057475240055,1267.646417579073,-34.91422656991891,48,0.6692345750128008,-1.0100229713569482
0701006,2022,1104.0715481268076,1267.646417579073,-12.903824535287809,43,0.6887258064516129,-0.5058930250865261
0701006,2023,754.5422099949382,1267.646417579073,-40.47691852149525,92,0.627497311827957,-2.0895342537971002
0701006,2024,1579.0997821577623,1267.646417579073,24.56941937906448,74,0.6402570757631937,-1.7595100002096518
0701006,2025,1023.4035514489841,1267.646417579073,-19.267428420342892,68,0.6374879032258065,-1.8311331199119139
0701006,2026,731.7218721759263,1267.646417579073,-42.277131696285245,71,0.6295153609831029,-2.037338525920771
0702001,2021,853.9031421277929,1296.522709621265,-34.138975292053956,48,0.6692345750128008,-1.0100229713569482
0702001,2022,1146.7232112577944,1296.522709621265,-11.553943270860977,43,0.6887258064516129,-0.5058930250865261
0702001,2023,733.599017986779,1296.522709621265,-43.41795847131169,92,0.627497311827957,-2.0895342537971002
0702001,2024,1562.1303623066106,1296.522709621265,20.486155060325462,74,0.6402570757631937,-1.7595100002096518
0702001,2025,1033.049940180842,1296.522709621265,-20.321492827332552,68,0.6374879032258065,-1.8311331199119139
0702001,2026,735.2994812134759,1296.522709621265,-43.28680278741368,71,0.6295153609831029,-2.037338525920771
0702002,2021,840.0301139566399,1287.2631635095156,-34.742938524984034,48,0.6692345750128008,-1.0100229713569482
0702002,2022,1146.6331980188302,1287.2631635095156,-10.924725376843728,43,0.6887258064516129,-0.5058930250865261
0702002,2023,745.4001774618006,1287.2631635095156,-42.09418877259044,92,0.627497311827957,-2.0895342537971002
0702002,2024,1567.2452585418366,1287.2631635095156,21.750183099234732,74,0.6402570757631937,-1.7595100002096518
0702002,2025,1038.0159998683346,1287.2631635095156,-19.362564758059946,68,0.6374879032258065,-1.8311331199119139
0702002,2026,730.5091314885642,1287.2631635095156,-43.250987661532335,71,0.6295153609831029,-2.037338525920771
0702003,2021,868.203136746193,1286.4048355328575,-32.50933821415838,48,0.6692345750128008,-1.0100229713569482
0702003,2022,1110.2617090036497,1286.4048355328575,-13.692666698990246,43,0.6887258064516129,-0.5058930250865261
0702003,2023,743.9597113097478,1286.4048355328575,-42.167528389180596,92,0.627497311827957,-2.0895342537971002
0702003,2024,1602.3791285262823,1286.4048355328575,24.56258591896082,74,0.6402570757631937,-1.7595100002096518
0702003,2025,1009.719367835909,1286.4048355328575,-21.508428766309734,68,0.6374879032258065,-1.8311331199119139
0702003,2026,755.4602010069884,1286.4048355328575,-41.27352602075225,71,0.6295153609831029,-2.037338525920771
0702004,2021,891.267237901925,1294.9025053874702,-31.17109325267438,41,0.6717930747567844,-0.8776836410564353
0702004,2022,1120.4637675338279,1294.9025053874702,-13.47118699113533,38,0.6858263568868408,-0.5319759767823415
0702004,2023,726.752551898949,1294.9025053874702,-43.87588649529373,86,0.6173969534050179,-2.217723403943594
0702004,2024,1594.5749442877582,1294.9025053874702,23.142471163156625,69,0.6358442714126807,-1.7632766707099246
0702004,2025,995.3864192176471,1294.9025053874702,-23.1303966842044,63,0.6297876984126984,-1.912479379379547
0702004,2026,797.0140393379609,1294.9025053874702,-38.449880510542954,68,0.6081647465437788,-2.4451573456626425
0702005,2021,870.3494437875848,1267.1410128144569,-31.313923629190658,41,0.6717930747567844,-0.8776836410564353
0702005,2022,1096.9615349370754,1267.1410128144569,-13.430192548135944,38,0.6858263568868408,-0.5319759767823415
0702005,2023,696.2933616370769,1267.1410128144569,-45.05004931609512,86,0.6173969534050179,-2.217723403943594
0702005,2024,1519.773176996112,1267.1410128144569,19.93717839031441,69,0.6358442714126807,-1.7632766707099246
0702005,2025,994.9382650517562,1267.1410128144569,-21.48164608436981,63,0.6297876984126984,-1.912479379379547
0702005,2026,752.593560767846,1267.1410128144569,-40.60696061788305,68,0.6081647465437788,-2.4451573456626425
0801001,2021,870.2293841591988,1270.8074931192634,-31.52154131361192,40,0.6938686635944701,-0.6565435966588228
0801001,2022,1076.2854465678279,1270.8074931192634,-15.306964084227346,37,0.7042681131592422,-0.42269093631155774
0801001,2023,739.0517296456151,1270.8074931192634,-41.84392729448156,91,0.6327105734767025,-2.031806968697796
0801001,2024,1605.4716981473828,1270.8074931192634,26.33476799909863,73,0.6377825979483377,-1.9177522383343508
0801001,2025,977.0619956985506,1270.8074931192634,-23.114869798233496,62,0.6405730286738351,-1.8550037587530062
0801001,2026,772.3588430166983,1270.8074931192634,-39.222986392620086,63,0.6350291218637993,-1.9796697180587668
0801002,2021,885.1796777819613,1281.261777989328,-30.913440720048214,36,0.6898631592421915,-0.6158514715926322
0801002,2022,1091.4456855701387,1281.261777989328,-14.81477834428698,39,0.6903253328213006,-0.6035516709309319
0801002,2023,737.7424315476252,1281.261777989328,-42.420632206374144,84,0.6284489247311827,-2.2502651992931777
0801002,2024,1620.1993980831865,1281.261777989328,26.45342473461981,71,0.6448177295760722,-1.8146430742670512
0801002,2025,981.3242325148475,1281.261777989328,-23.409544452747955,63,0.644462877624168,-1.824086730222571
0801002,2026,795.6398511596595,1281.261777989328,-37.90185075151078,64,0.6294425883256528,-2.2238208833711575
0801003,2021,878.4471160915142,1264.8705239323626,-30.550431884482112,40,0.6938686635944701,-0.6565435966588228
0801003,2022,1059.9245547488706,1264.8705239323626,-16.202920797484822,37,0.7042681131592422,-0.42269093631155774
0801003,2023,738.7303844353562,1264.8705239323626,-41.59636338597619,91,0.6327105734767025,-2.031806968697796
0801003,2024,1602.557155180654,1264.8705239323626,26.69732789712386,73,0.6377825979483377,-1.9177522383343508
0801003,2025,977.569225088045,1264.8705239323626,-22.713889952239946,62,0.6405730286738351,-1.8550037587530062
0801003,2026,790.209687680267,1264.8705239323626,-37.52643668036631,63,0.6350291218637993,-1.9796697180587668
0801004,2021,925.4558879708461,1265.0232597188551,-26.842776932297365,40,0.6938686635944701,-0.6565435966588228
0801004,2022,1051.5649895509575,1265.0232597188551,-16.873861292901253,37,0.7042681131592422,-0.42269093631155774
0801004,2023,739.4309958836733,1265.0232597188551,-41.54803161105448,91,0.6327105734767025,-2.031806968697796
0801004,2024,1619.1092423271427,1265.0232597188551,27.990472103017407,73,0.6377825979483377,-1.9177522383343508
0801004,2025,988.4188265597004,1265.0232597188551,-21.865561050682075,62,0.6405730286738351,-1.8550037587530062
0801004,2026,793.8375266772853,1265.0232597188551,-37.24719916583103,63,0.6350291218637993,-1.9796697180587668
0801005,2021,910.4983924773776,1271.6282753413066,-28.399013286095833,40,0.6938686635944701,-0.6565435966588228
0801005,2022,1051.7733790571826,1271.6282753413066,-17.289242504859732,37,0.7042681131592422,-0.42269093631155774
0801005,2023,740.192889919691,1271.6282753413066,-41.79172449424952,91,0.6327105734767025,-2.031806968697796
0801005,2024,1623.931152076581,1271.6282753413066,27.704863407564275,73,0.6377825979483377,-1.9177522383343508
0801005,2025,982.6534993694811,1271.6282753413066,-22.724783773329065,62,0.6405730286738351,-1.8550037587530062
0801005,2026,789.3847754201872,1271.6282753413066,-37.92330740614309,63,0.6350291218637993,-1.9796697180587668
0801006,2021,876.647256844071,1265.4349618679603,-30.723641810084324,40,0.6938686635944701,-0.6565435966588228
0801006,2022,1071.096113611739,1265.4349618679603,-15.357474237107361,37,0.7042681131592422,-0.42269093631155774
0801006,2023,749.0075786137229,1265.4349618679603,-40.810266731679185,91,0.6327105734767025,-2.031806968697796
0801006,2024,1624.6896554270859,1265.4349618679603,28.389818867404696,73,0.6377825979483377,-1.9177522383343508
0801006,2025,975.6914075327844,1265.4349618679603,-22.896755903398905,62,0.6405730286738351,-1.8550037587530062
0801006,2026,780.2439824642037,1265.4349618679603,-38.341834548932205,63,0.6350291218637993,-1.9796697180587668
0801007,2021,955.5790917426186,1269.5246238463342,-24.729377139022407,30,0.707341077828981,-0.6568131966740293
0801007,2022,1046.2465086116242,1269.5246238463342,-17.587537180510488,32,0.7117479518689196,-0.5703291228247643
0801007,2023,764.1473026874302,1269.5246238463342,-39.808390610631896,78,0.63732437275985665,-2.0308778595171675
0801007,2024,1626.0890145511307,1269.5246238463342,28.086449369095167,67,0.6398572178964281,-1.9811712502846845
0801007,2025,993.6548819191802,1269.5246238463342,-21.730160781863322,57,0.644574692780338,-1.8885916933142297
0801007,2026,801.8514408954125,1269.5246238463342,-36.83844914594818,56,0.6444539170506912,-1.8909618942837392
0802001,2021,1180.0470707358318,1412.7103183665633,-16.46928210305329,25,0.6944089221710189,-0.5466489492964565
0802001,2022,1209.385063916958,1412.7103183665633,-14.392565256032023,30,0.6827787378392217,-0.704249773257099
0802001,2023,982.4348246356394,1412.7103183665633,-30.45744680540219,64,0.6099891193036354,-1.6906231212379528
0802001,2024,1749.2735901731044,1412.7103183665633,23.823940933318163,68,0.5721928995179829,-2.202800332783137
0802001,2025,1154.573171069543,1412.7103183665633,-18.272475534509418,50,0.6024204429083462,-1.793186382675506
0802001,2026,869.8136574138684,1412.7103183665633,-38.42943977222559,53,0.5828673835125449,-2.0581502202051114
0802002,2021,1040.225080006962,1321.6041120509583,-21.29072007859696,30,0.707341077828981,-0.6568131966740293
0802002,2022,1109.1947374466752,1321.6041120509583,-16.07208790192483,32,0.7117479518689196,-0.5703291228247643
0802002,2023,858.9479509466296,1321.6041120509583,-35.00716719066092,78,0.63732437275985665,-2.0308778595171675
0802002,2024,1640.919506127109,1321.6041120509583,24.16119858923672,67,0.6398572178964281,-1.9811712502846845
0802002,2025,1045.4456958093913,1321.6041120509583,-20.89569892552808,57,0.644574692780338,-1.8885916933142297
0802002,2026,837.3143174537939,1321.6041120509583,-36.64408957124152,56,0.6444539170506912,-1.8909618942837392
0802003,2021,1136.9336244085107,1395.3248171366452,-18.51835426093694,25,0.6633549027137737,-0.5673386060407294
0802003,2022,1172.301970878968,1395.3248171366452,-15.98357912929147,27,0.6458168202764977,-0.7729792981886188
0802003,2023,933.5790990554738,1395.3248171366452,-33.09234612688411,60,0.5515960061443932,-1.877754207427382
0802003,2024,1677.1870752861632,1395.3248171366452,20.2004762394988,62,0.51872030651341,-2.263234299172893
0802003,2025,1087.4634285749935,1395.3248171366452,-22.063779327985863,46,0.5470718766001024,-1.93080134836665
0802003,2026,863.1970585183276,1395.3248171366452,-38.13647919703028,48,0.53317773937532,-2.09371539589269
0802004,2021,1027.9292506266281,1322.8295524765897,-22.293144366018424,30,0.707341077828981,-0.6568131966740293
0802004,2022,1083.561318217603,1322.8295524765897,-18.08760877854829,32,0.7117479518689196,-0.5703291228247643
0802004,2023,854.6117498174978,1322.8295524765897,-35.39517255133126,78,0.63732437275985665,-2.0308778595171675
0802004,2024,1612.7957867939342,1322.8295524765897,21.920150920008727,67,0.6398572178964281,-1.9811712502846845
0802004,2025,996.6528085442925,1322.8295524765897,-24.65750355528662,57,0.644574692780338,-1.8885916933142297
0802004,2026,835.5648169199452,1322.8295524765897,-36.83503552248223,56,0.6444539170506912,-1.8909618942837392
0802005,2021,999.8051564836178,1299.9027029803253,-23.08615451053875,30,0.707341077828981,-0.6568131966740293
0802005,2022,1038.7686875783659,1299.9027029803253,-20.088735472528043,32,0.7117479518689196,-0.5703291228247643
0802005,2023,811.0502371141497,1299.9027029803253,-37.606850477760304,78,0.63732437275985665,-2.0308778595171675
0802005,2024,1634.4978333631773,1299.9027029803253,25.740013434522123,67,0.6398572178964281,-1.9811712502846845
0802005,2025,963.2326646307463,1299.9027029803253,-25.899633686250954,57,0.644574692780338,-1.8885916933142297
0802005,2026,816.860479583569,1299.9027029803253,-37.15987529599494,56,0.6444539170506912,-1.8909618942837392
0803001,2021,989.4133487714206,1248.171406985877,-20.73097146483377,33,0.7077758576548899,-0.5773212507442399
0803001,2022,1004.6325519284185,1248.171406985877,-19.51165150029864,34,0.7065951740911418,-0.6033416567988051
0803001,2023,755.8883384423169,1248.171406985877,-39.44034175020404,74,0.6348933691756272,-2.1835364998811952
0803001,2024,1563.4802248751434,1248.171406985877,25.261660067240605,61,0.6451400630329996,-1.9577155067954217
0803001,2025,911.6139689126343,1248.171406985877,-26.964040050073894,51,0.6471820276497696,-1.9127138229329497
0803001,2026,783.7989681043482,1248.171406985877,-37.20422021226313,57,0.6392711853558628,-2.0870563267513544
0803002,2021,1044.4493150942833,1301.1278935668274,-19.72739034660937,33,0.7077758576548899,-0.5773212507442399
0803002,2022,1038.856502256411,1301.1278935668274,-20.157233782102903,34,0.7065951740911418,-0.6033416567988051
0803002,2023,817.0687247279741,1301.1278935668274,-37.203042931612586,74,0.6348933691756272,-2.1835364998811952
0803002,2024,1592.325968776913,1301.1278935668274,22.380434440753866,61,0.6451400630329996,-1.9577155067954217
0803002,2025,932.3529715553038,1301.1278935668274,-28.342711261118843,51,0.6471820276497696,-1.9127138229329497
0803002,2026,823.2630026199007,1301.1278935668274,-36.72697306003786,57,0.6392711853558628,-2.0870563267513544
0803003,2021,1002.8412311368227,1227.5347071295937,-18.304449942452795,33,0.7077758576548899,-0.5773212507442399
0803003,2022,967.6539691994328,1227.5347071295937,-21.170948277124733,34,0.7065951740911418,-0.6033416567988051
0803003,2023,759.5282578986821,1227.5347071295937,-38.1257203167212,74,0.6348933691756272,-2.1835364998811952
0803003,2024,1544.6772015621473,1227.5347071295937,25.835725262232614,61,0.6451400630329996,-1.9577155067954217
0803003,2025,893.1555445287337,1227.5347071295937,-27.239894779248697,51,0.6471820276497696,-1.9127138229329497
0803003,2026,786.411500108046,1227.5347071295937,-35.93570140701344,57,0.6392711853558628,-2.0870563267513544
0803004,2021,989.1746919354047,1206.1374558864425,-17.988228695839855,33,0.7077758576548899,-0.5773212507442399
0803004,2022,970.2578953249563,1206.1374558864425,-19.556606870162085,34,0.7065951740911418,-0.6033416567988051
0803004,2023,719.4074235167501,1206.1374558864425,-40.35444136107799,74,0.6348933691756272,-2.1835364998811952
0803004,2024,1523.6171136295916,1206.1374558864425,26.32201298398611,61,0.6451400630329996,-1.9577155067954217
0803004,2025,887.7065968387493,1206.1374558864425,-26.400876408706218,51,0.6471820276497696,-1.9127138229329497
0803004,2026,759.9160392728818,1206.1374558864425,-36.99590079354706,57,0.6392711853558628,-2.0870563267513544
0803005,2021,985.3860365290121,1182.9454241396834,-16.700634161068724,33,0.7077758576548899,-0.5773212507442399
0803005,2022,951.2755586276992,1182.9454241396834,-19.584155007021558,34,0.7065951740911418,-0.6033416567988051
0803005,2023,696.6393161097169,1182.9454241396834,-41.1097670362638,74,0.6348933691756272,-2.1835364998811952
0803005,2024,1495.7838820861757,1182.9454241396834,26.445721971832242,61,0.6451400630329996,-1.9577155067954217
0803005,2025,871.9231663541947,1182.9454241396834,-26.29218993865966,51,0.6471820276497696,-1.9127138229329497
0803005,2026,758.9191522271608,1182.9454241396834,-35.84495643329469,57,0.6392711853558628,-2.0870563267513544
0804001,2021,960.2544445488776,1249.6798037543033,-23.15996132256683,36,0.6898631592421915,-0.6158514715926322
0804001,2022,1010.7304613355873,1249.6798037543033,-19.120845331809114,39,0.6903253328213006,-0.6035516709309319
0804001,2023,731.6229422026006,1249.6798037543033,-41.455167955451465,84,0.6284489247311827,-2.2502651992931777
0804001,2024,1590.0831058976537,1249.6798037543033,27.239241693808815,71,0.6448177295760722,-1.8146430742670512
0804001,2025,960.835144176695,1249.6798037543033,-23.113493449270575,63,0.644462877624168,-1.824086730222571
0804001,2026,777.9680118916656,1249.6798037543033,-37.74661240787563,64,0.6294425883256528,-2.2238208833711575
0804002,2021,955.6679618563195,1221.8130953370685,-21.7828025003551,36,0.6898631592421915,-0.6158514715926322
0804002,2022,993.9145573550987,1221.8130953370685,-18.65248775379168,39,0.6903253328213006,-0.6035516709309319
0804002,2023,703.025803102071,1221.8130953370685,-42.46044621840272,84,0.6284489247311827,-2.2502651992931777
0804002,2024,1531.769622111828,1221.8130953370685,25.368571343495883,71,0.6448177295760722,-1.8146430742670512
0804002,2025,927.763035328375,1221.8130953370685,-24.0666973640164,63,0.644462877624168,-1.824086730222571
0804002,2026,759.8875060715413,1221.8130953370685,-37.80656722606931,64,0.6294425883256528,-2.2238208833711575
0804003,2021,973.2201879912284,1203.2945861751923,-19.120371754956647,36,0.6898631592421915,-0.6158514715926322
0804003,2022,972.2399370260565,1203.2945861751923,-19.201835677127832,39,0.6903253328213006,-0.6035516709309319
0804003,2023,694.6416463952194,1203.2945861751923,-42.271688547754856,84,0.6284489247311827,-2.2502651992931777
0804003,2024,1509.5734977015197,1203.2945861751923,25.453360718580935,71,0.6448177295760722,-1.8146430742670512
0804003,2025,894.5083251191023,1203.2945861751923,-25.661734425117125,63,0.644462877624168,-1.824086730222571
0804003,2026,745.438170520388,1203.2945861751923,-38.05023482322418,64,0.6294425883256528,-2.2238208833711575
0804004,2021,974.4637085691568,1175.0187152096134,-17.068239343292447,33,0.7077758576548899,-0.5773212507442399
0804004,2022,923.4320199920454,1175.0187152096134,-21.41129259993847,34,0.7065951740911418,-0.6033416567988051
0804004,2023,679.9456941758218,1175.0187152096134,-42.133203039704334,74,0.6348933691756272,-2.1835364998811952
0804004,2024,1480.321845922291,1175.0187152096134,25.982831316709202,61,0.6451400630329996,-1.9577155067954217
0804004,2025,869.9149044609171,1175.0187152096134,-25.965868185705315,51,0.6471820276497696,-1.9127138229329497
0804004,2026,749.8939225471911,1175.0187152096134,-36.18025714480502,57,0.6392711853558628,-2.0870563267513544
0804005,2021,990.0365110719567,1184.9432349965748,-16.44861274094547,33,0.7077758576548899,-0.5773212507442399
0804005,2022,936.5418694303524,1184.9432349965748,-20.963144750722204,34,0.7065951740911418,-0.6033416567988051
0804005,2023,691.1796132214333,1184.9432349965748,-41.66981229076081,74,0.6348933691756272,-2.1835364998811952
0804005,2024,1491.9513154290457,1184.9432349965748,25.90909601111469,61,0.6451400630329996,-1.9577155067954217
0804005,2025,872.1934065955409,1184.9432349965748,-26.393654916468467,51,0.6471820276497696,-1.9127138229329497
0804005,2026,761.5425944587566,1184.9432349965748,-35.73172351492787,57,0.6392711853558628,-2.0870563267513544
0804006,2021,909.8055148522034,1183.2303263727429,-23.10833363768981,36,0.6898631592421915,-0.6158514715926322
0804006,2022,967.4101350381604,1183.2303263727429,-18.239913778764528,39,0.6903253328213006,-0.6035516709309319
0804006,2023,659.8603177011349,1183.2303263727429,-44.232301776445105,84,0.6284489247311827,-2.2502651992931777
0804006,2024,1408.3334292900497,1183.2303263727429,19.02445347283928,71,0.6448177295760722,-1.8146430742670512
0804006,2025,854.5984947251975,1183.2303263727429,-27.774121768412083,63,0.644462877624168,-1.824086730222571
0804006,2026,726.6942038607139,1183.2303263727429,-38.58387604986135,64,0.6294425883256528,-2.2238208833711575
0805001,2021,916.897218476393,1258.9577111374763,-27.170133645873573,36,0.6898631592421915,-0.6158514715926322
0805001,2022,1043.5756521045003,1258.9577111374763,-17.107966147518727,39,0.6903253328213006,-0.6035516709309319
0805001,2023,736.1200090445402,1258.9577111374763,-41.52940940490757,84,0.6284489247311827,-2.2502651992931777
0805001,2024,1611.8356826278425,1258.9577111374763,28.02937448721282,71,0.6448177295760722,-1.8146430742670512
0805001,2025,971.1574075295134,1258.9577111374763,-22.860204203994545,63,0.644462877624168,-1.824086730222571
0805001,2026,779.8715826493292,1258.9577111374763,-38.05418754338378,64,0.6294425883256528,-2.2238208833711575
0805002,2021,910.7462066060001,1270.0631696544624,-28.291267051403377,36,0.6898631592421915,-0.6158514715926322
0805002,2022,1068.4704991343924,1270.0631696544624,-15.872649119879286,39,0.6903253328213006,-0.6035516709309319
0805002,2023,712.5403146082957,1270.0631696544624,-43.897253960828436,84,0.6284489247311827,-2.2502651992931777
0805002,2024,1571.6516312407693,1270.0631696544624,23.74594183912585,71,0.6448177295760722,-1.8146430742670512
0805002,2025,954.8733518877452,1270.0631696544624,-24.816861499296035,63,0.644462877624168,-1.824086730222571
0805002,2026,791.8066549384375,1270.0631696544624,-37.656120273619216,64,0.6294425883256528,-2.2238208833711575
0805003,2021,912.2341935376597,1231.297884950256,-25.91279456518244,36,0.6898631592421915,-0.6158514715926322
0805003,2022,1013.8747776753415,1231.297884950256,-17.658042780094462,39,0.6903253328213006,-0.6035516709309319
0805003,2023,705.694187076821,1231.297884950256,-42.68696505514336,84,0.6284489247311827,-2.2502651992931777
0805003,2024,1545.6984343416443,1231.297884950256,25.53407694711422,71,0.6448177295760722,-1.8146430742670512
0805003,2025,929.8862412999046,1231.297884950256,-24.4791814665164,63,0.644462877624168,-1.824086730222571
0805003,2026,769.1452493450299,1231.297884950256,-37.53377970139995,64,0.6294425883256528,-2.2238208833711575
0805004,2021,918.4150500880162,1228.3045605985678,-25.229045014661402,36,0.6898631592421915,-0.6158514715926322
0805004,2022,1018.5043019387756,1228.3045605985678,-17.080475428468166,39,0.6903253328213006,-0.6035516709309319
0805004,2023,694.2676193260903,1228.3045605985678,-43.47756724213698,84,0.6284489247311827,-2.2502651992931777
0805004,2024,1535.3130624647472,1228.3045605985678,24.994493362181313,71,0.6448177295760722,-1.8146430742670512
0805004,2025,929.180411782869,1228.3045605985678,-24.352604265340513,63,0.644462877624168,-1.824086730222571
0805004,2026,781.1600319551729,1228.3045605985678,-36.40339236593699,64,0.6294425883256528,-2.2238208833711575
0805005,2021,919.5660699386469,1213.5126993331096,-24.222789720783485,36,0.6898631592421915,-0.6158514715926322
0805005,2022,997.8475380131257,1213.5126993331096,-17.771973992402675,39,0.6903253328213006,-0.6035516709309319
0805005,2023,686.1593707708539,1213.5126993331096,-43.456762245015206,84,0.6284489247311827,-2.2502651992931777
0805005,2024,1499.3753960136657,1213.5126993331096,23.556630007881505,71,0.6448177295760722,-1.8146430742670512
0805005,2025,909.604381361349,1213.5126993331096,-25.043686657648866,63,0.644462877624168,-1.824086730222571
0805005,2026,758.3807186288788,1213.5126993331096,-37.50533315014752,64,0.6294425883256528,-2.2238208833711575
0805006,2021,893.7066629419691,1210.0391375487657,-26.142334143638237,36,0.6898631592421915,-0.6158514715926322
0805006,2022,1005.6359442763679,1210.0391375487657,-16.89227950812129,39,0.6903253328213006,-0.6035516709309319
0805006,2023,676.6585324629406,1210.0391375487657,-44.079615983853195,84,0.6284489247311827,-2.2502651992931777
0805006,2024,1486.0002684828107,1210.0391375487657,22.805967374995223,71,0.6448177295760722,-1.8146430742670512
0805006,2025,887.7402071228486,1210.0391375487657,-26.635413717180544,63,0.644462877624168,-1.824086730222571
0805006,2026,741.2973040072342,1210.0391375487657,-38.73774153215278,64,0.6294425883256528,-2.2238208833711575
0805007,2021,882.1889829969188,1174.1003952651167,-24.862559747480805,40,0.7104044418842805,-0.3412071884863968
0805007,2022,966.3955176515229,1174.1003952651167,-17.69055512213614,41,0.7010844214029698,-0.6139585118095573
0805007,2023,659.7859999983458,1174.1003952651167,-43.80497590673553,79,0.6382061571940604,-2.4540971473022757
0805007,2024,1393.9419243549241,1174.1003952651167,18.72425305164524,66,0.6712378877765418,-1.4874202772146634
0805007,2025,849.3664641040311,1174.1003952651167,-27.658105939719007,62,0.6614049539170507,-1.7751820613977958
0805007,2026,699.3241446771984,1174.1003952651167,-40.437449174072704,63,0.6444295314900154,-2.2719694815786977
0901001,2021,1182.621423841775,1395.3780406721753,-15.247238427796399,25,0.6633549027137737,-0.5673386060407294
0901001,2022,1180.0034568540077,1395.3780406721753,-15.434855468588161,27,0.6458168202764977,-0.7729792981886188
0901001,2023,957.1115680945401,1395.3780406721753,-31.40843984949881,60,0.5515960061443932,-1.877754207427382
0901001,2024,1737.349192128234,1395.3780406721753,24.50741960159599,62,0.51872030651341,-2.263234299172893
0901001,2025,1129.5774558615253,1395.3780406721753,-19.04864323954888,46,0.5470718766001024,-1.93080134836665
0901001,2026,862.8278246577947,1395.3780406721753,-38.165300047135815,48,0.53317773937532,-2.09371539589269
0901002,2021,1147.8088766320157,1342.7870674517048,-14.520410238215364,25,0.6633549027137737,-0.5673386060407294
0901002,2022,1120.9296702389274,1342.7870674517048,-16.522157726303604,27,0.6458168202764977,-0.7729792981886188
0901002,2023,929.3163769439852,1342.7870674517048,-30.791977412501456,60,0.5515960061443932,-1.877754207427382
0901002,2024,1700.3156500350403,1342.7870674517048,26.625858354581936,62,0.51872030651341,-2.263234299172893
0901002,2025,1118.8262902441202,1342.7870674517048,-16.678800580989343,46,0.5470718766001024,-1.93080134836665
0901002,2026,823.8930086533385,1342.7870674517048,-38.64306347417433,48,0.53317773937532,-2.09371539589269
0901003,2021,1172.6542749495056,1332.6766202445265,-12.007590053291331,25,0.6633549027137737,-0.5673386060407294
0901003,2022,1113.4288686228938,1332.6766202445265,-16.45168439898075,27,0.6458168202764977,-0.7729792981886188
0901003,2023,942.0894457610431,1332.6766202445265,-29.30847352989628,60,0.5515960061443932,-1.877754207427382
0901003,2024,1716.9924416131041,1332.6766202445265,28.837890267637576,62,0.51872030651341,-2.263234299172893
0901003,2025,1146.801564605526,1332.6766202445265,-13.947498801689427,46,0.5470718766001024,-1.93080134836665
0901003,2026,827.6875247970823,1332.6766202445265,-37.89284570436796,48,0.53317773937532,-2.09371539589269
0901004,2021,1135.0139261876427,1346.7875732124276,-15.724354102826428,25,0.6633549027137737,-0.5673386060407294
0901004,2022,1115.5953321305126,1346.7875732124276,-17.16619945716185,27,0.6458168202764977,-0.7729792981886188
0901004,2023,916.458589258486,1346.7875732124276,-31.952253830758075,60,0.5515960061443932,-1.877754207427382
0901004,2024,1615.107986911973,1346.7875732124276,19.92299446745961,62,0.51872030651341,-2.263234299172893
0901004,2025,1011.4719500153481,1346.7875732124276,-24.897439645754027,46,0.5470718766001024,-1.93080134836665
0901004,2026,841.6727150799126,1346.7875732124276,-37.505161777494635,48,0.53317773937532,-2.09371539589269
0901005,2021,1085.4634945298153,1334.217939379683,-18.644213775563603,25,0.6765000640040962,-0.2801678433460796
0901005,2022,1083.0402850534872,1334.217939379683,-18.82583398953365,28,0.6447327828981054,-0.7490265517573144
0901005,2023,882.6543840606978,1334.217939379683,-33.8448121548216,64,0.560723374295955,-1.9889357111272008
0901005,2024,1563.003127796678,1334.217939379683,17.147512536322505,55,0.5446151279199111,-2.226680060901523
0901005,2025,954.921192204055,1334.217939379683,-28.42839509053327,44,0.560670634920635,-1.9897141005434198
0901005,2026,846.5825409602214,1334.217939379683,-36.54840667531255,48,0.5637272785458269,-1.944600577059955
0901006,2021,1092.336721578277,1313.845783688403,-16.859593786439383,25,0.6765000640040962,-0.2801678433460796
0901006,2022,1075.3692867297668,1313.845783688403,-18.15102654507541,28,0.6447327828981054,-0.7490265517573144
0901006,2023,890.8765128839098,1313.845783688403,-32.1932205480827,64,0.560723374295955,-1.9889357111272008
0901006,2024,1532.5355004282703,1313.845783688403,16.645006549089235,55,0.5446151279199111,-2.226680060901523
0901006,2025,948.5858223768203,1313.845783688403,-27.80082455995529,44,0.560670634920635,-1.9897141005434198
0901006,2026,832.6440780106029,1313.845783688403,-36.6254328820013,48,0.5637272785458269,-1.944600577059955
0902001,2021,1198.5246177978738,1292.8636165227229,-7.29690259043584,42,0.6413163722478239,-0.6816575604562318
0902001,2022,1084.6429822263815,1292.8636165227229,-16.105382782475555,36,0.6217303507424475,-0.9522204719409562
0902001,2023,910.0111510214988,1292.8636165227229,-29.612749605479767,70,0.5643089477726574,-1.745444453890499
0902001,2024,1663.356053536712,1292.8636165227229,28.65673008963335,66,0.5477473736250155,-1.9742274008981961
0902001,2025,1158.706529379383,1292.8636165227229,-10.37673931177426,50,0.6036404249871992,-1.2021161937208473
0902001,2026,811.8375190458705,1292.8636165227229,-37.20625217767492,57,0.5556041346646186,-1.8656934578954663
0902002,2021,1153.2005717136033,1313.5489721622403,-12.20726473446107,25,0.6633549027137737,-0.5673386060407294
0902002,2022,1075.7645794937987,1313.5489721622403,-18.10243833368644,27,0.6458168202764977,-0.7729792981886188
0902002,2023,925.9296925464103,1313.5489721622403,-29.50931315318741,60,0.5515960061443932,-1.877754207427382
0902002,2024,1658.828570688175,1313.5489721622403,26.286008808454856,62,0.51872030651341,-2.263234299172893
0902002,2025,1076.2865340999351,1313.5489721622403,-18.0627021215468,46,0.5470718766001024,-1.93080134836665
0902002,2026,806.4947758166592,1313.5489721622403,-38.60184942407715,48,0.53317773937532,-2.09371539589269
0902003,2021,1141.5144419099545,1277.6202226886057,-10.653070322590244,42,0.6413163722478239,-0.6816575604562318
0902003,2022,1037.3895125860167,1277.6202226886057,-18.802982751560627,36,0.6217303507424475,-0.9522204719409562
0902003,2023,901.3111024566182,1277.6202226886057,-29.45391075918382,70,0.5643089477726574,-1.745444453890499
0902003,2024,1587.8402915103788,1277.6202226886057,24.28108629722144,66,0.5477473736250155,-1.9742274008981961
0902003,2025,1040.21832728276,1277.6202226886057,-18.581569952474663,50,0.6036404249871992,-1.2021161937208473
0902003,2026,787.1955189995466,1277.6202226886057,-38.38579688861032,57,0.5556041346646186,-1.8656934578954663
0902004,2021,1116.3676728567684,1305.2945388282935,-14.473887720476988,25,0.6633549027137737,-0.5673386060407294
0902004,2022,1046.181284491827,1305.2945388282935,-19.850941425761366,27,0.6458168202764977,-0.7729792981886188
0902004,2023,910.234808546336,1305.2945388282935,-30.265945235363166,60,0.5515960061443932,-1.877754207427382
0902004,2024,1561.4877040374706,1305.2945388282935,19.627230298469694,62,0.51872030651341,-2.263234299172893
0902004,2025,959.5700796304566,1305.2945388282935,-26.486317755391735,46,0.5470718766001024,-1.93080134836665
0902004,2026,814.6372475087628,1305.2945388282935,-37.5897758493629,48,0.53317773937532,-2.09371539589269
0902005,2021,1134.974833128975,1285.5516662925297,-11.713012950915555,28,0.6858848566308244,-0.17335111267165768
0902005,2022,1020.5901919934595,1285.5516662925297,-20.61072154829892,29,0.6678261008704557,-0.46653339569893765
0902005,2023,881.5500093963699,1285.5516662925297,-31.42632594933205,59,0.5770546594982079,-1.9401996199022542
0902005,2024,1540.4520219465319,1285.5516662925297,19.828091109641882,54,0.5571182486713633,-2.2638654648333523
0902005,2025,940.0838848908039,1285.5516662925297,-26.873115290499257,45,0.6079718381976447,-1.4382619916324437
0902005,2026,791.3814617240124,1285.5516662925297,-38.44032235543522,49,0.5528679595494111,-2.3328685282135333
0903001,2021,1102.8248623380114,1324.0150250064194,-16.706016056527424,25,0.6765000640040962,-0.2801678433460796
0903001,2022,1059.0905858474432,1324.0150250064194,-20.009171660094395,28,0.6447327828981054,-0.7490265517573144
0903001,2023,878.340807206981,1324.0150250064194,-33.66081270847191,64,0.560723374295955,-1.9889357111272008
0903001,2024,1547.7002396622886,1324.0150250064194,16.894461953313915,55,0.5446151279199111,-2.226680060901523
0903001,2025,920.0821737806596,1324.0150250064194,-30.508177293818957,44,0.560670634920635,-1.9897141005434198
0903001,2026,812.3354920964223,1324.0150250064194,-38.64605183823471,48,0.5637272785458269,-1.944600577059955
0903002,2021,1111.4683838165215,1304.5403701784335,-14.800000887324309,25,0.6765000640040962,-0.2801678433460796
0903002,2022,1044.6036546146722,1304.5403701784335,-19.925540175365168,28,0.6447327828981054,-0.7490265517573144
0903002,2023,886.9178459887316,1304.5403701784335,-32.01300118696824,64,0.560723374295955,-1.9889357111272008
0903002,2024,1522.422941203123,1304.5403701784335,16.70186496374104,55,0.5446151279199111,-2.226680060901523
0903002,2025,907.0874768898021,1304.5403701784335,-30.46689105023773,44,0.560670634920635,-1.9897141005434198
0903002,2026,807.8203636692,1304.5403701784335,-38.07624645922554,48,0.5637272785458269,-1.944600577059955
0903003,2021,1105.5163967008457,1301.7902850444768,-15.0772279220785,25,0.6765000640040962,-0.2801678433460796
0903003,2022,1031.5695789974732,1301.7902850444768,-20.757621957347094,28,0.6447327828981054,-0.7490265517573144
0903003,2023,860.6580175161522,1301.7902850444768,-33.886584697722874,64,0.560723374295955,-1.9889357111272008
0903003,2024,1523.450266449695,1301.7902850444768,17.027318758769574,55,0.5446151279199111,-2.226680060901523
0903003,2025,908.3550718739343,1301.7902850444768,-30.222626308591664,44,0.560670634920635,-1.9897141005434198
0903003,2026,804.7563889659369,1301.7902850444768,-38.18079623028976,48,0.5637272785458269,-1.944600577059955
0903004,2021,1126.1645837812212,1321.2327668703401,-14.7641042502439,19,0.7159428443420379,0.16255318495805446
0903004,2022,1039.8560052877299,1321.2327668703401,-21.29653219614885,27,0.6840953020993343,-0.3332828006352302
0903004,2023,875.5726861394978,1321.2327668703401,-33.73062581444269,57,0.5678326292882745,-2.1433821961133432
0903004,2024,1561.6598549720422,1321.2327668703401,18.19717873567516,45,0.5519707699913484,-2.3903362806042816
0903004,2025,926.5378324032176,1321.2327668703401,-29.873232360264048,38,0.56659863031234,-2.1625943881811236
0903004,2026,809.980347115744,1321.2327668703401,-38.69510600812764,40,0.5740988863287251,-2.045822525355877
0903005,2021,1089.712281127021,1286.505451130025,-15.296722592986077,19,0.7159428443420379,0.16255318495805446
0903005,2022,991.2788967905366,1286.505451130025,-22.94794429982173,27,0.6840953020993343,-0.3332828006352302
0903005,2023,816.4162694741407,1286.505451130025,-36.54000698115761,57,0.5678326292882745,-2.1433821961133432
0903005,2024,1541.1518711325748,1286.505451130025,19.793652625325183,45,0.5519707699913484,-2.3903362806042816
0903005,2025,931.767225607393,1286.505451130025,-27.573783322180358,38,0.56659863031234,-2.1625943881811236
0903005,2026,824.930347104333,1286.505451130025,-35.87820818172665,40,0.5740988863287251,-2.045822525355877
0904001,2021,1068.6439953381819,1296.5355710823274,-17.576962856013676,25,0.6765000640040962,-0.2801678433460796
0904001,2022,1047.4827601231812,1296.5355710823274,-19.209099735785948,28,0.6447327828981054,-0.7490265517573144
0904001,2023,874.2279774926884,1296.5355710823274,-32.572002111527354,64,0.560723374295955,-1.9889357111272008
0904001,2024,1505.5820042245339,1296.5355710823274,16.123463004389293,55,0.5446151279199111,-2.226680060901523
0904001,2025,912.5859375377378,1296.5355710823274,-29.613505568850265,44,0.560670634920635,-1.9897141005434198
0904001,2026,810.7008640173533,1296.5355710823274,-37.47176073691576,48,0.5637272785458269,-1.944600577059955
0904002,2021,1126.7600844001715,1340.1556508117876,-15.92319267410122,25,0.6765000640040962,-0.2801678433460796
0904002,2022,1086.4063995741553,1340.1556508117876,-18.93431192741872,28,0.6447327828981054,-0.7490265517573144
0904002,2023,883.2389604367519,1340.1556508117876,-34.09430017313753,64,0.560723374295955,-1.9889357111272008
0904002,2024,1580.9017342921356,1340.1556508117876,17.964038978197657,55,0.5446151279199111,-2.226680060901523
0904002,2025,945.8838953597195,1340.1556508117876,-29.419848001479636,44,0.560670634920635,-1.9897141005434198
0904002,2026,845.6074850827713,1340.1556508117876,-36.90229306047011,48,0.5637272785458269,-1.944600577059955
0904003,2021,1078.776002847786,1279.0010776175475,-15.654801100146818,25,0.6765000640040962,-0.2801678433460796
0904003,2022,1005.4023449113888,1279.0010776175475,-21.391595167050465,28,0.6447327828981054,-0.7490265517573144
0904003,2023,814.7498988785101,1279.0010776175475,-36.2979505540229,64,0.560723374295955,-1.9889357111272008
0904003,2024,1545.9029440461234,1279.0010776175475,20.86799386641221,55,0.5446151279199111,-2.226680060901523
0904003,2025,921.3723630120004,1279.0010776175475,-27.96156476050185,44,0.560670634920635,-1.9897141005434198
0904003,2026,807.14394274785,1279.0010776175475,-36.89262996937007,48,0.5637272785458269,-1.944600577059955
0904004,2021,1109.2317345849833,1308.6501672442655,-15.238482953715149,25,0.6765000640040962,-0.2801678433460796
0904004,2022,1024.9102227074266,1308.6501672442655,-21.68187890384288,28,0.6447327828981054,-0.7490265517573144
0904004,2023,840.3335038209493,1308.6501672442655,-35.78623799892143,64,0.560723374295955,-1.9889357111272008
0904004,2024,1567.6745776933753,1308.6501672442655,19.793250857451024,55,0.5446151279199111,-2.226680060901523
0904004,2025,945.5243216259787,1308.6501672442655,-27.748122050291823,44,0.560670634920635,-1.9897141005434198
0904004,2026,829.0494032069674,1308.6501672442655,-36.648508214172594,48,0.5637272785458269,-1.944600577059955
0904005,2021,1107.5270176669906,1311.9449618190263,-15.581289619696237,25,0.6765000640040962,-0.2801678433460796
0904005,2022,1036.558383288956,1311.9449618190263,-20.990711237477804,28,0.6447327828981054,-0.7490265517573144
0904005,2023,852.9031727162367,1311.9449618190263,-34.989409042458846,64,0.560723374295955,-1.9889357111272008
0904005,2024,1561.6982557921542,1311.9449618190263,19.036872829393868,55,0.5446151279199111,-2.226680060901523
0904005,2025,954.6811255941655,1311.9449618190263,-27.231617683832603,44,0.560670634920635,-1.9897141005434198
0904005,2026,839.1676851833507,1311.9449618190263,-36.03636512161033,48,0.5637272785458269,-1.944600577059955
0904006,2021,1101.3787586657802,1288.9001468571005,-14.548946142071522,19,0.7159428443420379,0.16255318495805446
0904006,2022,1016.0815695219543,1288.9001468571005,-21.166773702400192,27,0.6840953020993343,-0.3332828006352302
0904006,2023,829.7157273119186,1288.9001468571005,-35.62606619798076,57,0.5678326292882745,-2.1433821961133432
0904006,2024,1540.5360335886664,1288.9001468571005,19.523303441710652,45,0.5519707699913484,-2.3903362806042816
0904006,2025,949.8378080601689,1288.9001468571005,-26.30633099264618,38,0.56659863031234,-2.1625943881811236
0904006,2026,827.049821086638,1288.9001468571005,-35.83290194330838,40,0.5740988863287251,-2.045822525355877
0904007,2021,1111.5837125584883,1300.0395715591903,-14.496163280220713,19,0.7159428443420379,0.16255318495805446
0904007,2022,1027.5448929520896,1300.0395715591903,-20.960491093381624,27,0.6840953020993343,-0.3332828006352302
0904007,2023,853.3082566307237,1300.0395715591903,-34.362901307125874,57,0.5678326292882745,-2.1433821961133432
0904007,2024,1548.2971590398981,1300.0395715591903,19.09615621799592,45,0.5519707699913484,-2.3903362806042816
0904007,2025,950.8283449343776,1300.0395715591903,-26.861584390542017,38,0.56659863031234,-2.1625943881811236
0904007,2026,833.2044968606046,1300.0395715591903,-35.9092972945963,40,0.5740988863287251,-2.045822525355877
0905001,2021,1060.9444628017056,1279.8783367451247,-17.105834801469694,33,0.7077758576548899,-0.5773212507442399
0905001,2022,1020.7384433492149,1279.8783367451247,-20.247228658852983,34,0.7065951740911418,-0.6033416567988051
0905001,2023,810.019898817603,1279.8783367451247,-36.71117983936073,74,0.6348933691756272,-2.1835364998811952
0905001,2024,1553.074499616573,1279.8783367451247,21.345479099694504,61,0.6451400630329996,-1.9577155067954217
0905001,2025,915.3060614176659,1279.8783367451247,-28.4849164846877,51,0.6471820276497696,-1.9127138229329497
0905001,2026,806.6059009776537,1279.8783367451247,-36.977923774462525,57,0.6392711853558628,-2.0870563267513544
0905002,2021,1060.769396571654,1260.237476535097,-15.82781687399596,33,0.7077758576548899,-0.5773212507442399
0905002,2022,988.7649040700612,1260.237476535097,-21.541382280697103,34,0.7065951740911418,-0.6033416567988051
0905002,2023,789.1768582761246,1260.237476535097,-37.37871845821541,74,0.6348933691756272,-2.1835364998811952
0905002,2024,1530.5999603281825,1260.237476535097,21.453296606955504,61,0.6451400630329996,-1.9577155067954217
0905002,2025,900.0981187674558,1260.237476535097,-28.577102686853113,51,0.6471820276497696,-1.9127138229329497
0905002,2026,791.1853335752237,1260.237476535097,-37.219345694232764,57,0.6392711853558628,-2.0870563267513544
0905003,2021,1007.8132461452954,1214.7687555494917,-17.03661774792533,33,0.7077758576548899,-0.5773212507442399
0905003,2022,929.5111097207922,1214.7687555494917,-23.482464833371957,34,0.7065951740911418,-0.6033416567988051
0905003,2023,742.5989570849554,1214.7687555494917,-38.869109557477366,74,0.6348933691756272,-2.1835364998811952
0905003,2024,1492.2326556802354,1214.7687555494917,22.84088217310421,61,0.6451400630329996,-1.9577155067954217
0905003,2025,868.357802319354,1214.7687555494917,-28.516616981430445,51,0.6471820276497696,-1.9127138229329497
0905003,2026,782.9074688471778,1214.7687555494917,-35.55090503681622,57,0.6392711853558628,-2.0870563267513544
0905004,2021,1025.2171113159695,1216.3233222461593,-15.71179368469872,33,0.7241259600614439,-0.3871458858830264
0905004,2022,928.8079403131127,1216.3233222461593,-23.638071939794578,37,0.72067089093702,-0.4863011847917881
0905004,2023,753.7889338061418,1216.3233222461593,-38.02725640299856,76,0.6470059523809524,-2.600374373657513
0905004,2024,1497.4468913384467,1216.3233222461593,23.112569162378826,62,0.6824293659621802,-1.5837755631775796
0905004,2025,881.4690177264623,1216.3233222461593,-27.530040606417742,53,0.6746053507424475,-1.808313058620203
0905004,2026,798.1116654129072,1216.3233222461593,-34.38326382338449,57,0.6557982590885817,-2.3480483656104676
0905005,2021,1017.767041032309,1206.117221357109,-15.616241687758226,33,0.7241259600614439,-0.3871458858830264
0905005,2022,934.1932122205677,1206.117221357109,-22.545404735252475,37,0.72067089093702,-0.4863011847917881
0905005,2023,738.1405074207285,1206.117221357109,-38.800267971451284,76,0.6470059523809524,-2.600374373657513
0905005,2024,1492.097704997988,1206.117221357109,23.7108366066689,62,0.6824293659621802,-1.5837755631775796
0905005,2025,887.1424426844629,1206.117221357109,-26.44641607170979,53,0.6746053507424475,-1.808313058620203
0905005,2026,791.8010873117692,1206.117221357109,-34.35123275821866,57,0.6557982590885817,-2.3480483656104676
0906001,2021,1009.9573981649598,1207.9451046101972,-16.390455633257258,33,0.7241259600614439,-0.3871458858830264
0906001,2022,926.7717949279607,1207.9451046101972,-23.27699401314854,37,0.72067089093702,-0.4863011847917881
0906001,2023,753.6251388843747,1207.9451046101972,-37.61097784923191,76,0.6470059523809524,-2.600374373657513
0906001,2024,1480.7768789735069,1207.9451046101972,22.586438185148513,62,0.6824293659621802,-1.5837755631775796
0906001,2025,889.7115078314363,1207.9451046101972,-26.345037995866097,53,0.6746053507424475,-1.808313058620203
0906001,2026,797.0425991703449,1207.9451046101972,-34.01665389193742,57,0.6557982590885817,-2.3480483656104676
0906002,2021,978.4146834769617,1177.6729580942301,-16.91966120540954,33,0.7241259600614439,-0.3871458858830264
0906002,2022,903.0507401982055,1177.6729580942301,-23.319056110486915,37,0.72067089093702,-0.4863011847917881
0906002,2023,725.5281292402849,1177.6729580942301,-38.3930721807206,76,0.6470059523809524,-2.600374373657513
0906002,2024,1417.6346921684237,1177.6729580942301,20.37592291008463,62,0.6824293659621802,-1.5837755631775796
0906002,2025,866.8863127549291,1177.6729580942301,-26.389894002680645,53,0.6746053507424475,-1.808313058620203
0906002,2026,778.8728161403296,1177.6729580942301,-33.86340318107151,57,0.6557982590885817,-2.3480483656104676
0906003,2021,1026.6503644830568,1219.486961294024,-15.81292813547954,33,0.7241259600614439,-0.3871458858830264
0906003,2022,935.6853847797478,1219.486961294024,-23.272210816680502,37,0.72067089093702,-0.4863011847917881
0906003,2023,767.7676696852028,1219.486961294024,-37.041748370109026,76,0.6470059523809524,-2.600374373657513
0906003,2024,1485.737153756553,1219.486961294024,21.832967543991213,62,0.6824293659621802,-1.5837755631775796
0906003,2025,903.2300219328615,1219.486961294024,-25.93360563901195,53,0.6746053507424475,-1.808313058620203
0906003,2026,806.6744084136091,1219.486961294024,-33.85132977907124,57,0.6557982590885817,-2.3480483656104676
0906004,2021,1073.2560578908494,1258.8078771814442,-14.740281074984832,33,0.7241259600614439,-0.3871458858830264
0906004,2022,978.7709989706775,1258.8078771814442,-22.246196841235864,37,0.72067089093702,-0.4863011847917881
0906004,2023,790.903076148765,1258.8078771814442,-37.1704697368394,76,0.6470059523809524,-2.600374373657513
0906004,2024,1529.8548603452705,1258.8078771814442,21.532037420255016,62,0.6824293659621802,-1.5837755631775796
0906004,2025,932.8081718758447,1258.8078771814442,-25.897494861212248,53,0.6746053507424475,-1.808313058620203
0906004,2026,821.4969582209017,1258.8078771814442,-34.74008439951227,57,0.6557982590885817,-2.3480483656104676
0907001,2021,970.497570928398,1169.130973249537,-16.98983320654384,33,0.7241259600614439,-0.3871458858830264
0907001,2022,877.3224810617484,1169.130973249537,-24.95943558630754,37,0.72067089093702,-0.4863011847917881
0907001,2023,718.5083443816487,1169.130973249537,-38.543383006559715,76,0.6470059523809524,-2.600374373657513
0907001,2024,1393.0770148228935,1169.130973249537,19.154914778359732,62,0.6824293659621802,-1.5837755631775796
0907001,2025,859.0595883754509,1169.130973249537,-26.521526840766118,53,0.6746053507424475,-1.808313058620203
0907001,2026,748.8965413396884,1169.130973249537,-35.944170629731026,57,0.6557982590885817,-2.3480483656104676
0907002,2021,1013.8209785023824,1212.8373299735667,-16.40915451336922,33,0.7241259600614439,-0.3871458858830264
0907002,2022,925.2695790109103,1212.8373299735667,-23.710331456315238,37,0.72067089093702,-0.4863011847917881
0907002,2023,752.2065978200875,1212.8373299735667,-37.9795971619309,76,0.6470059523809524,-2.600374373657513
0907002,2024,1461.0979471045055,1212.8373299735667,20.469407644003624,62,0.6824293659621802,-1.5837755631775796
0907002,2025,899.9663638772198,1212.8373299735667,-25.796614134821017,53,0.6746053507424475,-1.808313058620203
0907002,2026,795.3013326783413,1212.8373299735667,-34.426380766522534,57,0.6557982590885817,-2.3480483656104676
0907003,2021,1069.4233256743328,1290.8294050655136,-17.152233945270545,19,0.7159428443420379,0.16255318495805446
0907003,2022,987.0158104694681,1290.8294050655136,-23.536308779751266,27,0.6840953020993343,-0.3332828006352302
0907003,2023,793.8436929249114,1290.8294050655136,-38.50126981848378,57,0.5678326292882745,-2.1433821961133432
0907003,2024,1567.6026072868426,1290.8294050655136,21.44150118793443,45,0.5519707699913484,-2.3903362806042816
0907003,2025,959.3600604461052,1290.8294050655136,-25.678787864503697,38,0.56659863031234,-2.1625943881811236
0907003,2026,844.0617812832738,1290.8294050655136,-34.610896066437604,40,0.5740988863287251,-2.045822525355877
0907004,2021,975.013020646438,1172.8589107599553,-16.868686275770614,33,0.7241259600614439,-0.3871458858830264
0907004,2022,893.058633909305,1172.8589107599553,-23.856260483143146,37,0.72067089093702,-0.4863011847917881
0907004,2023,728.6062850209014,1172.8589107599553,-37.87775508745548,76,0.6470059523809524,-2.600374373657513
0907004,2024,1388.1964169830708,1172.8589107599553,18.360052027365107,62,0.6824293659621802,-1.5837755631775796
0907004,2025,870.9199700796377,1172.8589107599553,-25.7438416428687,53,0.6746053507424475,-1.808313058620203
0907004,2026,755.1067954977583,1172.8589107599553,-35.61827526138792,57,0.6557982590885817,-2.3480483656104676
0907005,2021,1047.8236769737566,1249.950658186835,-16.17079681419438,19,0.7159428443420379,0.16255318495805446
0907005,2022,955.4294631847908,1249.950658186835,-23.562625698303435,27,0.6840953020993343,-0.3332828006352302
0907005,2023,779.7887569721993,1249.950658186835,-37.61443686878389,57,0.5678326292882745,-2.1433821961133432
0907005,2024,1505.1047786383992,1249.950658186835,20.41313541301607,45,0.5519707699913484,-2.3903362806042816
0907005,2025,931.0915569633506,1249.950658186835,-25.509735055143533,38,0.56659863031234,-2.1625943881811236
0907005,2026,816.6077240307717,1249.950658186835,-34.668803229774355,40,0.5740988863287251,-2.045822525355877
1001001,2021,1110.0715439031426,1263.0494389309474,-12.111789951570403,28,0.6858848566308244,-0.17335111267165768
1001001,2022,987.05886388492,1263.0494389309474,-21.851130014326873,29,0.6678261008704557,-0.46653339569893765
1001001,2023,843.1772196023235,1263.0494389309474,-33.242738279825865,59,0.5770546594982079,-1.9401996199022542
1001001,2024,1479.3108092236284,1263.0494389309474,17.122161938152313,54,0.5571182486713633,-2.2638654648333523
1001001,2025,862.8993232075937,1263.0494389309474,-31.681271008840564,45,0.6079718381976447,-1.4382619916324437
1001001,2026,773.302545666601,1263.0494389309474,-38.77495830083034,49,0.5528679595494111,-2.3328685282135333
1001002,2021,1127.5147283330132,1266.9169060006875,-11.003261303673746,28,0.6858848566308244,-0.17335111267165768
1001002,2022,982.754140747762,1266.9169060006875,-22.42947141260828,29,0.6678261008704557,-0.46653339569893765
1001002,2023,838.1531382557127,1266.9169060006875,-33.84308518689402,59,0.5770546594982079,-1.9401996199022542
1001002,2024,1496.0346180253591,1266.9169060006875,18.08466766363818,54,0.5571182486713633,-2.2638654648333523
1001002,2025,886.4299770754076,1266.9169060006875,-30.0325086138738,45,0.6079718381976447,-1.4382619916324437
1001002,2026,760.043484819473,1266.9169060006875,-40.008418766884745,49,0.5528679595494111,-2.3328685282135333
1001003,2021,1103.0812789011918,1278.9882273151352,-13.753601843795623,19,0.7159428443420379,0.16255318495805446
1001003,2022,1008.3478894080525,1278.9882273151352,-21.160502663516578,27,0.6840953020993343,-0.3332828006352302
1001003,2023,868.0770959138797,1278.9882273151352,-32.127827498760034,57,0.5678326292882745,-2.1433821961133432
1001003,2024,1481.5154060448167,1278.9882273151352,15.83495253547631,45,0.5519707699913484,-2.3903362806042816
1001003,2025,870.2814736307772,1278.9882273151352,-31.955474253451047,38,0.56659863031234,-2.1625943881811236
1001003,2026,780.9786554938328,1278.9882273151352,-38.937776062781204,40,0.5740988863287251,-2.045822525355877
1001004,2021,1110.8179701314164,1290.987373816708,-13.955938480841544,28,0.6858848566308244,-0.17335111267165768
1001004,2022,994.9201505916166,1290.987373816708,-22.933394177960917,29,0.6678261008704557,-0.46653339569893765
1001004,2023,863.4532909516313,1290.987373816708,-33.11682914458753,59,0.5770546594982079,-1.9401996199022542
1001004,2024,1499.897853384327,1290.987373816708,16.182224846242352,54,0.5571182486713633,-2.2638654648333523
1001004,2025,875.1060834778268,1290.987373816708,-32.21420277019124,45,0.6079718381976447,-1.4382619916324437
1001004,2026,777.8664949542782,1290.987373816708,-39.74639018702608,49,0.5528679595494111,-2.3328685282135333
1001005,2021,1126.2441431391271,1305.6790044925317,-13.742647368611413,28,0.6858848566308244,-0.17335111267165768
1001005,2022,981.1223257723345,1305.6790044925317,-24.85731007418168,29,0.6678261008704557,-0.46653339569893765
1001005,2023,852.8283598093865,1305.6790044925317,-34.6831528365696,59,0.5770546594982079,-1.9401996199022542
1001005,2024,1519.6620154276366,1305.6790044925317,16.388638417163797,54,0.5571182486713633,-2.2638654648333523
1001005,2025,878.0671507551191,1305.6790044925317,-32.750151627322005,45,0.6079718381976447,-1.4382619916324437
1001005,2026,773.5831971483768,1305.6790044925317,-40.75242119336678,49,0.5528679595494111,-2.3328685282135333
1001006,2021,1092.3025601684026,1283.163052215691,-14.874219742979799,19,0.7159428443420379,0.16255318495805446
1001006,2022,994.9457682949532,1283.163052215691,-22.46146999191265,27,0.6840953020993343,-0.3332828006352302
1001006,2023,841.7315284070816,1283.163052215691,-34.40182625632583,57,0.5678326292882745,-2.1433821961133432
1001006,2024,1520.0691235695151,1283.163052215691,18.46266309996601,45,0.5519707699913484,-2.3903362806042816
1001006,2025,895.9655544693996,1283.163052215691,-30.175237439832873,38,0.56659863031234,-2.1625943881811236
1001006,2026,796.8747087961386,1283.163052215691,-37.89762669520901,40,0.5740988863287251,-2.045822525355877
1001007,2021,1081.183103562377,1297.75218291639,-16.68801503129244,19,0.7159428443420379,0.16255318495805446
1001007,2022,974.8722268775819,1297.75218291639,-24.879939351225907,27,0.6840953020993343,-0.3332828006352302
1001007,2023,853.0545477997777,1297.75218291639,-34.26676070906388,57,0.5678326292882745,-2.1433821961133432
1001007,2024,1532.815950978208,1297.75218291639,18.11314757595461,45,0.5519707699913484,-2.3903362806042816
1001007,2025,899.1027832995924,1297.75218291639,-30.71845340463444,38,0.56659863031234,-2.1625943881811236
1001007,2026,775.8865359869968,1297.75218291639,-40.213043275845166,40,0.5740988863287251,-2.045822525355877
1001008,2021,1093.3130051555836,1305.274765927943,-16.238861449349482,24,0.7454569252432156,0.5097324161357745
1001008,2022,957.8836284781629,1305.274765927943,-26.61440690633543,29,0.7249432283666154,0.14530526108490993
1001008,2023,861.7096588086607,1305.274765927943,-33.98250841108875,54,0.5907713133640553,-2.2382675081844114
1001008,2024,1517.9598335458322,1305.274765927943,16.29427559389671,45,0.581604653318502,-2.4011138182286045
1001008,2025,872.8303935213394,1305.274765927943,-33.130524215655946,35,0.6232039170506912,-1.6621002008720418
1001008,2026,756.5425017017657,1305.274765927943,-42.03959798733057,46,0.557714605734767,-2.8255220625027686
1002001,2021,1064.5204693428243,1214.26499626561,-12.332112626429565,19,0.7159428443420379,0.16255318495805446
1002001,2022,944.699530175164,1214.26499626561,-22.199887744394875,27,0.6840953020993343,-0.3332828006352302
1002001,2023,766.5431320533802,1214.26499626561,-36.871841450520954,57,0.5678326292882745,-2.1433821961133432
1002001,2024,1427.298464552634,1214.26499626561,17.54423202037396,45,0.5519707699913484,-2.3903362806042816
1002001,2025,849.4238096668637,1214.26499626561,-30.04625742492708,38,0.56659863031234,-2.1625943881811236
1002001,2026,753.3949954083691,1214.26499626561,-37.95464764895764,40,0.5740988863287251,-2.045822525355877
1002002,2021,1048.0764565427653,1218.9645588330782,-14.019119838390138,19,0.7159428443420379,0.16255318495805446
1002002,2022,920.3100258544932,1218.9645588330782,-24.500674019964013,27,0.6840953020993343,-0.3332828006352302
1002002,2023,779.9066591906599,1218.9645588330782,-36.01892249129302,57,0.5678326292882745,-2.1433821961133432
1002002,2024,1428.9265535256245,1218.9645588330782,17.224618482225946,45,0.5519707699913484,-2.3903362806042816
1002002,2025,838.1546326520689,1218.9645588330782,-31.240442834987817,38,0.56659863031234,-2.1625943881811236
1002002,2026,745.480281777523,1218.9645588330782,-38.84315369339568,40,0.5740988863287251,-2.045822525355877
1002003,2021,1044.3008277519586,1253.185295976037,-16.668282726808545,24,0.7454569252432156,0.5097324161357745
1002003,2022,911.53895722235,1253.185295976037,-27.26223646660309,29,0.7249432283666154,0.14530526108490993
1002003,2023,814.9228754271246,1253.185295976037,-34.97187702059446,54,0.5907713133640553,-2.2382675081844114
1002003,2024,1454.3533167711455,1253.185295976037,16.052536000945484,45,0.581604653318502,-2.4011138182286045
1002003,2025,859.6689295233821,1253.185295976037,-31.401291390525508,35,0.6232039170506912,-1.6621002008720418
1002003,2026,729.9841949029541,1253.185295976037,-41.74969996480771,46,0.557714605734767,-2.8255220625027686
1002004,2021,991.3038042721482,1153.8852325457294,-14.089913250288342,24,0.7454569252432156,0.5097324161357745
1002004,2022,863.3181145382855,1153.8852325457294,-25.18163070398152,29,0.7249432283666154,0.14530526108490993
1002004,2023,750.6937738654457,1153.8852325457294,-34.942076326841715,54,0.5907713133640553,-2.2382675081844114
1002004,2024,1305.117002712429,1153.8852325457294,13.10630952725241,45,0.581604653318502,-2.4011138182286045
1002004,2025,776.9556726028832,1153.8852325457294,-32.66612218541485,35,0.6232039170506912,-1.6621002008720418
1002004,2026,662.489091902986,1153.8852325457294,-42.586223203378154,46,0.557714605734767,-2.8255220625027686
1002005,2021,994.0736755239408,1140.109066721979,-12.808896574949316,11,0.7093293010752688,0.18200915904224965
1002005,2022,874.0798600694877,1140.109066721979,-23.33366292905411,24,0.7069359318996415,0.13406935349194563
1002005,2023,721.967854933264,1140.109066721979,-36.67554482229907,46,0.5749240911418331,-2.5101620675166387
1002005,2024,1281.1230463727843,1140.109066721979,12.368464015135519,30,0.614737764182425,-1.7126838668085826
1002005,2025,786.3784194155581,1140.109066721979,-31.026035809316102,31,0.6155368023553507,-1.6966789248934728
1002005,2026,694.3868403303102,1140.109066721979,-39.09470062133628,28,0.6139639016897082,-1.7281845333172483
1002006,2021,958.3214087986656,1102.488781545646,-13.07653875124818,11,0.7093293010752688,0.18200915904224965
1002006,2022,841.5659554254909,1102.488781545646,-23.66671030922886,24,0.7069359318996415,0.13406935349194563
1002006,2023,710.8448066298738,1102.488781545646,-35.52362450044187,46,0.5749240911418331,-2.5101620675166387
1002006,2024,1221.2400083832172,1102.488781545646,10.771195936441794,30,0.614737764182425,-1.7126838668085826
1002006,2025,766.2682649302709,1102.488781545646,-30.496502299461685,31,0.6155368023553507,-1.6966789248934728
1002006,2026,676.4506906896285,1102.488781545646,-38.64330394897341,28,0.6139639016897082,-1.7281845333172483
1002007,2021,1019.2250056195528,1170.0112005450483,-12.887585593646618,19,0.7159428443420379,0.16255318495805446
1002007,2022,897.66697556743,1170.0112005450483,-23.277061352126122,27,0.6840953020993343,-0.3332828006352302
1002007,2023,734.8946783551161,1170.0112005450483,-37.18909032556558,57,0.5678326292882745,-2.1433821961133432
1002007,2024,1332.5918645735599,1170.0112005450483,13.89565022563661,45,0.5519707699913484,-2.3903362806042816
1002007,2025,805.4037489767738,1170.0112005450483,-31.16273172414268,38,0.56659863031234,-2.1625943881811236
1002007,2026,721.0298425675825,1170.0112005450483,-38.37410768104685,40,0.5740988863287251,-2.045822525355877
1002008,2021,1022.8581017668438,1201.9564740927676,-14.900570543630263,24,0.7454569252432156,0.5097324161357745
1002008,2022,886.4226297025031,1201.9564740927676,-26.251686412224565,29,0.7249432283666154,0.14530526108490993
1002008,2023,786.0722793874397,1201.9564740927676,-34.60060357170885,54,0.5907713133640553,-2.2382675081844114
1002008,2024,1395.8274565256668,1201.9564740927676,16.129617553683236,45,0.581604653318502,-2.4011138182286045
1002008,2025,808.839678860146,1201.9564740927676,-32.706408568525305,35,0.6232039170506912,-1.6621002008720418
1002008,2026,705.1392710033427,1201.9564740927676,-41.334042770926516,46,0.557714605734767,-2.8255220625027686
1003001,2021,1103.5561005937666,1280.0299837854418,-13.786699173232467,19,0.7159428443420379,0.16255318495805446
1003001,2022,969.4535339960986,1280.0299837854418,-24.263216778006502,27,0.6840953020993343,-0.3332828006352302
1003001,2023,799.8196384055437,1280.0299837854418,-37.515554437230335,57,0.5678326292882745,-2.1433821961133432
1003001,2024,1521.1545499822457,1280.0299837854418,18.837415470825498,45,0.5519707699913484,-2.3903362806042816
1003001,2025,896.9235096060896,1280.0299837854418,-29.929492201923946,38,0.56659863031234,-2.1625943881811236
1003001,2026,797.6365201811776,1280.0299837854418,-37.68610655335421,40,0.5740988863287251,-2.045822525355877
1003002,2021,1071.967767440249,1224.3178734286043,-12.443672455888526,19,0.7159428443420379,0.16255318495805446
1003002,2022,942.4452129474104,1224.3178734286043,-23.022833089239487,27,0.6840953020993343,-0.3332828006352302
1003002,2023,767.4761629954572,1224.3178734286043,-37.31397869360499,57,0.5678326292882745,-2.1433821961133432
1003002,2024,1426.88001873784,1224.3178734286043,16.544898159656565,45,0.5519707699913484,-2.3903362806042816
1003002,2025,856.007408451149,1224.3178734286043,-30.082911715242002,38,0.56659863031234,-2.1625943881811236
1003002,2026,759.22394546828275,1224.3178734286043,-37.988004427139764,40,0.5740988863287251,-2.045822525355877
1003003,2021,1067.5080009326016,1219.326626947044,-12.45102195418848,19,0.7159428443420379,0.16255318495805446
1003003,2022,932.4209930653155,1219.326626947044,-23.52984241803069,27,0.6840953020993343,-0.3332828006352302
1003003,2023,761.1172769800239,1219.326626947044,-37.5788849222695,57,0.5678326292882745,-2.1433821961133432
1003003,2024,1425.4594108326276,1219.326626947044,16.9054607133201,45,0.5519707699913484,-2.3903362806042816
1003003,2025,868.0967628962853,1219.326626947044,-28.805232026316823,38,0.56659863031234,-2.1625943881811236
1003003,2026,779.90718501403,1219.326626947044,-36.03787797476665,40,0.5740988863287251,-2.045822525355877
1003004,2021,1017.3208962756789,1157.2396917330675,-12.090735951844856,19,0.7159428443420379,0.16255318495805446
1003004,2022,889.0491497275585,1157.2396917330675,-23.175021036814787,27,0.6840953020993343,-0.3332828006352302
1003004,2023,725.8504796953004,1157.2396917330675,-37.27742965605717,57,0.5678326292882745,-2.1433821961133432
1003004,2024,1315.4322519351674,1157.2396917330675,13.669818044798719,45,0.5519707699913484,-2.3903362806042816
1003004,2025,817.053808036791,1157.2396917330675,-29.39632006458562,38,0.56659863031234,-2.1625943881811236
1003004,2026,728.291288005407,1157.2396917330675,-37.06651325493968,40,0.5740988863287251,-2.045822525355877
1003005,2021,948.7861922045681,1098.0325375186658,-13.592160543016748,11,0.7093293010752688,0.18200915904224965
1003005,2022,840.4436338490568,1098.0325375186658,-23.45913211749703,24,0.7069359318996415,0.13406935349194563
1003005,2023,699.019591614967,1098.0325375186658,-36.338900011596046,46,0.5749240911418331,-2.5101620675166387
1003005,2024,1204.4242021303212,1098.0325375186658,9.689299813653912,30,0.614737764182425,-1.7126838668085826
1003005,2025,775.0302072236033,1098.0325375186658,-29.416462559933173,31,0.6155368023553507,-1.6966789248934728
1003005,2026,678.9966873458429,1098.0325375186658,-38.16242559803921,28,0.6139639016897082,-1.7281845333172483
1003006,2021,972.4107820814586,1116.0545239851133,-12.870674220354733,11,0.7093293010752688,0.18200915904224965
1003006,2022,876.4480467247193,1116.0545239851133,-21.46906554393305,24,0.7069359318996415,0.13406935349194563
1003006,2023,709.4381624651454,1116.0545239851133,-36.433377830686666,46,0.5749240911418331,-2.5101620675166387
1003006,2024,1245.333698909804,1116.0545239851133,11.583589524199196,30,0.614737764182425,-1.7126838668085826
1003006,2025,802.5087194974127,1116.0545239851133,-28.09412961009447,31,0.6155368023553507,-1.6966789248934728
1003006,2026,714.0578289557534,1116.0545239851133,-36.01944944355801,28,0.6139639016897082,-1.7281845333172483
1003007,2021,938.9840611459425,1089.446103145715,-13.81087522965309,11,0.7093293010752688,0.18200915904224965
1003007,2022,838.5735622800072,1089.446103145715,-23.02753115930446,24,0.7069359318996415,0.13406935349194563
1003007,2023,681.8356016269908,1089.446103145715,-37.41447147699841,46,0.5749240911418331,-2.5101620675166387
1003007,2024,1193.8264411274947,1089.446103145715,9.581046522667565,30,0.614737764182425,-1.7126838668085826
1003007,2025,782.6795055716582,1089.446103145715,-28.15803339773168,31,0.6155368023553507,-1.6966789248934728
1003007,2026,677.280367847784,1089.446103145715,-37.83259530763618,28,0.6139639016897082,-1.7281845333172483
1004001,2021,956.7527080111481,1143.6975024932028,-16.345650320519585,33,0.7241259600614439,-0.3871458858830264
1004001,2022,881.749000098071,1143.6975024932028,-22.903652567579922,37,0.72067089093702,-0.4863011847917881
1004001,2023,722.2042028186411,1143.6975024932028,-36.853564754292776,76,0.6470059523809524,-2.600374373657513
1004001,2024,1311.0761383547037,1143.6975024932028,14.634869403546299,62,0.6824293659621802,-1.5837755631775796
1004001,2025,821.5800828789078,1143.6975024932028,-28.164564398549032,53,0.6746053507424475,-1.808313058620203
1004001,2026,743.7442924364564,1143.6975024932028,-34.97019178452945,57,0.6557982590885817,-2.3480483656104676
1004002,2021,1014.1095432465463,1213.5323550952642,-16.433250503078913,19,0.7159428443420379,0.16255318495805446
1004002,2022,922.3682712198137,1213.5323550952642,-23.99310431674429,27,0.6840953020993343,-0.3332828006352302
1004002,2023,758.5409689026314,1213.5323550952642,-37.49314011136647,57,0.5678326292882745,-2.1433821961133432
1004002,2024,1413.6450205209026,1213.5323550952642,16.49009724260127,45,0.5519707699913484,-2.3903362806042816
1004002,2025,877.5475728057722,1213.5323550952642,-27.68651209659067,38,0.56659863031234,-2.1625943881811236
1004002,2026,798.7565304182909,1213.5323550952642,-34.17921433536172,40,0.5740988863287251,-2.045822525355877
1004003,2021,995.1492782217641,1159.738380096739,-14.19191644422821,19,0.7159428443420379,0.16255318495805446
1004003,2022,905.6057178642455,1159.738380096739,-21.91293024305147,27,0.6840953020993343,-0.3332828006352302
1004003,2023,726.481337844221,1159.738380096739,-37.35817057433058,57,0.5678326292882745,-2.1433821961133432
1004003,2024,1337.981750324877,1159.738380096739,15.369274078285649,45,0.5519707699913484,-2.3903362806042816
1004003,2025,841.2098385677956,1159.738380096739,-27.465551455007773,38,0.56659863031234,-2.1625943881811236
1004003,2026,758.3733699486243,1159.738380096739,-34.60823725732308,40,0.5740988863287251,-2.045822525355877
1004004,2021,1043.2949574090917,1204.2189565865217,-13.363350435338194,19,0.7159428443420379,0.16255318495805446
1004004,2022,932.5290113159758,1204.2189565865217,-22.56150709009581,27,0.6840953020993343,-0.3332828006352302
1004004,2023,760.5082869491677,1204.2189565865217,-36.846344861992215,57,0.5678326292882745,-2.1433821961133432
1004004,2024,1411.8006235741886,1204.2189565865217,17.237867403788243,45,0.5519707699913484,-2.3903362806042816
1004004,2025,870.7363017204909,1204.2189565865217,-27.692858764764882,38,0.56659863031234,-2.1625943881811236
1004004,2026,791.0382567746159,1204.2189565865217,-34.31109413715821,40,0.5740988863287251,-2.045822525355877
1004005,2021,932.1277593690327,1098.642692719542,-15.156422962075515,11,0.7093293010752688,0.18200915904224965
1004005,2022,856.7354915554945,1098.642692719542,-22.018733002741673,24,0.7069359318996415,0.13406935349194563
1004005,2023,688.3972265189019,1098.642692719542,-37.34111817420209,46,0.5749240911418331,-2.5101620675166387
1004005,2024,1211.0925415656545,1098.642692719542,10.235343082085949,30,0.614737764182425,-1.7126838668085826
1004005,2025,769.098754667733,1098.642692719542,-29.99555180547985,31,0.6155368023553507,-1.6966789248934728
1004005,2026,691.9781509182328,1098.642692719542,-37.0151774090142,28,0.6139639016897082,-1.7281845333172483
1101001,2021,988.9148924193016,1312.7726518940688,-24.669752146916306,96,0.6567476958525346,-0.897154089221673
1101001,2022,1082.1266838680494,1312.7726518940688,-17.569376364844533,97,0.6552114055299539,-0.9385445582928381
1101001,2023,894.7692990409967,1312.7726518940688,-31.841259966070805,119,0.6498479902713774,-1.0830447677343886
1101001,2024,1765.5401312832098,1312.7726518940688,34.48940520933979,98,0.681073476702509,-0.2417730944292854
1101001,2025,1184.862589969499,1312.7726518940688,-9.743504462865005,101,0.6599869431643625,-0.8098828464731973
1101001,2026,1127.2112924810772,1312.7726518940688,-14.135071990208175,97,0.6475990783410138,-1.1436345653327546
1101002,2021,1000.4422636754194,1347.7862442415978,-25.77144425165354,80,0.6853204685099846,-0.8302587236730664
1101002,2022,1081.345395734635,1347.7862442415978,-19.76877636534194,89,0.6783350614439324,-0.9810915510831864
1101002,2023,919.2148921675341,1347.7862442415978,-31.798169324336868,109,0.6668637992831541,-1.228785477766654
1101002,2024,1685.0608762255822,1347.7862442415978,25.02434146549474,93,0.6986852984797923,-0.5416778187751566
1101002,2025,1194.9936592735926,1347.7862442415978,-11.336559162909543,98,0.6811093189964158,-0.9211882259586515
1101002,2026,1115.1945668760325,1347.7862442415978,-17.2573120076949,91,0.66722363031234,-1.221015804359106
1101003,2021,1005.9536321997297,1366.6591764774755,-26.393233257135403,80,0.6853204685099846,-0.8302587236730664
1101003,2022,1087.8281956561202,1366.6591764774755,-20.40237870717951,89,0.6783350614439324,-0.9810915510831864
1101003,2023,936.8173572795106,1366.6591764774755,-31.45201280584599,109,0.6668637992831541,-1.228785477766654
1101003,2024,1644.6747407887542,1366.6591764774755,20.342713757489687,93,0.6986852984797923,-0.5416778187751566
1101003,2025,1186.7837156813857,1366.6591764774755,-13.16169121695093,98,0.6811093189964158,-0.9211882259586515
1101003,2026,1110.2612012296981,1366.6591764774755,-18.760930278801165,91,0.66722363031234,-1.221015804359106
1101004,2021,961.663050347297,1268.4994691758907,-24.188927649133102,89,0.5717051971326165,-1.1125914188325032
1101004,2022,1058.2365566693493,1268.4994691758907,-16.575719392546805,90,0.5837932027649769,-0.7919787304509897
1101004,2023,880.2169068044342,1268.4994691758907,-30.60959596803876,113,0.5641774193548387,-1.3122522350395078
1101004,2024,1692.3184116888294,1268.4994691758907,33.41104610696308,95,0.5880075392411321,-0.6802010072716408
1101004,2025,1161.7131562997781,1268.4994691758907,-8.41831750591813,95,0.57847363031234,-0.9330708573866655
1101004,2026,1042.8283087514835,1268.4994691758907,-17.790402432806655,93,0.5602147977470558,-1.4173536723939708
1101005,2021,944.2299355556075,1244.330795971353,-24.117450230063607,89,0.5717051971326165,-1.1125914188325032
1101005,2022,1041.5300550816432,1244.330795971353,-16.297976514468473,90,0.5837932027649769,-0.7919787304509897
1101005,2023,870.5114323837965,1244.330795971353,-30.041799559878648,113,0.5641774193548387,-1.3122522350395078
1101005,2024,1683.107888614083,1244.330795971353,35.262093814869445,95,0.5880075392411321,-0.6802010072716408
1101005,2025,1139.2432919984187,1244.330795971353,-8.445302833713162,95,0.57847363031234,-0.9330708573866655
1101005,2026,1017.5708772540842,1244.330795971353,-18.223443432520273,93,0.5602147977470558,-1.4173536723939708
1101006,2021,979.8492265557286,1333.1904358934567,-26.50343115467457,76,0.6462848182283666,-0.9498472435124725
1101006,2022,1085.1777876213578,1333.1904358934567,-18.602942355034948,74,0.6535479390681004,-0.8086631996222736
1101006,2023,913.8802565292523,1333.1904358934567,-31.4516342208229,103,0.6197775217613928,-1.4651088494230398
1101006,2024,1619.3151842099692,1333.1904358934567,21.461656235537117,91,0.6271461809417872,-1.3218733003949372
1101006,2025,1188.115957310121,1333.1904358934567,-10.881752124640157,88,0.6314210189452125,-1.2387769387046077
1101006,2026,1059.8195784766685,1333.1904358934567,-20.505011891537066,86,0.6185344982078853,-1.4892713404248255
1102001,2021,939.8933846740046,1249.077217545501,-24.75297992217472,89,0.5717051971326165,-1.1125914188325032
1102001,2022,1064.2926498703064,1249.077217545501,-14.793686497485366,90,0.5837932027649769,-0.7919787304509897
1102001,2023,876.5899465175465,1249.077217545501,-29.820996315977215,113,0.5641774193548387,-1.3122522350395078
1102001,2024,1726.6158685341018,1249.077217545501,38.23131542876012,95,0.5880075392411321,-0.6802010072716408
1102001,2025,1142.5562661886142,1249.077217545501,-8.527971678660972,95,0.57847363031234,-0.9330708573866655
1102001,2026,1004.9964584751825,1249.077217545501,-19.540886315255147,93,0.5602147977470558,-1.4173536723939708
1102002,2021,953.4296095853563,1294.6788696680894,-26.357830352959848,76,0.6462848182283666,-0.9498472435124725
1102002,2022,1092.6378970984383,1294.6788696680894,-15.60548930727875,74,0.6535479390681004,-0.8086631996222736
1102002,2023,895.871154701983,1294.6788696680894,-30.80360113302435,103,0.6197775217613928,-1.4651088494230398
1102002,2024,1689.0313613240883,1294.6788696680894,30.459483111599486,91,0.6271461809417872,-1.3218733003949372
1102002,2025,1180.5634029728387,1294.6788696680894,-8.814190867616919,88,0.6314210189452125,-1.2387769387046077
1102002,2026,1035.948777628463,1294.6788696680894,-19.984113288722774,86,0.6185344982078853,-1.4892713404248255
1102003,2021,984.5641199642407,1349.099556126798,-27.0206475502165,76,0.6462848182283666,-0.9498472435124725
1102003,2022,1128.1102770893706,1349.099556126798,-16.380501945451478,74,0.6535479390681004,-0.8086631996222736
1102003,2023,935.1835659933647,1349.099556126798,-30.680907739808827,103,0.6197775217613928,-1.4651088494230398
1102003,2024,1613.370357138897,1349.099556126798,19.58868045074509,91,0.6271461809417872,-1.3218733003949372
1102003,2025,1208.0481652293374,1349.099556126798,-10.4552247650583,88,0.6314210189452125,-1.2387769387046077
1102003,2026,1061.3517663168836,1349.099556126798,-21.328877361432454,86,0.6185344982078853,-1.4892713404248255
1102004,2021,1020.0630735496507,1388.2013335164534,-26.519082720823466,80,0.6853204685099846,-0.8302587236730664
1102004,2022,1094.8998296881916,1388.2013335164534,-21.12816756091853,89,0.6783350614439324,-0.9810915510831864
1102004,2023,950.263594515807,1388.2013335164534,-31.547134297249674,109,0.6668637992831541,-1.228785477766654
1102004,2024,1591.177111176311,1388.2013335164534,14.621494214077694,93,0.6986852984797923,-0.5416778187751566
1102004,2025,1199.4694661854567,1388.2013335164534,-13.595424725095164,98,0.6811093189964158,-0.9211882259586515
1102004,2026,1066.2125200567498,1388.2013335164534,-23.19467685887274,91,0.66722363031234,-1.221015804359106
1102005,2021,1014.1850084042292,1377.379543783821,-26.368515273709846,76,0.6462848182283666,-0.9498472435124725
1102005,2022,1125.9051038737907,1377.379543783821,-18.257454239461175,74,0.6535479390681004,-0.8086631996222736
1102005,2023,952.088265438491,1377.379543783821,-30.876840030381572,103,0.6197775217613928,-1.4651088494230398
1102005,2024,1534.3393829837612,1377.379543783821,11.395540169614643,91,0.6271461809417872,-1.3218733003949372
1102005,2025,1201.5272609159279,1377.379543783821,-12.767162374490226,88,0.6314210189452125,-1.2387769387046077
1102005,2026,1026.7971931496656,1377.379543783821,-25.452850103397427,86,0.6185344982078853,-1.4892713404248255
1102006,2021,944.3697708651706,1289.405957171802,-26.759313805516896,76,0.6462848182283666,-0.9498472435124725
1102006,2022,1109.117637130292,1289.405957171802,-13.982277578192395,74,0.6535479390681004,-0.8086631996222736
1102006,2023,894.8639467756716,1289.405957171802,-30.5987426381621,103,0.6197775217613928,-1.4651088494230398
1102006,2024,1611.50242267837,1289.405957171802,24.980221606316938,91,0.6271461809417872,-1.3218733003949372
1102006,2025,1172.3115198877,1289.405957171802,-9.081270071137125,88,0.6314210189452125,-1.2387769387046077
1102006,2026,1011.78566867561,1289.405957171802,-21.53086752485055,86,0.6185344982078853,-1.4892713404248255
1102007,2021,1042.6104977110847,1388.2865620380942,-24.899474919611322,62,0.71417773937532,-0.8073100270515927
1102007,2022,1136.7024918919942,1388.2865620380942,-18.121912076765934,66,0.7156004864311316,-0.777973295289245
1102007,2023,974.3698199104654,1388.2865620380942,-29.814935435229767,104,0.6585691884280593,-1.9539461323022538
1102007,2024,1576.4502737917107,1388.2865620380942,13.553665136496035,88,0.6832782721542454,-1.4444502536022863
1102007,2025,1244.424900087281,1388.2865620380942,-10.362533635679293,83,0.6869135304659498,-1.3694920257558876
1102007,2026,1038.7387346766673,1388.2865620380942,-25.17836280488577,81,0.6904631976446493,-1.29629866827063
1102008,2021,1044.0371177518261,1352.6034790427075,-22.812773001978844,62,0.71417773937532,-0.8073100270515927
1102008,2022,1162.8493796747507,1352.6034790427075,-14.028804620719553,66,0.7156004864311316,-0.777973295289245
1102008,2023,957.0216862006841,1352.6034790427075,-29.245954115243936,104,0.6585691884280593,-1.9539461323022538
1102008,2024,1556.3545186276785,1352.6034790427075,15.063619363834105,88,0.6832782721542454,-1.4444502536022863
1102008,2025,1236.7598738208312,1352.6034790427075,-8.56449114738811,83,0.6869135304659498,-1.3694920257558876
1102008,2026,1033.813527487556,1352.6034790427075,-23.568618334530093,81,0.6904631976446493,-1.29629866827063
1103001,2021,1085.190452872594,1400.2645008813608,-22.50103804034534,62,0.71417773937532,-0.8073100270515927
1103001,2022,1190.7566524467059,1400.2645008813608,-14.962019554361737,66,0.7156004864311316,-0.777973295289245
1103001,2023,976.8665937026559,1400.2645008813608,-30.23699500431582,104,0.6585691884280593,-1.9539461323022538
1103001,2024,1618.0941556994712,1400.2645008813608,15.556322014948108,88,0.6832782721542454,-1.4444502536022863
1103001,2025,1288.306507561921,1400.2645008813608,-7.9954889414800325,83,0.6869135304659498,-1.3694920257558876
1103001,2026,1051.9341838097484,1400.2645008813608,-24.876037123869434,81,0.6904631976446493,-1.29629866827063
1103002,2021,1065.6984178093421,1382.6013910997824,-22.92077639516633,62,0.71417773937532,-0.8073100270515927
1103002,2022,1183.7550133012144,1382.6013910997824,-14.382046704032087,66,0.7156004864311316,-0.777973295289245
1103002,2023,931.1390195359966,1382.6013910997824,-32.65311133563034,104,0.6585691884280593,-1.9539461323022538
1103002,2024,1576.8460353692037,1382.6013910997824,14.04921516207289,88,0.6832782721542454,-1.4444502536022863
1103002,2025,1268.8594074623552,1382.6013910997824,-8.226664920896095,83,0.6869135304659498,-1.3694920257558876
1103002,2026,996.6547639144454,1382.6013910997824,-27.9145261728934,81,0.6904631976446493,-1.29629866827063
1103003,2021,1141.7576024498103,1478.25724265843,-22.763266804867747,47,0.7268150921658986,-0.3476940063194705
1103003,2022,1272.4128524443681,1478.25724265843,-13.924801737746316,54,0.7188134280593959,-0.48310363797153566
1103003,2023,989.6554784047883,1478.25724265843,-33.0525533820462,101,0.6439417562724015,-1.7501332661725117
1103003,2024,1669.4961037542535,1478.25724265843,12.93677822622457,88,0.6470949202817946,-1.6967732686310641
1103003,2025,1348.7801148893327,1478.25724265843,-8.758768368098877,80,0.6577265745007681,-1.5168571458743763
1103003,2026,1034.5786923283968,1478.25724265843,-30.013622631210115,76,0.6598578469022017,-1.4807902969055715
1103004,2021,1058.6062474429405,1363.1587851813556,-22.34167736357267,47,0.7268150921658986,-0.3476940063194705
1103004,2022,1191.4018396100282,1363.1587851813556,-12.599922139553003,54,0.7188134280593959,-0.48310363797153566
1103004,2023,889.9789190612203,1363.1587851813556,-34.71201383609784,101,0.6439417562724015,-1.7501332661725117
1103004,2024,1505.9031644771985,1363.1587851813556,10.47158855208875,88,0.6470949202817946,-1.6967732686310641
1103004,2025,1235.7963408841867,1363.1587851813556,-9.343184791214506,80,0.6577265745007681,-1.5168571458743763
1103004,2026,924.483524488064,1363.1587851813556,-32.18078960881508,76,0.6598578469022017,-1.4807902969055715
1103005,2021,987.4347706560152,1319.69269856226,-25.176916434274688,65,0.7018227086533538,-0.9172242549667283
1103005,2022,1176.9313047694009,1319.69269856226,-10.817775528226424,63,0.7305026241679468,-0.3208659390469445
1103005,2023,914.689214075854,1319.69269856226,-30.68922673646958,105,0.6487944828469022,-2.019871277133117
1103005,2024,1488.7282508006836,1319.69269856226,12.808705573849087,87,0.6669957669014955,-1.6414012952096382
1103005,2025,1189.215145457923,1319.69269856226,-9.88696484010905,85,0.6698020993343574,-1.5830475778592148
1103005,2026,927.3955436079452,1319.69269856226,-29.726401864744957,82,0.6708995775729647,-1.5602270687192408
1103006,2021,954.4458742930908,1284.552388035533,-25.69817446272273,68,0.6176351766513057,-1.039832985774188
1103006,2022,1144.1288460211406,1284.552388035533,-10.931710012165587,66,0.6388481822836661,-0.6636522153948062
1103006,2023,901.0705915083022,1284.552388035533,-29.853340361905357,104,0.5847162058371735,-1.6236014538344448
1103006,2024,1533.0570956479028,1284.552388035533,19.345626533177686,91,0.5852211407736991,-1.6146471916848182
1103006,2025,1178.6435995729908,1284.552388035533,-8.244801025554803,87,0.5923939452124936,-1.487448286148767
1103006,2026,938.7866874417828,1284.552388035533,-26.917212860623778,86,0.5854374679979518,-1.6108109535164152
1104001,2021,918.999292938244,1251.3352903627363,-26.55850913692004,89,0.5717051971326165,-1.1125914188325032
1104001,2022,1077.1362287931042,1251.3352903627363,-13.92105400616771,90,0.5837932027649769,-0.7919787304509897
1104001,2023,869.8316125566104,1251.3352903627363,-30.487726250854468,113,0.5641774193548387,-1.3122522350395078
1104001,2024,1708.9876436971565,1251.3352903627363,36.57311967935918,95,0.5880075392411321,-0.6802010072716408
1104001,2025,1166.6746987979614,1251.3352903627363,-6.765620071358617,95,0.57847363031234,-0.9330708573866655
1104001,2026,990.6532782093886,1251.3352903627363,-20.832307229006645,93,0.5602147977470558,-1.4173536723939708
1104002,2021,907.114764521747,1253.6034534182058,-27.63941722972178,77,0.3887691372247824,-1.225239627883909
1104002,2022,1074.5369256271615,1253.6034534182058,-14.284144424042777,76,0.4210861495135689,-0.4406196771509865
1104002,2023,864.4960045196609,1253.6034534182058,-31.039117500638977,109,0.3734134024577573,-1.598059235980902
1104002,2024,1696.4087284543425,1253.6034534182058,35.32259534135277,95,0.382278210357187,-1.3828318790967746
1104002,2025,1197.6740649236253,1253.6034534182058,-4.461489663424076,95,0.382677483358935,-1.3731379890749802
1104002,2026,980.136650731312,1253.6034534182058,-21.814458307468026,91,0.3721353046594982,-1.6290899829614909
1104003,2021,918.4410371934789,1275.507426583776,-27.994065886910356,68,0.6176351766513057,-1.039832985774188
1104003,2022,1091.388357193754,1275.507426583776,-14.434966473159053,66,0.6388481822836661,-0.6636522153948062
1104003,2023,893.5312000135883,1275.507426583776,-29.9470013744447,104,0.5847162058371735,-1.6236014538344448
1104003,2024,1685.812374222967,1275.507426583776,32.16797794256058,91,0.5852211407736991,-1.6146471916848182
1104003,2025,1216.7209883152505,1275.507426583776,-4.608866796328631,87,0.5923939452124936,-1.487448286148767
1104003,2026,967.9312155299739,1275.507426583776,-24.114027456319185,86,0.5854374679979518,-1.6108109535164152
1104004,2021,936.7712923560814,1276.5225867926695,-26.61537664525241,68,0.6176351766513057,-1.039832985774188
1104004,2022,1110.0755697327536,1276.5225867926695,-13.03909690138134,66,0.6388481822836661,-0.6636522153948062
1104004,2023,898.6079603049901,1276.5225867926695,-29.605008982818692,104,0.5847162058371735,-1.6236014538344448
1104004,2024,1621.1201048514713,1276.5225867926695,26.99501925184272,91,0.5852211407736991,-1.6146471916848182
1104004,2025,1184.8088382690953,1276.5225867926695,-7.184655365480827,87,0.5923939452124936,-1.487448286148767
1104004,2026,961.8218176092844,1276.5225867926695,-24.652973040930473,86,0.5854374679979518,-1.6108109535164152
1104005,2021,918.3214075442232,1284.7482601873025,-28.521295883261846,68,0.6176351766513057,-1.039832985774188
1104005,2022,1124.0021942745243,1284.7482601873025,-12.5118726285991,66,0.6388481822836661,-0.6636522153948062
1104005,2023,891.4374808288869,1284.7482601873025,-30.61384020096475,104,0.5847162058371735,-1.6236014538344448
1104005,2024,1643.8244526071712,1284.7482601873025,27.94914798075066,91,0.5852211407736991,-1.6146471916848182
1104005,2025,1215.7222773014544,1284.7482601873025,-5.372724371371006,87,0.5923939452124936,-1.487448286148767
1104005,2026,941.5646375370662,1284.7482601873025,-26.71212978332454,86,0.5854374679979518,-1.6108109535164152
1104006,2021,884.9999352535615,1244.102684430127,-28.864397904667808,77,0.3887691372247824,-1.225239627883909
1104006,2022,1101.6567124850706,1244.102684430127,-11.449695730727019,76,0.4210861495135689,-0.4406196771509865
1104006,2023,862.0360865072934,1244.102684430127,-30.7102140928056,109,0.3734134024577573,-1.598059235980902
1104006,2024,1591.2044962971277,1244.102684430127,27.89977195700641,95,0.382278210357187,-1.3828318790967746
1104006,2025,1187.7942406704865,1244.102684430127,-4.526028636087477,95,0.382677483358935,-1.3731379890749802
1104006,2026,935.4903749413324,1244.102684430127,-24.806015882053767,91,0.3721353046594982,-1.6290899829614909
1105000,2021,919.0660435068322,1254.2861473009004,-26.725967157927133,77,0.3887691372247824,-1.225239627883909
1105000,2022,1078.9174963948417,1254.2861473009004,-13.981550484587167,76,0.4210861495135689,-0.4406196771509865
1105000,2023,854.7859512926973,1254.2861473009004,-31.850801897787676,109,0.3734134024577573,-1.598059235980902
1105000,2024,1685.635630991576,1254.2861473009004,34.390038080138,95,0.382278210357187,-1.3828318790967746
1105000,2025,1214.8498539505977,1254.2861473009004,-3.144122530187053,95,0.382677483358935,-1.3731379890749802
1105000,2026,989.944607502176,1254.2861473009004,-21.075058539677027,91,0.3721353046594982,-1.6290899829614909
1105001,2021,887.9204168508587,1220.674330420306,-27.259843618966944,77,0.3887691372247824,-1.225239627883909
1105001,2022,1070.36654614457,1220.674330420306,-12.31350414520321,76,0.4210861495135689,-0.4406196771509865
1105001,2023,816.084082222842,1220.674330420306,-33.144814969456625,109,0.3734134024577573,-1.598059235980902
1105001,2024,1569.1446297389193,1220.674330420306,28.547360310151443,95,0.382278210357187,-1.3828318790967746
1105001,2025,1136.1786183873503,1220.674330420306,-6.922052010699846,95,0.382677483358935,-1.3731379890749802
1105001,2026,974.8357487158806,1220.674330420306,-20.139571675909455,91,0.3721353046594982,-1.6290899829614909
1105002,2021,896.7323622332704,1254.998293153718,-28.54712495426203,77,0.3887691372247824,-1.225239627883909
1105002,2022,1095.1436428817851,1254.998293153718,-12.737439655812587,76,0.4210861495135689,-0.4406196771509865
1105002,2023,867.8380184689291,1254.998293153718,-30.84946623408416,109,0.3734134024577573,-1.598059235980902
1105002,2024,1671.6559504284717,1254.998293153718,33.199858481697525,95,0.382278210357187,-1.3828318790967746
1105002,2025,1210.0909010161556,1254.998293153718,-3.5782831245701003,95,0.382677483358935,-1.3731379890749802
1105002,2026,968.4983635116018,1254.998293153718,-22.828710700646685,91,0.3721353046594982,-1.6290899829614909
1201001,2021,837.0902632679874,1207.321783916352,-30.66552145256543,77,0.3887691372247824,-1.225239627883909
1201001,2022,1092.885640179569,1207.321783916352,-9.478512295667443,76,0.4210861495135689,-0.4406196771509865
1201001,2023,785.7009123478958,1207.321783916352,-34.92199653689572,109,0.3734134024577573,-1.598059235980902
1201001,2024,1449.119160228659,1207.321783916352,20.027583328112943,95,0.382278210357187,-1.3828318790967746
1201001,2025,1116.8620323572527,1207.321783916352,-7.492596651877082,95,0.382677483358935,-1.3731379890749802
1201001,2026,939.4089821062447,1207.321783916352,-22.190670737426974,91,0.3721353046594982,-1.6290899829614909
1201002,2021,844.6165398174156,1210.1551339292282,-30.205928468439637,77,0.3887691372247824,-1.225239627883909
1201002,2022,1093.8293477635737,1210.1551339292282,-9.612468922720572,76,0.4210861495135689,-0.4406196771509865
1201002,2023,794.146561685019,1210.1551339292282,-34.376466337293415,109,0.3734134024577573,-1.598059235980902
1201002,2024,1477.1949560257524,1210.1551339292282,22.066577632032846,95,0.382278210357187,-1.3828318790967746
1201002,2025,1125.7147508795017,1210.1551339292282,-6.977649450245172,95,0.382677483358935,-1.3731379890749802
1201002,2026,937.4224220862061,1210.1551339292282,-22.537004074633952,91,0.3721353046594982,-1.6290899829614909
1201003,2021,869.3030994655885,1250.5837042935163,-30.48821150626795,68,0.6176351766513057,-1.039832985774188
1201003,2022,1138.5506089581795,1250.5837042935163,-8.9584643515427,66,0.6388481822836661,-0.6636522153948062
1201003,2023,835.0323294611379,1250.5837042935163,-33.22859344845958,104,0.5847162058371735,-1.6236014538344448
1201003,2024,1553.0735340072765,1250.5837042935163,24.187891516197524,91,0.5852211407736991,-1.6146471916848182
1201003,2025,1182.0714682155442,1250.5837042935163,-5.47842066410711,87,0.5923939452124936,-1.487448286148767
1201003,2026,917.3414434272819,1250.5837042935163,-26.64693772373203,86,0.5854374679979518,-1.6108109535164152
1201004,2021,932.2069530567962,1305.95512187916,-28.618760519471106,68,0.6176351766513057,-1.039832985774188
1201004,2022,1138.1733286329736,1305.95512187916,-12.847439428451608,66,0.6388481822836661,-0.6636522153948062
1201004,2023,894.661334492195,1305.95512187916,-31.493715250731412,104,0.5847162058371735,-1.6236014538344448
1201004,2024,1658.5307180188388,1305.95512187916,26.997527727626046,91,0.5852211407736991,-1.6146471916848182
1201004,2025,1236.0954919040298,1305.95512187916,-5.349313219477871,87,0.5923939452124936,-1.487448286148767
1201004,2026,929.6714617290161,1305.95512187916,-28.81290894657263,86,0.5854374679979518,-1.6108109535164152
1201005,2021,887.612537296889,1300.5666272557196,-31.75185963599502,68,0.6176351766513057,-1.039832985774188
1201005,2022,1150.7206130219142,1300.5666272557196,-11.521594595271926,66,0.6388481822836661,-0.6636522153948062
1201005,2023,873.9814678694818,1300.5666272557196,-32.799946611451986,104,0.5847162058371735,-1.6236014538344448
1201005,2024,1663.3643249982788,1300.5666272557196,27.89535654225466,91,0.5852211407736991,-1.6146471916848182
1201005,2025,1233.470727663917,1300.5666272557196,-5.158974418202579,87,0.5923939452124936,-1.487448286148767
1201005,2026,938.3081432076111,1300.5666272557196,-27.85389663676804,86,0.5854374679979518,-1.6108109535164152
1202001,2021,931.8487361689039,1295.7328377337506,-28.08326616166366,65,0.7018227086533538,-0.9172242549667283
1202001,2022,1131.6087172820996,1295.7328377337506,-12.666509304395312,63,0.7305026241679468,-0.3208659390469445
1202001,2023,863.0359137997891,1295.7328377337506,-33.39399229016628,105,0.6487944828469022,-2.019871277133117
1202001,2024,1473.4319526007214,1295.7328377337506,13.714178547621618,87,0.6669957669014955,-1.6414012952096382
1202001,2025,1107.3464716853914,1295.7328377337506,-14.538982154519504,85,0.6698020993343574,-1.5830475778592148
1202001,2026,818.5321423500226,1295.7328377337506,-36.828633302090005,82,0.6708995775729647,-1.5602270687192408
1202002,2021,917.5265057362412,1299.629687512734,-29.400927467867565,65,0.7018227086533538,-0.9172242549667283
1202002,2022,1128.537821143143,1299.629687512734,-13.164662827688346,63,0.7305026241679468,-0.3208659390469445
1202002,2023,882.1239064009568,1299.629687512734,-32.12498030195132,105,0.6487944828469022,-2.019871277133117
1202002,2024,1570.5326028454458,1299.629687512734,20.84462350588289,87,0.6669957669014955,-1.6414012952096382
1202002,2025,1170.871593710801,1299.629687512734,-9.90729090286893,85,0.6698020993343574,-1.5830475778592148
1202002,2026,869.7531473673608,1299.629687512734,-33.076848295769736,82,0.6708995775729647,-1.5602270687192408
1202003,2021,959.43454450807,1310.030028200281,-26.76240056679152,65,0.7018227086533538,-0.9172242549667283
1202003,2022,1165.654363452571,1310.030028200281,-11.0207904887534,63,0.7305026241679468,-0.3208659390469445
1202003,2023,901.9154384977596,1310.030028200281,-31.15307137372944,105,0.6487944828469022,-2.019871277133117
1202003,2024,1529.768791445913,1310.030028200281,16.77356690422653,87,0.6669957669014955,-1.6414012952096382
1202003,2025,1186.5243296973833,1310.030028200281,-9.427699811779876,85,0.6698020993343574,-1.5830475778592148
1202003,2026,883.6689501985619,1310.030028200281,-32.54590114910984,82,0.6708995775729647,-1.5602270687192408
1202004,2021,887.9620773703328,1280.8056176235682,-30.671597223482273,68,0.6176351766513057,-1.039832985774188
1202004,2022,1122.7452255609958,1280.8056176235682,-12.340701031265054,66,0.6388481822836661,-0.6636522153948062
1202004,2023,868.4241791283783,1280.8056176235682,-32.197035429960906,104,0.5847162058371735,-1.6236014538344448
1202004,2024,1622.5513285954107,1280.8056176235682,26.68209026174668,91,0.5852211407736991,-1.6146471916848182
1202004,2025,1205.8402087876748,1280.8056176235682,-5.852988759917036,87,0.5923939452124936,-1.487448286148767
1202004,2026,908.2449351751166,1280.8056176235682,-29.087995658522175,86,0.5854374679979518,-1.6108109535164152
1202005,2021,874.8838754876112,1283.929288770995,-31.858873916252115,63,0.6752386712749616,-0.9948295750942892
1202005,2022,1095.5515513697424,1283.929288770995,-14.671971349884226,55,0.6998287250384024,-0.3758606937195751
1202005,2023,856.3225257544029,1283.929288770995,-33.30454151613806,104,0.6344160906298003,-2.0223957333404146
1202005,2024,1599.7137298673301,1283.929288770995,24.595158304910296,83,0.6460900383141762,-1.7285447963340042
1202005,2025,1126.2882740248656,1283.929288770995,-12.278013760167966,81,0.6463653993855607,-1.7216135412839482
1202005,2026,830.5010104844848,1283.929288770995,-35.315673709768056,81,0.6419500128008193,-1.832755506303055
1202006,2021,827.3043605400983,1239.609655426359,-33.260897338239104,66,0.6572036610343062,-1.1281377317108319
1202006,2022,1069.8945736943767,1239.609655426359,-13.69100998762465,61,0.6793744879672299,-0.47324728672224875
1202006,2023,792.1003937976599,1239.609655426359,-36.10082090517277,105,0.6292779697900666,-1.9530175803914305
1202006,2024,1571.4802901643106,1239.609655426359,26.772188590593544,90,0.6409671548634285,-1.607737919086601
1202006,2025,1161.154927398276,1239.609655426359,-6.328986522866255,88,0.6409717101894521,-1.6076033621079326
1202006,2026,865.4375077668392,1239.609655426359,-30.18467515331064,87,0.6355912698412698,-1.7665328862306025
1203001,2021,822.8436521005995,1231.2774612022984,-33.171549221966416,66,0.6572036610343062,-1.1281377317108319
1203001,2022,1138.5141035685197,1231.2774612022984,-7.533911775108641,61,0.6793744879672299,-0.47324728672224875
1203001,2023,789.92336665349535,1231.2774612022984,-35.84521835702544,105,0.6292779697900666,-1.9530175803914305
1203001,2024,1555.844622978809,1231.2774612022984,26.360196787780264,90,0.6409671548634285,-1.607737919086601
1203001,2025,1187.0260884448892,1231.2774612022984,-3.593939964936846,88,0.6409717101894521,-1.6076033621079326
1203001,2026,902.1573786915008,1231.2774612022984,-26.729968904768516,87,0.6355912698412698,-1.7665328862306025
1203002,2021,838.7073994742082,1242.1584023134137,-32.47983526801514,75,0.40802508960573475,-1.509901618626166
1203002,2022,1154.6285434013876,1242.1584023134137,-7.046593956858423,71,0.44872062211981567,-0.43312611617073427
1203002,2023,809.9319754005005,1242.1584023134137,-34.79640165923513,105,0.3983149641577061,-1.7668247883767667
1203002,2024,1542.0726569387587,1242.1584023134137,24.144606200528074,90,0.4243594116920035,-1.0777068103723322
1203002,2025,1195.3687522935618,1242.1584023134137,-3.7668021995190157,89,0.4240040962621608,-1.0871082096627
1203002,2026,903.2509137254125,1242.1584023134137,-27.283757687974017,86,0.40730389144905277,-1.5289840205399994
1203003,2021,808.951293998202,1170.2232487942533,-30.872054128841658,75,0.40802508960573475,-1.509901618626166
1203003,2022,1142.4086753164158,1170.2232487942533,-2.3768604415009187,71,0.44872062211981567,-0.43312611617073427
1203003,2023,746.07141704831065,1170.2232487942533,-36.24537729727812,105,0.3983149641577061,-1.7668247883767667
1203003,2024,1489.041644435601,1170.2232487942533,27.244237026554053,90,0.4243594116920035,-1.0777068103723322
1203003,2025,1135.1082249779643,1170.2232487942533,-3.000711518291065,89,0.4240040962621608,-1.0871082096627
1203003,2026,859.1816782899426,1170.2232487942533,-26.57967792254976,86,0.40730389144905277,-1.5289840205399994
1203004,2021,776.5026897617348,1091.351817492908,-28.849461986919643,75,0.40802508960573475,-1.509901618626166
1203004,2022,1054.9203984091491,1091.351817492908,-3.3381920018652034,71,0.44872062211981567,-0.43312611617073427
1203004,2023,679.4990337731977,1091.351817492908,-37.737856584674326,105,0.3983149641577061,-1.7668247883767667
1203004,2024,1407.0651197454672,1091.351817492908,28.92864584931256,90,0.4243594116920035,-1.0777068103723322
1203004,2025,1086.4812474931362,1091.351817492908,-0.4462877984626998,89,0.4240040962621608,-1.0871082096627
1203004,2026,806.2660865335673,1091.351817492908,-26.12225740497227,86,0.40730389144905277,-1.5289840205399994
1203005,2021,772.3371975210854,1055.1423015439645,-26.802555788831253,75,0.40802508960573475,-1.509901618626166
1203005,2022,1002.9463932701176,1055.1423015439645,-4.946812216463118,71,0.44872062211981567,-0.43312611617073427
1203005,2023,665.4235981242999,1055.1423015439645,-36.93517953449488,105,0.3983149641577061,-1.7668247883767667
1203005,2024,1366.6090218419085,1055.1423015439645,29.518930275298615,90,0.4243594116920035,-1.0777068103723322
1203005,2025,1053.8541085847528,1055.1423015439645,-0.12208713055355414,89,0.4240040962621608,-1.0871082096627
1203005,2026,814.8062349681882,1055.1423015439645,-22.777597507378708,86,0.40730389144905277,-1.5289840205399994
1301001,2021,1366.861630709827,1708.0625923428959,-19.975905049536514,53,0.628021505376344,-0.5676973642036406
1301001,2022,1555.8407982351055,1708.0625923428959,-8.911956434745905,63,0.600868407578085,-0.9270602311066897
1301001,2023,1307.0509219597907,1708.0625923428959,-23.477574661538018,103,0.5772057731694828,-1.2402278925916796
1301001,2024,2237.9501731215873,1708.0625923428959,31.02272616671859,86,0.602557502162897,-0.9047055857185902
1301001,2025,1627.5354472992715,1708.0625923428959,-4.7145312709628415,82,0.5849804147465437,-1.1373329114357773
1301001,2026,1287.499357668354,1708.0625923428959,-24.62223788284413,81,0.562431643625192,-1.4357589361757306
1301002,2021,1365.9022899520378,1690.8847095271828,-19.219667535228876,53,0.628021505376344,-0.5676973642036406
1301002,2022,1541.6338384322864,1690.8847095271828,-8.826791693954759,63,0.600868407578085,-0.9270602311066897
1301002,2023,1325.1291027604493,1690.8847095271828,-21.631019826834244,103,0.5772057731694828,-1.2402278925916796
1301002,2024,2249.6622280152255,1690.8847095271828,33.046458776263464,86,0.602557502162897,-0.9047055857185902
1301002,2025,1620.3062068843608,1690.8847095271828,-4.174057654265365,82,0.5849804147465437,-1.1373329114357773
1301002,2026,1277.4681931559128,1690.8847095271828,-24.449716414247575,81,0.562431643625192,-1.4357589361757306
1301003,2021,1271.3496104665085,1613.7861844917757,-21.219451332278545,53,0.628021505376344,-0.5676973642036406
1301003,2022,1501.6982466375723,1613.7861844917757,-6.945649859402088,63,0.600868407578085,-0.9270602311066897
1301003,2023,1267.8567432189564,1613.7861844917757,-21.435890615320996,103,0.5772057731694828,-1.2402278925916796
1301003,2024,2180.244216992106,1613.7861844917757,35.10118242081265,86,0.602557502162897,-0.9047055857185902
1301003,2025,1568.6453515985363,1613.7861844917757,-2.7972003557246587,82,0.5849804147465437,-1.1373329114357773
1301003,2026,1224.127409824981,1613.7861844917757,-24.145625883487693,81,0.562431643625192,-1.4357589361757306
1301004,2021,1323.2327409436493,1635.684421441483,-19.102198223693954,53,0.628021505376344,-0.5676973642036406
1301004,2022,1492.2372627766058,1635.684421441483,-8.769855406366297,63,0.600868407578085,-0.9270602311066897
1301004,2023,1260.7273529647844,1635.684421441483,-22.923558087461604,103,0.5772057731694828,-1.2402278925916796
1301004,2024,2134.363105383969,1635.684421441483,30.487463070841894,86,0.602557502162897,-0.9047055857185902
1301004,2025,1559.152316582833,1635.684421441483,-4.678904063364763,82,0.5849804147465437,-1.1373329114357773
1301004,2026,1203.8617927097891,1635.684421441483,-26.400118694726004,81,0.562431643625192,-1.4357589361757306
1301005,2021,1267.237939137072,1597.0130603807816,-20.64949432317604,53,0.628021505376344,-0.5676973642036406
1301005,2022,1505.4564519199785,1597.0130603807816,-5.7329905892549755,63,0.600868407578085,-0.9270602311066897
1301005,2023,1248.3683331556517,1597.0130603807816,-21.831050470056972,103,0.5772057731694828,-1.2402278925916796
1301005,2024,2154.099050008263,1597.0130603807816,34.88299522701796,86,0.602557502162897,-0.9047055857185902
1301005,2025,1546.0511107995105,1597.0130603807816,-3.19107907415109,82,0.5849804147465437,-1.1373329114357773
1301005,2026,1203.759602034405,1597.0130603807816,-24.624310727465925,81,0.562431643625192,-1.4357589361757306
1301006,2021,1220.4219557338918,1552.7614553363767,-21.403126569141286,53,0.628021505376344,-0.5676973642036406
1301006,2022,1459.93792081087,1552.7614553363767,-5.977964883562757,63,0.600868407578085,-0.9270602311066897
1301006,2023,1217.368839631973,1552.7614553363767,-21.599751497679154,103,0.5772057731694828,-1.2402278925916796
1301006,2024,2111.698845360626,1552.7614553363767,35.9963462580391,86,0.602557502162897,-0.9047055857185902
1301006,2025,1496.1725681192986,1552.7614553363767,-3.644403138846537,82,0.5849804147465437,-1.1373329114357773
1301006,2026,1152.1573154634598,1552.7614553363767,-25.799464463531105,81,0.562431643625192,-1.4357589361757306
1301007,2021,1250.3308749787898,1561.2735448295173,-19.915963533775294,53,0.628021505376344,-0.5676973642036406
1301007,2022,1488.9165424012194,1561.2735448295173,-4.63448590850227,63,0.600868407578085,-0.9270602311066897
1301007,2023,1229.9353364694514,1561.2735448295173,-21.222303385422844,103,0.5772057731694828,-1.2402278925916796
1301007,2024,2109.891403621532,1561.2735448295173,35.13912476188923,86,0.602557502162897,-0.9047055857185902
1301007,2025,1553.153457071203,1561.2735448295173,-0.520093854482166,82,0.5849804147465437,-1.1373329114357773
1301007,2026,1185.0187172472492,1561.2735448295173,-24.099225201651198,81,0.562431643625192,-1.4357589361757306
1302001,2021,1304.4669280936785,1602.1233616837653,-18.578871060045106,53,0.628021505376344,-0.5676973642036406
1302001,2022,1441.6082532188059,1602.1233616837653,-10.018898188730281,63,0.600868407578085,-0.9270602311066897
1302001,2023,1223.8983619115772,1602.1233616837653,-23.60773263893295,103,0.5772057731694828,-1.2402278925916796
1302001,2024,2064.4868732481264,1602.1233616837653,28.859420105979613,86,0.602557502162897,-0.9047055857185902
1302001,2025,1525.722182889942,1602.1233616837653,-4.768745068015795,82,0.5849804147465437,-1.1373329114357773
1302001,2026,1169.9245151508003,1602.1233616837653,-26.97662719796695,81,0.562431643625192,-1.4357589361757306
1302002,2021,1329.5447300801063,1627.391821432126,-18.302113076241863,54,0.730268305171531,-0.6212812012279186
1302002,2022,1448.2390921602935,1627.391821432126,-11.008579919873009,71,0.7124825268817204,-1.0021056182552803
1302002,2023,1222.080636498931,1627.391821432126,-24.905568505101368,107,0.6889168586789555,-1.5066875212198312
1302002,2024,2029.059996658633,1627.391821432126,24.68171278340539,95,0.728241811889754,-0.6646719435427884
1302002,2025,1544.732278342277,1627.391821432126,-5.079264993301227,88,0.7099318996415771,-1.05671897933255
1302002,2026,1200.8446925608862,1627.391821432126,-26.21047514518494,83,0.7047406554019457,-1.1678725385971933
1302003,2021,1214.7829288668013,1522.2989464341229,-20.20076400155541,56,0.7316844598054275,-0.4070122367937726
1302003,2022,1415.7977072763524,1522.2989464341229,-6.996079147741777,60,0.7096607782898106,-0.7477404707873843
1302003,2023,1198.1949012924383,1522.2989464341229,-21.290433518388436,104,0.6617763056835637,-1.4885608361414966
1302003,2024,1992.158785453025,1522.2989464341229,30.865149064151655,90,0.6765018539117538,-1.2607419749387898
1302003,2025,1448.0626493820607,1522.2989464341229,-4.876591238925533,81,0.6734534690220174,-1.3079035178114544
1302003,2026,1123.2131906119293,1522.2989464341229,-26.215991067787545,80,0.6531927803379416,-1.621356501134171
1302004,2021,1164.677738523645,1494.281427856922,-22.05767154624882,56,0.7316844598054275,-0.4070122367937726
1302004,2022,1394.5368676533587,1494.281427856922,-6.675085318206456,60,0.7096607782898106,-0.7477404707873843
1302004,2023,1215.7725212316964,1494.281427856922,-18.63831681456814,104,0.6617763056835637,-1.4885608361414966
1302004,2024,2033.6925969216513,1494.281427856922,36.098365341952054,90,0.6765018539117538,-1.2607419749387898
1302004,2025,1430.7698789521621,1494.281427856922,-4.250307051988675,81,0.6734534690220174,-1.3079035178114544
1302004,2026,1101.3873824544248,1494.281427856922,-26.293175975959254,80,0.6531927803379416,-1.621356501134171
1302005,2021,1121.3686628185378,1454.4615782028447,-22.901458544947037,56,0.7316844598054275,-0.4070122367937726
1302005,2022,1349.1914126193121,1454.4615782028447,-7.237741248112313,60,0.7096607782898106,-0.7477404707873843
1302005,2023,1193.011590591223,1454.4615782028447,-17.975723218118514,104,0.6617763056835637,-1.4885608361414966
1302005,2024,1974.126310936006,1454.4615782028447,35.72901068828968,90,0.6765018539117538,-1.2607419749387898
1302005,2025,1375.660167541654,1454.4615782028447,-5.417909406624484,81,0.6734534690220174,-1.3079035178114544
1302005,2026,1059.0311468339548,1454.4615782028447,-27.1874099182111,80,0.6531927803379416,-1.621356501134171
1302006,2021,1157.3286160444181,1489.1575476450284,-22.28299699554077,56,0.7316844598054275,-0.4070122367937726
1302006,2022,1387.9946826274704,1489.1575476450284,-6.793294985983061,60,0.7096607782898106,-0.7477404707873843
1302006,2023,1217.3673659243364,1489.1575476450284,-18.25127113988069,104,0.6617763056835637,-1.4885608361414966
1302006,2024,2050.750131131672,1489.1575476450284,37.71209999739468,90,0.6765018539117538,-1.2607419749387898
1302006,2025,1446.1480318017254,1489.1575476450284,-2.888177675446011,81,0.6734534690220174,-1.3079035178114544
1302006,2026,1098.7976366558028,1489.1575476450284,-26.21347295365393,80,0.6531927803379416,-1.621356501134171
1302007,2021,1201.9398666974748,1531.742296260436,-21.531195578272797,53,0.628021505376344,-0.5676973642036406
1302007,2022,1445.630698292402,1531.742296260436,-5.621807152434521,63,0.600868407578085,-0.9270602311066897
1302007,2023,1231.45501506963,1531.742296260436,-19.60429518228498,103,0.5772057731694828,-1.2402278925916796
1302007,2024,2086.667227563833,1531.742296260436,36.22834811431265,86,0.602557502162897,-0.9047055857185902
1302007,2025,1496.3713521073769,1531.742296260436,-2.3091968041499533,82,0.5849804147465437,-1.1373329114357773
1302007,2026,1149.80954648509,1531.742296260436,-24.9345304825615,81,0.562431643625192,-1.4357589361757306
1303001,2021,1235.0517195404036,1528.7420551717055,-19.211241990612674,53,0.628021505376344,-0.5676973642036406
1303001,2022,1467.0823059561583,1528.7420551717055,-4.0333651453463615,63,0.600868407578085,-0.9270602311066897
1303001,2023,1217.2705882593914,1528.7420551717055,-20.374363736420545,103,0.5772057731694828,-1.2402278925916796
1303001,2024,2080.398940555609,1528.7420551717055,36.08567472306127,86,0.602557502162897,-0.9047055857185902
1303001,2025,1545.381446748764,1528.7420551717055,1.0884368308419106,82,0.5849804147465437,-1.1373329114357773
1303001,2026,1174.7678285426095,1528.7420551717055,-23.154607766013097,81,0.562431643625192,-1.4357589361757306
1303002,2021,1187.455017391432,1488.608571886421,-20.230540128716033,56,0.7316844598054275,-0.4070122367937726
1303002,2022,1424.9457612791698,1488.608571886421,-4.2766655929285236,60,0.7096607782898106,-0.7477404707873843
1303002,2023,1217.5820422023105,1488.608571886421,-18.206702205177784,104,0.6617763056835637,-1.4885608361414966
1303002,2024,2049.014848823986,1488.608571886421,37.64631532568679,90,0.6765018539117538,-1.2607419749387898
1303002,2025,1486.9668794398626,1488.608571886421,-0.11028368891346596,81,0.6734534690220174,-1.3079035178114544
1303002,2026,1154.2264674382996,1488.608571886421,-22.462728669120843,80,0.6531927803379416,-1.621356501134171
1303003,2021,1171.844622332998,1464.0155802488189,-19.956820259123514,56,0.7316844598054275,-0.4070122367937726
1303003,2022,1411.209585942833,1464.0155802488189,-3.606928438357957,60,0.7096607782898106,-0.7477404707873843
1303003,2023,1213.5382116261142,1464.0155802488189,-17.108927801173706,104,0.6617763056835637,-1.4885608361414966
1303003,2024,2040.254947271472,1464.0155802488189,39.36019362066608,90,0.6765018539117538,-1.2607419749387898
1303003,2025,1454.073175712339,1464.0155802488189,-0.6791187655796752,81,0.6734534690220174,-1.3079035178114544
1303003,2026,1125.069428241493,1464.0155802488189,-23.151813176040097,80,0.6531927803379416,-1.621356501134171
1303004,2021,1238.608908491031,1471.6136339561115,-15.833281242352882,51,0.7105945980542755,-0.9092658317288025
1303004,2022,1389.9645132957985,1471.6136339561115,-5.548271555545266,55,0.701990463389657,-1.070664383887407
1303004,2023,1225.0001698574501,1471.6136339561115,-16.758030668395953,88,0.6867174859190988,-1.3571587900053959
1303004,2024,2052.5218321265406,1471.6136339561115,39.474233233949086,82,0.7132562106043753,-0.8593386247826148
1303004,2025,1489.3720948605585,1471.6136339561115,1.2067339208258951,65,0.7221035586277522,-0.6933778144191658
1303004,2026,1133.160711791302,1471.6136339561115,-22.998762335121402,72,0.6656314644137225,-1.7526957584988831
1303005,2021,1264.8497937427994,1469.866600915389,-13.947987323809603,51,0.7105945980542755,-0.9092658317288025
1303005,2022,1327.765594394543,1469.866600915389,-9.667612450840751,55,0.701990463389657,-1.070664383887407
1303005,2023,1186.3241034665489,1469.866600915389,-19.290355823600475,88,0.6867174859190988,-1.3571587900053959
1303005,2024,2031.2301557054484,1469.866600915389,38.19146271100105,82,0.7132562106043753,-0.8593386247826148
1303005,2025,1484.954495739175,1469.866600915389,1.0264805537039676,65,0.7221035586277522,-0.6933778144191658
1303005,2026,1111.9154160928942,1469.866600915389,-24.352630680877667,72,0.6656314644137225,-1.7526957584988831
1303006,2021,1188.5521465007494,1446.1592492275881,-17.813190550378874,51,0.7105945980542755,-0.9092658317288025
1303006,2022,1377.3516893657802,1446.1592492275881,-4.757951788404971,55,0.701990463389657,-1.070664383887407
1303006,2023,1209.1687489955452,1446.1592492275881,-16.387579746741068,88,0.6867174859190988,-1.3571587900053959
1303006,2024,2002.2276932966438,1446.1592492275881,38.45139768431857,82,0.7132562106043753,-0.8593386247826148
1303006,2025,1430.225795883311,1446.1592492275881,-1.101777231849625,65,0.7221035586277522,-0.6933778144191658
1303006,2026,1100.1614310664745,1446.1592492275881,-23.925291654146346,72,0.6656314644137225,-1.7526957584988831
1304001,2021,1129.9477860739798,1419.4188532350493,-20.39363268293396,56,0.7316844598054275,-0.4070122367937726
1304001,2022,1341.1012222029635,1419.4188532350493,-5.517584246086993,60,0.7096607782898106,-0.7477404707873843
1304001,2023,1181.299230981689,1419.4188532350493,-16.77585313951925,104,0.6617763056835637,-1.4885608361414966
1304001,2024,1949.3425884685878,1419.4188532350493,37.33385209205655,90,0.6765018539117538,-1.2607419749387898
1304001,2025,1345.3131602564229,1419.4188532350493,-5.22084744821653,81,0.6734534690220174,-1.3079035178114544
1304001,2026,1054.7024818280781,1419.4188532350493,-25.694767303938,80,0.6531927803379416,-1.621356501134171
1304002,2021,1163.988779650762,1385.5801241138684,-15.992676324281327,56,0.7316844598054275,-0.4070122367937726
1304002,2022,1315.396537949127,1385.5801241138684,-5.065285286884908,60,0.7096607782898106,-0.7477404707873843
1304002,2023,1167.5113702492135,1385.5801241138684,-15.738444141158428,104,0.6617763056835637,-1.4885608361414966
1304002,2024,1882.7046002460158,1385.5801241138684,35.87843586094147,90,0.6765018539117538,-1.2607419749387898
1304002,2025,1318.98133603803,1385.5801241138684,-4.806563468744251,81,0.6734534690220174,-1.3079035178114544
1304002,2026,1032.4298411205655,1385.5801241138684,-25.48753961227295,80,0.6531927803379416,-1.621356501134171
1304003,2021,1218.5092057495374,1449.7242747498549,-15.948899596112017,51,0.7105945980542755,-0.9092658317288025
1304003,2022,1355.0141548161182,1449.7242747498549,-6.532974689278663,55,0.701990463389657,-1.070664383887407
1304003,2023,1216.0867186502758,1449.7242747498549,-16.11599944685292,88,0.6867174859190988,-1.3571587900053959
1304003,2024,1992.90696497789,1449.7242747498549,37.46799992859053,82,0.7132562106043753,-0.8593386247826148
1304003,2025,1418.006914484197,1449.7242747498549,-2.1878201819536023,65,0.7221035586277522,-0.6933778144191658
1304003,2026,1077.548919858842,1449.7242747498549,-25.672147550625134,72,0.6656314644137225,-1.7526957584988831
1304004,2021,1189.8242147669414,1427.4366000368225,-16.646090289666915,51,0.7105945980542755,-0.9092658317288025
1304004,2022,1314.4672177520426,1427.4366000368225,-7.914143597121277,55,0.701990463389657,-1.070664383887407
1304004,2023,1183.8150686886097,1427.4366000368225,-17.067064928973256,88,0.6867174859190988,-1.3571587900053959
1304004,2024,1976.7313327349705,1427.4366000368225,38.481199983521385,82,0.7132562106043753,-0.8593386247826148
1304004,2025,1420.9902217638028,1427.4366000368225,-0.4516052252585807,65,0.7221035586277522,-0.6933778144191658
1304004,2026,1058.7415065300866,1427.4366000368225,-25.829174724623496,72,0.6656314644137225,-1.7526957584988831
1304005,2021,1228.197621252347,1478.0848168769094,-16.906147250234028,51,0.7105945980542755,-0.9092658317288025
1304005,2022,1358.3488573585162,1478.0848168769094,-8.100750251354789,55,0.701990463389657,-1.070664383887407
1304005,2023,1223.7025477099692,1478.0848168769094,-17.21026197295175,88,0.6867174859190988,-1.3571587900053959
1304005,2024,2046.5009031620473,1478.0848168769094,38.456256352471144,82,0.7132562106043753,-0.8593386247826148
1304005,2025,1473.9064854602077,1478.0848168769094,-0.28268549740807103,65,0.7221035586277522,-0.6933778144191658
1304005,2026,1098.0405259762554,1478.0848168769094,-25.711940651935063,72,0.6656314644137225,-1.7526957584988831
1305001,2021,1211.4877725599151,1421.638116373441,-14.782267117992982,54,0.7301483614951356,-0.7045560532228109
1305001,2022,1256.8747945725836,1421.638116373441,-11.589680939419669,48,0.7202758576548899,-0.8967940185759241
1305001,2023,1152.9291427733094,1421.638116373441,-18.901362484962117,88,0.6905545954941117,-1.4755281530943518
1305001,2024,1970.182507342003,1421.638116373441,38.58537448108687,83,0.6875821282906933,-1.533408206271397
1305001,2025,1407.5458159711961,1421.638116373441,-0.9912719868677998,66,0.7044644137224783,-1.2046753686414187
1305001,2026,1009.6158824722588,1421.638116373441,-28.98221630074462,73,0.668908666154634,-1.8970189402070645
1305002,2021,1278.8357003127123,1440.6875672747583,-11.234348837215908,53,0.678569316436252,-1.0735878797651068
1305002,2022,1260.8586786804635,1440.6875672747583,-12.482157317041594,53,0.6732235663082436,-1.1731296762062156
1305002,2023,1124.2234949478566,1440.6875672747583,-21.966183336025683,79,0.6813262288786482,-1.0222521437924987
1305002,2024,1981.9490593449525,1440.6875672747583,37.56966495477284,71,0.7312608453837597,-0.09243288316638627
1305002,2025,1440.6007126251,1440.6875672747583,-0.0060286943284053865,60,0.7281670506912442,-0.15004161424033502
1305002,2026,1051.5362881412786,1440.6875672747583,-27.01149700830751,73,0.6549185867895545,-1.513981848768739
1305003,2021,1258.648240155,1457.9829441068457,-13.671950330938705,54,0.7301483614951356,-0.7045560532228109
1305003,2022,1257.7500904212445,1457.9829441068457,-13.733552542225588,48,0.7202758576548899,-0.8967940185759241
1305003,2023,1161.6179803269451,1457.9829441068457,-20.32705286284762,88,0.6905545954941117,-1.4755281530943518
1305003,2024,2003.1957554670328,1457.9829441068457,37.395006132543074,83,0.6875821282906933,-1.533408206271397
1305003,2025,1430.5698324064915,1457.9829441068457,-1.880207982621316,66,0.7044644137224783,-1.2046753686414187
1305003,2026,1029.3835212216982,1457.9829441068457,-29.39673777512574,73,0.668908666154634,-1.8970189402070645
1305004,2021,1223.4441392230651,1416.3696898207081,-13.621129566961052,54,0.7301483614951356,-0.7045560532228109
1305004,2022,1230.4448342006615,1416.3696898207081,-13.126859248419953,48,0.7202758576548899,-0.8967940185759241
1305004,2023,1152.1426087626526,1416.3696898207081,-18.655234078858527,88,0.6905545954941117,-1.4755281530943518
1305004,2024,1929.535904253144,1416.3696898207081,36.231092639196156,83,0.6875821282906933,-1.533408206271397
1305004,2025,1405.458281843461,1416.3696898207081,-0.7703785286896626,66,0.7044644137224783,-1.2046753686414187
1305004,2026,968.8398355824866,1416.3696898207081,-31.59696634675036,73,0.668908666154634,-1.8970189402070645
1305005,2021,1235.6131966371304,1400.269177597829,-11.75888062059375,48,0.6610142729134665,-0.7654390204242343
1305005,2022,1202.717435179806,1400.269177597829,-14.108126178776876,45,0.6457266385048643,-1.007584803421679
1305005,2023,1117.955540644607,1400.269177597829,-20.161383358986225,74,0.6273591909882232,-1.2985127417611078
1305005,2024,1911.1983608613289,1400.269177597829,36.4879261386016,76,0.6370382214806575,-1.1452034491260192
1305005,2025,1404.0089074159923,1400.269177597829,0.2670722085434245,54,0.6752030209933436,-0.5406988531932537
1305005,2026,962.4991300298874,1400.269177597829,-31.263278130490523,68,0.5967424475166411,-1.7834612382130226
1305006,2021,1250.1057005453147,1450.0800898772613,-13.790575481170356,51,0.7105945980542755,-0.9092658317288025
1305006,2022,1266.7188022948626,1450.0800898772613,-12.644907606304622,55,0.701990463389657,-1.070664383887407
1305006,2023,1150.4777070860052,1450.0800898772613,-20.66109209296262,88,0.6867174859190988,-1.3571587900053959
1305006,2024,1997.303688489225,1450.0800898772613,37.73747411829384,82,0.7132562106043753,-0.8593386247826148
1305006,2025,1433.110482348509,1450.0800898772613,-1.1702531223767512,65,0.7221035586277522,-0.6933778144191658
1305006,2026,1050.6568766330674,1450.0800898772613,-27.54490707323636,72,0.6656314644137225,-1.7526957584988831
1401001,2021,1165.312727839601,1226.8815984061882,-5.018322114095598,49,0.6097233102918587,-0.4873131303494351
1401001,2022,1009.3776820190284,1226.8815984061882,-17.72819126716986,40,0.5997608166922683,-0.6700992106042121
1401001,2023,973.7116862100485,1226.8815984061882,-20.635235912334704,70,0.5600460189452126,-1.3987633884757118
1401001,2024,1707.4371055830661,1226.8815984061882,39.16885767959644,63,0.5457628228896304,-1.6608232226338695
1401001,2025,1211.4312201853454,1226.8815984061882,-1.2593210494732359,50,0.5991491295442908,-0.6813220932091892
1401001,2026,801.3852846740155,1226.8815984061882,-34.6811227982329,59,0.5376562339989759,-1.8095582348822679
1401002,2021,1168.1203518092577,1233.4877722518822,-5.299397522464963,49,0.6097233102918587,-0.4873131303494351
1401002,2022,1017.466356880738,1233.4877722518822,-17.513056896929818,40,0.5997608166922683,-0.6700992106042121
1401002,2023,953.3224814741327,1233.4877722518822,-22.713260486261138,70,0.5600460189452126,-1.3987633884757118
1401002,2024,1699.2337551590426,1233.4877722518822,37.758459660843194,63,0.5457628228896304,-1.6608232226338695
1401002,2025,1195.189462982168,1233.4877722518822,-3.1048795238396307,50,0.5991491295442908,-0.6813220932091892
1401002,2026,792.897840070178,1233.4877722518822,-35.719035250536265,59,0.5376562339989759,-1.8095582348822679
1401003,2021,1182.5200751967852,1238.3856654953963,-4.511162544526302,49,0.6097233102918587,-0.4873131303494351
1401003,2022,1004.3760055756402,1238.3856654953963,-18.896347595088184,40,0.5997608166922683,-0.6700992106042121
1401003,2023,968.2416733083785,1238.3856654953963,-21.81420535733923,70,0.5600460189452126,-1.3987633884757118
1401003,2024,1697.4565042730915,1238.3856654953963,37.07010276108544,63,0.5457628228896304,-1.6608232226338695
1401003,2025,1198.6396764255928,1238.3856654953963,-3.209500091710425,50,0.5991491295442908,-0.6813220932091892
1401003,2026,794.1031256331469,1238.3856654953963,-35.87594335440901,59,0.5376562339989759,-1.8095582348822679
1401004,2021,1188.6080704790172,1257.1311364207454,-5.450749246162527,42,0.6413163722478239,-0.6816575604562318
1401004,2022,1033.2826716893742,1257.1311364207454,-17.806293889808806,36,0.6217303507424475,-0.9522204719409562
1401004,2023,900.7640608412185,1257.1311364207454,-28.347645305656922,70,0.5643089477726574,-1.745444453890499
1401004,2024,1648.7454055940811,1257.1311364207454,31.151425482016506,66,0.5477473736250155,-1.9742274008981961
1401004,2025,1154.8463409337662,1257.1311364207454,-8.136366407899217,50,0.6036404249871992,-1.2021161937208473
1401004,2026,803.7086284568195,1257.1311364207454,-36.06803577030895,57,0.5556041346646186,-1.8656934578954663
1401005,2021,1176.6108382445086,1246.219369102122,-5.585576069786583,49,0.6097233102918587,-0.4873131303494351
1401005,2022,1003.5398747019418,1246.219369102122,-19.473256508204198,40,0.5997608166922683,-0.6700992106042121
1401005,2023,902.1449978734593,1246.219369102122,-27.609454624073287,70,0.5600460189452126,-1.3987633884757118
1401005,2024,1622.529058356046,1246.219369102122,30.196103397514047,63,0.5457628228896304,-1.6608232226338695
1401005,2025,1163.7888476430396,1246.219369102122,-6.61444714332053,50,0.5991491295442908,-0.6813220932091892
1401005,2026,784.4168947797268,1246.219369102122,-37.05627482383903,59,0.5376562339989759,-1.8095582348822679
1401006,2021,1164.3920531751585,1262.8400976557161,-7.795764852835487,42,0.6413163722478239,-0.6816575604562318
1401006,2022,1018.262698712842,1262.8400976557161,-19.367250010266336,36,0.6217303507424475,-0.9522204719409562
1401006,2023,885.0782949380578,1262.8400976557161,-29.913668675782443,70,0.5643089477726574,-1.745444453890499
1401006,2024,1602.4495847450714,1262.8400976557161,26.892516932253912,66,0.5477473736250155,-1.9742274008981961
1401006,2025,1123.5520551023399,1262.8400976557161,-11.0297450019163,50,0.6036404249871992,-1.2021161937208473
1401006,2026,782.2134466195074,1262.8400976557161,-38.059185159579904,57,0.5556041346646186,-1.8656934578954663
1402001,2021,1170.4929088205909,1243.4968496717966,-5.870858528549876,49,0.6097233102918587,-0.4873131303494351
1402001,2022,1001.2928249553598,1243.4968496717966,-19.477654871450866,40,0.5997608166922683,-0.6700992106042121
1402001,2023,929.6246506377637,1243.4968496717966,-25.241093221657536,70,0.5600460189452126,-1.3987633884757118
1402001,2024,1638.2342437854436,1243.4968496717966,31.74414106620635,63,0.5457628228896304,-1.6608232226338695
1402001,2025,1183.1813825456297,1243.4968496717966,-4.850472049212367,50,0.5991491295442908,-0.6813220932091892
1402001,2026,778.660785624705,1243.4968496717966,-37.38136241919539,59,0.5376562339989759,-1.8095582348822679
1402002,2021,1162.3492495076464,1251.0614608684095,-7.090955491442012,49,0.6097233102918587,-0.4873131303494351
1402002,2022,1002.7227874368555,1251.0614608684095,-19.85023767410857,40,0.5997608166922683,-0.6700992106042121
1402002,2023,944.2364366930839,1251.0614608684095,-24.525175922400063,70,0.5600460189452126,-1.3987633884757118
1402002,2024,1649.5900581071762,1251.0614608684095,31.855237308815568,63,0.5457628228896304,-1.6608232226338695
1402002,2025,1196.4943730807106,1251.0614608684095,-4.36166323513969,50,0.5991491295442908,-0.6813220932091892
1402002,2026,779.1139877234466,1251.0614608684095,-37.723764012150625,59,0.5376562339989759,-1.8095582348822679
1402003,2021,1146.7878574372824,1253.4517092267076,-8.509609983716839,30,0.652639144905274,-0.30447830869463494
1402003,2022,981.7806856118074,1253.4517092267076,-21.673832475165906,30,0.6497291346646186,-0.35244738628886363
1402003,2023,905.145241882064,1253.4517092267076,-27.787785104184383,56,0.574650409626216,-1.5900571846075664
1402003,2024,1578.3300690865465,1253.4517092267076,25.9186977422741,45,0.5376228834507477,-2.2004248910226956
1402003,2025,1167.6045253728396,1253.4517092267076,-6.84886248284984,39,0.5770614439324117,-1.5503133066993582
1402003,2026,782.3727560734309,1253.4517092267076,-37.582537060314806,46,0.5289820148489504,-2.342862361052972
1402004,2021,1118.8570142658507,1246.7792361841425,-10.26021433512215,30,0.652639144905274,-0.30447830869463494
1402004,2022,998.7718303372636,1246.7792361841425,-19.89184601805877,30,0.6497291346646186,-0.35244738628886363
1402004,2023,936.8623269438174,1246.7792361841425,-24.85740059233326,56,0.574650409626216,-1.5900571846075664
1402004,2024,1578.5248200728415,1246.7792361841425,26.608205708015337,45,0.5376228834507477,-2.2004248910226956
1402004,2025,1147.8754410117342,1246.7792361841425,-7.932743207619538,39,0.5770614439324117,-1.5503133066993582
1402004,2026,761.8978079021862,1246.7792361841425,-38.89072052290274,46,0.5289820148489504,-2.342862361052972
1402005,2021,1044.7971065055635,1230.8971292137012,-15.119055710774028,30,0.652639144905274,-0.30447830869463494
1402005,2022,945.8046853073325,1230.8971292137012,-23.161354197688812,30,0.6497291346646186,-0.35244738628886363
1402005,2023,868.0284041153792,1230.8971292137012,-29.480020424625007,56,0.574650409626216,-1.5900571846075664
1402005,2024,1458.9966894118695,1230.8971292137012,18.531163554169524,45,0.5376228834507477,-2.2004248910226956
1402005,2025,1053.1795238025795,1230.8971292137012,-14.438055073265783,39,0.5770614439324117,-1.5503133066993582
1402005,2026,730.3656223761972,1230.8971292137012,-40.66395923412741,46,0.5289820148489504,-2.342862361052972
1402006,2021,1034.2174148773242,1236.6587763538364,-16.370025858983517,30,0.652639144905274,-0.30447830869463494
1402006,2022,938.6194391105552,1236.6587763538364,-24.10036971734597,30,0.6497291346646186,-0.35244738628886363
1402006,2023,836.1346160961567,1236.6587763538364,-32.38760504644497,56,0.574650409626216,-1.5900571846075664
1402006,2024,1468.7302726631042,1236.6587763538364,18.76600892232433,45,0.5376228834507477,-2.2004248910226956
1402006,2025,1021.476783195552,1236.6587763538364,-17.40027219090514,39,0.5770614439324117,-1.5503133066993582
1402006,2026,720.8611507230717,1236.6587763538364,-41.708968997215386,46,0.5289820148489504,-2.342862361052972
1403001,2021,1142.8582163654419,1283.2789411451495,-10.94233843301453,28,0.6858848566308244,-0.17335111267165768
1403001,2022,1007.5810165244426,1283.2789411451495,-21.483865727172653,29,0.6678261008704557,-0.46653339569893765
1403001,2023,882.8117706499778,1283.2789411451495,-31.20655670838095,59,0.5770546594982079,-1.9401996199022542
1403001,2024,1590.3855204267202,1283.2789411451495,23.931397098086908,54,0.5571182486713633,-2.2638654648333523
1403001,2025,1062.7393791272234,1283.2789411451495,-17.185629323981964,45,0.6079718381976447,-1.4382619916324437
1403001,2026,782.0837165644766,1283.2789411451495,-39.05582866757131,49,0.5528679595494111,-2.3328685282135333
1403002,2021,1129.2580086656117,1276.345600618718,-11.524119476872448,28,0.6858848566308244,-0.17335111267165768
1403002,2022,975.9161064634415,1276.345600618718,-23.53825594021252,29,0.6678261008704557,-0.46653339569893765
1403002,2023,870.7361474667753,1276.345600618718,-31.778967464244836,59,0.5770546594982079,-1.9401996199022542
1403002,2024,1575.4648472409028,1276.345600618718,23.435599768368736,54,0.5571182486713633,-2.2638654648333523
1403002,2025,1078.0108203544657,1276.345600618718,-15.539269314526408,45,0.6079718381976447,-1.4382619916324437
1403002,2026,775.5866261847946,1276.345600618718,-39.233807378752026,49,0.5528679595494111,-2.3328685282135333
1403003,2021,1120.4588806019317,1279.2102038180078,-12.410104511538242,28,0.6858848566308244,-0.17335111267165768
1403003,2022,972.1905728010873,1279.2102038180078,-24.000717794508766,29,0.6678261008704557,-0.46653339569893765
1403003,2023,850.582588904617,1279.2102038180078,-33.50720730917273,59,0.5770546594982079,-1.9401996199022542
1403003,2024,1511.6315076873352,1279.2102038180078,18.169125228647236,54,0.5571182486713633,-2.2638654648333523
1403003,2025,927.5441522698208,1279.2102038180078,-27.49087292288502,45,0.6079718381976447,-1.4382619916324437
1403003,2026,755.2971331315509,1279.2102038180078,-40.955979644530224,49,0.5528679595494111,-2.3328685282135333
1403004,2021,1119.2901230334842,1286.7101815056435,-13.011481596908855,28,0.6858848566308244,-0.17335111267165768
1403004,2022,963.5635500797724,1286.7101815056435,-25.11417381089976,29,0.6678261008704557,-0.46653339569893765
1403004,2023,837.6928175052822,1286.7101815056435,-34.89654239581316,59,0.5770546594982079,-1.9401996199022542
1403004,2024,1489.454919958479,1286.7101815056435,15.756830198980298,54,0.5571182486713633,-2.2638654648333523
1403004,2025,884.8268417067981,1286.7101815056435,-31.233400152984082,45,0.6079718381976447,-1.4382619916324437
1403004,2026,738.3753471038528,1286.7101815056435,-42.61525573382475,49,0.5528679595494111,-2.3328685282135333
1403005,2021,1104.2088459357728,1288.1147966790581,-14.277139833920144,24,0.7454569252432156,0.5097324161357745
1403005,2022,940.6619098744143,1288.1147966790581,-26.973751695145996,29,0.7249432283666154,0.14530526108490993
1403005,2023,835.6751024120667,1288.1147966790581,-35.124174913093526,54,0.5907713133640553,-2.2382675081844114
1403005,2024,1482.762972456095,1288.1147966790581,15.111089188546497,45,0.581604653318502,-2.4011138182286045
1403005,2025,863.1302612037736,1288.1147966790581,-32.99275317471352,35,0.6232039170506912,-1.6621002008720418
1403005,2026,739.2565419589248,1288.1147966790581,-42.60942084782874,46,0.557714605734767,-2.8255220625027686
1403006,2021,1097.8219421277468,1285.8179570292868,-14.620733352945246,28,0.6858848566308244,-0.17335111267165768
1403006,2022,947.253286773468,1285.8179570292868,-26.330684558024686,29,0.6678261008704557,-0.46653339569893765
1403006,2023,836.203481963455,1285.8179570292868,-34.967195208924196,59,0.5770546594982079,-1.9401996199022542
1403006,2024,1480.6272018209802,1285.8179570292868,15.15060850773732,54,0.5571182486713633,-2.2638654648333523
1403006,2025,891.0468813699371,1285.8179570292868,-30.701941398564415,45,0.6079718381976447,-1.4382619916324437
1403006,2026,720.6026225698392,1285.8179570292868,-43.95764823235968,49,0.5528679595494111,-2.3328685282135333
1403007,2021,1094.9418367461387,1284.0580048755155,-14.728008190542052,28,0.6858848566308244,-0.17335111267165768
1403007,2022,958.3098282700977,1284.0580048755155,-25.368649653564354,29,0.6678261008704557,-0.46653339569893765
1403007,2023,840.0732264669072,1284.0580048755155,-34.57669176336399,59,0.5770546594982079,-1.9401996199022542
1403007,2024,1519.9101731925048,1284.0580048755155,18.367719170120687,54,0.5571182486713633,-2.2638654648333523
1403007,2025,959.4881126144186,1284.0580048755155,-25.276887105467072,45,0.6079718381976447,-1.4382619916324437
1403007,2026,743.3940891855655,1284.0580048755155,-42.1058794569304,49,0.5528679595494111,-2.3328685282135333
1404001,2021,1089.7090801939075,1262.0032963525182,-13.652437886381188,30,0.652639144905274,-0.30447830869463494
1404001,2022,949.6544067826071,1262.0032963525182,-24.7502435590043,30,0.6497291346646186,-0.35244738628886363
1404001,2023,856.0206850935112,1262.0032963525182,-32.169694994647855,56,0.574650409626216,-1.5900571846075664
1404001,2024,1541.223898871714,1262.0032963525182,22.125188050317146,45,0.5376228834507477,-2.2004248910226956
1404001,2025,1089.1856317153404,1262.0032963525182,-13.693915470479427,39,0.5770614439324117,-1.5503133066993582
1404001,2026,770.7022450712816,1262.0032963525182,-38.93025103034282,46,0.5289820148489504,-2.342862361052972
1404002,2021,1062.9540217557776,1263.9996289181288,-15.905511565254836,30,0.652639144905274,-0.30447830869463494
1404002,2022,947.6312594890676,1263.9996289181288,-25.029150499026997,30,0.6497291346646186,-0.35244738628886363
1404002,2023,831.5477188391886,1263.9996289181288,-34.212977613694434,56,0.574650409626216,-1.5900571846075664
1404002,2024,1491.2609173793826,1263.9996289181288,17.979537593359044,45,0.5376228834507477,-2.2004248910226956
1404002,2025,976.3101723861212,1263.9996289181288,-22.760248496136363,39,0.5770614439324117,-1.5503133066993582
1404002,2026,728.6673383689517,1263.9996289181288,-42.35225061002382,46,0.5289820148489504,-2.342862361052972
1404003,2021,1051.2266469847004,1250.089102730906,-15.907862512502252,30,0.652639144905274,-0.30447830869463494
1404003,2022,950.1942603945171,1250.089102730906,-23.98987733604332,30,0.6497291346646186,-0.35244738628886363
1404003,2023,834.8334735954567,1250.089102730906,-33.21808247334488,56,0.574650409626216,-1.5900571846075664
1404003,2024,1487.4815132210622,1250.089102730906,18.990039187731185,45,0.5376228834507477,-2.2004248910226956
1404003,2025,1010.0366033248205,1250.089102730906,-19.2028311327308,39,0.5770614439324117,-1.5503133066993582
1404003,2026,745.1542569778145,1250.089102730906,-40.391908436768745,46,0.5289820148489504,-2.342862361052972
1404004,2021,1047.0000588804226,1256.397913106817,-16.666523562475206,30,0.652639144905274,-0.30447830869463494
1404004,2022,952.1353366216618,1256.397913106817,-24.217055226777283,30,0.6497291346646186,-0.35244738628886363
1404004,2023,845.1116762602938,1256.397913106817,-32.735348614953985,56,0.574650409626216,-1.5900571846075664
1404004,2024,1496.828089233673,1256.397913106817,19.13646732604967,45,0.5376228834507477,-2.2004248910226956
1404004,2025,1040.533495450659,1256.397913106817,-17.1812142796679,39,0.5770614439324117,-1.5503133066993582
1404004,2026,743.3050124615073,1256.397913106817,-40.83840758510455,46,0.5289820148489504,-2.342862361052972
1404005,2021,1031.523499106198,1227.960343613698,-15.997002307860903,24,0.7454569252432156,0.5097324161357745
1404005,2022,915.3980749688114,1227.960343613698,-25.453775463551526,29,0.7249432283666154,0.14530526108490993
1404005,2023,789.0992296054118,1227.960343613698,-35.739029871012406,54,0.5907713133640553,-2.2382675081844114
1404005,2024,1401.9429786271794,1227.960343613698,14.16842456829489,45,0.581604653318502,-2.4011138182286045
1404005,2025,851.0477209898156,1227.960343613698,-30.694201533795997,35,0.6232039170506912,-1.6621002008720418
1404005,2026,671.9141613026225,1227.960343613698,-45.28209605488702,46,0.557714605734767,-2.8255220625027686
1404006,2021,1015.48263782298,1196.9325717690454,-15.15957859496509,20,0.7256423451100871,0.18237200657292296
1404006,2022,901.545547211555,1196.9325717690454,-24.67866875081472,28,0.7179982078853047,0.054311405970479544
1404006,2023,774.1410588161185,1196.9325717690454,-35.322918176422284,45,0.5813470942140297,-2.2349755567232545
1404006,2024,1368.5293734671613,1196.9325717690454,14.336379988765694,36,0.5677107279693486,-2.4634226920869784
1404006,2025,829.8157691805718,1196.9325717690454,-30.67146899059496,33,0.6077207501280082,-1.7931433241101877
1404006,2026,646.8836446088907,1196.9325717690454,-45.954880010257554,36,0.5625423067076293,-2.55000815117534
1404007,2021,1015.6943833673915,1208.023518992455,-15.9209760903889,20,0.7256423451100871,0.18237200657292296
1404007,2022,928.401124978011,1208.023518992455,-23.147098514080366,28,0.7179982078853047,0.054311405970479544
1404007,2023,792.3653749252676,1208.023518992455,-34.40811685635596,45,0.5813470942140297,-2.2349755567232545
1404007,2024,1407.6662189056294,1208.023518992455,16.52639181062347,36,0.5677107279693486,-2.4634226920869784
1404007,2025,891.0101802134126,1208.023518992455,-26.242315136666004,33,0.6077207501280082,-1.7931433241101877
1404007,2026,654.60049086749,1208.023518992455,-45.81227264404126,36,0.5625423067076293,-2.55000815117534
1405001,2021,1057.1564882168148,1246.1601254745967,-15.166882120048612,24,0.7454569252432156,0.5097324161357745
1405001,2022,897.5450391546866,1246.1601254745967,-27.975143739023185,29,0.7249432283666154,0.14530526108490993
1405001,2023,809.7990237853221,1246.1601254745967,-35.01645517048523,54,0.5907713133640553,-2.2382675081844114
1405001,2024,1420.4975110087082,1246.1601254745967,13.98996661586452,45,0.581604653318502,-2.4011138182286045
1405001,2025,824.5447748703573,1246.1601254745967,-33.8331601200663,35,0.6232039170506912,-1.6621002008720418
1405001,2026,696.2204074449567,1246.1601254745967,-44.13074265397451,46,0.557714605734767,-2.8255220625027686
1405002,2021,1032.8050405610848,1214.1644619154292,-14.936973288465166,24,0.7454569252432156,0.5097324161357745
1405002,2022,888.4794066331168,1214.1644619154292,-26.823800687472065,29,0.7249432283666154,0.14530526108490993
1405002,2023,802.301951192891,1214.1644619154292,-33.92147634372335,54,0.5907713133640553,-2.2382675081844114
1405002,2024,1376.5184203617528,1214.1644619154292,13.37166121549949,45,0.581604653318502,-2.4011138182286045
1405002,2025,805.7390604458092,1214.1644619154292,-33.638392020245796,35,0.6232039170506912,-1.6621002008720418
1405002,2026,653.0654292596089,1214.1644619154292,-46.21277020171118,46,0.557714605734767,-2.8255220625027686
1405003,2021,994.9566708824111,1179.6926769875074,-15.6596721933413,20,0.7256423451100871,0.18237200657292296
1405003,2022,886.7815671913552,1179.6926769875074,-24.829442066567484,28,0.7179982078853047,0.054311405970479544
1405003,2023,763.7377726136492,1179.6926769875074,-35.25959874872251,45,0.5813470942140297,-2.2349755567232545
1405003,2024,1345.514970235586,1179.6926769875074,14.056397609547465,36,0.5677107279693486,-2.4634226920869784
1405003,2025,792.811822729891,1179.6926769875074,-32.79505432258553,33,0.6077207501280082,-1.7931433241101877
1405003,2026,599.5790463529379,1179.6926769875074,-49.17497937818535,36,0.5625423067076293,-2.55000815117534
1405004,2021,1011.2962790112069,1207.8129305902044,-16.270454356120236,24,0.7454569252432156,0.5097324161357745
1405004,2022,874.9036725815071,1207.8129305902044,-27.56298178112892,29,0.7249432283666154,0.14530526108490993
1405004,2023,799.8108848585501,1207.8129305902044,-33.78023495180514,54,0.5907713133640553,-2.2382675081844114
1405004,2024,1402.603932432651,1207.8129305902044,16.127580431454803,45,0.581604653318502,-2.4011138182286045
1405004,2025,800.4779461001438,1207.8129305902044,-33.72500609767558,35,0.6232039170506912,-1.6621002008720418
1405004,2026,682.8349920854979,1207.8129305902044,-43.46516958120105,46,0.557714605734767,-2.8255220625027686
1405005,2021,1004.8806169700239,1176.7663825797997,-14.606617605182974,24,0.7454569252432156,0.5097324161357745
1405005,2022,852.4545967591854,1176.7663825797997,-27.55957262389095,29,0.7249432283666154,0.14530526108490993
1405005,2023,779.5605925829179,1176.7663825797997,-33.754005542382686,54,0.5907713133640553,-2.2382675081844114
1405005,2024,1327.0317178275798,1176.7663825797997,12.76934296154489,45,0.581604653318502,-2.4011138182286045
1405005,2025,764.3985481302027,1176.7663825797997,-35.042455372116585,35,0.6232039170506912,-1.6621002008720418
1405005,2026,631.1804346163489,1176.7663825797997,-46.363148713287885,46,0.557714605734767,-2.8255220625027686
1405006,2021,981.4589202512224,1170.7596577333666,-16.16905196824405,24,0.7454569252432156,0.5097324161357745
1405006,2022,854.5778123968669,1170.7596577333666,-27.006554526198766,29,0.7249432283666154,0.14530526108490993
1405006,2023,769.2742996727209,1170.7596577333666,-34.29272228579656,54,0.5907713133640553,-2.2382675081844114
1405006,2024,1316.0182052540133,1170.7596577333666,12.407204720554908,45,0.581604653318502,-2.4011138182286045
1405006,2025,761.2878355824712,1170.7596577333666,-34.97488314071633,35,0.6232039170506912,-1.6621002008720418
1405006,2026,597.9739597946282,1170.7596577333666,-48.924276998719996,46,0.557714605734767,-2.8255220625027686
1405007,2021,967.4550913561965,1153.7106874428557,-16.1440470400327,24,0.7454569252432156,0.5097324161357745
1405007,2022,845.7495523928155,1153.7106874428557,-26.693098920026582,29,0.7249432283666154,0.14530526108490993
1405007,2023,763.513750400979,1153.7106874428557,-33.82103860949139,54,0.5907713133640553,-2.2382675081844114
1405007,2024,1304.48449325658,1153.7106874428557,13.068597478966513,45,0.581604653318502,-2.4011138182286045
1405007,2025,758.1319153601886,1153.7106874428557,-34.28751907980054,35,0.6232039170506912,-1.6621002008720418
1405007,2026,625.3637887400528,1153.7106874428557,-45.79544113211419,46,0.557714605734767,-2.8255220625027686
1501001,2021,1337.1930927025721,1571.923450874664,-14.932683779320238,54,0.730268305171531,-0.6212812012279186
1501001,2022,1317.0738112424324,1571.923450874664,-16.212598615436768,71,0.7124825268817204,-1.0021056182552803
1501001,2023,1118.6460351514759,1571.923450874664,-28.835845375992793,107,0.6889168586789555,-1.5066875212198312
1501001,2024,2058.312394135953,1571.923450874664,30.94227921790009,95,0.728241811889754,-0.6646719435427884
1501001,2025,1520.6128984074082,1571.923450874664,-3.264189006068017,88,0.7099318996415771,-1.05671897933255
1501001,2026,1343.40151502207,1571.923450874664,-14.537726740156316,83,0.7047406554019457,-1.1678725385971933
1501002,2021,1324.6418314250593,1571.0211328679327,-15.68274902789517,54,0.730268305171531,-0.6212812012279186
1501002,2022,1344.3782649958312,1571.0211328679327,-14.426468437019693,71,0.7124825268817204,-1.0021056182552803
1501002,2023,1154.7973880298284,1571.0211328679327,-26.493834877846545,107,0.6889168586789555,-1.5066875212198312
1501002,2024,2048.3335285553057,1571.0211328679327,30.38230267571443,95,0.728241811889754,-0.6646719435427884
1501002,2025,1485.3424648529372,1571.0211328679327,-5.453692902181862,88,0.7099318996415771,-1.05671897933255
1501002,2026,1273.1089145779233,1571.0211328679327,-18.96296695552174,83,0.7047406554019457,-1.1678725385971933
1501003,2021,1255.6243374827704,1511.907283052869,-16.950969708447175,54,0.730268305171531,-0.6212812012279186
1501003,2022,1293.7981611342946,1511.907283052869,-14.426091094565319,71,0.7124825268817204,-1.0021056182552803
1501003,2023,1060.1257270808003,1511.907283052869,-29.881564897274895,107,0.6889168586789555,-1.5066875212198312
1501003,2024,2082.364570002905,1511.907283052869,37.730970235037105,95,0.728241811889754,-0.6646719435427884
1501003,2025,1386.966489011455,1511.907283052869,-8.263786770649808,88,0.7099318996415771,-1.05671897933255
1501003,2026,1247.3806330431794,1511.907283052869,-17.496221691290014,83,0.7047406554019457,-1.1678725385971933
1501004,2021,1234.2425804646161,1528.7063794594415,-19.26228626709527,51,0.7320101766513056,-0.4118787999716182
1501004,2022,1311.3077412207695,1528.7063794594415,-14.221085301910318,57,0.7129893753200205,-0.7588515670095186
1501004,2023,1096.7217226768535,1528.7063794594415,-28.25818368961998,103,0.6622100614439324,-1.6851552877099085
1501004,2024,2012.8094207610247,1528.7063794594415,31.66749663678153,88,0.6840223087381041,-1.287261651834244
1501004,2025,1391.854946181962,1528.7063794594415,-8.952107161734403,79,0.6848836405529954,-1.2715494492858124
1501004,2026,1186.8570274234048,1528.7063794594415,-22.362002058035262,72,0.6788047235023041,-1.3824395549620134
1501005,2021,1220.8491463847213,1457.7345440968656,-16.250242451303496,81,0.7121193036354326,-0.7572705858007305
1501005,2022,1232.7588144270906,1457.7345440968656,-15.433244041641204,87,0.6963732078853047,-1.1159643160994022
1501005,2023,1025.9108444730573,1457.7345440968656,-29.622931100349497,112,0.6887586405529954,-1.2894230327475726
1501005,2024,2026.3379383279737,1457.7345440968656,39.005962816322246,100,0.7391971017179583,-0.14044235379811468
1501005,2025,1309.6703170942014,1457.7345440968656,-10.157146073148516,99,0.705078853046595,-0.9176510080189252
1501005,2026,1248.2660194896239,1457.7345440968656,-14.369456047775644,95,0.6985232974910395,-1.0669855931578023
1502001,2021,1177.3093472543114,1487.0849482672627,-20.831062904234145,69,0.714733422939068,-0.8724475395655242
1502001,2022,1223.7450073509187,1487.0849482672627,-17.70846656898687,73,0.7035180491551459,-1.130116351431719
1502001,2023,1035.2785713059463,1487.0849482672627,-30.3820153305806,104,0.6906198156682027,-1.4264482046346683
1502001,2024,1884.554176950722,1487.0849482672627,26.728078254479456,91,0.7311417315535781,-0.49547308763102005
1502001,2025,1308.6814025770984,1487.0849482672627,-11.996863117876243,87,0.7069532770097287,-1.0511933394275268
1502001,2026,1083.4451821806258,1487.0849482672627,-27.143020078103415,85,0.7015078725038403,-1.176299371218863
1502002,2021,1164.5953003053016,1506.1500276930044,-22.67733765612101,69,0.714733422939068,-0.8724475395655242
1502002,2022,1229.3439890422558,1506.1500276930044,-18.378384195546385,73,0.7035180491551459,-1.130116351431719
1502002,2023,1042.9094139673703,1506.1500276930044,-30.75660493365244,104,0.6906198156682027,-1.4264482046346683
1502002,2024,1812.41082655123,1506.1500276930044,20.334016746481126,91,0.7311417315535781,-0.49547308763102005
1502002,2025,1355.465064988895,1506.1500276930044,-10.00464495126798,87,0.7069532770097287,-1.0511933394275268
1502002,2026,1086.573565927868,1506.1500276930044,-27.85754765797195,85,0.7015078725038403,-1.176299371218863
1502003,2021,1134.7194044194605,1409.2959543402228,-19.483242613103812,69,0.714733422939068,-0.8724475395655242
1502003,2022,1194.097683959666,1409.2959543402228,-15.269913300879672,73,0.7035180491551459,-1.130116351431719
1502003,2023,969.6536405282543,1409.2959543402228,-31.19588277096785,104,0.6906198156682027,-1.4264482046346683
1502003,2024,1910.0569355053244,1409.2959543402228,35.53270550610062,91,0.7311417315535781,-0.49547308763102005
1502003,2025,1232.4319975376236,1409.2959543402228,-12.549809446192583,87,0.7069532770097287,-1.0511933394275268
1502003,2026,1097.8660769867422,1409.2959543402228,-22.09825951705651,85,0.7015078725038403,-1.176299371218863
1502004,2021,991.3109741005574,1365.8677211821466,-27.422622357413474,80,0.6853204685099846,-0.8302587236730664
1502004,2022,1096.5785923358706,1365.8677211821466,-19.715608229851767,89,0.6783350614439324,-0.9810915510831864
1502004,2023,917.0152338206019,1365.8677211821466,-32.86207590974233,109,0.6668637992831541,-1.228785477766654
1502004,2024,1681.7652488731378,1365.8677211821466,23.127973726297935,93,0.6986852984797923,-0.5416778187751566
1502004,2025,1184.1012580162694,1365.8677211821466,-13.307764752545724,98,0.6811093189964158,-0.9211882259586515
1502004,2026,1097.8015450834819,1365.8677211821466,-19.6260715398308,91,0.66722363031234,-1.221015804359106
1502005,2021,1071.2657527704293,1438.741791869011,-25.541486399808296,69,0.714733422939068,-0.8724475395655242
1502005,2022,1146.5912559803485,1438.741791869011,-20.305974118479007,73,0.7035180491551459,-1.130116351431719
1502005,2023,965.8049955742147,1438.741791869011,-32.87155478262874,104,0.6906198156682027,-1.4264482046346683
1502005,2024,1789.7444519871297,1438.741791869011,24.396501311200904,91,0.7311417315535781,-0.49547308763102005
1502005,2025,1254.5137839842473,1438.741791869011,-12.804799924901085,87,0.7069532770097287,-1.0511933394275268
1502005,2026,1055.8462327833113,1438.741791869011,-26.613222834675266,85,0.7015078725038403,-1.176299371218863
1502006,2021,1111.3318925878814,1431.6893505612684,-22.376185018614308,69,0.714733422939068,-0.8724475395655242
1502006,2022,1161.3650541615807,1431.6893505612684,-18.88149103670512,73,0.7035180491551459,-1.130116351431719
1502006,2023,971.5912563356327,1431.6893505612684,-32.136726730925425,104,0.6906198156682027,-1.4264482046346683
1502006,2024,1825.96219510663,1431.6893505612684,27.538994013666013,91,0.7311417315535781,-0.49547308763102005
1502006,2025,1230.407630696721,1431.6893505612684,-14.059035906472195,87,0.7069532770097287,-1.0511933394275268
1502006,2026,1043.0968492039717,1431.6893505612684,-27.14223593302247,85,0.7015078725038403,-1.176299371218863
1502007,2021,1092.0800335622928,1449.6442149261593,-24.665650901250952,69,0.714733422939068,-0.8724475395655242
1502007,2022,1143.2999898347127,1449.6442149261593,-21.132373166960203,73,0.7035180491551459,-1.130116351431719
1502007,2023,1006.9658181038641,1449.6442149261593,-30.537037451278618,104,0.6906198156682027,-1.4264482046346683
1502007,2024,1699.0355622370448,1449.6442149261593,17.203624499242306,91,0.7311417315535781,-0.49547308763102005
1502007,2025,1306.5332977715207,1449.6442149261593,-9.872140741921857,87,0.7069532770097287,-1.0511933394275268
1502007,2026,1061.584425944276,1449.6442149261593,-26.769312427577265,85,0.7015078725038403,-1.176299371218863
1503001,2021,1009.5069632875809,1382.2827634351447,-26.968129098359697,81,0.7121193036354326,-0.7572705858007305
1503001,2022,1134.4644254607872,1382.2827634351447,-17.928194182100494,87,0.6963732078853047,-1.1159643160994022
1503001,2023,927.0345379756566,1382.2827634351447,-32.9345223352232,112,0.6887586405529954,-1.2894230327475726
1503001,2024,1898.6075052869107,1382.2827634351447,37.35304783578685,100,0.7391971017179583,-0.14044235379811468
1503001,2025,1151.946951041319,1382.2827634351447,-16.66343663444176,99,0.705078853046595,-0.9176510080189252
1503001,2026,1115.9707952990684,1382.2827634351447,-19.2660991788871,95,0.6985232974910395,-1.0669855931578023
1503002,2021,1012.5625978421856,1379.9707315353512,-26.624342480393654,98,0.6766568100358423,-0.7294947272294791
1503002,2022,1130.7524056329219,1379.9707315353512,-18.0596820068169,98,0.66282910906298,-1.0374919106669025
1503002,2023,920.7273930457349,1379.9707315353512,-33.27920860891474,117,0.6647366871479774,-0.9950026582221744
1503002,2024,1940.3031534077777,1379.9707315353512,40.60465987195267,103,0.7138753244345569,0.09950769544558924
1503002,2025,1132.562269401431,1379.9707315353512,-17.9285296767602,102,0.6789368279569893,-0.6787097775637105
1503002,2026,1156.491202400103,1379.9707315353512,-16.19451224785076,100,0.6631707629288275,-1.0298819378595605
1503003,2021,1013.8726457584798,1340.4721703418234,-24.364513625080328,98,0.6766568100358423,-0.7294947272294791
1503003,2022,1050.1246929665724,1340.4721703418234,-21.66008991452704,98,0.66282910906298,-1.0374919106669025
1503003,2023,877.7459721439448,1340.4721703418234,-34.519642289916575,117,0.6647366871479774,-0.9950026582221744
1503003,2024,1852.9706149725878,1340.4721703418234,38.232680690422406,103,0.7138753244345569,0.09950769544558924
1503003,2025,1084.826714123847,1340.4721703418234,-19.071299044782567,102,0.6789368279569893,-0.6787097775637105
1503003,2026,1128.256718535456,1340.4721703418234,-15.831395571028672,100,0.6631707629288275,-1.0298819378595605
1503004,2021,1005.6919087221403,1355.6921622870025,-25.817089107782753,98,0.6766568100358423,-0.7294947272294791
1503004,2022,1088.333782297366,1355.6921622870025,-19.72117176945338,98,0.66282910906298,-1.0374919106669025
1503004,2023,891.9010565727215,1355.6921622870025,-34.21065036858239,117,0.6647366871479774,-0.9950026582221744
1503004,2024,1874.8368007034653,1355.6921622870025,38.2936962282562,103,0.7138753244345569,0.09950769544558924
1503004,2025,1146.189705190381,1355.6921622870025,-15.453541956250502,102,0.6789368279569893,-0.6787097775637105
1503004,2026,1123.8755870656373,1355.6921622870025,-17.099499552339314,100,0.6631707629288275,-1.0298819378595605
1503005,2021,1003.6485303703637,1373.3385499674216,-26.919073931611962,98,0.6766568100358423,-0.7294947272294791
1503005,2022,1117.8560233696583,1373.3385499674216,-18.60302593295906,98,0.66282910906298,-1.0374919106669025
1503005,2023,913.9652578848851,1373.3385499674216,-33.44938450125308,117,0.6647366871479774,-0.9950026582221744
1503005,2024,1891.0640517200568,1373.3385499674216,37.69831566767835,103,0.7138753244345569,0.09950769544558924
1503005,2025,1162.6700136005868,1373.3385499674216,-15.339883699604318,102,0.6789368279569893,-0.6787097775637105
1503005,2026,1149.468889829237,1373.3385499674216,-16.30112692485733,100,0.6631707629288275,-1.0298819378595605
1504001,2021,1015.6003634351864,1389.0232555151351,-26.883847379607808,80,0.6853204685099846,-0.8302587236730664
1504001,2022,1123.3142896398124,1389.0232555151351,-19.1291949087477,89,0.6783350614439324,-0.9810915510831864
1504001,2023,922.0159745420498,1389.0232555151351,-33.62127157474339,109,0.6668637992831541,-1.228785477766654
1504001,2024,1819.040898198924,1389.0232555151351,30.958275246753296,93,0.6986852984797923,-0.5416778187751566
1504001,2025,1200.8621786391748,1389.0232555151351,-13.546287013472547,98,0.6811093189964158,-0.9211882259586515
1504001,2026,1126.2631394799146,1389.0232555151351,-18.916898258681275,91,0.66722363031234,-1.221015804359106
1504002,2021,1017.2203320428027,1362.2828756270183,-25.32972775022174,80,0.6853204685099846,-0.8302587236730664
1504002,2022,1100.626597797833,1362.2828756270183,-19.207191289749762,89,0.6783350614439324,-0.9810915510831864
1504002,2023,881.9959476863992,1362.2828756270183,-35.25603503747761,109,0.6668637992831541,-1.228785477766654
1504002,2024,1842.970933688162,1362.2828756270183,35.285480472614566,93,0.6986852984797923,-0.5416778187751566
1504002,2025,1182.4013588518305,1362.2828756270183,-13.204417378614819,98,0.6811093189964158,-0.9211882259586515
1504002,2026,1118.3304209112732,1362.2828756270183,-17.907621029403384,91,0.66722363031234,-1.221015804359106
1504003,2021,1001.7651784466722,1344.8962136609507,-25.51356987467749,98,0.6766568100358423,-0.7294947272294791
1504003,2022,1061.5963270583054,1344.8962136609507,-21.064814052191643,98,0.66282910906298,-1.0374919106669025
1504003,2023,873.5464357789906,1344.8962136609507,-35.04729756052296,117,0.6647366871479774,-0.9950026582221744
1504003,2024,1857.1023465920266,1344.8962136609507,38.08517919288332,103,0.7138753244345569,0.09950769544558924
1504003,2025,1134.757954955625,1344.8962136609507,-15.624868043408858,102,0.6789368279569893,-0.6787097775637105
1504003,2026,1116.4975027377354,1344.8962136609507,-16.982627254298652,100,0.6631707629288275,-1.0298819378595605
1504004,2021,998.4238380016228,1369.0000080930279,-27.06911379844369,80,0.6853204685099846,-0.8302587236730664
1504004,2022,1076.662238788653,1369.0000080930279,-21.354110122438335,89,0.6783350614439324,-0.9810915510831864
1504004,2023,883.1094815794097,1369.0000080930279,-35.49236841791168,109,0.6668637992831541,-1.228785477766654
1504004,2024,1802.3840743463895,1369.0000080930279,31.656980547213543,93,0.6986852984797923,-0.5416778187751566
1504004,2025,1158.1139032906124,1369.0000080930279,-15.404390325473623,98,0.6811093189964158,-0.9211882259586515
1504004,2026,1124.533960218075,1369.0000080930279,-17.857271470398754,91,0.66722363031234,-1.221015804359106
1504005,2021,1011.3320672367562,1368.4240261331693,-26.09512490842969,80,0.6853204685099846,-0.8302587236730664
1504005,2022,1100.9482181274338,1368.4240261331693,-19.54626657364066,89,0.6783350614439324,-0.9810915510831864
1504005,2023,895.6841741571213,1368.4240261331693,-34.54629873109542,109,0.6668637992831541,-1.228785477766654
1504005,2024,1809.9533742474332,1368.4240261331693,32.265536097164095,93,0.6986852984797923,-0.5416778187751566
1504005,2025,1203.9208808984401,1368.4240261331693,-12.021357568499779,98,0.6811093189964158,-0.9211882259586515
1504005,2026,1128.9689166539886,1368.4240261331693,-17.4986045923077,91,0.66722363031234,-1.221015804359106
1504006,2021,1002.5768519229271,1353.86761158262,-25.94720168015891,98,0.6766568100358423,-0.7294947272294791
1504006,2022,1073.3825779769131,1353.86761158262,-20.717316169328434,98,0.66282910906298,-1.0374919106669025
1504006,2023,862.4273345994454,1353.86761158262,-36.29899059396948,117,0.6647366871479774,-0.9950026582221744
1504006,2024,1831.998372822504,1353.86761158262,35.315916944121845,103,0.7138753244345569,0.09950769544558924
1504006,2025,1152.4856740991834,1353.86761158262,-14.874566446569226,102,0.6789368279569893,-0.6787097775637105
1504006,2026,1116.0914923482053,1353.86761158262,-17.562730447215838,100,0.6631707629288275,-1.0298819378595605
1505001,2021,997.3140404937631,1364.9287501243673,-26.932886394041343,96,0.6567476958525346,-0.897154089221673
1505001,2022,1078.2788237899642,1364.9287501243673,-21.001090812123678,97,0.6552114055299539,-0.9385445582928381
1505001,2023,900.3870474274004,1364.9287501243673,-34.03413567592005,119,0.6498479902713774,-1.0830447677343886
1505001,2024,1836.3932327130624,1364.9287501243673,34.54132551209995,98,0.681073476702509,-0.2417730944292854
1505001,2025,1208.3800639305753,1364.9287501243673,-11.4693668940249,101,0.6599869431643625,-0.8098828464731973
1505001,2026,1159.2673767905571,1364.9287501243673,-15.06755376902062,97,0.6475990783410138,-1.1436345653327546
1505002,2021,986.5207750624796,1355.6204608278263,-27.227361671713883,96,0.6567476958525346,-0.897154089221673
1505002,2022,1069.4418124644187,1355.6204608278263,-21.110528841431698,97,0.6552114055299539,-0.9385445582928381
1505002,2023,868.0398837528288,1355.6204608278263,-35.96733681470479,119,0.6498479902713774,-1.0830447677343886
1505002,2024,1777.6765621590798,1355.6204608278263,31.133795448433986,98,0.681073476702509,-0.2417730944292854
1505002,2025,1155.3299899634094,1355.6204608278263,-14.77481910697239,101,0.6599869431643625,-0.8098828464731973
1505002,2026,1117.5649926270698,1355.6204608278263,-17.560628146272222,97,0.6475990783410138,-1.1436345653327546
1505003,2021,1004.8508980936379,1375.8241621119494,-26.963711950577434,96,0.6567476958525346,-0.897154089221673
1505003,2022,1076.7160281665597,1375.8241621119494,-21.74028790759466,97,0.6552114055299539,-0.9385445582928381
1505003,2023,895.0654125161718,1375.8241621119494,-34.943327994603045,119,0.6498479902713774,-1.0830447677343886
1505003,2024,1814.052344383042,1375.8241621119494,31.852048709363668,98,0.681073476702509,-0.2417730944292854
1505003,2025,1195.973435799579,1375.8241621119494,-13.072217458101024,101,0.6599869431643625,-0.8098828464731973
1505003,2026,1149.1721805791633,1375.8241621119494,-16.473906170165346,97,0.6475990783410138,-1.1436345653327546
1505004,2021,998.6357142572073,1375.2216835449647,-27.38365558031462,80,0.6853204685099846,-0.8302587236730664
1505004,2022,1079.6114540213327,1375.2216835449647,-21.495460190943575,89,0.6783350614439324,-0.9810915510831864
1505004,2023,891.1845954698061,1375.2216835449647,-35.19702269581996,109,0.6668637992831541,-1.228785477766654
1505004,2024,1800.8573985281841,1375.2216835449647,30.95033477701145,93,0.6986852984797923,-0.5416778187751566
1505004,2025,1184.7355737272703,1375.2216835449647,-13.851302091650458,98,0.6811093189964158,-0.9211882259586515
1505004,2026,1133.6730772563124,1375.2216835449647,-17.56433956640377,91,0.66722363031234,-1.221015804359106
1505005,2021,975.1547174124819,1352.0740865608882,-27.87712396050218,80,0.6853204685099846,-0.8302587236730664
1505005,2022,1083.5493221514696,1352.0740865608882,-19.860210847797067,89,0.6783350614439324,-0.9810915510831864
1505005,2023,882.1489267628853,1352.0740865608882,-34.755873547824315,109,0.6668637992831541,-1.228785477766654
1505005,2024,1769.2292663034282,1352.0740865608882,30.852982383798846,93,0.6986852984797923,-0.5416778187751566
1505005,2025,1174.8053595581084,1352.0740865608882,-13.110873787521317,98,0.6811093189964158,-0.9211882259586515
1505005,2026,1120.8691489405787,1352.0740865608882,-17.100019881928088,91,0.66722363031234,-1.221015804359106
1505006,2021,995.3064061693042,1366.862264324905,-27.183123556279664,96,0.6567476958525346,-0.897154089221673
1505006,2022,1089.7015906989222,1366.862264324905,-20.277147219575397,97,0.6552114055299539,-0.9385445582928381
1505006,2023,895.3678442751967,1366.862264324905,-34.494654827754715,119,0.6498479902713774,-1.0830447677343886
1505006,2024,1831.5159377293712,1366.862264324905,33.99418401779928,98,0.681073476702509,-0.2417730944292854
1505006,2025,1199.7232278412237,1366.862264324905,-12.227935531326674,101,0.6599869431643625,-0.8098828464731973
1505006,2026,1148.8682496085244,1366.862264324905,-15.94849901164315,97,0.6475990783410138,-1.1436345653327546
1505007,2021,1003.8232511437526,1346.636388139151,-25.456993440457566,96,0.6567476958525346,-0.897154089221673
1505007,2022,1098.625748409975,1346.636388139151,-18.41704575292886,97,0.6552114055299539,-0.9385445582928381
1505007,2023,889.2006226448444,1346.636388139151,-33.96876614380026,119,0.6498479902713774,-1.0830447677343886
1505007,2024,1839.4370525873162,1346.636388139151,36.59493154860768,98,0.681073476702509,-0.2417730944292854
1505007,2025,1186.6160146891955,1346.636388139151,-11.882968176070127,101,0.6599869431643625,-0.8098828464731973
1505007,2026,1172.1738692907336,1346.636388139151,-12.955428828824264,97,0.6475990783410138,-1.1436345653327546
1505008,2021,1007.7758148400596,1362.9405259136163,-26.05870940960392,96,0.6567476958525346,-0.897154089221673
1505008,2022,1100.6490068502342,1362.9405259136163,-19.244531516704367,97,0.6552114055299539,-0.9385445582928381
1505008,2023,905.9243608592002,1362.9405259136163,-33.53162932388893,119,0.6498479902713774,-1.0830447677343886
1505008,2024,1873.7964273263863,1362.9405259136163,37.481892401015024,98,0.681073476702509,-0.2417730944292854
1505008,2025,1208.7530335124231,1362.9405259136163,-11.312855511273101,101,0.6599869431643625,-0.8098828464731973
1505008,2026,1182.16470071555,1362.9405259136163,-13.26366204254491,97,0.6475990783410138,-1.1436345653327546
1601001,2021,896.7122651395166,1231.1714006795332,-27.165927941098627,41,0.6717930747567844,-0.8776836410564353
1601001,2022,1022.4422737182332,1231.1714006795332,-16.95370172228611,38,0.6858263568868408,-0.5319759767823415
1601001,2023,671.5767123782971,1231.1714006795332,-45.45221631954521,86,0.6173969534050179,-2.217723403943594
1601001,2024,1453.9686131017847,1231.1714006795332,18.09636028738815,69,0.6358442714126807,-1.7632766707099246
1601001,2025,960.3913903594175,1231.1714006795332,-21.993689113527267,63,0.6297876984126984,-1.912479379379547
1601001,2026,756.0119686792757,1231.1714006795332,-38.59409272648779,68,0.6081647465437788,-2.4451573456626425
1601002,2021,894.5627457258897,1210.5214620526615,-26.101042090654527,41,0.6717930747567844,-0.8776836410564353
1601002,2022,1001.9330581041711,1210.5214620526615,-17.231285069063578,38,0.6858263568868408,-0.5319759767823415
1601002,2023,654.0429096505012,1210.5214620526615,-45.97015169467121,86,0.6173969534050179,-2.217723403943594
1601002,2024,1427.5278330488954,1210.5214620526615,17.926685135202792,69,0.6358442714126807,-1.7632766707099246
1601002,2025,932.7638259809237,1210.5214620526615,-22.94528802494329,63,0.6297876984126984,-1.912479379379547
1601002,2026,734.0501022145414,1210.5214620526615,-39.36083537339151,68,0.6081647465437788,-2.4451573456626425
1601003,2021,897.8019403911146,1187.1634339538489,-24.374191900353225,41,0.6717930747567844,-0.8776836410564353
1601003,2022,953.6282007812289,1187.1634339538489,-19.671700331506226,38,0.6858263568868408,-0.5319759767823415
1601003,2023,644.9321400912703,1187.1634339538489,-45.67452790022995,86,0.6173969534050179,-2.217723403943594
1601003,2024,1376.0256570223899,1187.1634339538489,15.90869611267719,69,0.6358442714126807,-1.7632766707099246
1601003,2025,890.5273854281669,1187.1634339538489,-24.986959675613942,63,0.6297876984126984,-1.912479379379547
1601003,2026,741.6056861613595,1187.1634339538489,-37.53128971539823,68,0.6081647465437788,-2.4451573456626425
1601004,2021,911.2608464882027,1175.7838462666182,-22.497587513073626,44,0.6855396825396826,-0.6445751604201057
1601004,2022,919.1071616581762,1175.7838462666182,-21.8302611847789,41,0.6868872887864823,-0.6041454001643672
1601004,2023,640.375499546102,1175.7838462666182,-45.536290400702455,79,0.628926267281106,-2.3430436942357833
1601004,2024,1387.4450487356687,1175.7838462666182,18.001710360379853,63,0.6591353355580274,-1.4367363875684407
1601004,2025,864.1629011403062,1175.7838462666182,-26.503251096345604,61,0.6522569764464926,-1.6430951889561796
1601004,2026,723.3594757723683,1175.7838462666182,-38.47853259175148,63,0.6399672299027138,-2.0118019291844336
1601005,2021,922.047056736579,1175.0795809567592,-21.53322449992358,44,0.6855396825396826,-0.6445751604201057
1601005,2022,905.2016015691509,1175.0795809567592,-22.966783166113014,41,0.6868872887864823,-0.6041454001643672
1601005,2023,649.2602987174383,1175.0795809567592,-44.74754652882272,79,0.628926267281106,-2.3430436942357833
1601005,2024,1392.7102934033035,1175.0795809567592,18.52050839563969,63,0.6591353355580274,-1.4367363875684407
1601005,2025,858.414269228858,1175.0795809567592,-26.948414121030833,61,0.6522569764464926,-1.6430951889561796
1601005,2026,723.6130014896943,1175.0795809567592,-38.42008548046399,63,0.6399672299027138,-2.0118019291844336
1601006,2021,881.8194396366505,1145.586299782611,-23.02461719348542,44,0.6855396825396826,-0.6445751604201057
1601006,2022,856.0134850162704,1145.586299782611,-25.277258886675806,41,0.6868872887864823,-0.6041454001643672
1601006,2023,632.0219572887021,1145.586299782611,-44.829825792379324,79,0.628926267281106,-2.3430436942357833
1601006,2024,1337.9374948042687,1145.586299782611,16.7906333253251,63,0.6591353355580274,-1.4367363875684407
1601006,2025,828.6935606798396,1145.586299782611,-27.662057338055245,61,0.6522569764464926,-1.6430951889561796
1601006,2026,708.0028234331719,1145.586299782611,-38.19733846611781,63,0.6399672299027138,-2.0118019291844336
1602001,2021,889.7099316386992,1207.162046361583,-26.29739028655618,41,0.6717930747567844,-0.8776836410564353
1602001,2022,1014.5820100234438,1207.162046361583,-15.953122194205848,38,0.6858263568868408,-0.5319759767823415
1602001,2023,661.4085471425428,1207.162046361583,-45.20963037762453,86,0.6173969534050179,-2.217723403943594
1602001,2024,1437.062607396805,1207.162046361583,19.044714148208048,69,0.6358442714126807,-1.7632766707099246
1602001,2025,916.68319507518,1207.162046361583,-24.062954278749366,63,0.6297876984126984,-1.912479379379547
1602001,2026,734.6256826935875,1207.162046361583,-39.14440195433845,68,0.6081647465437788,-2.4451573456626425
1602002,2021,873.6938797815126,1244.4916558867603,-29.79511950532416,41,0.6717930747567844,-0.8776836410564353
1602002,2022,1062.1253275946624,1244.4916558867603,-14.653881159384161,38,0.6858263568868408,-0.5319759767823415
1602002,2023,681.3952765957434,1244.4916558867603,-45.247099619143974,86,0.6173969534050179,-2.217723403943594
1602002,2024,1497.003568129758,1244.4916558867603,20.29036603407925,69,0.6358442714126807,-1.7632766707099246
1602002,2025,937.2208642696895,1244.4916558867603,-24.690466196667714,63,0.6297876984126984,-1.912479379379547
1602002,2026,759.5442947608618,1244.4916558867603,-38.96750603605696,68,0.6081647465437788,-2.4451573456626425
1602003,2021,884.0145926069299,1182.4966219142973,-25.241681352473258,41,0.6717930747567844,-0.8776836410564353
1602003,2022,995.0205048127028,1182.4966219142973,-15.854262382424125,38,0.6858263568868408,-0.5319759767823415
1602003,2023,647.3766875175666,1182.4966219142973,-45.25340068459951,86,0.6173969534050179,-2.217723403943594
1602003,2024,1430.5025019913705,1182.4966219142973,20.97307302879109,69,0.6358442714126807,-1.7632766707099246
1602003,2025,877.2311111014399,1182.4966219142973,-25.815338932526934,63,0.6297876984126984,-1.912479379379547
1602003,2026,713.7040070122663,1182.4966219142973,-39.64430901655525,68,0.6081647465437788,-2.4451573456626425
1602004,2021,901.3242344871054,1183.6994723140747,-23.855315004486695,44,0.6855396825396826,-0.6445751604201057
1602004,2022,942.8853173206691,1183.6994723140747,-20.34419720764306,41,0.6868872887864823,-0.6041454001643672
1602004,2023,642.8279513448653,1183.6994723140747,-45.69331436059797,79,0.628926267281106,-2.3430436942357833
1602004,2024,1407.9548738982157,1183.6994723140747,18.94529877129477,63,0.6591353355580274,-1.4367363875684407
1602004,2025,871.7494194502373,1183.6994723140747,-26.353822077320885,61,0.6522569764464926,-1.6430951889561796
1602004,2026,718.5849767567697,1183.6994723140747,-39.293292464516256,63,0.6399672299027138,-2.0118019291844336
1603001,2021,886.711520414818,1166.0955526259418,-23.958931288433114,44,0.6855396825396826,-0.6445751604201057
1603001,2022,942.3448546129351,1166.0955526259418,-19.188024301193867,41,0.6868872887864823,-0.6041454001643672
1603001,2023,626.4192738543287,1166.0955526259418,-46.280622334620084,79,0.628926267281106,-2.3430436942357833
1603001,2024,1404.712957485264,1166.0955526259418,20.46293756304768,63,0.6591353355580274,-1.4367363875684407
1603001,2025,844.9387164852529,1166.0955526259418,-27.541210959725614,61,0.6522569764464926,-1.6430951889561796
1603001,2026,697.1609410905875,1166.0955526259418,-40.214081125629534,63,0.6399672299027138,-2.0118019291844336
1603002,2021,880.1332584734595,1169.0725483458164,-24.71525743044712,44,0.6855396825396826,-0.6445751604201057
1603002,2022,957.6037293675407,1169.0725483458164,-18.088596749405692,41,0.6868872887864823,-0.6041454001643672
1603002,2023,629.1842896400328,1169.0725483458164,-46.18090292768404,79,0.628926267281106,-2.3430436942357833
1603002,2024,1407.315563011306,1169.0725483458164,20.378804976867563,63,0.6591353355580274,-1.4367363875684407
1603002,2025,859.7019680239283,1169.0725483458164,-26.462906922212238,61,0.6522569764464926,-1.6430951889561796
1603002,2026,695.2674387330158,1169.0725483458164,-40.5282897355868,63,0.6399672299027138,-2.0118019291844336
1603003,2021,874.702844261307,1172.1379447255108,-25.375434845585236,40,0.7104044418842805,-0.3412071884863968
1603003,2022,973.5299252971256,1172.1379447255108,-16.944082419829424,41,0.7010844214029698,-0.6139585118095573
1603003,2023,639.8845212314218,1172.1379447255108,-45.40877000775972,79,0.6382061571940604,-2.4540971473022757
1603003,2024,1406.842076400822,1172.1379447255108,20.023593019188006,66,0.6712378877765418,-1.4874202772146634
1603003,2025,860.0013410672067,1172.1379447255108,-26.62968169086956,62,0.6614049539170507,-1.7751820613977958
1603003,2026,702.5718259835783,1172.1379447255108,-40.060653343314016,63,0.6444295314900154,-2.2719694815786977
1603004,2021,887.4814558465871,1214.492429291369,-26.92573173433333,36,0.6898631592421915,-0.6158514715926322
1603004,2022,1027.2218813558245,1214.492429291369,-15.419655439500186,39,0.6903253328213006,-0.6035516709309319
1603004,2023,675.2849825755121,1214.492429291369,-44.39776104907243,84,0.6284489247311827,-2.2502651992931777
1603004,2024,1474.1223540846406,1214.492429291369,21.377648681166352,71,0.6448177295760722,-1.8146430742670512
1603004,2025,913.7422967289125,1214.492429291369,-24.76344234915799,63,0.644462877624168,-1.824086730222571
1603004,2026,739.5060608215582,1214.492429291369,-39.109866559395144,64,0.6294425883256528,-2.2238208833711575
1603005,2021,885.4324103795732,1171.0701060449642,-24.39116959701674,40,0.7104044418842805,-0.3412071884863968
1603005,2022,965.543790720575,1171.0701060449642,-17.550299872183558,41,0.7010844214029698,-0.6139585118095573
1603005,2023,644.8555140020535,1171.0701060449642,-44.93450813291499,79,0.6382061571940604,-2.4540971473022757
1603005,2024,1390.6474941910992,1171.0701060449642,18.750148860661312,66,0.6712378877765418,-1.4874202772146634
1603005,2025,847.7626343660783,1171.0701060449642,-27.607866515420408,62,0.6614049539170507,-1.7751820613977958
1603005,2026,698.6763231481941,1171.0701060449642,-40.33864244833111,63,0.6444295314900154,-2.2719694815786977
1603006,2021,872.7804177948765,1147.0686647996922,-23.912103557698835,44,0.6855396825396826,-0.6445751604201057
1603006,2022,890.5787904938882,1147.0686647996922,-22.360463865569354,41,0.6868872887864823,-0.6041454001643672
1603006,2023,632.2055539644373,1147.0686647996922,-44.88511687529737,79,0.628926267281106,-2.3430436942357833
1603006,2024,1352.7322734257768,1147.0686647996922,17.929494104173685,63,0.6591353355580274,-1.4367363875684407
1603006,2025,824.3133531396946,1147.0686647996922,-28.13740114820057,61,0.6522569764464926,-1.6430951889561796
1603006,2026,687.0007930649268,1147.0686647996922,-40.108137015067456,63,0.6399672299027138,-2.0118019291844336
1604001,2021,882.7821777776204,1171.1391737922781,-24.621923889790647,41,0.6717930747567844,-0.8776836410564353
1604001,2022,955.7254371816407,1171.1391737922781,-18.393521575501904,38,0.6858263568868408,-0.5319759767823415
1604001,2023,632.8843310843868,1171.1391737922781,-45.959938387592544,86,0.6173969534050179,-2.217723403943594
1604001,2024,1349.5983344077235,1171.1391737922781,15.238083108224867,69,0.6358442714126807,-1.7632766707099246
1604001,2025,894.8425522737215,1171.1391737922781,-23.592125317085728,63,0.6297876984126984,-1.912479379379547
1604001,2026,752.769829966721,1171.1391737922781,-35.723281501278024,68,0.6081647465437788,-2.4451573456626425
1604002,2021,894.9852473862785,1170.1735782970063,-23.516881257156637,44,0.6855396825396826,-0.6445751604201057
1604002,2022,937.7906528824259,1170.1735782970063,-19.85884228840436,41,0.6868872887864823,-0.6041454001643672
1604002,2023,641.1226575850632,1170.1735782970063,-45.21131997202407,79,0.628926267281106,-2.3430436942357833
1604002,2024,1345.6377259638452,1170.1735782970063,14.99471111988342,63,0.6591353355580274,-1.4367363875684407
1604002,2025,876.376088151967,1170.1735782970063,-25.107171755887094,61,0.6522569764464926,-1.6430951889561796
1604002,2026,751.3580041866178,1170.1735782970063,-35.79089306732641,63,0.6399672299027138,-2.0118019291844336
1604003,2021,883.6728620319503,1136.272705832169,-22.230565119068213,44,0.6855396825396826,-0.6445751604201057
1604003,2022,919.7958744450427,1136.272705832169,-19.051485640375898,41,0.6868872887864823,-0.6041454001643672
1604003,2023,622.5307923169061,1136.272705832169,-45.21290627490829,79,0.628926267281106,-2.3430436942357833
1604003,2024,1331.6694501751294,1136.272705832169,17.196289529797173,63,0.6591353355580274,-1.4367363875684407
1604003,2025,880.4417873151638,1136.272705832169,-22.51492244809692,61,0.6522569764464926,-1.6430951889561796
1604003,2026,773.6810446240929,1136.272705832169,-31.910619637961457,63,0.6399672299027138,-2.0118019291844336
1604004,2021,878.4452733022226,1147.7341544869562,-23.46265292637451,44,0.6855396825396826,-0.6445751604201057
1604004,2022,912.7420718703527,1147.7341544869562,-20.474434928848687,41,0.6868872887864823,-0.6041454001643672
1604004,2023,629.3652523736873,1147.7341544869562,-45.16454442753625,79,0.628926267281106,-2.3430436942357833
1604004,2024,1318.118470663961,1147.7341544869562,14.845277149843781,63,0.6591353355580274,-1.4367363875684407
1604004,2025,850.5602274860918,1147.7341544869562,-25.89222650899527,61,0.6522569764464926,-1.6430951889561796
1604004,2026,754.4061678603925,1147.7341544869562,-34.269955728762255,63,0.6399672299027138,-2.0118019291844336
1604005,2021,870.3106784414979,1134.6225702867564,-23.295137851740268,44,0.6855396825396826,-0.6445751604201057
1604005,2022,876.8291432884894,1134.6225702867564,-22.720632723982757,41,0.6868872887864823,-0.6041454001643672
1604005,2023,625.5983824162985,1134.6225702867564,-44.86286463892665,79,0.628926267281106,-2.3430436942357833
1604005,2024,1297.790390097923,1134.6225702867564,14.3808015179822,63,0.6591353355580274,-1.4367363875684407
1604005,2025,828.8160949947314,1134.6225702867564,-26.95226441817896,61,0.6522569764464926,-1.6430951889561796
1604005,2026,727.6156034515341,1134.6225702867564,-35.87157328734949,63,0.6399672299027138,-2.0118019291844336
1604006,2021,840.06383298174,1093.7324915906818,-23.19293433808627,44,0.6855396825396826,-0.6445751604201057
1604006,2022,866.7634539773736,1093.7324915906818,-20.75178705564587,41,0.6868872887864823,-0.6041454001643672
1604006,2023,593.1828449487665,1093.7324915906818,-45.76527171776121,79,0.628926267281106,-2.3430436942357833
1604006,2024,1259.8836469076605,1093.7324915906818,15.191205947931103,63,0.6591353355580274,-1.4367363875684407
1604006,2025,852.2527625882419,1093.7324915906818,-22.07850007740386,61,0.6522569764464926,-1.6430951889561796
1604006,2026,761.6296183673569,1093.7324915906818,-30.364177326425352,63,0.6399672299027138,-2.0118019291844336
1604007,2021,835.5040629570274,1096.7310474412375,-23.81869147350883,44,0.6855396825396826,-0.6445751604201057
1604007,2022,856.1211983413392,1096.7310474412375,-21.938819883075308,41,0.6868872887864823,-0.6041454001643672
1604007,2023,607.6511483254078,1096.7310474412375,-44.59433333786736,79,0.628926267281106,-2.3430436942357833
1604007,2024,1246.5376533013948,1096.7310474412375,13.659374940617235,63,0.6591353355580274,-1.4367363875684407
1604007,2025,828.5627981658104,1096.7310474412375,-24.451596396498978,61,0.6522569764464926,-1.6430951889561796
1604007,2026,735.3169423620476,1096.7310474412375,-32.953758893066656,63,0.6399672299027138,-2.0118019291844336
1605001,2021,897.9710458618514,1166.5920191911293,-23.026128150227663,44,0.6855396825396826,-0.6445751604201057
1605001,2022,876.0477457468004,1166.5920191911293,-24.905388401832315,41,0.6868872887864823,-0.6041454001643672
1605001,2023,645.5066310180714,1166.5920191911293,-44.66731981711642,79,0.628926267281106,-2.3430436942357833
1605001,2024,1402.5332521843181,1166.5920191911293,20.224828312881957,63,0.6591353355580274,-1.4367363875684407
1605001,2025,850.7232124698013,1166.5920191911293,-27.076201579052416,61,0.6522569764464926,-1.6430951889561796
1605001,2026,715.3105144044109,1166.5920191911293,-38.683746962337345,63,0.6399672299027138,-2.0118019291844336
1605002,2021,881.8041742255208,1159.1156444157684,-23.9244006002543,44,0.6855396825396826,-0.6445751604201057
1605002,2022,876.2067527122767,1159.1156444157684,-24.407305092158158,41,0.6868872887864823,-0.6041454001643672
1605002,2023,636.9876288376795,1159.1156444157684,-45.04537731791708,79,0.628926267281106,-2.3430436942357833
1605002,2024,1397.0193354257444,1159.1156444157684,20.524586322004748,63,0.6591353355580274,-1.4367363875684407
1605002,2025,845.0095074012843,1159.1156444157684,-27.098774701880913,61,0.6522569764464926,-1.6430951889561796
1605002,2026,700.7049274055368,1159.1156444157684,-39.548315926775835,63,0.6399672299027138,-2.0118019291844336
1605003,2021,872.904962896457,1128.841253665207,-22.672478520585305,44,0.6855396825396826,-0.6445751604201057
1605003,2022,858.7282646907091,1128.841253665207,-23.92834139410432,41,0.6868872887864823,-0.6041454001643672
1605003,2023,642.0498245392182,1128.841253665207,-43.12310765977392,79,0.628926267281106,-2.3430436942357833
1605003,2024,1294.3632277240772,1128.841253665207,14.662998319864815,63,0.6591353355580274,-1.4367363875684407
1605003,2025,812.7930916208335,1128.841253665207,-27.997573708278686,61,0.6522569764464926,-1.6430951889561796
1605003,2026,706.7146455034992,1128.841253665207,-37.394682980544445,63,0.6399672299027138,-2.0118019291844336
1605004,2021,887.8764585973522,1137.8177796431628,-21.966726616294924,44,0.6855396825396826,-0.6445751604201057
1605004,2022,863.3614867065463,1137.8177796431628,-24.121287067837013,41,0.6868872887864823,-0.6041454001643672
1605004,2023,651.2779117447581,1137.8177796431628,-42.760789697889166,79,0.628926267281106,-2.3430436942357833
1605004,2024,1333.5926731159136,1137.8177796431628,17.206172813906004,63,0.6591353355580274,-1.4367363875684407
1605004,2025,824.9578884565847,1137.8177796431628,-27.49648465545123,61,0.6522569764464926,-1.6430951889561796
1605004,2026,707.6200787765358,1137.8177796431628,-37.80901551754127,63,0.6399672299027138,-2.0118019291844336
1605005,2021,854.0356792445182,1097.0602827685627,-22.15234726306406,44,0.6855396825396826,-0.6445751604201057
1605005,2022,859.8105326620735,1097.0602827685627,-21.62595381793981,41,0.6868872887864823,-0.6041454001643672
1605005,2023,627.9300122363263,1097.0602827685627,-42.76248788702204,79,0.628926267281106,-2.3430436942357833
1605005,2024,1250.3859859506774,1097.0602827685627,13.976050868889262,63,0.6591353355580274,-1.4367363875684407
1605005,2025,819.4301256529646,1097.0602827685627,-25.306736692259538,61,0.6522569764464926,-1.6430951889561796
1605005,2026,719.8185417736022,1097.0602827685627,-34.38660089333887,63,0.6399672299027138,-2.0118019291844336
1605006,2021,857.2205994617932,1092.108792399324,-21.50776502966247,44,0.6855396825396826,-0.6445751604201057
1605006,2022,850.8916408848643,1092.108792399324,-22.08728225550811,41,0.6868872887864823,-0.6041454001643672
1605006,2023,627.7701632557,1092.108792399324,-42.51761659417544,79,0.628926267281106,-2.3430436942357833
1605006,2024,1222.4081397514576,1092.108792399324,11.930986020712323,63,0.6591353355580274,-1.4367363875684407
1605006,2025,785.5381473748391,1092.108792399324,-28.071438226493918,61,0.6522569764464926,-1.6430951889561796
1605006,2026,686.0214517275277,1092.108792399324,-37.183780910657894,63,0.6399672299027138,-2.0118019291844336
1606001,2021,881.2175170811216,1155.0541565842564,-23.707688331508937,40,0.7104044418842805,-0.3412071884863968
1606001,2022,929.092668484387,1155.0541565842564,-19.562847924645034,41,0.7010844214029698,-0.6139585118095573
1606001,2023,643.4602031194386,1155.0541565842564,-44.291771996017154,79,0.6382061571940604,-2.4540971473022757
1606001,2024,1333.7066450893685,1155.0541565842564,15.467022692115666,66,0.6712378877765418,-1.4874202772146634
1606001,2025,828.353194259646,1155.0541565842564,-28.28447137844475,62,0.6614049539170507,-1.7751820613977958
1606001,2026,700.8017146841479,1155.0541565842564,-39.32737173496961,63,0.6444295314900154,-2.2719694815786977
1606002,2021,874.4163286812109,1136.8298779574736,-23.082921584339207,40,0.7104044418842805,-0.3412071884863968
1606002,2022,900.1912797603769,1136.8298779574736,-20.815656131615928,41,0.7010844214029698,-0.6139585118095573
1606002,2023,637.9149195894614,1136.8298779574736,-43.88651002596851,79,0.6382061571940604,-2.4540971473022757
1606002,2024,1311.8343494508285,1136.8298779574736,15.394077415328228,66,0.6712378877765418,-1.4874202772146634
1606002,2025,813.7173626665846,1136.8298779574736,-28.422239910814167,62,0.6614049539170507,-1.7751820613977958
1606002,2026,697.8404135928588,1136.8298779574736,-38.61522932114883,63,0.6444295314900154,-2.2719694815786977
1606003,2021,875.6712576569449,1126.5048001820476,-22.266531175416826,44,0.6855396825396826,-0.6445751604201057
1606003,2022,871.7356536502059,1126.5048001820476,-22.61589533312863,41,0.6868872887864823,-0.6041454001643672
1606003,2023,641.8232825715468,1126.5048001820476,-43.02525098270104,79,0.628926267281106,-2.3430436942357833
1606003,2024,1302.8357656345934,1126.5048001820476,15.652926239111455,63,0.6591353355580274,-1.4367363875684407
1606003,2025,802.6620203504099,1126.5048001820476,-28.747572116807977,61,0.6522569764464926,-1.6430951889561796
1606003,2026,702.9679931413057,1126.5048001820476,-37.59742585848695,63,0.6399672299027138,-2.0118019291844336
1606004,2021,881.8700301000096,1122.1785697304538,-21.414465229733096,44,0.6855396825396826,-0.6445751604201057
1606004,2022,872.4576016139024,1122.1785697304538,-22.253229107425756,41,0.6868872887864823,-0.6041454001643672
1606004,2023,643.8498549210104,1122.1785697304538,-42.625008863280776,79,0.628926267281106,-2.3430436942357833
1606004,2024,1307.656811154921,1122.1785697304538,16.528407013602017,63,0.6591353355580274,-1.4367363875684407
1606004,2025,806.6706359429054,1122.1785697304538,-28.115662007636903,61,0.6522569764464926,-1.6430951889561796
1606004,2026,693.5250656792483,1122.1785697304538,-38.19833274433031,63,0.6399672299027138,-2.0118019291844336
1606005,2021,868.8248521464644,1113.2334015703564,-21.954834366191562,44,0.6855396825396826,-0.6445751604201057
1606005,2022,865.2108859189822,1113.2334015703564,-22.279471250279332,41,0.6868872887864823,-0.6041454001643672
1606005,2023,646.4934623475809,1113.2334015703564,-41.92651231667858,79,0.628926267281106,-2.3430436942357833
1606005,2024,1276.058253131028,1113.2334015703564,14.626299510146454,63,0.6591353355580274,-1.4367363875684407
1606005,2025,803.1032889546639,1113.2334015703564,-27.858498692027634,61,0.6522569764464926,-1.6430951889561796
1606005,2026,689.5906011076257,1113.2334015703564,-38.055164340661086,63,0.6399672299027138,-2.0118019291844336
1607001,2021,877.0382055023687,1124.478630206066,-22.004902366028315,40,0.7104044418842805,-0.3412071884863968
1607001,2022,875.698917680198,1124.478630206066,-22.12400536951761,41,0.7010844214029698,-0.6139585118095573
1607001,2023,642.7892818053408,1124.478630206066,-42.836683193566195,79,0.6382061571940604,-2.4540971473022757
1607001,2024,1287.5104076783575,1124.478630206066,14.498432704089279,66,0.6712378877765418,-1.4874202772146634
1607001,2025,784.7244389989221,1124.478630206066,-30.21437509620636,62,0.6614049539170507,-1.7751820613977958
1607001,2026,708.3907438852198,1124.478630206066,-37.00273843751003,63,0.6444295314900154,-2.2719694815786977
1607002,2021,862.4762334706103,1123.685726546724,-23.2457783261922,40,0.7104044418842805,-0.3412071884863968
1607002,2022,873.2395701876791,1123.685726546724,-22.287918271304225,41,0.7010844214029698,-0.6139585118095573
1607002,2023,646.8046798132553,1123.685726546724,-42.43900545030546,79,0.6382061571940604,-2.4540971473022757
1607002,2024,1257.1054995071931,1123.685726546724,11.873406399001848,66,0.6712378877765418,-1.4874202772146634
1607002,2025,773.3627720964672,1123.685726546724,-31.176239599203452,62,0.6614049539170507,-1.7751820613977958
1607002,2026,699.3893500979829,1123.685726546724,-37.75934555586779,63,0.6444295314900154,-2.2719694815786977
1607003,2021,864.6075207806655,1113.5522196838563,-22.35590702462679,44,0.6855396825396826,-0.6445751604201057
1607003,2022,847.47275643974,1113.5522196838563,-23.894655189108036,41,0.6868872887864823,-0.6041454001643672
1607003,2023,637.6422940707228,1113.5522196838563,-42.73799802116573,79,0.628926267281106,-2.3430436942357833
1607003,2024,1264.3991384678357,1113.5522196838563,13.546461146366864,63,0.6591353355580274,-1.4367363875684407
1607003,2025,777.3690656057852,1113.5522196838563,-30.190156162906792,61,0.6522569764464926,-1.6430951889561796
1607003,2026,684.8965220900469,1113.5522196838563,-38.49444058541836,63,0.6399672299027138,-2.0118019291844336
1607004,2021,864.140844216916,1103.0718760482368,-21.6605134279457,44,0.6855396825396826,-0.6445751604201057
1607004,2022,842.8653261712507,1103.0718760482368,-23.589265171837948,41,0.6868872887864823,-0.6041454001643672
1607004,2023,633.2132049668606,1103.0718760482368,-42.59547190747428,79,0.628926267281106,-2.3430436942357833
1607004,2024,1239.7180354898167,1103.0718760482368,12.387783825213248,63,0.6591353355580274,-1.4367363875684407
1607004,2025,762.4524674610071,1103.0718760482368,-30.879167167918492,61,0.6522569764464926,-1.6430951889561796
1607004,2026,677.0185785345647,1103.0718760482368,-38.624255296945044,63,0.6399672299027138,-2.0118019291844336
1607005,2021,854.7289096144158,1111.3431259402607,-23.090457873551376,40,0.7104044418842805,-0.3412071884863968
1607005,2022,867.8975274554386,1111.3431259402607,-21.905529696676982,41,0.7010844214029698,-0.6139585118095573
1607005,2023,644.0334384367718,1111.3431259402607,-42.04909146381932,79,0.6382061571940604,-2.4540971473022757
1607005,2024,1244.005507837665,1111.3431259402607,11.937121740431348,66,0.6712378877765418,-1.4874202772146634
1607005,2025,762.8781458562112,1111.3431259402607,-31.35530080228174,62,0.6614049539170507,-1.7751820613977958
1607005,2026,678.4619767042574,1111.3431259402607,-38.95116990711224,63,0.6444295314900154,-2.2719694815786977
1701001,2021,790.6605086281096,1154.4526066301253,-31.51208598020611,75,0.40802508960573475,-1.509901618626166
1701001,2022,1134.5659172448102,1154.4526066301253,-1.7226076905283116,71,0.44872062211981567,-0.43312611617073427
1701001,2023,710.3413305231322,1154.4526066301253,-38.46942469153103,105,0.3983149641577061,-1.7668247883767667
1701001,2024,1496.8476532139462,1154.4526066301253,29.658649009705144,90,0.4243594116920035,-1.0777068103723322
1701001,2025,1140.7531188251344,1154.4526066301253,-1.186665240852115,89,0.4240040962621608,-1.0871082096627
1701001,2026,828.2262929083386,1154.4526066301253,-28.25809494891688,86,0.40730389144905277,-1.5289840205399994
1701002,2021,834.7416799848237,1234.1338736247164,-32.36214499702992,66,0.6572036610343062,-1.1281377317108319
1701002,2022,1110.1639651436244,1234.1338736247164,-10.045094063983987,61,0.6793744879672299,-0.47324728672224875
1701002,2023,755.8411371037279,1234.1338736247164,-38.75533657594354,105,0.6292779697900666,-1.9530175803914305
1701002,2024,1541.7717842724408,1234.1338736247164,24.92743431019971,90,0.6409671548634285,-1.607737919086601
1701002,2025,1154.8361661951674,1234.1338736247164,-6.425373221192569,88,0.6409717101894521,-1.6076033621079326
1701002,2026,851.3972795424385,1234.1338736247164,-31.012566972022277,87,0.6355912698412698,-1.7665328862306025
1701003,2021,801.5128366004906,1174.3146011213116,-31.746327957162904,61,0.6521630184331797,-1.5351483495477098
1701003,2022,1111.1555710882665,1174.3146011213116,-5.378373901911534,57,0.678363287250384,-0.5611499407136131
1701003,2023,708.1711456711853,1174.3146011213116,-39.694938222263644,98,0.6387900025601638,-2.0322919579780776
1701003,2024,1511.7154267671651,1174.3146011213116,28.73172362190518,83,0.6741532876035101,-0.71765722641576
1701003,2025,1145.0606581269315,1174.3146011213116,-2.491150409476865,77,0.6717835381464413,-0.8057529714107449
1701003,2026,834.1374591864806,1174.3146011213116,-28.968143767437443,78,0.6602736815156169,-1.2336333921249838
1701004,2021,784.1666957193113,1134.44247670407,-30.876469118330753,61,0.6521630184331797,-1.5351483495477098
1701004,2022,1087.014263232295,1134.44247670407,-4.180750848608003,57,0.678363287250384,-0.5611499407136131
1701004,2023,681.8818901654272,1134.44247670407,-39.89277515890279,98,0.6387900025601638,-2.0322919579780776
1701004,2024,1463.115329120996,1134.44247670407,28.972191994417305,83,0.6741532876035101,-0.71765722641576
1701004,2025,1143.4194331134383,1134.44247670407,0.7913099688799855,77,0.6717835381464413,-0.8057529714107449
1701004,2026,815.1238223047995,1134.44247670407,-28.147628544992127,78,0.6602736815156169,-1.2336333921249838
1701005,2021,769.1948610410436,1103.9994541318467,-30.32651799217453,61,0.6521630184331797,-1.5351483495477098
1701005,2022,1064.8299586205917,1103.9994541318467,-3.547963304208044,57,0.678363287250384,-0.5611499407136131
1701005,2023,677.6526779082011,1103.9994541318467,-38.61838650626077,98,0.6387900025601638,-2.0322919579780776
1701005,2024,1411.2007169422466,1103.9994541318467,27.826215100076663,83,0.6741532876035101,-0.71765722641576
1701005,2025,1137.5954456870136,1103.9994541318467,3.043116681754681,77,0.6717835381464413,-0.8057529714107449
1701005,2026,814.5642555242276,1103.9994541318467,-26.216969358487823,78,0.6602736815156169,-1.2336333921249838
1701006,2021,802.9902247303621,1192.4326310652093,-32.65948919788913,66,0.6572036610343062,-1.1281377317108319
1701006,2022,1137.8725587321564,1192.4326310652093,-4.5755266093577065,61,0.6793744879672299,-0.47324728672224875
1701006,2023,746.1502389906616,1192.4326310652093,-37.4262143158461,105,0.6292779697900666,-1.9530175803914305
1701006,2024,1527.1350992832806,1192.4326310652093,28.068878651792595,90,0.6409671548634285,-1.607737919086601
1701006,2025,1161.9357805042332,1192.4326310652093,-2.5575323726031405,88,0.6409717101894521,-1.6076033621079326
1701006,2026,867.2970494388096,1192.4326310652093,-27.266578685955075,87,0.6355912698412698,-1.7665328862306025
1702001,2021,829.6952657218077,1201.299325029281,-30.93351103801008,54,0.6655196492575525,-1.0515722839559165
1702001,2022,1121.7404321760082,1201.299325029281,-6.622736831333316,45,0.6865709165386584,-0.46348618272585684
1702001,2023,699.7821085787403,1201.299325029281,-41.74789796359175,94,0.6283781362007168,-2.0891538848975353
1702001,2024,1553.2510087661847,1201.299325029281,29.297584407476897,80,0.6426041589420344,-1.6917371337710878
1702001,2025,1148.8559653252248,1201.299325029281,-4.36555308168327,77,0.6415545954941116,-1.7210576334749912
1702001,2026,837.5832600731298,1201.299325029281,-30.27688914644864,76,0.6349727342549923,-1.9049278519879151
1702002,2021,872.0459244338301,1238.443591326772,-29.585333515304644,54,0.6655196492575525,-1.0515722839559165
1702002,2022,1113.0982565734862,1238.443591326772,-10.121198545587422,45,0.6865709165386584,-0.46348618272585684
1702002,2023,705.9160213325814,1238.443591326772,-42.99974368825972,94,0.6283781362007168,-2.0891538848975353
1702002,2024,1576.937709722451,1238.443591326772,27.332219308676198,80,0.6426041589420344,-1.6917371337710878
1702002,2025,1089.216238589097,1238.443591326772,-12.049588191401156,77,0.6415545954941116,-1.7210576334749912
1702002,2026,813.4629771280261,1238.443591326772,-34.31570215834012,76,0.6349727342549923,-1.9049278519879151
1702003,2021,873.8060446681144,1254.952578238469,-30.37138934009411,54,0.6655196492575525,-1.0515722839559165
1702003,2022,1110.1782816108698,1254.952578238469,-11.536236439373154,45,0.6865709165386584,-0.46348618272585684
1702003,2023,696.7024309844766,1254.952578238469,-44.483764321803115,94,0.6283781362007168,-2.0891538848975353
1702003,2024,1567.9505721053185,1254.952578238469,24.941021620609234,80,0.6426041589420344,-1.6917371337710878
1702003,2025,1043.6606306759024,1254.952578238469,-16.83664795200065,77,0.6415545954941116,-1.7210576334749912
1702003,2026,778.3620506761988,1254.952578238469,-37.97677584209938,76,0.6349727342549923,-1.9049278519879151
1702004,2021,888.5507859302845,1255.4245647631458,-29.223084295955083,48,0.686121799795187,-0.8674149743836826
1702004,2022,1100.6447524992811,1255.4245647631458,-12.328881926335901,42,0.7012128136200717,-0.4750258777253989
1702004,2023,681.3275372869152,1255.4245647631458,-45.72931290256714,88,0.6292249103942652,-2.3468198237702316
1702004,2024,1571.3414598094835,1255.4245647631458,25.164147963437376,71,0.6541981522679521,-1.6974779085646339
1702004,2025,1035.6988190474462,1255.4245647631458,-17.502106608623993,64,0.6555187532002048,-1.6631402946133265
1702004,2026,790.0076551503944,1255.4245647631458,-37.072471152463,70,0.644318612391193,-1.9543608305886335
1702005,2021,870.9348205279508,1193.29524350168,-27.014305531611328,48,0.686121799795187,-0.8674149743836826
1702005,2022,1056.879101006018,1193.29524350168,-11.43188521353308,42,0.7012128136200717,-0.4750258777253989
1702005,2023,674.8821290846344,1193.29524350168,-43.44382643274282,88,0.6292249103942652,-2.3468198237702316
1702005,2024,1494.058502216389,1193.29524350168,25.2044295284485,71,0.6541981522679521,-1.6974779085646339
1702005,2025,1104.7111589255726,1193.29524350168,-7.423484259952364,64,0.6555187532002048,-1.6631402946133265
1702005,2026,902.9777549931067,1193.29524350168,-24.329057715561454,70,0.644318612391193,-1.9543608305886335
1702006,2021,861.6978026692999,1199.4310530780144,-28.157787772962337,54,0.6655196492575525,-1.0515722839559165
1702006,2022,1079.0364764066453,1199.4310530780144,-10.037640459817103,45,0.6865709165386584,-0.46348618272585684
1702006,2023,694.6405252880699,1199.4310530780144,-42.08583115257327,94,0.6283781362007168,-2.0891538848975353
1702006,2024,1558.6720105096827,1199.4310530780144,29.950946868498505,80,0.6426041589420344,-1.6917371337710878
1702006,2025,1137.619105735509,1199.4310530780144,-5.153438972909847,77,0.6415545954941116,-1.7210576334749912
1702006,2026,868.0304804842993,1199.4310530780144,-27.629814297642657,76,0.6349727342549923,-1.9049278519879151
1702007,2021,875.6162669490527,1255.1374112518854,-30.23741790345448,54,0.6655196492575525,-1.0515722839559165
1702007,2022,1114.4139192014916,1255.1374112518854,-11.21179966343565,45,0.6865709165386584,-0.46348618272585684
1702007,2023,720.7581434480865,1255.1374112518854,-42.5753597186466,94,0.6283781362007168,-2.0891538848975353
1702007,2024,1547.1582442169106,1255.1374112518854,23.266044844744208,80,0.6426041589420344,-1.6917371337710878
1702007,2025,1096.6785490699083,1255.1374112518854,-12.624821853085297,77,0.6415545954941116,-1.7210576334749912
1702007,2026,781.6099912086372,1255.1374112518854,-37.727137745894105,76,0.6349727342549923,-1.9049278519879151
1702008,2021,888.8360279626728,1273.1476933816073,-30.185945229823602,54,0.6655196492575525,-1.0515722839559165
1702008,2022,1122.7099109800636,1273.1476933816073,-11.816208220270655,45,0.6865709165386584,-0.46348618272585684
1702008,2023,697.3130056764492,1273.1476933816073,-45.2292134446463,94,0.6283781362007168,-2.0891538848975353
1702008,2024,1551.1749671988732,1273.1476933816073,21.837786398434087,80,0.6426041589420344,-1.6917371337710878
1702008,2025,1026.3913659646616,1273.1476933816073,-19.381594822006566,77,0.6415545954941116,-1.7210576334749912
1702008,2026,737.0117658381636,1273.1476933816073,-42.11105516905216,76,0.6349727342549923,-1.9049278519879151
1703001,2021,746.2749625557955,1045.8696601536665,-28.645509953300728,61,0.6521630184331797,-1.5351483495477098
1703001,2022,942.230923610304,1045.8696601536665,-9.909335789331069,57,0.678363287250384,-0.5611499407136131
1703001,2023,647.3536209009512,1045.8696601536665,-38.10379576305546,98,0.6387900025601638,-2.0322919579780776
1703001,2024,1326.3058918994725,1045.8696601536665,26.813688400197247,83,0.6741532876035101,-0.71765722641576
1703001,2025,1081.2114441999065,1045.8696601536665,3.379176717015328,77,0.6717835381464413,-0.8057529714107449
1703001,2026,809.4993128022198,1045.8696601536665,-22.600363731434516,78,0.6602736815156169,-1.2336333921249838
1703002,2021,780.8007877031338,1108.5329109563324,-29.564491952743545,61,0.6521630184331797,-1.5351483495477098
1703002,2022,980.8169200307474,1108.5329109563324,-11.521172683579088,57,0.678363287250384,-0.5611499407136131
1703002,2023,665.559279339345,1108.5329109563324,-39.96035004814008,98,0.6387900025601638,-2.0322919579780776
1703002,2024,1410.7361985347393,1108.5329109563324,27.261553048316426,83,0.6741532876035101,-0.71765722641576
1703002,2025,1136.8893766359786,1108.5329109563324,2.5580174841343215,77,0.6717835381464413,-0.8057529714107449
1703002,2026,849.4018000975759,1108.5329109563324,-23.376041279207836,78,0.6602736815156169,-1.2336333921249838
1703003,2021,825.2387692783957,1191.9897954724634,-30.767966939574368,54,0.6655196492575525,-1.0515722839559165
1703003,2022,1105.099036660984,1191.9897954724634,-7.289555593639868,45,0.6865709165386584,-0.46348618272585684
1703003,2023,689.2987695559342,1191.9897954724634,-42.17242696421574,94,0.6283781362007168,-2.0891538848975353
1703003,2024,1558.322717455715,1191.9897954724634,30.73289078268074,80,0.6426041589420344,-1.6917371337710878
1703003,2025,1159.3985784040328,1191.9897954724634,-2.7341859126832957,77,0.6415545954941116,-1.7210576334749912
1703003,2026,849.018236657556,1191.9897954724634,-28.773028101215022,76,0.6349727342549923,-1.9049278519879151
1703004,2021,818.0866303368101,1155.4222837868233,-29.195875671050498,54,0.6655196492575525,-1.0515722839559165
1703004,2022,1015.8931809664799,1155.4222837868233,-12.076026642228639,45,0.6865709165386584,-0.46348618272585684
1703004,2023,677.5973708472743,1155.4222837868233,-41.355002378308654,94,0.6283781362007168,-2.0891538848975353
1703004,2024,1476.9513616216848,1155.4222837868233,27.827841157872626,80,0.6426041589420344,-1.6917371337710878
1703004,2025,1155.6687383419703,1155.4222837868233,0.021330258088780477,77,0.6415545954941116,-1.7210576334749912
1703004,2026,910.2614903715776,1155.4222837868233,-21.218285024912863,76,0.6349727342549923,-1.9049278519879151
1703005,2021,823.9214707682469,1144.1717909083006,-27.989705976392155,59,0.6576314644137224,-1.212808267082905
1703005,2022,980.2201961436581,1144.1717909083006,-14.329281325358458,56,0.6678056195596518,-0.8364490852103713
1703005,2023,653.3548406544905,1144.1717909083006,-42.89713783838134,92,0.6322709293394777,-2.1509372906226383
1703005,2024,1379.839991785012,1144.1717909083006,20.597274181146012,75,0.6683711840316401,-0.8155279002155807
1703005,2025,1138.78029363679,1144.1717909083006,-0.4712139658005881,74,0.6695052483358935,-0.7735769462918598
1703005,2026,951.0376993431712,1144.1717909083006,-16.879815872038755,71,0.6631102150537634,-1.0101400279029233
1703006,2021,797.9375629034996,1135.877952215131,-29.75147009875466,61,0.6521630184331797,-1.5351483495477098
1703006,2022,1008.4863737598503,1135.877952215131,-11.215252325907747,57,0.678363287250384,-0.5611499407136131
1703006,2023,680.4445873619821,1135.877952215131,-40.09527290894115,98,0.6387900025601638,-2.0322919579780776
1703006,2024,1460.4154128423836,1135.877952215131,28.571508056332657,83,0.6741532876035101,-0.71765722641576
1703006,2025,1158.0778011220393,1135.877952215131,1.9544220277905116,77,0.6717835381464413,-0.8057529714107449
1703006,2026,882.6768410816095,1135.877952215131,-22.2912250950678,78,0.6602736815156169,-1.2336333921249838
1704000,2021,763.6176310502202,1062.5683456124095,-28.134728066822802,61,0.6521630184331797,-1.5351483495477098
1704000,2022,925.28598538752,1062.5683456124095,-12.919861653300718,57,0.678363287250384,-0.5611499407136131
1704000,2023,663.4288867356169,1062.5683456124095,-37.56365042539916,98,0.6387900025601638,-2.0322919579780776
1704000,2024,1339.8057389796181,1062.5683456124095,26.09125281324123,83,0.6741532876035101,-0.71765722641576
1704000,2025,1119.1777471806638,1062.5683456124095,5.327600977575474,77,0.6717835381464413,-0.8057529714107449
1704000,2026,852.4898107769147,1062.5683456124095,-19.770825632342394,78,0.6602736815156169,-1.2336333921249838
1704001,2021,747.3634773778051,1042.7451430476806,-28.327311581289123,61,0.6521630184331797,-1.5351483495477098
1704001,2022,902.3493335628332,1042.7451430476806,-13.464057868877331,57,0.678363287250384,-0.5611499407136131
1704001,2023,661.8351565815489,1042.7451430476806,-36.52953830624692,98,0.6387900025601638,-2.0322919579780776
1704001,2024,1310.4962213708498,1042.7451430476806,25.67751862555796,83,0.6741532876035101,-0.71765722641576
1704001,2025,1090.5171805832106,1042.7451430476806,4.581372337626469,77,0.6717835381464413,-0.8057529714107449
1704001,2026,840.4000230043723,1042.7451430476806,-19.405040761149422,78,0.6602736815156169,-1.2336333921249838
1704002,2021,787.5817759572333,1113.3870828941829,-29.262536986690943,61,0.6521630184331797,-1.5351483495477098
1704002,2022,945.4891609132166,1113.3870828941829,-15.079923645649432,57,0.678363287250384,-0.5611499407136131
1704002,2023,664.2677726041752,1113.3870828941829,-40.338110365224374,98,0.6387900025601638,-2.0322919579780776
1704002,2024,1349.4413725194843,1113.3870828941829,21.2014575390701,83,0.6741532876035101,-0.71765722641576
1704002,2025,1130.963707128943,1113.3870828941829,1.5786624889765017,77,0.6717835381464413,-0.8057529714107449
1704002,2026,926.6216363325657,1113.3870828941829,-16.774529669962725,78,0.6602736815156169,-1.2336333921249838
1704003,2021,783.8721743589402,1106.873290284516,-29.18139942129691,61,0.6521630184331797,-1.5351483495477098
1704003,2022,946.4271861052414,1106.873290284516,-14.495435528851983,57,0.678363287250384,-0.5611499407136131
1704003,2023,664.0167945742802,1106.873290284516,-40.00968309537959,98,0.6387900025601638,-2.0322919579780776
1704003,2024,1342.8536946736294,1106.873290284516,21.319549984664985,83,0.6741532876035101,-0.71765722641576
1704003,2025,1111.5985895467913,1106.873290284516,0.42690516644959814,77,0.6717835381464413,-0.8057529714107449
1704003,2026,925.797225307721,1106.873290284516,-16.359240625478503,78,0.6602736815156169,-1.2336333921249838
1704004,2021,744.8472330404543,1060.4006671929358,-29.75794375797651,61,0.6521630184331797,-1.5351483495477098
1704004,2022,909.2956758584496,1060.4006671929358,-14.249801608903853,57,0.678363287250384,-0.5611499407136131
1704004,2023,643.0505122356891,1060.4006671929358,-39.357779362968984,98,0.6387900025601638,-2.0322919579780776
1704004,2024,1311.4395668216225,1060.4006671929358,23.673966585972657,83,0.6741532876035101,-0.71765722641576
1704004,2025,1104.0630708018562,1060.4006671929358,4.1175383003579515,77,0.6717835381464413,-0.8057529714107449
1704004,2026,878.7131835248631,1060.4006671929358,-17.133852258791094,78,0.6602736815156169,-1.2336333921249838
1704005,2021,742.6727077528457,1069.3987623248947,-30.552312765141036,61,0.6521630184331797,-1.5351483495477098
1704005,2022,889.179116875965,1069.3987623248947,-16.852426970939128,57,0.678363287250384,-0.5611499407136131
1704005,2023,620.7815110090512,1069.3987623248947,-41.950418040557715,98,0.6387900025601638,-2.0322919579780776
1704005,2024,1344.4290236313889,1069.3987623248947,25.718213915693408,83,0.6741532876035101,-0.71765722641576
1704005,2025,1110.6230184718338,1069.3987623248947,3.854900304664342,77,0.6717835381464413,-0.8057529714107449
1704005,2026,933.3707506404505,1069.3987623248947,-12.720045737542891,78,0.6602736815156169,-1.2336333921249838
1704006,2021,750.1705003322667,1089.137215849238,-31.12249866998321,59,0.6576314644137224,-1.212808267082905
1704006,2022,918.920233618581,1089.137215849238,-15.628607649581857,56,0.6678056195596518,-0.8364490852103713
1704006,2023,639.6855485400512,1089.137215849238,-41.26676242154977,92,0.6322709293394777,-2.1509372906226383
1704006,2024,1341.788619747182,1089.137215849238,23.197389660488568,75,0.6683711840316401,-0.8155279002155807
1704006,2025,1121.039917281184,1089.137215849238,2.9291719140338466,74,0.6695052483358935,-0.7735769462918598
1704006,2026,937.1499657316376,1089.137215849238,-13.954830291892156,71,0.6631102150537634,-1.0101400279029233
1801001,2021,1272.6442556155769,1572.023046087632,-19.04417312565063,51,0.7320101766513056,-0.4118787999716182
1801001,2022,1425.1970407632255,1572.023046087632,-9.339939747691323,57,0.7129893753200205,-0.7588515670095186
1801001,2023,1173.2387196884035,1572.023046087632,-25.36758779661036,103,0.6622100614439324,-1.6851552877099085
1801001,2024,1969.7530047891942,1572.023046087632,25.300517043399037,88,0.6840223087381041,-1.287261651834244
1801001,2025,1488.7615780241665,1572.023046087632,-5.296453399374923,79,0.6848836405529954,-1.2715494492858124
1801001,2026,1187.2697454039233,1572.023046087632,-24.475041993898408,72,0.6788047235023041,-1.3824395549620134
1801002,2021,1138.9804629711205,1452.3517391762734,-21.5768169481373,56,0.7316844598054275,-0.4070122367937726
1801002,2022,1345.2803179316345,1452.3517391762734,-7.372278929163976,60,0.7096607782898106,-0.7477404707873843
1801002,2023,1112.5447725732076,1452.3517391762734,-23.397015849328156,104,0.6617763056835637,-1.4885608361414966
1801002,2024,1848.0049416084737,1452.3517391762734,27.242243855927207,90,0.6765018539117538,-1.2607419749387898
1801002,2025,1341.1613397885649,1452.3517391762734,-7.655886407432688,81,0.6734534690220174,-1.3079035178114544
1801002,2026,1084.1815267905388,1452.3517391762734,-25.349934348173036,80,0.6531927803379416,-1.621356501134171
1801003,2021,1177.498953413682,1487.1290077552717,-20.82065864675431,51,0.7320101766513056,-0.4118787999716182
1801003,2022,1338.0667630893663,1487.1290077552717,-10.023491162404634,57,0.7129893753200205,-0.7588515670095186
1801003,2023,1092.3968115881728,1487.1290077552717,-26.54323828723659,103,0.6622100614439324,-1.6851552877099085
1801003,2024,1803.8567973009292,1487.1290077552717,21.297936352121752,88,0.6840223087381041,-1.287261651834244
1801003,2025,1373.7038964876067,1487.1290077552717,-7.627119817861202,79,0.6848836405529954,-1.2715494492858124
1801003,2026,1129.9698071463094,1487.1290077552717,-24.016692482387374,72,0.6788047235023041,-1.3824395549620134
1801004,2021,1175.6814565894254,1490.7433579143903,-21.13455006539484,51,0.7320101766513056,-0.4118787999716182
1801004,2022,1307.159929600906,1490.7433579143903,-12.314891583372532,57,0.7129893753200205,-0.7588515670095186
1801004,2023,1088.2102753011882,1490.7433579143903,-27.002171800809634,103,0.6622100614439324,-1.6851552877099085
1801004,2024,1792.493972255819,1490.7433579143903,20.24162058072758,88,0.6840223087381041,-1.287261651834244
1801004,2025,1377.8316781108633,1490.7433579143903,-7.574186341604432,79,0.6848836405529954,-1.2715494492858124
1801004,2026,1118.5820302654415,1490.7433579143903,-24.96481541729741,72,0.6788047235023041,-1.3824395549620134
1801005,2021,1175.3974450620874,1501.5212994657177,-21.719562321205437,51,0.7320101766513056,-0.4118787999716182
1801005,2022,1272.2483992545222,1501.5212994657177,-15.26937382058963,57,0.7129893753200205,-0.7588515670095186
1801005,2023,1084.9802470462778,1501.5212994657177,-27.741268310190243,103,0.6622100614439324,-1.6851552877099085
1801005,2024,1762.3896922750266,1501.5212994657177,17.373605882389615,88,0.6840223087381041,-1.287261651834244
1801005,2025,1382.9901246501045,1501.5212994657177,-7.894072155872171,79,0.6848836405529954,-1.2715494492858124
1801005,2026,1076.2066247490798,1501.5212994657177,-28.325583850723696,72,0.6788047235023041,-1.3824395549620134
1802001,2021,1114.7879946186995,1420.7668901045618,-21.536178638238372,51,0.7320101766513056,-0.4118787999716182
1802001,2022,1209.3066957890783,1420.7668901045618,-14.883524932082349,57,0.7129893753200205,-0.7588515670095186
1802001,2023,1031.8756113705442,1420.7668901045618,-27.371927192461317,103,0.6622100614439324,-1.6851552877099085
1802001,2024,1637.4031812208923,1420.7668901045618,15.24784203694296,88,0.6840223087381041,-1.287261651834244
1802001,2025,1271.0781756276592,1420.7668901045618,-10.535768782300813,79,0.6848836405529954,-1.2715494492858124
1802001,2026,1013.3695004473059,1420.7668901045618,-28.674470984277605,72,0.6788047235023041,-1.3824395549620134
1802002,2021,1069.9836673368604,1363.6880878175348,-21.537507227970508,51,0.7320101766513056,-0.4118787999716182
1802002,2022,1176.7600653226104,1363.6880878175348,-13.707535041542126,57,0.7129893753200205,-0.7588515670095186
1802002,2023,986.1394408909676,1363.6880878175348,-27.685850620782443,103,0.6622100614439324,-1.6851552877099085
1802002,2024,1576.840685902571,1363.6880878175348,15.63059764100225,88,0.6840223087381041,-1.287261651834244
1802002,2025,1200.172212355026,1363.6880878175348,-11.990709380192788,79,0.6848836405529954,-1.2715494492858124
1802002,2026,1000.641724757741,1363.6880878175348,-26.622390142075535,72,0.6788047235023041,-1.3824395549620134
1802003,2021,1055.3723756615532,1324.7883013708424,-20.33652663074602,51,0.7320101766513056,-0.4118787999716182
1802003,2022,1139.9174824409492,1324.7883013708424,-13.95474422129148,57,0.7129893753200205,-0.7588515670095186
1802003,2023,943.4338038815115,1324.7883013708424,-28.786070732563022,103,0.6622100614439324,-1.6851552877099085
1802003,2024,1492.174805678711,1324.7883013708424,12.634962441520894,88,0.6840223087381041,-1.287261651834244
1802003,2025,1145.197264160607,1324.7883013708424,-13.556206453846345,79,0.6848836405529954,-1.2715494492858124
1802003,2026,973.5572493426132,1324.7883013708424,-26.512239854834785,72,0.6788047235023041,-1.3824395549620134
1802004,2021,1129.2705073898728,1368.3675425888252,-17.473158910697553,55,0.7036626344086021,-0.5760772267203161
1802004,2022,1259.4121612812005,1368.3675425888252,-7.96243537766843,56,0.6940436507936508,-0.7344820654563247
1802004,2023,1056.797837115308,1368.3675425888252,-22.769445764845898,106,0.6438198924731182,-1.5615638711799877
1802004,2024,1723.1616186618137,1368.3675425888252,25.92827329138126,93,0.6322112532443456,-1.7527342378827642
1802004,2025,1258.8011310785998,1368.3675425888252,-8.007089330907094,79,0.6488925371223758,-1.4780278667749323
1802004,2026,1015.2546873226463,1368.3675425888252,-25.80541004342459,81,0.6443565028161803,-1.5527270045982942
1802005,2021,1103.639824132971,1384.2498732815263,-20.271632641246804,56,0.7316844598054275,-0.4070122367937726
1802005,2022,1269.1462297270473,1384.2498732815263,-8.315235982764614,60,0.7096607782898106,-0.7477404707873843
1802005,2023,1070.958097660138,1384.2498732815263,-22.632602803039706,104,0.6617763056835637,-1.4885608361414966
1802005,2024,1721.1888478197934,1384.2498732815263,24.340907016990638,90,0.6765018539117538,-1.2607419749387898
1802005,2025,1248.8313140322286,1384.2498732815263,-9.782811749750943,81,0.6734534690220174,-1.3079035178114544
1802005,2026,1041.4424222692278,1384.2498732815263,-24.764853342527918,80,0.6531927803379416,-1.621356501134171
1803001,2021,1154.2923754009882,1367.6179132237264,-15.598328726178407,55,0.7036626344086021,-0.5760772267203161
1803001,2022,1267.1220416832805,1367.6179132237264,-7.348241827540758,56,0.6940436507936508,-0.7344820654563247
1803001,2023,1125.8058812300387,1367.6179132237264,-17.68125655971355,106,0.6438198924731182,-1.5615638711799877
1803001,2024,1864.322679777629,1367.6179132237264,36.31897196952315,93,0.6322112532443456,-1.7527342378827642
1803001,2025,1331.0962252773083,1367.6179132237264,-2.6704598991636304,79,0.6488925371223758,-1.4780278667749323
1803001,2026,1007.5425101516695,1367.6179132237264,-26.328655071743917,81,0.6443565028161803,-1.5527270045982942
1803002,2021,1170.0987919441693,1383.5681404521479,-15.428900266395056,54,0.7301483614951356,-0.7045560532228109
1803002,2022,1240.7058253454663,1383.5681404521479,-10.32564359714111,48,0.7202758576548899,-0.8967940185759241
1803002,2023,1129.0760693173233,1383.5681404521479,-18.393895009150537,88,0.6905545954941117,-1.4755281530943518
1803002,2024,1882.9426639601397,1383.5681404521479,36.093236676062595,83,0.6875821282906933,-1.533408206271397
1803002,2025,1368.4822409340927,1383.5681404521479,-1.0903618749941082,66,0.7044644137224783,-1.2046753686414187
1803002,2026,990.4775328125302,1383.5681404521479,-28.41136595637106,73,0.668908666154634,-1.8970189402070645
1803003,2021,1183.0152007110685,1400.2151743497566,-15.511899714952968,54,0.7301483614951356,-0.7045560532228109
1803003,2022,1224.3247246782814,1400.2151743497566,-12.561672869539969,48,0.7202758576548899,-0.8967940185759241
1803003,2023,1138.6625561375752,1400.2151743497566,-18.679458914851665,88,0.6905545954941117,-1.4755281530943518
1803003,2024,1872.1582672067625,1400.2151743497566,33.70504058964871,83,0.6875821282906933,-1.533408206271397
1803003,2025,1394.5863362791256,1400.2151743497566,-0.4019980767059575,66,0.7044644137224783,-1.2046753686414187
1803003,2026,967.3620715539536,1400.2151743497566,-30.913327517452085,73,0.668908666154634,-1.8970189402070645
1803004,2021,1187.78857743507,1388.0771442923044,-14.429210053692605,54,0.7301483614951356,-0.7045560532228109
1803004,2022,1190.7033643368295,1388.0771442923044,-14.219222668355634,48,0.7202758576548899,-0.8967940185759241
1803004,2023,1130.595224358312,1388.0771442923044,-18.549539627011633,88,0.6905545954941117,-1.4755281530943518
1803004,2024,1842.6926788184994,1388.0771442923044,32.75146027694128,83,0.6875821282906933,-1.533408206271397
1803004,2025,1396.6937569861225,1388.0771442923044,0.6207589202984214,66,0.7044644137224783,-1.2046753686414187
1803004,2026,931.5659612820313,1388.0771442923044,-32.88802678492486,73,0.668908666154634,-1.8970189402070645
1803005,2021,1127.868145462378,1360.7079607979115,-17.11166701773374,43,0.7265435867895546,-0.4173980232843509
1803005,2022,1137.7903871949632,1360.7079607979115,-16.382470010113757,36,0.7136395929339477,-0.6051299711878959
1803005,2023,1014.5376808938737,1360.7079607979115,-25.44045378414965,81,0.6513418458781361,-1.5114600218418048
1803005,2024,1716.7848718373318,1360.7079607979115,26.16850355094703,80,0.6099238042269188,-2.1140246018113404
1803005,2025,1355.9568725265053,1360.7079607979115,-0.34916296577115263,56,0.6463437660010241,-1.5841738871463882
1803005,2026,908.3011272777616,1360.7079607979115,-33.247900839417525,65,0.6159742063492064,-2.0260011736598105
1803006,2021,1100.5811981725185,1333.9779333927686,-17.496296556168755,52,0.6309932795698925,-0.7207737386333816
1803006,2022,1137.7495704498417,1333.9779333927686,-14.710015662991522,44,0.6525979902713773,-0.4625912423458986
1803006,2023,935.3213020490022,1333.9779333927686,-29.884799543111207,102,0.5551111751152074,-1.6275866750506076
1803006,2024,1631.4530729638284,1333.9779333927686,22.29985460212804,88,0.5329233716475096,-1.8927372973189527
1803006,2025,1219.271242818878,1333.9779333927686,-8.59884468119737,77,0.5611093189964158,-1.555907133410855
1803006,2026,894.0974171801948,1333.9779333927686,-32.97509690387494,77,0.5579719662058372,-1.593399400092788
1803007,2021,1104.9370839593716,1342.5708012656744,-17.699902089504675,43,0.7265435867895546,-0.4173980232843509
1803007,2022,1144.486094661867,1342.5708012656744,-14.7541348595596,36,0.7136395929339477,-0.6051299711878959
1803007,2023,994.006428280743,1342.5708012656744,-25.96245744778087,81,0.6513418458781361,-1.5114600218418048
1803007,2024,1664.707693698869,1342.5708012656744,23.994033843839613,80,0.6099238042269188,-2.1140246018113404
1803007,2025,1281.9295474239432,1342.5708012656744,-4.516801183562403,56,0.6463437660010241,-1.5841738871463882
1803007,2026,896.4225664891566,1342.5708012656744,-33.23089064322887,65,0.6159742063492064,-2.0260011736598105
1804001,2021,1130.8003237917087,1368.8419482781926,-17.39000070723331,54,0.7301483614951356,-0.7045560532228109
1804001,2022,1197.7369522184458,1368.8419482781926,-12.499981920847208,48,0.7202758576548899,-0.8967940185759241
1804001,2023,1049.165607583944,1368.8419482781926,-23.35378025902521,88,0.6905545954941117,-1.4755281530943518
1804001,2024,1749.8453134747226,1368.8419482781926,27.83399249824114,83,0.6875821282906933,-1.533408206271397
1804001,2025,1315.7021155429911,1368.8419482781926,-3.882101421719563,66,0.7044644137224783,-1.2046753686414187
1804001,2026,942.2995493240603,1368.8419482781926,-31.160821707039418,73,0.668908666154634,-1.8970189402070645
1804002,2021,1123.8501089469114,1345.9185560059477,-16.499397089674645,55,0.7036626344086021,-0.5760772267203161
1804002,2022,1227.035489832312,1345.9185560059477,-8.832857355531583,56,0.6940436507936508,-0.7344820654563247
1804002,2023,1013.464749912201,1345.9185560059477,-24.70088584559775,106,0.6438198924731182,-1.5615638711799877
1804002,2024,1746.223193086292,1345.9185560059477,29.742114431370933,93,0.6322112532443456,-1.7527342378827642
1804002,2025,1248.7377904870846,1345.9185560059477,-7.220404614024335,79,0.6488925371223758,-1.4780278667749323
1804002,2026,952.9843304171673,1345.9185560059477,-29.194502433700308,81,0.6443565028161803,-1.5527270045982942
1804003,2021,1134.0415428280173,1347.9435890033324,-15.868768390632276,55,0.7036626344086021,-0.5760772267203161
1804003,2022,1201.5431834104588,1347.9435890033324,-10.86101872416796,56,0.6940436507936508,-0.7344820654563247
1804003,2023,937.670243983336,1347.9435890033324,-30.436981811928188,106,0.6438198924731182,-1.5615638711799877
1804003,2024,1658.7618991122647,1347.9435890033324,23.05870309741604,93,0.6322112532443456,-1.7527342378827642
1804003,2025,1188.059898320406,1347.9435890033324,-11.861304285080955,79,0.6488925371223758,-1.4780278667749323
1804003,2026,916.5793475703617,1347.9435890033324,-32.001653849025,81,0.6443565028161803,-1.5527270045982942
1804004,2021,1169.795440775892,1379.6035579115876,-15.207855614209798,55,0.7036626344086021,-0.5760772267203161
1804004,2022,1254.697193994865,1379.6035579115876,-9.053786734632876,56,0.6940436507936508,-0.7344820654563247
1804004,2023,911.7275310665837,1379.6035579115876,-33.913802567548025,106,0.6438198924731182,-1.5615638711799877
1804004,2024,1683.3495940824523,1379.6035579115876,22.016907279557074,93,0.6322112532443456,-1.7527342378827642
1804004,2025,1236.5803035832994,1379.6035579115876,-10.366982131069127,79,0.6488925371223758,-1.4780278667749323
1804004,2026,962.7493019127119,1379.6035579115876,-30.215510362259447,81,0.6443565028161803,-1.5527270045982942
1804005,2021,1169.6725581931373,1388.3064022816534,-15.748241434973991,55,0.7036626344086021,-0.5760772267203161
1804005,2022,1243.1597969422344,1388.3064022816534,-10.454940285579141,56,0.6940436507936508,-0.7344820654563247
1804005,2023,921.9648369684946,1388.3064022816534,-33.59068030996154,106,0.6438198924731182,-1.5615638711799877
1804005,2024,1614.9232768214883,1388.3064022816534,16.32326078503958,93,0.6322112532443456,-1.7527342378827642
1804005,2025,1209.8698384695208,1388.3064022816534,-12.852822944479383,79,0.6488925371223758,-1.4780278667749323
1804005,2026,1013.1552750795328,1388.3064022816534,-27.022214014540836,81,0.6443565028161803,-1.5527270045982942
1804006,2021,1136.784212876634,1363.7478674676681,-16.642640476679976,47,0.7268150921658986,-0.3476940063194705
1804006,2022,1190.5792267621111,1363.7478674676681,-12.697995343311689,54,0.7188134280593959,-0.48310363797153566
1804006,2023,938.5110182429695,1363.7478674676681,-31.181485916037932,101,0.6439417562724015,-1.7501332661725117
1804006,2024,1532.1577753288577,1363.7478674676681,12.349050134458398,88,0.6470949202817946,-1.6967732686310641
1804006,2025,1165.244342256052,1363.7478674676681,-14.555734967359882,80,0.6577265745007681,-1.5168571458743763
1804006,2026,1000.0373341683955,1363.7478674676681,-26.669924989480908,76,0.6598578469022017,-1.4807902969055715
1805001,2021,1166.2638563646758,1452.4824150186696,-19.70547496441221,47,0.7268150921658986,-0.3476940063194705
1805001,2022,1259.7983092883267,1452.4824150186696,-13.265847747138904,54,0.7188134280593959,-0.48310363797153566
1805001,2023,1020.6370507081828,1452.4824150186696,-29.731538216587364,101,0.6439417562724015,-1.7501332661725117
1805001,2024,1656.9053024180364,1452.4824150186696,14.074035271314402,88,0.6470949202817946,-1.6967732686310641
1805001,2025,1301.5681560903975,1452.4824150186696,-10.390091980998776,80,0.6577265745007681,-1.5168571458743763
1805001,2026,1031.8985221379191,1452.4824150186696,-28.95621238039873,76,0.6598578469022017,-1.4807902969055715
1805002,2021,1194.1328331460286,1430.3753224115194,-16.51611892095575,47,0.7268150921658986,-0.3476940063194705
1805002,2022,1277.873609595358,1430.3753224115194,-10.661657148772221,54,0.7188134280593959,-0.48310363797153566
1805002,2023,930.8567482431246,1430.3753224115194,-34.92220302893923,101,0.6439417562724015,-1.7501332661725117
1805002,2024,1642.3405936091096,1430.3753224115194,14.818856832641007,88,0.6470949202817946,-1.6967732686310641
1805002,2025,1268.4060503971723,1430.3753224115194,-11.323550502904194,80,0.6577265745007681,-1.5168571458743763
1805002,2026,1031.470688659158,1430.3753224115194,-27.888109330621997,76,0.6598578469022017,-1.4807902969055715
1805003,2021,1165.7234833270888,1423.4253456735598,-18.104346893199896,47,0.7268150921658986,-0.3476940063194705
1805003,2022,1262.959676166423,1423.4253456735598,-11.273205861822358,54,0.7188134280593959,-0.48310363797153566
1805003,2023,877.8337361750401,1423.4253456735598,-38.32948536126759,101,0.6439417562724015,-1.7501332661725117
1805003,2024,1606.7515869609292,1423.4253456735598,12.879231204121917,88,0.6470949202817946,-1.6967732686310641
1805003,2025,1289.9448500810001,1423.4253456735598,-9.377414558358675,80,0.6577265745007681,-1.5168571458743763
1805003,2026,988.6209711409764,1423.4253456735598,-30.54634202307502,76,0.6598578469022017,-1.4807902969055715
1805004,2021,1146.3553940493518,1359.1926887603372,-15.659096496840736,47,0.7268150921658986,-0.3476940063194705
1805004,2022,1212.0543686645622,1359.1926887603372,-10.825420215434926,54,0.7188134280593959,-0.48310363797153566
1805004,2023,868.0960514219212,1359.1926887603372,-36.131494923381666,101,0.6439417562724015,-1.7501332661725117
1805004,2024,1642.7731797546037,1359.1926887603372,20.863891730679363,88,0.6470949202817946,-1.6967732686310641
1805004,2025,1243.7054176067859,1359.1926887603372,-8.496754883141877,80,0.6577265745007681,-1.5168571458743763
1805004,2026,926.3895704614932,1359.1926887603372,-31.84266085874738,76,0.6598578469022017,-1.4807902969055715
1805005,2021,1118.0155375130448,1359.096646836214,-17.73833449478167,56,0.7323508704557091,-0.4830303840187822
1805005,2022,1210.0136032426983,1359.096646836214,-10.969274623740706,58,0.7451454173067076,-0.23585043367082617
1805005,2023,873.0569550655475,1359.096646836214,-35.76196681097687,104,0.6538136200716845,-2.000304413061339
1805005,2024,1582.4452433384733,1359.096646836214,16.43360661820361,87,0.6598909590903473,-1.8828953031979805
1805005,2025,1230.6891784440645,1359.096646836214,-9.448001265477624,82,0.6720986943164362,-1.6470520629342458
1805005,2026,900.9139147700405,1359.096646836214,-33.712299499285685,83,0.6781890681003584,-1.5293911323016849
1806001,2021,1022.1552197852307,1314.9232793293068,-22.265029766102106,56,0.7323508704557091,-0.4830303840187822
1806001,2022,1168.8089224764472,1314.9232793293068,-11.112006240195784,58,0.7451454173067076,-0.23585043367082617
1806001,2023,848.3502817919951,1314.9232793293068,-35.482906483737445,104,0.6538136200716845,-2.000304413061339
1806001,2024,1475.0411136404057,1314.9232793293068,12.176971601930195,87,0.6598909590903473,-1.8828953031979805
1806001,2025,1146.6641243878264,1314.9232793293068,-12.79611955971325,82,0.6720986943164362,-1.6470520629342458
1806001,2026,833.243146684111,1314.9232793293068,-36.63180508074073,83,0.6781890681003584,-1.5293911323016849
1806002,2021,950.0162742376007,1245.4327501946027,-23.719986158292553,56,0.7323508704557091,-0.4830303840187822
1806002,2022,1096.1393187180186,1245.4327501946027,-11.987273616600865,58,0.7451454173067076,-0.23585043367082617
1806002,2023,795.433041297295,1245.4327501946027,-36.13199579238573,104,0.6538136200716845,-2.000304413061339
1806002,2024,1410.2257253375383,1245.4327501946027,13.231784302860685,87,0.6598909590903473,-1.8828953031979805
1806002,2025,1024.5234638571071,1245.4327501946027,-17.737552373099057,82,0.6720986943164362,-1.6470520629342458
1806002,2026,748.7639031752491,1245.4327501946027,-39.87921844368936,83,0.6781890681003584,-1.5293911323016849
1806003,2021,1037.2736047989329,1285.5287266324078,-19.311518808592332,56,0.7323508704557091,-0.4830303840187822
1806003,2022,1093.4871512815844,1285.5287266324078,-14.938722983958414,58,0.7451454173067076,-0.23585043367082617
1806003,2023,831.0963286874172,1285.5287266324078,-35.34984388372473,104,0.6538136200716845,-2.000304413061339
1806003,2024,1497.499574117492,1285.5287266324078,16.489001225228673,87,0.6598909590903473,-1.8828953031979805
1806003,2025,1057.6695365435671,1285.5287266324078,-17.72493958075479,82,0.6720986943164362,-1.6470520629342458
1806003,2026,788.8264783175298,1285.5287266324078,-38.63797346762117,83,0.6781890681003584,-1.5293911323016849
1806004,2021,1095.3760452818522,1327.8906562477343,-17.51007207347227,56,0.7323508704557091,-0.4830303840187822
1806004,2022,1145.3239776694343,1327.8906562477343,-13.748622879400695,58,0.7451454173067076,-0.23585043367082617
1806004,2023,880.0491669482129,1327.8906562477343,-33.725780597402675,104,0.6538136200716845,-2.000304413061339
1806004,2024,1596.7511622445966,1327.8906562477343,20.24718712582785,87,0.6598909590903473,-1.8828953031979805
1806004,2025,1158.5603743518202,1327.8906562477343,-12.751824188174988,82,0.6720986943164362,-1.6470520629342458
1806004,2026,855.2037427358722,1327.8906562477343,-35.59682503132823,83,0.6781890681003584,-1.5293911323016849
1806005,2021,1088.7680788964221,1297.1337609031752,-16.063546280814645,52,0.6309932795698925,-0.7207737386333816
1806005,2022,1122.6575559100681,1297.1337609031752,-13.450903079696412,44,0.6525979902713773,-0.4625912423458986
1806005,2023,864.0158373878949,1297.1337609031752,-33.39038243933353,102,0.5551111751152074,-1.6275866750506076
1806005,2024,1558.1558063357875,1297.1337609031752,20.122986025039268,88,0.5329233716475096,-1.8927372973189527
1806005,2025,1151.8492678508774,1297.1337609031752,-11.200424923882824,77,0.5611093189964158,-1.555907133410855
1806005,2026,839.0584018464632,1297.1337609031752,-35.314427306075274,77,0.5579719662058372,-1.593399400092788
1901001,2021,1205.5890820925363,1436.925919384697,-16.09942685084426,25,0.6944089221710189,-0.5466489492964565
1901001,2022,1184.7184932971086,1436.925919384697,-17.551873947376883,30,0.6827787378392217,-0.704249773257099
1901001,2023,1053.9284144977848,1436.925919384697,-26.653949220354708,64,0.6099891193036354,-1.6906231212379528
1901001,2024,1905.2778502671508,1436.925919384697,32.594020649513084,68,0.5721928995179829,-2.202800332783137
1901001,2025,1415.3341062864097,1436.925919384697,-1.5026392667155075,50,0.6024204429083462,-1.793186382675506
1901001,2026,957.7598802581388,1436.925919384697,-33.346606993611815,53,0.5828673835125449,-2.0581502202051114
1901002,2021,1193.270507958727,1417.0049497415205,-15.789249135904958,25,0.6944089221710189,-0.5466489492964565
1901002,2022,1190.9941634794855,1417.0049497415205,-15.949893915561992,30,0.6827787378392217,-0.704249773257099
1901002,2023,1017.0951982387296,1417.0049497415205,-28.22218451500395,64,0.6099891193036354,-1.6906231212379528
1901002,2024,1847.185260070347,1417.0049497415205,30.358419736451655,68,0.5721928995179829,-2.202800332783137
1901002,2025,1294.4440632000874,1417.0049497415205,-8.649291349602537,50,0.6024204429083462,-1.793186382675506
1901002,2026,914.4018702429773,1417.0049497415205,-35.469394767479415,53,0.5828673835125449,-2.0581502202051114
1901003,2021,1180.1951474617817,1403.7481230428518,-15.925433623838638,25,0.6633549027137737,-0.5673386060407294
1901003,2022,1193.2876730176317,1403.7481230428518,-14.992750235634361,27,0.6458168202764977,-0.7729792981886188
1901003,2023,986.9744310810777,1403.7481230428518,-29.690062278291748,60,0.5515960061443932,-1.877754207427382
1901003,2024,1785.250264513291,1403.7481230428518,27.177392810575693,62,0.51872030651341,-2.263234299172893
1901003,2025,1222.7730884731122,1403.7481230428518,-12.892272594989963,46,0.5470718766001024,-1.93080134836665
1901003,2026,885.7449297844792,1403.7481230428518,-36.901434435083466,48,0.53317773937532,-2.09371539589269
1901004,2021,1138.366966809194,1335.8750824103545,-14.784923994898634,25,0.6633549027137737,-0.5673386060407294
1901004,2022,1125.7940016647133,1335.8750824103545,-15.726102201606036,27,0.6458168202764977,-0.7729792981886188
1901004,2023,966.6279638738561,1335.8750824103545,-27.640841827085822,60,0.5515960061443932,-1.877754207427382
1901004,2024,1748.454602678473,1335.8750824103545,30.88458836463141,62,0.51872030651341,-2.263234299172893
1901004,2025,1235.9242982211815,1335.8750824103545,-7.482045702119777,46,0.5470718766001024,-1.93080134836665
1901004,2026,847.253262813942,1335.8750824103545,-36.57690947530657,48,0.53317773937532,-2.09371539589269
1901005,2021,1195.36968229128,1338.6376139855145,-10.702518007669308,42,0.6413163722478239,-0.6816575604562318
1901005,2022,1141.4685619307113,1338.6376139855145,-14.729083509597002,36,0.6217303507424475,-0.9522204719409562
1901005,2023,978.5233099561965,1338.6376139855145,-26.901552762823737,70,0.5643089477726574,-1.745444453890499
1901005,2024,1767.2772691404507,1338.6376139855145,32.02058949163628,66,0.5477473736250155,-1.9742274008981961
1901005,2025,1233.5258209242954,1338.6376139855145,-7.8521469860891315,50,0.6036404249871992,-1.2021161937208473
1901005,2026,853.5959488035566,1338.6376139855145,-36.23397849533359,57,0.5556041346646186,-1.8656934578954663
1902001,2021,1168.403401855577,1404.0931690913596,-16.785906549798703,25,0.6944089221710189,-0.5466489492964565
1902001,2022,1154.8740772781837,1404.0931690913596,-17.7494697146383,30,0.6827787378392217,-0.704249773257099
1902001,2023,1057.6532832113353,1404.0931690913596,-24.67356821515045,64,0.6099891193036354,-1.6906231212379528
1902001,2024,1892.7661182252778,1404.0931690913596,34.803456059127214,68,0.5721928995179829,-2.202800332783137
1902001,2025,1430.1185155495518,1404.0931690913596,1.8535341550756315,50,0.6024204429083462,-1.793186382675506
1902001,2026,942.6743878016872,1404.0931690913596,-32.86240482091893,53,0.5828673835125449,-2.0581502202051114
1902002,2021,1186.2097075161253,1404.9690986026174,-15.570405876119999,31,0.6274930235535074,-0.7069442461103501
1902002,2022,1159.162866222578,1404.9690986026174,-17.495490301140308,32,0.6069496287762417,-0.9748828554331724
1902002,2023,1092.2860752245087,1404.9690986026174,-22.25550894244601,67,0.5608721838197644,-1.5758510331196556
1902002,2024,1941.8092267665334,1404.9690986026174,38.210102179318916,67,0.5272079780002472,-2.0149187037278544
1902002,2025,1470.3075288461016,1404.9690986026174,4.650524364448291,44,0.5908529185867896,-1.1848252816775044
1902002,2026,945.7377495551731,1404.9690986026174,-32.68622416707925,53,0.5368278929851511,-1.8894503149437691
1902003,2021,1162.0494244692559,1378.048649804818,-15.674281555020249,31,0.6274930235535074,-0.7069442461103501
1902003,2022,1130.765094045156,1378.048649804818,-17.944472119666194,32,0.6069496287762417,-0.9748828554331724
1902003,2023,1091.3135731525522,1378.048649804818,-20.807326119645925,67,0.5608721838197644,-1.5758510331196556
1902003,2024,1935.1912222552228,1378.048649804818,40.429818826012884,67,0.5272079780002472,-2.0149187037278544
1902003,2025,1481.2165109119949,1378.048649804818,7.486518064640833,44,0.5908529185867896,-1.1848252816775044
1902003,2026,914.9205383006556,1378.048649804818,-33.60752986258927,53,0.5368278929851511,-1.8894503149437691
1902004,2021,1153.0259767326995,1327.1048274753439,-13.117189172901154,31,0.6274930235535074,-0.7069442461103501
1902004,2022,1079.0770733026968,1327.1048274753439,-18.68938677922601,32,0.6069496287762417,-0.9748828554331724
1902004,2023,1056.557405096818,1327.1048274753439,-20.386288767648413,67,0.5608721838197644,-1.5758510331196556
1902004,2024,1895.9320113362692,1327.1048274753439,42.86226468959879,67,0.5272079780002472,-2.0149187037278544
1902004,2025,1414.3846200586456,1327.1048274753439,6.576706736071556,44,0.5908529185867896,-1.1848252816775044
1902004,2026,879.5766211358664,1327.1048274753439,-33.7221444059431,53,0.5368278929851511,-1.8894503149437691
1902005,2021,1138.4222975497883,1350.909531110278,-15.729197897201301,31,0.6274930235535074,-0.7069442461103501
1902005,2022,1127.8596997383145,1350.909531110278,-16.511085771128183,32,0.6069496287762417,-0.9748828554331724
1902005,2023,995.2989942778694,1350.909531110278,-26.323786207958833,67,0.5608721838197644,-1.5758510331196556
1902005,2024,1818.8159697687584,1350.909531110278,34.63640072728778,67,0.5272079780002472,-2.0149187037278544
1902005,2025,1334.2740633814387,1350.909531110278,-1.2314272233438952,44,0.5908529185867896,-1.1848252816775044
1902005,2026,892.1682113448641,1350.909531110278,-33.957960115092696,53,0.5368278929851511,-1.8894503149437691
1902006,2021,1171.1024585002601,1359.1881892563867,-13.838093373885812,31,0.6274930235535074,-0.7069442461103501
1902006,2022,1146.8840290832154,1359.1881892563867,-15.619923852437472,32,0.6069496287762417,-0.9748828554331724
1902006,2023,1012.9227734312676,1359.1881892563867,-25.4758994054062,67,0.5608721838197644,-1.5758510331196556
1902006,2024,1841.417311206144,1359.1881892563867,35.47920190607198,67,0.5272079780002472,-2.0149187037278544
1902006,2025,1313.6963526792322,1359.1881892563867,-3.3469858652938416,44,0.5908529185867896,-1.1848252816775044
1902006,2026,876.5355519818726,1359.1881892563867,-35.51036133845262,53,0.5368278929851511,-1.8894503149437691
1902007,2021,1190.9721329560784,1354.33856666172,-12.062451570608376,31,0.6274930235535074,-0.7069442461103501
1902007,2022,1156.6542813353487,1354.33856666172,-14.59637126140763,32,0.6069496287762417,-0.9748828554331724
1902007,2023,1013.659125628277,1354.33856666172,-25.154673241948387,67,0.5608721838197644,-1.5758510331196556
1902007,2024,1872.6374401924716,1354.33856666172,38.26952036138905,67,0.5272079780002472,-2.0149187037278544
1902007,2025,1346.606777674325,1354.33856666172,-0.5708904093643985,44,0.5908529185867896,-1.1848252816775044
1902007,2026,879.1123521631833,1354.33856666172,-35.08917387399752,53,0.5368278929851511,-1.8894503149437691
1903001,2021,1185.7963118546143,1351.100503684918,-12.23478130453376,31,0.6274930235535074,-0.7069442461103501
1903001,2022,1141.2348263531535,1351.100503684918,-15.532943460489307,32,0.6069496287762417,-0.9748828554331724
1903001,2023,1024.4246387541596,1351.100503684918,-24.178502194307566,67,0.5608721838197644,-1.5758510331196556
1903001,2024,1852.1001753691585,1351.100503684918,37.080858923362186,67,0.5272079780002472,-2.0149187037278544
1903001,2025,1351.9869554839743,1351.100503684918,0.06560961206353955,44,0.5908529185867896,-1.1848252816775044
1903001,2026,884.5027397894352,1351.100503684918,-34.53464510026527,53,0.5368278929851511,-1.8894503149437691
1903002,2021,1206.8305129962189,1327.9859027608509,-9.12324366642393,31,0.6274930235535074,-0.7069442461103501
1903002,2022,1137.343369227643,1327.9859027608509,-14.355764856905978,32,0.6069496287762417,-0.9748828554331724
1903002,2023,1006.9518907254893,1327.9859027608509,-24.1745045160449,67,0.5608721838197644,-1.5758510331196556
1903002,2024,1824.2849226043056,1327.9859027608509,37.372310866528096,67,0.5272079780002472,-2.0149187037278544
1903002,2025,1267.177299165636,1327.9859027608509,-4.579009722075758,44,0.5908529185867896,-1.1848252816775044
1903002,2026,846.0848242404638,1327.9859027608509,-36.288117028842414,53,0.5368278929851511,-1.8894503149437691
1903003,2021,1165.457281961136,1279.5115848654148,-8.913893727369068,31,0.6274930235535074,-0.7069442461103501
1903003,2022,1073.5146929519015,1279.5115848654148,-16.099650393957244,32,0.6069496287762417,-0.9748828554331724
1903003,2023,971.9623293155511,1279.5115848654148,-24.03645728477036,67,0.5608721838197644,-1.5758510331196556
1903003,2024,1752.7238380867964,1279.5115848654148,36.983819358787315,67,0.5272079780002472,-2.0149187037278544
1903003,2025,1211.4987177241105,1279.5115848654148,-5.3155335165221,44,0.5908529185867896,-1.1848252816775044
1903003,2026,801.8769391287743,1279.5115848654148,-37.32945065807125,53,0.5368278929851511,-1.8894503149437691
1903004,2021,1205.158877183154,1319.1769552006647,-8.643122332300528,42,0.6413163722478239,-0.6816575604562318
1903004,2022,1126.326876651872,1319.1769552006647,-14.618969637735793,36,0.6217303507424475,-0.9522204719409562
1903004,2023,966.8658756844006,1319.1769552006647,-26.706885541574124,70,0.5643089477726574,-1.745444453890499
1903004,2024,1751.69252893653,1319.1769552006647,32.78677451351277,66,0.5477473736250155,-1.9742274008981961
1903004,2025,1229.0369980319656,1319.1769552006647,-6.833045166028357,50,0.6036404249871992,-1.2021161937208473
1903004,2026,838.7428436533505,1319.1769552006647,-36.41923167724179,57,0.5556041346646186,-1.8656934578954663
1903005,2021,1164.8566410976848,1253.67909798724,-7.084943589803657,49,0.6097233102918587,-0.4873131303494351
1903005,2022,1047.5373448519836,1253.67909798724,-16.44294408881934,40,0.5997608166922683,-0.6700992106042121
1903005,2023,952.2969521931202,1253.67909798724,-24.03981579321085,70,0.5600460189452126,-1.3987633884757118
1903005,2024,1731.8068029662552,1253.67909798724,38.13796574790477,63,0.5457628228896304,-1.6608232226338695
1903005,2025,1193.390684729126,1253.67909798724,-4.808919073063125,50,0.5991491295442908,-0.6813220932091892
1903005,2026,795.607940649186,1253.67909798724,-36.53815063786892,59,0.5376562339989759,-1.8095582348822679
1903006,2021,1176.3666786810322,1260.1126426411613,-6.64591093893002,42,0.6413163722478239,-0.6816575604562318
1903006,2022,1044.0095286660228,1260.1126426411613,-17.149507644189043,36,0.6217303507424475,-0.9522204719409562
1903006,2023,923.0777202638733,1260.1126426411613,-26.746412262865018,70,0.5643089477726574,-1.745444453890499
1903006,2024,1703.787618255175,1260.1126426411613,35.20915199168887,66,0.5477473736250155,-1.9742274008981961
1903006,2025,1175.3092455706426,1260.1126426411613,-6.729826699680842,50,0.6036404249871992,-1.2021161937208473
1903006,2026,803.4970458030087,1260.1126426411613,-36.23609361470248,57,0.5556041346646186,-1.8656934578954663
1904001,2021,1148.7592112024438,1245.9430214924678,-7.800020435413747,55,0.6300082565284177,-0.5686468090017569
1904001,2022,997.5594404339411,1245.9430214924678,-19.93538843863,46,0.6145713005632361,-0.845693321922128
1904001,2023,982.2916731699095,1245.9430214924678,-21.16078695209837,76,0.584976318484383,-1.376833438106984
1904001,2024,1877.5904258358303,1245.9430214924678,50.69633148927919,69,0.5885674205907798,-1.3123840532436566
1904001,2025,1342.8316477510357,1245.9430214924678,7.776328819796968,51,0.6600241295442908,-0.029952977778509197
1904001,2026,839.689167881466,1245.9430214924678,-32.6061341974022,65,0.5624664618535586,-1.7808170537870065
1904002,2021,1139.2024944645682,1255.4623823578272,-9.260324285855269,55,0.6300082565284177,-0.5686468090017569
1904002,2022,1033.7274234062938,1255.4623823578272,-17.661617111546022,46,0.6145713005632361,-0.845693321922128
1904002,2023,996.3499338030039,1255.4623823578272,-20.638806243496994,76,0.584976318484383,-1.376833438106984
1904002,2024,1822.9887587215144,1255.4623823578272,45.20457039085803,69,0.5885674205907798,-1.3123840532436566
1904002,2025,1317.0570087167782,1255.4623823578272,4.906130778946394,51,0.6600241295442908,-0.029952977778509197
1904002,2026,827.9951549120899,1255.4623823578272,-34.04858906588108,65,0.5624664618535586,-1.7808170537870065
1904003,2021,1132.272418648757,1269.2963844960188,-10.795269530501976,55,0.6300082565284177,-0.5686468090017569
1904003,2022,1053.3112484778353,1269.2963844960188,-17.016131035773938,46,0.6145713005632361,-0.845693321922128
1904003,2023,1008.0076322640442,1269.2963844960188,-20.58532234263952,76,0.584976318484383,-1.376833438106984
1904003,2024,1787.652998595536,1269.2963844960188,40.838106878034914,69,0.5885674205907798,-1.3123840532436566
1904003,2025,1302.1694235046102,1269.2963844960188,2.5898631249661834,51,0.6600241295442908,-0.029952977778509197
1904003,2026,835.8596413339633,1269.2963844960188,-34.14779624808858,65,0.5624664618535586,-1.7808170537870065
1904004,2021,1171.3817420228506,1331.04816761152,-11.995540768083586,31,0.6274930235535074,-0.7069442461103501
1904004,2022,1109.3213773152604,1331.04816761152,-16.658059091440247,32,0.6069496287762417,-0.9748828554331724
1904004,2023,1039.616138143862,1331.04816761152,-21.894927363193332,67,0.5608721838197644,-1.5758510331196556
1904004,2024,1836.965953479209,1331.04816761152,38.00897654782289,67,0.5272079780002472,-2.0149187037278544
1904004,2025,1358.2173068057623,1331.04816761152,2.041183771958869,44,0.5908529185867896,-1.1848252816775044
1904004,2026,875.1754747662419,1331.04816761152,-34.24915070228542,53,0.5368278929851511,-1.8894503149437691
1904005,2021,1153.9872746439025,1254.4328333201065,-8.007248854476712,55,0.6300082565284177,-0.5686468090017569
1904005,2022,1055.7607953560218,1254.4328333201065,-15.837598688983572,46,0.6145713005632361,-0.845693321922128
1904005,2023,986.5124876997664,1254.4328333201065,-21.35788688751358,76,0.584976318484383,-1.376833438106984
1904005,2024,1745.9233307315137,1254.4328333201065,39.180296015576985,69,0.5885674205907798,-1.3123840532436566
1904005,2025,1245.0208221669702,1254.4328333201065,-0.7503001279251857,51,0.6600241295442908,-0.029952977778509197
1904005,2026,801.2142501339094,1254.4328333201065,-36.129362302058354,65,0.5624664618535586,-1.7808170537870065
