id,ejercicio,prod,venta,rem,dens,prod_chg,venta_chg,rem_chg,dens_chg,prod_cmp,venta_cmp,rem_cmp,dens_cmp
0101001,2021,0,0,0,0,,,,,sin_anterior,sin_anterior,sin_anterior,sin_anterior
0101001,2022,0,0,0,0,,,,,sin_produccion,sin_produccion,sin_produccion,sin_produccion
0101001,2023,0,0,0,0,,,,,sin_produccion,sin_produccion,sin_produccion,sin_produccion
0101001,2024,0,0,0,0,,,,,sin_produccion,sin_produccion,sin_produccion,sin_produccion
0101001,2025,0,0,0,0,,,,,sin_produccion,sin_produccion,sin_produccion,sin_produccion
0101002,2021,40000,0,0,649.4115040260847,,,,,sin_anterior,sin_anterior,sin_anterior,sin_anterior
0101002,2022,31390,0,0,509.62567778447,-21.525,,,-21.524999999999995,ok,sin_produccion,sin_produccion,ok
0101002,2023,39000,0,0,633.1762164254326,24.24338961452692,,,24.243389614526915,ok,sin_produccion,sin_produccion,ok
0101002,2024,31025,0,0,503.699797810232,-20.44871794871795,,,-20.448717948717942,ok,sin_produccion,sin_produccion,ok
0101002,2025,28800,0,0,467.576282898781,-7.171635777598711,,,-7.171635777598711,ok,sin_produccion,sin_produccion,ok
0101003,2021,0,0,0,0,,,,,sin_anterior,sin_anterior,sin_anterior,sin_anterior
0101003,2022,0,0,0,0,,,,,sin_produccion,sin_produccion,sin_produccion,sin_produccion
0101003,2023,0,0,0,0,,,,,sin_produccion,sin_produccion,sin_produccion,sin_produccion
0101003,2024,0,0,0,0,,,,,sin_produccion,sin_produccion,sin_produccion,sin_produccion
0101003,2025,0,0,0,0,,,,,sin_produccion,sin_produccion,sin_produccion,sin_produccion
0101004,2021,0,0,0,0,,,,,sin_anterior,sin_anterior,sin_anterior,sin_anterior
0101004,2022,0,0,0,0,,,,,sin_produccion,sin_produccion,sin_produccion,sin_produccion
0101004,2023,0,0,0,0,,,,,sin_produccion,sin_produccion,sin_produccion,sin_produccion
0101004,2024,0,0,0,0,,,,,sin_produccion,sin_produccion,sin_produccion,sin_produccion
0101004,2025,0,0,0,0,,,,,sin_produccion,sin_produccion,sin_produccion,sin_produccion
0101005,2021,0,0,0,0,,,,,sin_anterior,sin_anterior,sin_anterior,sin_anterior
0101005,2022,0,0,0,0,,,,,sin_produccion,sin_produccion,sin_produccion,sin_produccion
0101005,2023,0,0,0,0,,,,,sin_produccion,sin_produccion,sin_produccion,sin_produccion
0101005,2024,0,0,0,0,,,,,sin_produccion,sin_produccion,sin_produccion,sin_produccion
0101005,2025,0,0,0,0,,,,,sin_produccion,sin_produccion,sin_produccion,sin_produccion
0101006,2021,0,0,0,0,,,,,sin_anterior,sin_anterior,sin_anterior,sin_anterior
0101006,2022,0,0,0,0,,,,,sin_produccion,sin_produccion,sin_produccion,sin_produccion
0101006,2023,0,0,0,0,,,,,sin_produccion,sin_produccion,sin_produccion,sin_produccion
0101006,2024,0,0,0,0,,,,,sin_produccion,sin_produccion,sin_produccion,sin_produccion
0101006,2025,0,0,0,0,,,,,sin_produccion,sin_produccion,sin_produccion,sin_produccion
0101007,2021,0,0,0,0,,,,,sin_anterior,sin_anterior,sin_anterior,sin_anterior
0101007,2022,0,0,0,0,,,,,sin_produccion,sin_produccion,sin_produccion,sin_produccion
0101007,2023,0,0,0,0,,,,,sin_produccion,sin_produccion,sin_produccion,sin_produccion
0101007,2024,0,0,0,0,,,,,sin_produccion,sin_produccion,sin_produccion,sin_produccion
0101007,2025,0,0,0,0,,,,,sin_produccion,sin_produccion,sin_produccion,sin_produccion
0102001,2021,0,0,0,0,,,,,sin_anterior,sin_anterior,sin_anterior,sin_anterior
0102001,2022,0,0,0,0,,,,,sin_produccion,sin_produccion,sin_produccion,sin_produccion
0102001,2023,0,0,0,0,,,,,sin_produccion,sin_produccion,sin_produccion,sin_produccion
0102001,2024,0,0,0,0,,,,,sin_produccion,sin_produccion,sin_produccion,sin_produccion
0102001,2025,0,0,0,0,,,,,sin_produccion,sin_produccion,sin_produccion,sin_produccion
0102002,2021,0,0,0,0,,,,,sin_anterior,sin_anterior,sin_anterior,sin_anterior
0102002,2022,0,0,0,0,,,,,sin_produccion,sin_produccion,sin_produccion,sin_produccion
0102002,2023,0,0,0,0,,,,,sin_produccion,sin_produccion,sin_produccion,sin_produccion
0102002,2024,0,0,0,0,,,,,sin_produccion,sin_produccion,sin_produccion,sin_produccion
0102002,2025,0,0,0,0,,,,,sin_produccion,sin_produccion,sin_produccion,sin_produccion
0102003,2021,0,0,0,0,,,,,sin_anterior,sin_anterior,sin_anterior,sin_anterior
0102003,2022,0,0,0,0,,,,,sin_produccion,sin_produccion,sin_produccion,sin_produccion
0102003,2023,0,0,0,0,,,,,sin_produccion,sin_produccion,sin_produccion,sin_produccion
0102003,2024,0,0,0,0,,,,,sin_produccion,sin_produccion,sin_produccion,sin_produccion
0102003,2025,0,0,0,0,,,,,sin_produccion,sin_produccion,sin_produccion,sin_produccion
0102004,2021,0,0,0,0,,,,,sin_anterior,sin_anterior,sin_anterior,sin_anterior
0102004,2022,0,0,0,0,,,,,sin_produccion,sin_produccion,sin_produccion,sin_produccion
0102004,2023,0,0,0,0,,,,,sin_produccion,sin_produccion,sin_produccion,sin_produccion
0102004,2024,0,0,0,0,,,,,sin_produccion,sin_produccion,sin_produccion,sin_produccion
0102004,2025,0,0,0,0,,,,,sin_produccion,sin_produccion,sin_produccion,sin_produccion
0102005,2021,0,0,0,0,,,,,sin_anterior,sin_anterior,sin_anterior,sin_anterior
0102005,2022,0,0,0,0,,,,,sin_produccion,sin_produccion,sin_produccion,sin_produccion
0102005,2023,0,0,0,0,,,,,sin_produccion,sin_produccion,sin_produccion,sin_produccion
0102005,2024,0,0,0,0,,,,,sin_produccion,sin_produccion,sin_produccion,sin_produccion
0102005,2025,0,0,0,0,,,,,sin_produccion,sin_produccion,sin_produccion,sin_produccion
0102006,2021,96543,91833,1,4835.818508753416,,,,,sin_anterior,sin_anterior,sin_anterior,sin_anterior
0102006,2022,99550,95230,1,4986.438504566903,3.114674290212651,3.699105985865647,0,3.114674290212653,ok,ok,ok,ok
0102006,2023,110708,105708,1,5545.340371306807,11.20843797086891,11.002835240995484,0,11.208437970868898,ok,ok,ok,ok
0102006,2024,105370,100370,1,5277.961077109137,-4.8216931025761465,-5.04975971544254,0,-4.8216931025761465,ok,ok,ok,ok
0102006,2025,82360,78000,1,4125.395029996284,-21.837335104868558,-22.287536116369434,0,-21.837335104868558,ok,ok,ok,ok
0201001,2021,0,0,0,0,,,,,sin_anterior,sin_anterior,sin_anterior,sin_anterior
0201001,2022,0,0,0,0,,,,,sin_produccion,sin_produccion,sin_produccion,sin_produccion
0201001,2023,0,0,0,0,,,,,sin_produccion,sin_produccion,sin_produccion,sin_produccion
0201001,2024,0,0,0,0,,,,,sin_produccion,sin_produccion,sin_produccion,sin_produccion
0201001,2025,0,0,0,0,,,,,sin_produccion,sin_produccion,sin_produccion,sin_produccion
0201002,2021,0,0,0,0,,,,,sin_anterior,sin_anterior,sin_anterior,sin_anterior
0201002,2022,0,0,0,0,,,,,sin_produccion,sin_produccion,sin_produccion,sin_produccion
0201002,2023,0,0,0,0,,,,,sin_produccion,sin_produccion,sin_produccion,sin_produccion
0201002,2024,0,0,0,0,,,,,sin_produccion,sin_produccion,sin_produccion,sin_produccion
0201002,2025,0,0,0,0,,,,,sin_produccion,sin_produccion,sin_produccion,sin_produccion
0201003,2021,0,0,0,0,,,,,sin_anterior,sin_anterior,sin_anterior,sin_anterior
0201003,2022,0,0,0,0,,,,,sin_produccion,sin_produccion,sin_produccion,sin_produccion
0201003,2023,0,0,0,0,,,,,sin_produccion,sin_produccion,sin_produccion,sin_produccion
0201003,2024,0,0,0,0,,,,,sin_produccion,sin_produccion,sin_produccion,sin_produccion
0201003,2025,0,0,0,0,,,,,sin_produccion,sin_produccion,sin_produccion,sin_produccion
0201004,2021,0,0,0,0,,,,,sin_anterior,sin_anterior,sin_anterior,sin_anterior
0201004,2022,0,0,0,0,,,,,sin_produccion,sin_produccion,sin_produccion,sin_produccion
0201004,2023,0,0,0,0,,,,,sin_produccion,sin_produccion,sin_produccion,sin_produccion
0201004,2024,0,0,0,0,,,,,sin_produccion,sin_produccion,sin_produccion,sin_produccion
0201004,2025,0,0,0,0,,,,,sin_produccion,sin_produccion,sin_produccion,sin_produccion
0201005,2021,0,0,0,0,,,,,sin_anterior,sin_anterior,sin_anterior,sin_anterior
0201005,2022,0,0,0,0,,,,,sin_produccion,sin_produccion,sin_produccion,sin_produccion
0201005,2023,0,0,0,0,,,,,sin_produccion,sin_produccion,sin_produccion,sin_produccion
0201005,2024,0,0,0,0,,,,,sin_produccion,sin_produccion,sin_produccion,sin_produccion
0201005,2025,0,0,0,0,,,,,sin_produccion,sin_produccion,sin_produccion,sin_produccion
0201006,2021,0,0,0,0,,,,,sin_anterior,sin_anterior,sin_anterior,sin_anterior
0201006,2022,0,0,0,0,,,,,sin_produccion,sin_produccion,sin_produccion,sin_produccion
0201006,2023,0,0,0,0,,,,,sin_produccion,sin_produccion,sin_produccion,sin_produccion
0201006,2024,0,0,0,0,,,,,sin_produccion,sin_produccion,sin_produccion,sin_produccion
0201006,2025,0,0,0,0,,,,,sin_produccion,sin_produccion,sin_produccion,sin_produccion
0202001,2021,0,0,0,0,,,,,sin_anterior,sin_anterior,sin_anterior,sin_anterior
0202001,2022,0,0,0,0,,,,,sin_produccion,sin_produccion,sin_produccion,sin_produccion
0202001,2023,0,0,0,0,,,,,sin_produccion,sin_produccion,sin_produccion,sin_produccion
0202001,2024,120,70,0,0.41404756771133727,,,,,sin_base,sin_base,sin_produccion,sin_base
0202001,2025,0,0,0,0,-100,-100,,-100,ok,ok,sin_produccion,ok
0202002,2021,0,0,0,0,,,,,sin_anterior,sin_anterior,sin_anterior,sin_anterior
0202002,2022,0,0,0,0,,,,,sin_produccion,sin_produccion,sin_produccion,sin_produccion
0202002,2023,0,0,0,0,,,,,sin_produccion,sin_produccion,sin_produccion,sin_produccion
0202002,2024,0,0,0,0,,,,,sin_produccion,sin_produccion,sin_produccion,sin_produccion
0202002,2025,0,0,0,0,,,,,sin_produccion,sin_produccion,sin_produccion,sin_produccion
0202003,2021,0,0,0,0,,,,,sin_anterior,sin_anterior,sin_anterior,sin_anterior
0202003,2022,0,0,0,0,,,,,sin_produccion,sin_produccion,sin_produccion,sin_produccion
0202003,2023,0,0,0,0,,,,,sin_produccion,sin_produccion,sin_produccion,sin_produccion
0202003,2024,0,0,0,0,,,,,sin_produccion,sin_produccion,sin_produccion,sin_produccion
0202003,2025,0,0,0,0,,,,,sin_produccion,sin_produccion,sin_produccion,sin_produccion
0202004,2021,0,0,0,0,,,,,sin_anterior,sin_anterior,sin_anterior,sin_anterior
0202004,2022,0,0,0,0,,,,,sin_produccion,sin_produccion,sin_produccion,sin_produccion
0202004,2023,0,0,0,0,,,,,sin_produccion,sin_produccion,sin_produccion,sin_produccion
0202004,2024,0,0,0,0,,,,,sin_produccion,sin_produccion,sin_produccion,sin_produccion
0202004,2025,0,0,0,0,,,,,sin_produccion,sin_produccion,sin_produccion,sin_produccion
0202005,2021,0,0,0,0,,,,,sin_anterior,sin_anterior,sin_anterior,sin_anterior
0202005,2022,0,0,0,0,,,,,sin_produccion,sin_produccion,sin_produccion,sin_produccion
0202005,2023,0,0,0,0,,,,,sin_produccion,sin_produccion,sin_produccion,sin_produccion
0202005,2024,0,0,0,0,,,,,sin_produccion,sin_produccion,sin_produccion,sin_produccion
0202005,2025,0,0,0,0,,,,,sin_produccion,sin_produccion,sin_produccion,sin_produccion
0203001,2021,0,0,0,0,,,,,sin_anterior,sin_anterior,sin_anterior,sin_anterior
0203001,2022,0,0,0,0,,,,,sin_produccion,sin_produccion,sin_produccion,sin_produccion
0203001,2023,0,0,0,0,,,,,sin_produccion,sin_produccion,sin_produccion,sin_produccion
0203001,2024,0,0,0,0,,,,,sin_produccion,sin_produccion,sin_produccion,sin_produccion
0203001,2025,0,0,0,0,,,,,sin_produccion,sin_produccion,sin_produccion,sin_produccion
0203002,2021,0,0,0,0,,,,,sin_anterior,sin_anterior,sin_anterior,sin_anterior
0203002,2022,35000,34000,0,81.44303198962804,,,,,sin_base,sin_base,sin_produccion,sin_base
0203002,2023,35365,34000,0,82.29236646609131,1.042857142857143,0,,1.0428571428571498,ok,ok,sin_produccion,ok
0203002,2024,47365,46000,0,110.21569171967806,33.93185352749894,35.294117647058826,,33.93185352749894,ok,ok,sin_produccion,ok
0203002,2025,53015,49000,0,123.36292402657516,11.928639290615433,6.521739130434782,,11.92863929061543,ok,ok,sin_produccion,ok
0203003,2021,176850,165000,0,938.0224895668667,,,,,sin_anterior,sin_anterior,sin_anterior,sin_anterior
0203003,2022,172300,160000,0,913.8890299823079,-2.572801809443031,-3.0303030303030303,,-2.5728018094430256,ok,ok,sin_produccion,ok
0203003,2023,176400,165000,0,935.6356638936686,2.379570516540917,3.125,,2.379570516540912,ok,ok,sin_produccion,ok
0203003,2024,174400,163000,0,925.0275497905658,-1.1337868480725624,-1.2121212121212122,,-1.1337868480725626,ok,ok,sin_produccion,ok
0203003,2025,99500,90000,0,527.7536766293653,-42.94724770642202,-44.785276073619634,,-42.94724770642202,ok,ok,sin_produccion,ok
0203004,2021,164900,153500,0,1448.6062117419508,,,,,sin_anterior,sin_anterior,sin_anterior,sin_anterior
0203004,2022,162700,150700,0,1429.279749244484,-1.334141904184354,-1.8241042345276872,,-1.3341419041843448,ok,ok,sin_produccion,ok
0203004,2023,200700,187000,0,1763.1004651098212,23.355869698832205,24.087591240875913,,23.355869698832194,ok,ok,sin_produccion,ok
0203004,2024,165300,155000,0,1452.1201140142175,-17.638266068759343,-17.112299465240643,,-17.638266068759343,ok,ok,sin_produccion,ok
0203004,2025,135400,125000,0,1189.4559191622811,-18.08832425892317,-19.35483870967742,,-18.088324258923162,ok,ok,sin_produccion,ok
0203005,2021,0,0,0,0,,,,,sin_anterior,sin_anterior,sin_anterior,sin_anterior
0203005,2022,0,0,0,0,,,,,sin_produccion,sin_produccion,sin_produccion,sin_produccion
0203005,2023,0,0,0,0,,,,,sin_produccion,sin_produccion,sin_produccion,sin_produccion
0203005,2024,0,0,0,0,,,,,sin_produccion,sin_produccion,sin_produccion,sin_produccion
0203005,2025,0,0,0,0,,,,,sin_produccion,sin_produccion,sin_produccion,sin_produccion
0203006,2021,0,0,0,0,,,,,sin_anterior,sin_anterior,sin_anterior,sin_anterior
0203006,2022,0,0,0,0,,,,,sin_produccion,sin_produccion,sin_produccion,sin_produccion
0203006,2023,0,0,0,0,,,,,sin_produccion,sin_produccion,sin_produccion,sin_produccion
0203006,2024,0,0,0,0,,,,,sin_produccion,sin_produccion,sin_produccion,sin_produccion
0203006,2025,0,0,0,0,,,,,sin_produccion,sin_produccion,sin_produccion,sin_produccion
0203007,2021,0,0,0,0,,,,,sin_anterior,sin_anterior,sin_anterior,sin_anterior
0203007,2022,0,0,0,0,,,,,sin_produccion,sin_produccion,sin_produccion,sin_produccion
0203007,2023,0,0,0,0,,,,,sin_produccion,sin_produccion,sin_produccion,sin_produccion
0203007,2024,0,0,0,0,,,,,sin_produccion,sin_produccion,sin_produccion,sin_produccion
0203007,2025,0,0,0,0,,,,,sin_produccion,sin_produccion,sin_produccion,sin_produccion
0203008,2021,0,0,0,0,,,,,sin_anterior,sin_anterior,sin_anterior,sin_anterior
0203008,2022,0,0,0,0,,,,,sin_produccion,sin_produccion,sin_produccion,sin_produccion
0203008,2023,0,0,0,0,,,,,sin_produccion,sin_produccion,sin_produccion,sin_produccion
0203008,2024,0,0,0,0,,,,,sin_produccion,sin_produccion,sin_produccion,sin_produccion
0203008,2025,0,0,0,0,,,,,sin_produccion,sin_produccion,sin_produccion,sin_produccion
0204001,2021,13500,0,0,68.2989769271182,,,,,sin_anterior,sin_anterior,sin_anterior,sin_anterior
0204001,2022,120000,74000,0,607.1020171299396,788.8888888888889,,,788.8888888888887,ok,sin_base,sin_produccion,ok
0204001,2023,9800,0,0,49.57999806561173,-91.83333333333333,-100,,-91.83333333333334,ok,ok,sin_produccion,ok
0204001,2024,11600,0,0,58.686528322560825,18.367346938775512,,,18.36734693877551,ok,sin_produccion,sin_produccion,ok
0204001,2025,103000,0,0,521.0958980365315,787.9310344827586,,,787.9310344827586,ok,sin_produccion,sin_produccion,ok
0204002,2021,0,0,0,0,,,,,sin_anterior,sin_anterior,sin_anterior,sin_anterior
0204002,2022,0,0,0,0,,,,,sin_produccion,sin_produccion,sin_produccion,sin_produccion
0204002,2023,0,0,0,0,,,,,sin_produccion,sin_produccion,sin_produccion,sin_produccion
0204002,2024,0,0,0,0,,,,,sin_produccion,sin_produccion,sin_produccion,sin_produccion
0204002,2025,0,0,0,0,,,,,sin_produccion,sin_produccion,sin_produccion,sin_produccion
0204003,2021,0,0,0,0,,,,,sin_anterior,sin_anterior,sin_anterior,sin_anterior
0204003,2022,0,0,0,0,,,,,sin_produccion,sin_produccion,sin_produccion,sin_produccion
0204003,2023,0,0,0,0,,,,,sin_produccion,sin_produccion,sin_produccion,sin_produccion
0204003,2024,0,0,0,0,,,,,sin_produccion,sin_produccion,sin_produccion,sin_produccion
0204003,2025,0,0,0,0,,,,,sin_produccion,sin_produccion,sin_produccion,sin_produccion
0204004,2021,0,0,0,0,,,,,sin_anterior,sin_anterior,sin_anterior,sin_anterior
0204004,2022,0,0,0,0,,,,,sin_produccion,sin_produccion,sin_produccion,sin_produccion
0204004,2023,0,0,0,0,,,,,sin_produccion,sin_produccion,sin_produccion,sin_produccion
0204004,2024,0,0,0,0,,,,,sin_produccion,sin_produccion,sin_produccion,sin_produccion
0204004,2025,0,0,0,0,,,,,sin_produccion,sin_produccion,sin_produccion,sin_produccion
0204005,2021,0,0,0,0,,,,,sin_anterior,sin_anterior,sin_anterior,sin_anterior
0204005,2022,0,0,0,0,,,,,sin_produccion,sin_produccion,sin_produccion,sin_produccion
0204005,2023,0,0,0,0,,,,,sin_produccion,sin_produccion,sin_produccion,sin_produccion
0204005,2024,0,0,0,0,,,,,sin_produccion,sin_produccion,sin_produccion,sin_produccion
0204005,2025,0,0,0,0,,,,,sin_produccion,sin_produccion,sin_produccion,sin_produccion
0204006,2021,0,0,0,0,,,,,sin_anterior,sin_anterior,sin_anterior,sin_anterior
0204006,2022,0,0,0,0,,,,,sin_produccion,sin_produccion,sin_produccion,sin_produccion
0204006,2023,0,0,0,0,,,,,sin_produccion,sin_produccion,sin_produccion,sin_produccion
0204006,2024,0,0,0,0,,,,,sin_produccion,sin_produccion,sin_produccion,sin_produccion
0204006,2025,0,0,0,0,,,,,sin_produccion,sin_produccion,sin_produccion,sin_produccion
0204007,2021,0,0,0,0,,,,,sin_anterior,sin_anterior,sin_anterior,sin_anterior
0204007,2022,0,0,0,0,,,,,sin_produccion,sin_produccion,sin_produccion,sin_produccion
0204007,2023,0,0,0,0,,,,,sin_produccion,sin_produccion,sin_produccion,sin_produccion
0204007,2024,0,0,0,0,,,,,sin_produccion,sin_produccion,sin_produccion,sin_produccion
0204007,2025,0,0,0,0,,,,,sin_produccion,sin_produccion,sin_produccion,sin_produccion
0301000,2021,0,0,0,0,,,,,sin_anterior,sin_anterior,sin_anterior,sin_anterior
0301000,2022,0,0,0,0,,,,,sin_produccion,sin_produccion,sin_produccion,sin_produccion
0301000,2023,0,0,0,0,,,,,sin_produccion,sin_produccion,sin_produccion,sin_produccion
0301000,2024,0,0,0,0,,,,,sin_produccion,sin_produccion,sin_produccion,sin_produccion
0301000,2025,0,0,0,0,,,,,sin_produccion,sin_produccion,sin_produccion,sin_produccion
0301001,2021,2597341,2538865,3,177733.91378526727,,,,,sin_anterior,sin_anterior,sin_anterior,sin_anterior
0301001,2022,2690251,2639806,3,184091.66886239778,3.577119831396802,3.975831720079642,0,3.5771198313968133,ok,ok,ok,ok
0301001,2023,1797214,1767695,3,122981.87959519961,-33.19530408129204,-33.03693528994176,0,-33.19530408129204,ok,ok,ok,ok
0301001,2024,526952,525302,1,36058.89305138377,-70.6795072818262,-70.28322193591089,-66.66666666666667,-70.6795072818262,ok,ok,ok,ok
0301001,2025,727900,720000,1,49809.59983471406,38.13402359228165,37.06401270126518,0,38.13402359228164,ok,ok,ok,ok
0301002,2021,6021785,5790290,6,178131.40111774614,,,,,sin_anterior,sin_anterior,sin_anterior,sin_anterior
0301002,2022,6148173,5950583,8,181870.1050941368,2.0988461062625117,2.7683069414485284,33.333333333333336,2.0988461062625,ok,ok,ok,ok
0301002,2023,6850141,6624471,8,202635.13462936963,11.417505655745211,11.324739105395219,0,11.417505655745217,ok,ok,ok,ok
0301002,2024,8151415,7928485,7,241128.3323868608,18.99630971099719,19.6848020015485,-12.5,18.99630971099719,ok,ok,ok,ok
0301002,2025,7834040,7523500,7,231740.01091245667,-3.8934957918349147,-5.107974600443843,0,-3.893495791834915,ok,ok,ok,ok
0301003,2021,925219,841899,5,74265.68745527543,,,,,sin_anterior,sin_anterior,sin_anterior,sin_anterior
0301003,2022,1659993,1591273,5,133244.69267918734,79.41622469923337,89.00996437814987,0,79.41622469923337,ok,ok,ok,ok
0301003,2023,389474,371364,3,31262.386911591682,-76.53761190559237,-76.66245829596807,-40,-76.53761190559237,ok,ok,ok,ok
0301003,2024,458811,423701,3,36827.94487255707,17.802728808598264,14.09318081451083,0,17.802728808598268,ok,ok,ok,ok
0301003,2025,412222,385962,3,33088.328508373204,-10.154290110742767,-8.906988654735297,0,-10.154290110742778,ok,ok,ok,ok
0301004,2021,1743274,1685384,4,79660.4646435204,,,,,sin_anterior,sin_anterior,sin_anterior,sin_anterior
0301004,2022,1621635,1573445,3,74102.06174255752,-6.977617976290589,-6.641750485349333,-25,-6.9776179762905866,ok,ok,ok,ok
0301004,2023,1470779,1416089,4,67208.56189441953,-9.302709919309832,-10.000730880329469,33.333333333333336,-9.302709919309823,ok,ok,ok,ok
0301004,2024,1525390,1466200,4,69704.06038441438,3.713066341034241,3.5386900117153655,0,3.7130663410342266,ok,ok,ok,ok
0301004,2025,1314920,1256825,4,60086.44548651437,-13.797782862087729,-14.280111853771654,0,-13.797782862087725,ok,ok,ok,ok
0301005,2021,3823964,3660944,5,71886.8120980359,,,,,sin_anterior,sin_anterior,sin_anterior,sin_anterior
0301005,2022,4289824,4096949,6,80644.52798761828,12.182646070935814,11.909633143801162,20,12.182646070935814,ok,ok,ok,ok
0301005,2023,4184564,4010759,6,78665.74214093162,-2.4537137187912603,-2.103760627725656,0,-2.4537137187912763,ok,ok,ok,ok
0301005,2024,4405555,4220610,5,82820.15847235029,5.2810997752693,5.232201685516382,-16.666666666666668,5.2810997752693085,ok,ok,ok,ok
0301005,2025,4100855,3953480,7,77092.09417930999,-6.916268211383128,-6.329179905274356,40,-6.916268211383134,ok,ok,ok,ok
0301006,2021,1264533,1069708,3,39672.49467293781,,,,,sin_anterior,sin_anterior,sin_anterior,sin_anterior
0301006,2022,946336,745176,2,29689.624484935768,-25.163202541966086,-30.338372714796936,-33.333333333333336,-25.16320254196608,ok,ok,ok,ok
0301006,2023,686334,563884,2,21532.51987797559,-27.47459676055862,-24.32874918140144,0,-27.474596760558615,ok,ok,ok,ok
0301006,2024,739159,613899,3,23189.81117136053,7.696689949791209,8.86973207255393,50,7.696689949791204,ok,ok,ok,ok
0301006,2025,553644,458664,2,17369.604937715336,-25.098118266841098,-25.286732833902644,-33.333333333333336,-25.098118266841094,ok,ok,ok,ok
0301007,2021,1124809,1059309,1,37967.123262014655,,,,,sin_anterior,sin_anterior,sin_anterior,sin_anterior
0301007,2022,1134143,1066943,1,38282.18575576039,0.8298297755441146,0.7206584669817777,0,0.8298297755441115,ok,ok,ok,ok
0301007,2023,1291984,1231484,1,43609.995813112044,13.91720444423675,15.421723559740304,0,13.917204444236761,ok,ok,ok,ok
0301007,2024,1617008,1549308,3,54580.94845583899,25.15696788814722,25.80821188095014,200,25.15696788814722,ok,ok,ok,ok
0301007,2025,1777501,1687701,3,59998.27487631617,9.925306491990145,8.932568604822283,0,9.925306491990149,ok,ok,ok,ok
0302001,2021,1338230,1266374,1,33816.79189568049,,,,,sin_anterior,sin_anterior,sin_anterior,sin_anterior
0302001,2022,1193115,1108440,1,30149.766230479683,-10.843801140312204,-12.471355223654308,0,-10.843801140312216,ok,ok,ok,ok
0302001,2023,1325851,1205951,1,33503.97715764844,11.1251639615628,8.797138320522537,0,11.125163961562805,ok,ok,ok,ok
0302001,2024,1125822,1050822,1,28449.286210575763,-15.086838566324571,-12.863623812244445,0,-15.086838566324568,ok,ok,ok,ok
0302001,2025,1114464,1050914,2,28162.271928762366,-1.0088628575387584,0.008755050807843764,100,-1.0088628575387677,ok,ok,ok,ok
0302002,2021,1559942,1453808,2,29260.47556057869,,,,,sin_anterior,sin_anterior,sin_anterior,sin_anterior
0302002,2022,1884715,1788523,2,35352.3766884641,20.81955611170159,23.023329077842465,0,20.819556111701598,ok,ok,ok,ok
0302002,2023,1516113,1420819,2,28438.356928383,-19.55743971900261,-20.559087023202945,0,-19.55743971900262,ok,ok,ok,ok
0302002,2024,1107123,964638,3,20766.76279249777,-26.976221429405328,-32.10690453886104,50,-26.976221429405328,ok,ok,ok,ok
0302002,2025,1946401,1770432,2,36509.44643556358,75.80711447598867,83.53330472156395,-33.333333333333336,75.80711447598867,ok,ok,ok,ok
0302003,2021,2979531,2797671,4,58668.625607216905,,,,,sin_anterior,sin_anterior,sin_anterior,sin_anterior
0302003,2022,2888621,2721881,4,56878.55705147706,-3.051151338918776,-2.7090390542704985,0,-3.0511513389187828,ok,ok,ok,ok
0302003,2023,3000227,2818127,4,59076.14137918469,3.8636428939622056,3.5360105750398345,0,3.8636428939622096,ok,ok,ok,ok
0302003,2024,3189908,2987468,3,62811.06596087306,6.322221618564195,6.008991078116778,-25,6.322221618564195,ok,ok,ok,ok
0302003,2025,3281248,3065658,4,64609.60145621215,2.863405464985197,2.6172665280431455,33.333333333333336,2.8634054649851914,ok,ok,ok,ok
0302004,2021,0,0,0,0,,,,,sin_anterior,sin_anterior,sin_anterior,sin_anterior
0302004,2022,0,0,0,0,,,,,sin_produccion,sin_produccion,sin_produccion,sin_produccion
0302004,2023,0,0,0,0,,,,,sin_produccion,sin_produccion,sin_produccion,sin_produccion
0302004,2024,0,0,0,0,,,,,sin_produccion,sin_produccion,sin_produccion,sin_produccion
0302004,2025,0,0,0,0,,,,,sin_produccion,sin_produccion,sin_produccion,sin_produccion
0302005,2021,891979,824079,3,47113.31950775839,,,,,sin_anterior,sin_anterior,sin_anterior,sin_anterior
0302005,2022,947844,890544,3,50064.04547137515,6.263039824928613,8.065367519376176,0,6.263039824928606,ok,ok,ok,ok
0302005,2023,906593,846293,3,47885.214419282514,-4.352087474310118,-4.968985249465495,0,-4.352087474310116,ok,ok,ok,ok
0302005,2024,845927,799627,3,44680.905078751326,-6.691646637465765,-5.514165897626472,0,-6.691646637465761,ok,ok,ok,ok
0302005,2025,415060,410760,1,21922.998629889487,-50.93430047746437,-48.63104922670195,-66.66666666666667,-50.934300477464376,ok,ok,ok,ok
0302006,2021,89241,77241,1,4093.426882154095,,,,,sin_anterior,sin_anterior,sin_anterior,sin_anterior
0302006,2022,81674,69674,1,3746.333492151069,-8.479286426642462,-9.796610608355666,0,-8.47928642664246,ok,ok,ok,ok
0302006,2023,47658,40658,1,2186.0415991494924,-41.64850503220119,-41.645377041651116,0,-41.648505032201186,ok,ok,ok,ok
0302006,2024,0,0,0,0,-100,-100,-100,-100,ok,ok,ok,ok
0302006,2025,0,0,0,0,,,,,sin_produccion,sin_produccion,sin_produccion,sin_produccion
0303001,2021,2091326,2015006,0,92857.87187556968,,,,,sin_anterior,sin_anterior,sin_anterior,sin_anterior
0303001,2022,2269568,2171268,2,100772.07214795442,8.522917995568362,7.754914873702609,,8.522917995568362,ok,ok,sin_base,ok
0303001,2023,1822139,1733839,1,80905.58325267254,-19.714280426935876,-20.146246340847835,-50,-19.714280426935872,ok,ok,ok,ok
0303001,2024,2116305,2013433,1,93966.97527770777,16.143993405552486,16.12571870859982,0,16.143993405552475,ok,ok,ok,ok
0303001,2025,2021054,1922623,1,89737.69435545085,-4.500816281207104,-4.510207193385625,0,-4.500816281207098,ok,ok,ok,ok
0303002,2021,160330,148830,1,3699.6172153026323,,,,,sin_anterior,sin_anterior,sin_anterior,sin_anterior
0303002,2022,167001,158501,0,3853.5506428787808,4.160793363687395,6.498017872740711,-100,4.160793363687398,ok,ok,ok,ok
0303002,2023,150573,146188,1,3474.4742902748285,-9.837066843911114,-7.768405246654595,,-9.837066843911117,ok,ok,sin_base,ok
0303002,2024,155079,148144,1,3578.450309561011,2.992568388754956,1.3380031192710755,0,2.992568388754958,ok,ok,ok,ok
0303002,2025,102838,98422,1,2372.9884312810586,-33.686701616595414,-33.56328977211362,0,-33.68670161659541,ok,ok,ok,ok
0303003,2021,1586369,1533369,3,62407.71839835858,,,,,sin_anterior,sin_anterior,sin_anterior,sin_anterior
0303003,2022,1629999,1582499,3,64124.12155154701,2.7503058872179174,3.2040559056561078,0,2.750305887217912,ok,ok,ok,ok
0303003,2023,1536403,1490403,2,60442.05715718935,-5.742089412324793,-5.819656126165008,-33.333333333333336,-5.742089412324787,ok,ok,ok,ok
0303003,2024,1449299,1380534,3,57015.387887069584,-5.669345868238997,-7.371764549588265,50,-5.669345868238999,ok,ok,ok,ok
0303003,2025,1211413,1155477,3,47656.958354651884,-16.41386628984081,-16.30217002985801,0,-16.41386628984082,ok,ok,ok,ok
0303004,2021,1300371,1251236,3,53236.2839361987,,,,,sin_anterior,sin_anterior,sin_anterior,sin_anterior
0303004,2022,1490856,1411756,3,61034.607295906666,14.648511847772674,12.828914769076338,0,14.648511847772673,ok,ok,ok,ok
0303004,2023,1446698,1368898,3,59226.80950123526,-2.9619225465101926,-3.0357937207279444,0,-2.9619225465101837,ok,ok,ok,ok
0303004,2024,1460900,1304260,3,59808.22949942185,0.981683806848423,-4.721900389948703,0,0.9816838068484226,ok,ok,ok,ok
0303004,2025,1542247,1386697,2,63138.5190778252,5.568279827503594,6.320595586769509,-33.333333333333336,5.568279827503582,ok,ok,ok,ok
0303005,2021,0,0,0,0,,,,,sin_anterior,sin_anterior,sin_anterior,sin_anterior
0303005,2022,0,0,0,0,,,,,sin_produccion,sin_produccion,sin_produccion,sin_produccion
0303005,2023,0,0,0,0,,,,,sin_produccion,sin_produccion,sin_produccion,sin_produccion
0303005,2024,0,0,0,0,,,,,sin_produccion,sin_produccion,sin_produccion,sin_produccion
0303005,2025,0,0,0,0,,,,,sin_produccion,sin_produccion,sin_produccion,sin_produccion
0303006,2021,0,0,0,0,,,,,sin_anterior,sin_anterior,sin_anterior,sin_anterior
0303006,2022,0,0,0,0,,,,,sin_produccion,sin_produccion,sin_produccion,sin_produccion
0303006,2023,0,0,0,0,,,,,sin_produccion,sin_produccion,sin_produccion,sin_produccion
0303006,2024,0,0,0,0,,,,,sin_produccion,sin_produccion,sin_produccion,sin_produccion
0303006,2025,0,0,0,0,,,,,sin_produccion,sin_produccion,sin_produccion,sin_produccion
0303007,2021,0,0,0,0,,,,,sin_anterior,sin_anterior,sin_anterior,sin_anterior
0303007,2022,0,0,0,0,,,,,sin_produccion,sin_produccion,sin_produccion,sin_produccion
0303007,2023,0,0,0,0,,,,,sin_produccion,sin_produccion,sin_produccion,sin_produccion
0303007,2024,0,0,0,0,,,,,sin_produccion,sin_produccion,sin_produccion,sin_produccion
0303007,2025,0,0,0,0,,,,,sin_produccion,sin_produccion,sin_produccion,sin_produccion
0304001,2021,8400,8000,1,776.3489008367372,,,,,sin_anterior,sin_anterior,sin_anterior,sin_anterior
0304001,2022,0,0,0,0,-100,-100,-100,-100.00000000000001,ok,ok,ok,ok
0304001,2023,0,0,0,0,,,,,sin_produccion,sin_produccion,sin_produccion,sin_produccion
0304001,2024,0,0,0,0,,,,,sin_produccion,sin_produccion,sin_produccion,sin_produccion
0304001,2025,0,0,0,0,,,,,sin_produccion,sin_produccion,sin_produccion,sin_produccion
0304002,2021,151500,145000,1,5050.451781404678,,,,,sin_anterior,sin_anterior,sin_anterior,sin_anterior
0304002,2022,206500,180000,1,6883.949127789214,36.303630363036305,24.137931034482758,0,36.303630363036305,ok,ok,ok,ok
0304002,2023,191000,155000,1,6367.236239262663,-7.506053268765133,-13.88888888888889,0,-7.5060532687651325,ok,ok,ok,ok
0304002,2024,266500,250000,1,8884.1280511178,39.52879581151832,61.29032258064516,0,39.52879581151833,ok,ok,ok,ok
0304002,2025,336500,320000,1,11217.670128334483,26.26641651031895,28,0,26.266416510318958,ok,ok,ok,ok
0304003,2021,0,0,0,0,,,,,sin_anterior,sin_anterior,sin_anterior,sin_anterior
0304003,2022,0,0,0,0,,,,,sin_produccion,sin_produccion,sin_produccion,sin_produccion
0304003,2023,0,0,0,0,,,,,sin_produccion,sin_produccion,sin_produccion,sin_produccion
0304003,2024,0,0,0,0,,,,,sin_produccion,sin_produccion,sin_produccion,sin_produccion
0304003,2025,0,0,0,0,,,,,sin_produccion,sin_produccion,sin_produccion,sin_produccion
0304004,2021,0,0,0,0,,,,,sin_anterior,sin_anterior,sin_anterior,sin_anterior
0304004,2022,0,0,0,0,,,,,sin_produccion,sin_produccion,sin_produccion,sin_produccion
0304004,2023,0,0,0,0,,,,,sin_produccion,sin_produccion,sin_produccion,sin_produccion
0304004,2024,0,0,0,0,,,,,sin_produccion,sin_produccion,sin_produccion,sin_produccion
0304004,2025,0,0,0,0,,,,,sin_produccion,sin_produccion,sin_produccion,sin_produccion
0304005,2021,828600,800000,1,48591.25343793636,,,,,sin_anterior,sin_anterior,sin_anterior,sin_anterior
0304005,2022,788400,780000,1,46233.82115673307,-4.851556842867487,-2.5,0,-4.8515568428674865,ok,ok,ok,ok
0304005,2023,856900,850000,1,50250.83884982822,8.688483003551497,8.974358974358974,0,8.688483003551497,ok,ok,ok,ok
0304005,2024,831900,825000,1,48784.77399833364,-2.9174932897654333,-2.9411764705882355,0,-2.917493289765431,ok,ok,ok,ok
0304005,2025,937000,930000,1,54948.110634016855,12.633730015626877,12.727272727272727,0,12.633730015626872,ok,ok,ok,ok
0304006,2021,792572,761112,4,28907.810174438506,,,,,sin_anterior,sin_anterior,sin_anterior,sin_anterior
0304006,2022,790392,770208,4,28828.298122309137,-0.2750538752315247,1.1950934947813199,0,-0.27505387523153263,ok,ok,ok,ok
0304006,2023,794470,774425,4,28977.036722576824,0.5159465176773044,0.5475144376583988,0,0.5159465176773078,ok,ok,ok,ok
0304006,2024,785569,765524,2,28652.386825327518,-1.120369554545798,-1.149368886593279,-50,-1.1203695545457983,ok,ok,ok,ok
0304006,2025,1082745,1062500,4,39491.411414133254,37.82939499903891,38.793819658168786,100,37.829394999038925,ok,ok,ok,ok
0304007,2021,1199271,1187271,1,47913.48797260547,,,,,sin_anterior,sin_anterior,sin_anterior,sin_anterior
0304007,2022,1302765,1283045,1,52048.29864028344,8.62974256861043,8.066734553442306,0,8.629742568610428,ok,ok,ok,ok
0304007,2023,2830465,2778645,2,113083.24034716153,117.26596891995102,116.5664493451126,100,117.26596891995105,ok,ok,ok,ok
0304007,2024,2740290,2694951,1,109480.55273282772,-3.1858722860024766,-3.0120436399755994,-50,-3.185872286002487,ok,ok,ok,ok
0304007,2025,2832796,2814068,2,113176.36887312784,3.375774096902153,4.42000615224544,100,3.3757740969021652,ok,ok,ok,ok
0304008,2021,0,0,0,0,,,,,sin_anterior,sin_anterior,sin_anterior,sin_anterior
0304008,2022,0,0,0,0,,,,,sin_produccion,sin_produccion,sin_produccion,sin_produccion
0304008,2023,0,0,0,0,,,,,sin_produccion,sin_produccion,sin_produccion,sin_produccion
0304008,2024,0,0,0,0,,,,,sin_produccion,sin_produccion,sin_produccion,sin_produccion
0304008,2025,0,0,0,0,,,,,sin_produccion,sin_produccion,sin_produccion,sin_produccion
0305001,2021,0,0,0,0,,,,,sin_anterior,sin_anterior,sin_anterior,sin_anterior
0305001,2022,0,0,0,0,,,,,sin_produccion,sin_produccion,sin_produccion,sin_produccion
0305001,2023,0,0,0,0,,,,,sin_produccion,sin_produccion,sin_produccion,sin_produccion
0305001,2024,0,0,0,0,,,,,sin_produccion,sin_produccion,sin_produccion,sin_produccion
0305001,2025,0,0,0,0,,,,,sin_produccion,sin_produccion,sin_produccion,sin_produccion
0305002,2021,272541,256941,1,24587.59872567346,,,,,sin_anterior,sin_anterior,sin_anterior,sin_anterior
0305002,2022,343678,325278,1,31005.30472421398,26.101393918713146,26.59637815685313,0,26.101393918713136,ok,ok,ok,ok
0305002,2023,345865,327265,1,31202.607436147406,0.6363514685257712,0.610862093347844,0,0.63635146852577,ok,ok,ok,ok
0305002,2024,328344,308964,1,29621.930337022783,-5.065849392103855,-5.592104258017203,0,-5.065849392103847,ok,ok,ok,ok
0305002,2025,423474,405974,1,38204.19233346851,28.97266281704554,31.39848008182183,0,28.972662817045535,ok,ok,ok,ok
0305003,2021,223000,220000,1,10613.566511805606,,,,,sin_anterior,sin_anterior,sin_anterior,sin_anterior
0305003,2022,224200,221000,1,10670.679874200972,0.5381165919282511,0.45454545454545453,0,0.5381165919282511,ok,ok,ok,ok
0305003,2023,212790,210000,1,10127.626986758361,-5.089206066012489,-4.97737556561086,0,-5.0892060660125,ok,ok,ok,ok
0305003,2024,23600,20800,0,1123.2294604422075,-88.90925325438225,-90.0952380952381,-100,-88.90925325438225,ok,ok,ok,ok
0305003,2025,22820,20400,0,1086.1057748852193,-3.305084745762712,-1.9230769230769231,,-3.3050847457627124,ok,ok,sin_produccion,ok
0305004,2021,383150,343108,1,26463.685834102525,,,,,sin_anterior,sin_anterior,sin_anterior,sin_anterior
0305004,2022,3568691,3546273,1,246484.97315147897,831.408325720997,933.5733938002029,0,831.4083257209969,ok,ok,ok,ok
0305004,2023,294477,245921,1,20339.153891084457,-91.74831892141965,-93.06536749990765,0,-91.74831892141965,ok,ok,ok,ok
0305004,2024,306971,261657,1,21202.09866678921,4.24277617606808,6.398802867587559,0,4.242776176068068,ok,ok,ok,ok
0305004,2025,3427572,3328498,1,236738.06233007036,1016.578439005639,1172.084446431779,0,1016.5784390056389,ok,ok,ok,ok
0305005,2021,0,0,0,0,,,,,sin_anterior,sin_anterior,sin_anterior,sin_anterior
0305005,2022,0,0,0,0,,,,,sin_produccion,sin_produccion,sin_produccion,sin_produccion
0305005,2023,0,0,0,0,,,,,sin_produccion,sin_produccion,sin_produccion,sin_produccion
0305005,2024,0,0,0,0,,,,,sin_produccion,sin_produccion,sin_produccion,sin_produccion
0305005,2025,0,0,0,0,,,,,sin_produccion,sin_produccion,sin_produccion,sin_produccion
0306001,2021,3278593,3186463,5,93505.03054772576,,,,,sin_anterior,sin_anterior,sin_anterior,sin_anterior
0306001,2022,4718791,4506209,6,134579.28343143946,43.92731882243389,41.417270497099764,20,43.92731882243388,ok,ok,ok,ok
0306001,2023,4960577,4736334,5,141474.9875691633,5.12389720163491,5.106842580981042,-16.666666666666668,5.123897201634906,ok,ok,ok,ok
0306001,2024,4707088,4490312,5,134245.51544849676,-5.11007086474013,-5.194354958919704,0,-5.110070864740125,ok,ok,ok,ok
0306001,2025,3907565,3753615,4,111443.22722955365,-16.985512061809764,-16.40636552649348,-20,-16.985512061809768,ok,ok,ok,ok
0306002,2021,8227168,7977463,9,115374.81181674043,,,,,sin_anterior,sin_anterior,sin_anterior,sin_anterior
0306002,2022,6134847,5661567,7,86032.86308842782,-25.431849696031488,-29.0304824980072,-22.22222222222222,-25.43184969603149,ok,ok,ok,ok
0306002,2023,7903921,7334421,10,110841.71345344873,28.83648117059806,29.54754399267906,42.857142857142854,28.836481170598066,ok,ok,ok,ok
0306002,2024,8503078,8235978,10,119244.073308466,7.580503398250058,12.292135943655266,0,7.580503398250061,ok,ok,ok,ok
0306002,2025,6884073,6713843,8,96539.73601945455,-19.040222846362223,-18.481533097830035,-20,-19.04022284636222,ok,ok,ok,ok
0306003,2021,3742433,3555078,14,87968.64411798642,,,,,sin_anterior,sin_anterior,sin_anterior,sin_anterior
0306003,2022,6530011,6269238,16,153492.71817171786,74.48571557593684,76.34600422269216,14.285714285714286,74.48571557593682,ok,ok,ok,ok
0306003,2023,3846836,3640723,13,90422.71353001066,-41.08990015483894,-41.927184771099775,-18.75,-41.08990015483894,ok,ok,ok,ok
0306003,2024,4247654,4045921,12,99844.23583864867,10.41942001166673,11.12960255421794,-7.6923076923076925,10.419420011666734,ok,ok,ok,ok
0306003,2025,6449854,6038339,11,151608.56884785142,51.84508907740602,49.24510389599797,-8.333333333333334,51.84508907740602,ok,ok,ok,ok
0306004,2021,1820205,1712115,8,44042.100088938925,,,,,sin_anterior,sin_anterior,sin_anterior,sin_anterior
0306004,2022,1054860,1008930,6,25523.635909042176,-42.0471869926739,-41.07113132003399,-25,-42.0471869926739,ok,ok,ok,ok
0306004,2023,964968,917438,6,23348.588339567916,-8.52169956202719,-9.068220788359946,0,-8.521699562027184,ok,ok,ok,ok
0306004,2024,953050,912160,6,23060.217662166207,-1.235066862320823,-0.5752977312908338,0,-1.2350668623208283,ok,ok,ok,ok
0306004,2025,679590,649190,5,16443.516416800307,-28.693143066995436,-28.829372039992982,-16.666666666666668,-28.69314306699544,ok,ok,ok,ok
0306005,2021,806922,782022,2,46758.90861953224,,,,,sin_anterior,sin_anterior,sin_anterior,sin_anterior
0306005,2022,763022,740172,2,44215.02446666806,-5.44042670790981,-5.3515118500502545,0,-5.44042670790982,ok,ok,ok,ok
0306005,2023,745071,725321,2,43174.81343186021,-2.3526189284188397,-2.00642553352464,0,-2.35261892841883,ok,ok,ok,ok
0306005,2024,766585,742435,2,44421.4905085053,2.8875100493778447,2.359507032058909,0,2.8875100493778323,ok,ok,ok,ok
0306005,2025,791221,768871,2,45849.07889096457,3.2137336368439247,3.560715752894193,0,3.2137336368439273,ok,ok,ok,ok
0306006,2021,0,0,0,0,,,,,sin_anterior,sin_anterior,sin_anterior,sin_anterior
0306006,2022,334659,320459,1,8873.333133291391,,,,,sin_base,sin_base,sin_base,sin_base
0306006,2023,712510,559510,0,18891.88275468895,112.90627175722153,74.59643823390824,-100,112.90627175722156,ok,ok,ok,ok
0306006,2024,635657,482657,0,16854.159964347607,-10.786234579163802,-13.735768797697986,,-10.786234579163809,ok,ok,sin_produccion,ok
0306006,2025,633971,612971,1,16809.45643131031,-0.26523738431260885,26.999297637867055,,-0.26523738431259647,ok,ok,sin_base,ok
0306007,2021,12112875,11305515,10,247858.43445728658,,,,,sin_anterior,sin_anterior,sin_anterior,sin_anterior
0306007,2022,12727513,12177353,8,260435.40007758382,5.074253635078377,7.711616852483058,-20,5.074253635078385,ok,ok,ok,ok
0306007,2023,13348274,12841334,8,273137.6569432858,4.877315780388518,5.452588916491129,0,4.877315780388515,ok,ok,ok,ok
0306007,2024,12603153,12073773,9,257890.6966187346,-5.5821524191067695,-5.9772684052918486,12.5,-5.582152419106772,ok,ok,ok,ok
0306007,2025,13580319,13277501,9,277885.8534221268,7.753345531868097,9.969774982517892,0,7.753345531868107,ok,ok,ok,ok
0307001,2021,6861927,6627406,12,73019.66379763842,,,,,sin_anterior,sin_anterior,sin_anterior,sin_anterior
0307001,2022,7058393,6836068,11,75110.31286278686,2.8631315955416023,3.148471664479285,-8.333333333333334,2.8631315955415966,ok,ok,ok,ok
0307001,2023,7360073,7130383,12,78320.57321304585,4.274060682084435,4.305325810100192,9.090909090909092,4.274060682084449,ok,ok,ok,ok
0307001,2024,7300155,7088320,12,77682.96919664828,-0.8140951862841578,-0.5899122108868485,0,-0.8140951862841637,ok,ok,ok,ok
0307001,2025,7361178,7138723,11,78332.3318237825,0.8359137579955495,0.7110711706017787,-8.333333333333334,0.8359137579955419,ok,ok,ok,ok
0307002,2021,6182095,5851765,16,95760.81897908765,,,,,sin_anterior,sin_anterior,sin_anterior,sin_anterior
0307002,2022,5625533,5327028,15,87139.65852577223,-9.002805683186686,-8.967157772056806,-6.25,-9.002805683186685,ok,ok,ok,ok
0307002,2023,6366574,6071994,15,98618.40368531477,13.172814024911062,13.98464584755327,0,13.172814024911068,ok,ok,ok,ok
0307002,2024,5757718,5488578,13,89187.20775572595,-9.563322439981064,-9.608309889634278,-13.333333333333334,-9.563322439981066,ok,ok,ok,ok
0307002,2025,6520702,6202202,12,101005.85057954866,13.251499986626646,13.00198339169089,-7.6923076923076925,13.251499986626651,ok,ok,ok,ok
0307003,2021,187200,185000,0,7818.716143722405,,,,,sin_anterior,sin_anterior,sin_anterior,sin_anterior
0307003,2022,249774,243884,1,10432.22225471218,33.42628205128205,31.82918918918919,,33.42628205128206,ok,ok,sin_base,ok
0307003,2023,296103,285933,1,12367.229200345275,18.548367724422878,17.24139344934477,0,18.54836772442288,ok,ok,ok,ok
0307003,2024,280999,270829,1,11736.38577815092,-5.1009277177198475,-5.282356356209322,0,-5.100927717719852,ok,ok,ok,ok
0307003,2025,100057,99807,1,4179.045305515132,-64.39239997295364,-63.147594976904244,0,-64.39239997295364,ok,ok,ok,ok
0307004,2021,3737416,3564373,7,144287.90990388903,,,,,sin_anterior,sin_anterior,sin_anterior,sin_anterior
0307004,2022,4400797,4135649,6,169898.61472239243,17.749723338263657,16.027391072707598,-14.285714285714286,17.749723338263642,ok,ok,ok,ok
0307004,2023,4552820,4303820,6,175767.66460266238,3.454442456673189,4.06637507196573,0,3.4544424566731973,ok,ok,ok,ok
0307004,2024,3964125,3690785,5,153040.3120358435,-12.930337680821996,-14.24397395801869,-16.666666666666668,-12.930337680822,ok,ok,ok,ok
0307004,2025,2789339,2584019,4,107686.13778166624,-29.635442878314887,-29.98727912896579,-20,-29.63544287831488,ok,ok,ok,ok
0307005,2021,740585,716285,1,25343.02413661744,,,,,sin_anterior,sin_anterior,sin_anterior,sin_anterior
0307005,2022,625179,609759,1,21393.79880325196,-15.583086343903807,-14.872013234955359,0,-15.583086343903817,ok,ok,ok,ok
0307005,2023,671442,655542,1,22976.931496504367,7.399960651269477,7.508376260129002,0,7.399960651269481,ok,ok,ok,ok
0307005,2024,651673,619213,1,22300.43083262812,-2.9442602637308957,-5.541826458106422,0,-2.944260263730893,ok,ok,ok,ok
0307005,2025,694052,670552,1,23750.65196846764,6.5031081539360995,8.291008102220076,0,6.503108153936092,ok,ok,ok,ok
0307006,2021,174647,168847,1,7441.631746771722,,,,,sin_anterior,sin_anterior,sin_anterior,sin_anterior
0307006,2022,168292,162252,1,7170.847995829911,-3.638768487291508,-3.9059029772515945,0,-3.638768487291514,ok,ok,ok,ok
0307006,2023,114811,108051,1,4892.046141523233,-31.778694174411143,-33.405443384365064,0,-31.778694174411143,ok,ok,ok,ok
0307006,2024,709960,687960,2,30251.08289829228,518.3728039996167,536.6993364244662,100,518.3728039996168,ok,ok,ok,ok
0307006,2025,750760,728150,2,31989.55292794229,5.746802636768269,5.8419094133379845,0,5.746802636768257,ok,ok,ok,ok
0308001,2021,966489,934489,3,26676.15690970153,,,,,sin_anterior,sin_anterior,sin_anterior,sin_anterior
0308001,2022,1034795,1002555,3,28561.477460555263,7.067436877191566,7.283766850118086,0,7.067436877191567,ok,ok,ok,ok
0308001,2023,995922,958022,3,27488.540005963616,-3.756589469411816,-4.441950815665973,0,-3.7565894694118116,ok,ok,ok,ok
0308001,2024,910680,882680,3,25135.767271564386,-8.55910402621892,-7.86432879411955,0,-8.559104026218918,ok,ok,ok,ok
0308001,2025,591661,576761,2,16330.492818180981,-35.03085606360082,-34.6579734445099,-33.333333333333336,-35.03085606360083,ok,ok,ok,ok
0308002,2021,83000,0,0,3447.9694765258696,,,,,sin_anterior,sin_anterior,sin_anterior,sin_anterior
0308002,2022,83000,0,0,3447.9694765258696,0,,,0,ok,sin_produccion,sin_produccion,ok
0308002,2023,73000,0,0,3032.5514673058856,-12.048192771084338,,,-12.048192771084329,ok,sin_produccion,sin_produccion,ok
0308002,2024,143000,70000,1,5940.477531845776,95.89041095890411,,,95.89041095890411,ok,sin_base,sin_base,ok
0308002,2025,143000,70000,1,5940.477531845776,0,0,0,0,ok,ok,ok,ok
0308003,2021,0,0,0,0,,,,,sin_anterior,sin_anterior,sin_anterior,sin_anterior
0308003,2022,0,0,0,0,,,,,sin_produccion,sin_produccion,sin_produccion,sin_produccion
0308003,2023,0,0,0,0,,,,,sin_produccion,sin_produccion,sin_produccion,sin_produccion
0308003,2024,0,0,0,0,,,,,sin_produccion,sin_produccion,sin_produccion,sin_produccion
0308003,2025,0,0,0,0,,,,,sin_produccion,sin_produccion,sin_produccion,sin_produccion
0308004,2021,171470,167740,1,5146.8395927223955,,,,,sin_anterior,sin_anterior,sin_anterior,sin_anterior
0308004,2022,142124,142124,1,4265.990728850981,-17.114364028693068,-15.271253129843807,0,-17.114364028693068,ok,ok,ok,ok
0308004,2023,156690,142285,1,4703.203451237372,10.248796825307478,0.11328135993920802,0,10.24879682530748,ok,ok,ok,ok
0308004,2024,81798,75673,1,2455.2468945326095,-47.796285659582615,-46.81589767016903,0,-47.796285659582615,ok,ok,ok,ok
0308004,2025,0,0,0,0,-100,-100,-100,-100,ok,ok,ok,ok
0308005,2021,3115055,2609700,1,181144.20144186338,,,,,sin_anterior,sin_anterior,sin_anterior,sin_anterior
0308005,2022,621735,109700,1,36154.639350976766,-80.04096235861005,-95.79645169942906,0,-80.04096235861005,ok,ok,ok,ok
0308005,2023,871929,359824,2,50703.72189865106,40.24126034403725,228.00729261622607,100,40.241260344037244,ok,ok,ok,ok
0308005,2024,489560,110230,1,28468.503849170764,-43.85322658152212,-69.36557872737782,-50,-43.85322658152212,ok,ok,ok,ok
0308005,2025,581729,110175,1,33828.242249518466,18.82690579295694,-0.04989567268438719,0,18.826905792956946,ok,ok,ok,ok
0308006,2021,727298,701898,3,19054.654603120023,,,,,sin_anterior,sin_anterior,sin_anterior,sin_anterior
0308006,2022,728940,705020,3,19097.673754634703,0.22576715459137794,0.44479397291344325,0,0.2257671545913818,ok,ok,ok,ok
0308006,2023,654145,632145,3,17138.101624585724,-10.260789639750872,-10.33658619613628,0,-10.26078963975087,ok,ok,ok,ok
0308006,2024,169563,166063,1,4442.421673741494,-74.07868286083361,-73.73023594270302,-66.66666666666667,-74.07868286083361,ok,ok,ok,ok
0308006,2025,197840,187840,1,5183.257573486062,16.67639756314762,13.113697813480426,0,16.676397563147628,ok,ok,ok,ok
0309001,2021,847713,813313,2,22442.30184582153,,,,,sin_anterior,sin_anterior,sin_anterior,sin_anterior
0309001,2022,855366,776266,1,22644.906897326073,0.9027819556854737,-4.555072893215773,-50,0.9027819556854643,ok,ok,ok,ok
0309001,2023,843240,807290,1,22323.883918815147,-1.417638765160177,3.9965681866782776,0,-1.4176387651601805,ok,ok,ok,ok
0309001,2024,867332,817832,1,22961.69404567357,2.857075091314454,1.305850437884775,0,2.857075091314458,ok,ok,ok,ok
0309001,2025,40000,0,0,1058.9575408574142,-95.38815586188448,-100,-100,-95.3881558618845,ok,ok,ok,ok
0309002,2021,96172,90762,1,2301.5243480164077,,,,,sin_anterior,sin_anterior,sin_anterior,sin_anterior
0309002,2022,106997,101027,1,2560.5810492109094,11.255874890820612,11.309799255194905,0,11.25587489082062,ok,ok,ok,ok
0309002,2023,98838,92468,1,2365.3252870819542,-7.625447442451658,-8.47199263563206,0,-7.625447442451661,ok,ok,ok,ok
0309002,2024,83834,77464,1,2006.2595369921341,-15.180396203889192,-16.226153912704937,0,-15.18039620388919,ok,ok,ok,ok
0309002,2025,70402,62832,1,1684.8138454961022,-16.022138988954364,-18.88877414024579,0,-16.02213898895436,ok,ok,ok,ok
0309003,2021,964886,909466,4,26724.20170630134,,,,,sin_anterior,sin_anterior,sin_anterior,sin_anterior
0309003,2022,1051470,987445,3,29122.29669424644,8.973495314472384,8.574152304759057,-25,8.973495314472386,ok,ok,ok,ok
0309003,2023,1062195,957140,4,29419.344286708227,1.02000057062969,-3.069031692904415,33.333333333333336,1.0200005706296926,ok,ok,ok,ok
0309003,2024,904182,829802,4,25042.89848459503,-14.876082075325153,-13.304009862716008,0,-14.876082075325156,ok,ok,ok,ok
0309003,2025,915201,841401,3,25348.088920150873,1.2186705773837567,1.3978033313971285,-25,1.2186705773837618,ok,ok,ok,ok
0309004,2021,356510,271050,3,22215.158729705203,,,,,sin_anterior,sin_anterior,sin_anterior,sin_anterior
0309004,2022,463465,377140,3,28879.830974342436,30.000560994081514,39.14038000368936,0,30.000560994081514,ok,ok,ok,ok
0309004,2023,502025,422000,3,31282.61496530323,8.319937859385282,11.894787081720317,0,8.319937859385282,ok,ok,ok,ok
0309004,2024,529025,446000,3,32965.06226187848,5.378218216224291,5.687203791469194,0,5.378218216224298,ok,ok,ok,ok
0309004,2025,353365,348000,2,22019.184776085604,-33.204479939511366,-21.973094170403588,-33.333333333333336,-33.20447993951137,ok,ok,ok,ok
0309005,2021,0,0,0,0,,,,,sin_anterior,sin_anterior,sin_anterior,sin_anterior
0309005,2022,106100,0,0,6876.798611470637,,,,,sin_base,sin_produccion,sin_produccion,sin_base
0309005,2023,102200,94900,0,6624.022790690849,-3.6757775683317626,,,-3.6757775683317635,ok,sin_base,sin_produccion,ok
0309005,2024,105850,98550,0,6860.595033215523,3.5714285714285716,3.8461538461538463,,3.5714285714285703,ok,ok,sin_produccion,ok
0309005,2025,91250,83950,1,5914.30606311683,-13.793103448275861,-14.814814814814815,,-13.793103448275858,ok,ok,sin_base,ok
0309006,2021,0,0,0,0,,,,,sin_anterior,sin_anterior,sin_anterior,sin_anterior
0309006,2022,0,0,0,0,,,,,sin_produccion,sin_produccion,sin_produccion,sin_produccion
0309006,2023,0,0,0,0,,,,,sin_produccion,sin_produccion,sin_produccion,sin_produccion
0309006,2024,0,0,0,0,,,,,sin_produccion,sin_produccion,sin_produccion,sin_produccion
0309006,2025,0,0,0,0,,,,,sin_produccion,sin_produccion,sin_produccion,sin_produccion
0310001,2021,864637,843137,1,40928.39061428292,,,,,sin_anterior,sin_anterior,sin_anterior,sin_anterior
0310001,2022,0,0,0,0,-100,-100,-100,-100,ok,ok,ok,ok
0310001,2023,0,0,0,0,,,,,sin_produccion,sin_produccion,sin_produccion,sin_produccion
0310001,2024,0,0,0,0,,,,,sin_produccion,sin_produccion,sin_produccion,sin_produccion
0310001,2025,0,0,0,0,,,,,sin_produccion,sin_produccion,sin_produccion,sin_produccion
0310002,2021,616205,561005,1,42775.406689428724,,,,,sin_anterior,sin_anterior,sin_anterior,sin_anterior
0310002,2022,803056,770256,1,55746.1347999219,30.322863332819434,37.29931105783371,0,30.322863332819434,ok,ok,ok,ok
0310002,2023,942398,907598,1,65418.907203453804,17.35146739455281,17.830695249371637,0,17.35146739455281,ok,ok,ok,ok
0310002,2024,899074,864274,1,62411.4637075185,-4.597208398150251,-4.773479007225666,0,-4.597208398150257,ok,ok,ok,ok
0310002,2025,732194,671594,1,50827.072363190135,-18.561319757884224,-22.293855883666524,0,-18.561319757884213,ok,ok,ok,ok
0310003,2021,212067,196567,1,12834.374653680998,,,,,sin_anterior,sin_anterior,sin_anterior,sin_anterior
0310003,2022,230744,215244,1,13964.713722969476,8.807122277393466,9.501594876047353,0,8.807122277393459,ok,ok,ok,ok
0310003,2023,187359,169859,1,11339.037194561237,-18.802222376313143,-21.0853728791511,0,-18.802222376313143,ok,ok,ok,ok
0310003,2024,179076,161076,1,10837.7469171657,-4.420924535250508,-5.170759276811944,0,-4.4209245352504984,ok,ok,ok,ok
0310003,2025,183354,165354,1,11096.653087236702,2.3889298398445353,2.655889145496536,0,2.3889298398445358,ok,ok,ok,ok
0310004,2021,373480,356280,3,10931.341138446323,,,,,sin_anterior,sin_anterior,sin_anterior,sin_anterior
0310004,2022,404999,388609,2,11853.866953329825,8.439273856699154,9.074042887616482,-33.333333333333336,8.439273856699169,ok,ok,ok,ok
0310004,2023,154570,150570,1,4524.090713745443,-61.83447366536708,-61.25411403235643,-50,-61.83447366536708,ok,ok,ok,ok
0310004,2024,169930,165930,1,4973.66070380257,9.937245261046774,10.201235305837816,0,9.937245261046794,ok,ok,ok,ok
0310004,2025,170883,166883,1,5001.5539460242135,0.5608191608309304,0.5743385765081661,0,0.5608191608309249,ok,ok,ok,ok
0310005,2021,0,0,0,0,,,,,sin_anterior,sin_anterior,sin_anterior,sin_anterior
0310005,2022,0,0,0,0,,,,,sin_produccion,sin_produccion,sin_produccion,sin_produccion
0310005,2023,0,0,0,0,,,,,sin_produccion,sin_produccion,sin_produccion,sin_produccion
0310005,2024,0,0,0,0,,,,,sin_produccion,sin_produccion,sin_produccion,sin_produccion
0310005,2025,0,0,0,0,,,,,sin_produccion,sin_produccion,sin_produccion,sin_produccion
0310006,2021,0,0,0,0,,,,,sin_anterior,sin_anterior,sin_anterior,sin_anterior
0310006,2022,0,0,0,0,,,,,sin_produccion,sin_produccion,sin_produccion,sin_produccion
0310006,2023,0,0,0,0,,,,,sin_produccion,sin_produccion,sin_produccion,sin_produccion
0310006,2024,0,0,0,0,,,,,sin_produccion,sin_produccion,sin_produccion,sin_produccion
0310006,2025,0,0,0,0,,,,,sin_produccion,sin_produccion,sin_produccion,sin_produccion
0310007,2021,0,0,0,0,,,,,sin_anterior,sin_anterior,sin_anterior,sin_anterior
0310007,2022,0,0,0,0,,,,,sin_produccion,sin_produccion,sin_produccion,sin_produccion
0310007,2023,0,0,0,0,,,,,sin_produccion,sin_produccion,sin_produccion,sin_produccion
0310007,2024,0,0,0,0,,,,,sin_produccion,sin_produccion,sin_produccion,sin_produccion
0310007,2025,0,0,0,0,,,,,sin_produccion,sin_produccion,sin_produccion,sin_produccion
0310008,2021,2708294,2699502,2,195362.35180440682,,,,,sin_anterior,sin_anterior,sin_anterior,sin_anterior
0310008,2022,2804105,2788025,2,202273.66286913317,3.537688301196251,3.2792344662089525,0,3.537688301196246,ok,ok,ok,ok
0310008,2023,2848086,2822421,2,205446.22522562387,1.5684505394769455,1.2337048627612737,0,1.5684505394769468,ok,ok,ok,ok
0310008,2024,2586729,2561499,2,186593.28009465052,-9.176583853156119,-9.244616589800033,0,-9.17658385315612,ok,ok,ok,ok
0310008,2025,2737764,2716009,2,197488.1655113662,5.8388412547274955,6.03201484755606,0,5.8388412547275035,ok,ok,ok,ok
0311001,2021,27600,21900,0,1291.2106131993798,,,,,sin_anterior,sin_anterior,sin_anterior,sin_anterior
0311001,2022,27600,21900,0,1291.2106131993798,0,0,,0,ok,ok,sin_produccion,ok
0311001,2023,0,0,0,0,-100,-100,,-100,ok,ok,sin_produccion,ok
0311001,2024,0,0,0,0,,,,,sin_produccion,sin_produccion,sin_produccion,sin_produccion
0311001,2025,0,0,0,0,,,,,sin_produccion,sin_produccion,sin_produccion,sin_produccion
0311002,2021,1103387,1099387,1,39685.54251728016,,,,,sin_anterior,sin_anterior,sin_anterior,sin_anterior
0311002,2022,1327202,1323202,1,47735.50114331533,20.28436079091017,20.358163230964166,0,20.284360790910174,ok,ok,ok,ok
0311002,2023,1331646,1321896,1,47895.338581083575,0.3348397606392998,-0.09869997173523015,0,0.3348397606393024,ok,ok,ok,ok
0311002,2024,1817535,1807905,1,65371.31805898094,36.48785037464912,36.76605421303945,0,36.48785037464911,ok,ok,ok,ok
0311002,2025,1677451,1667781,1,60332.914001301564,-7.707361893993788,-7.750628489881935,0,-7.70736189399379,ok,ok,ok,ok
0311003,2021,0,0,0,0,,,,,sin_anterior,sin_anterior,sin_anterior,sin_anterior
0311003,2022,0,0,0,0,,,,,sin_produccion,sin_produccion,sin_produccion,sin_produccion
0311003,2023,0,0,0,0,,,,,sin_produccion,sin_produccion,sin_produccion,sin_produccion
0311003,2024,0,0,0,0,,,,,sin_produccion,sin_produccion,sin_produccion,sin_produccion
0311003,2025,0,0,0,0,,,,,sin_produccion,sin_produccion,sin_produccion,sin_produccion
0311004,2021,0,0,0,0,,,,,sin_anterior,sin_anterior,sin_anterior,sin_anterior
0311004,2022,0,0,0,0,,,,,sin_produccion,sin_produccion,sin_produccion,sin_produccion
0311004,2023,0,0,0,0,,,,,sin_produccion,sin_produccion,sin_produccion,sin_produccion
0311004,2024,0,0,0,0,,,,,sin_produccion,sin_produccion,sin_produccion,sin_produccion
0311004,2025,0,0,0,0,,,,,sin_produccion,sin_produccion,sin_produccion,sin_produccion
0311005,2021,0,0,0,0,,,,,sin_anterior,sin_anterior,sin_anterior,sin_anterior
0311005,2022,0,0,0,0,,,,,sin_produccion,sin_produccion,sin_produccion,sin_produccion
0311005,2023,0,0,0,0,,,,,sin_produccion,sin_produccion,sin_produccion,sin_produccion
0311005,2024,0,0,0,0,,,,,sin_produccion,sin_produccion,sin_produccion,sin_produccion
0311005,2025,0,0,0,0,,,,,sin_produccion,sin_produccion,sin_produccion,sin_produccion
0311006,2021,0,0,0,0,,,,,sin_anterior,sin_anterior,sin_anterior,sin_anterior
0311006,2022,0,0,0,0,,,,,sin_produccion,sin_produccion,sin_produccion,sin_produccion
0311006,2023,0,0,0,0,,,,,sin_produccion,sin_produccion,sin_produccion,sin_produccion
0311006,2024,0,0,0,0,,,,,sin_produccion,sin_produccion,sin_produccion,sin_produccion
0311006,2025,0,0,0,0,,,,,sin_produccion,sin_produccion,sin_produccion,sin_produccion
0311007,2021,0,0,0,0,,,,,sin_anterior,sin_anterior,sin_anterior,sin_anterior
0311007,2022,0,0,0,0,,,,,sin_produccion,sin_produccion,sin_produccion,sin_produccion
0311007,2023,0,0,0,0,,,,,sin_produccion,sin_produccion,sin_produccion,sin_produccion
0311007,2024,0,0,0,0,,,,,sin_produccion,sin_produccion,sin_produccion,sin_produccion
0311007,2025,0,0,0,0,,,,,sin_produccion,sin_produccion,sin_produccion,sin_produccion
0312001,2021,915060,881445,3,28969.71710877841,,,,,sin_anterior,sin_anterior,sin_anterior,sin_anterior
0312001,2022,1716633,1638833,4,54346.570049607246,87.59786243525015,85.92572423690645,33.333333333333336,87.59786243525012,ok,ok,ok,ok
0312001,2023,955119,937939,3,30237.937660065272,-44.36090882559056,-42.767872016245704,-25,-44.36090882559055,ok,ok,ok,ok
0312001,2024,1353542,1303312,4,42851.53851643624,41.71448793291726,38.954878728787264,33.333333333333336,41.71448793291724,ok,ok,ok,ok
0312001,2025,1521640,1462050,4,48173.3223410504,12.419119613576823,12.179585548203347,0,12.419119613576829,ok,ok,ok,ok
0312002,2021,590465,566140,1,17958.26040430202,,,,,sin_anterior,sin_anterior,sin_anterior,sin_anterior
0312002,2022,782969,756054,3,23813.03073085779,32.60210173337963,33.545412795421626,200,32.602101733379605,ok,ok,ok,ok
0312002,2023,858986,834691,3,26124.99347404126,9.70881350347204,10.400976649816018,0,9.70881350347205,ok,ok,ok,ok
0312002,2024,956667,928492,3,29095.83989940538,11.371663798944336,11.237811357735977,0,11.371663798944326,ok,ok,ok,ok
0312002,2025,904945,878870,3,27522.779439206537,-5.406478952446358,-5.344364841054096,0,-5.406478952446359,ok,ok,ok,ok
0312003,2021,0,0,0,0,,,,,sin_anterior,sin_anterior,sin_anterior,sin_anterior
0312003,2022,0,0,0,0,,,,,sin_produccion,sin_produccion,sin_produccion,sin_produccion
0312003,2023,0,0,0,0,,,,,sin_produccion,sin_produccion,sin_produccion,sin_produccion
0312003,2024,0,0,0,0,,,,,sin_produccion,sin_produccion,sin_produccion,sin_produccion
0312003,2025,0,0,0,0,,,,,sin_produccion,sin_produccion,sin_produccion,sin_produccion
0312004,2021,0,0,0,0,,,,,sin_anterior,sin_anterior,sin_anterior,sin_anterior
0312004,2022,0,0,0,0,,,,,sin_produccion,sin_produccion,sin_produccion,sin_produccion
0312004,2023,0,0,0,0,,,,,sin_produccion,sin_produccion,sin_produccion,sin_produccion
0312004,2024,0,0,0,0,,,,,sin_produccion,sin_produccion,sin_produccion,sin_produccion
0312004,2025,0,0,0,0,,,,,sin_produccion,sin_produccion,sin_produccion,sin_produccion
0312005,2021,18000,17000,1,724.8989539178457,,,,,sin_anterior,sin_anterior,sin_anterior,sin_anterior
0312005,2022,31000,30000,1,1248.4370873029563,72.22222222222223,76.47058823529412,0,72.2222222222222,ok,ok,ok,ok
0312005,2023,36000,35000,1,1449.7979078356914,16.129032258064516,16.666666666666668,0,16.129032258064527,ok,ok,ok,ok
0312005,2024,0,0,0,0,-100,-100,-100,-100,ok,ok,ok,ok
0312005,2025,0,0,0,0,,,,,sin_produccion,sin_produccion,sin_produccion,sin_produccion
0312006,2021,0,0,0,0,,,,,sin_anterior,sin_anterior,sin_anterior,sin_anterior
0312006,2022,0,0,0,0,,,,,sin_produccion,sin_produccion,sin_produccion,sin_produccion
0312006,2023,0,0,0,0,,,,,sin_produccion,sin_produccion,sin_produccion,sin_produccion
0312006,2024,0,0,0,0,,,,,sin_produccion,sin_produccion,sin_produccion,sin_produccion
0312006,2025,0,0,0,0,,,,,sin_produccion,sin_produccion,sin_produccion,sin_produccion
0312007,2021,0,0,0,0,,,,,sin_anterior,sin_anterior,sin_anterior,sin_anterior
0312007,2022,0,0,0,0,,,,,sin_produccion,sin_produccion,sin_produccion,sin_produccion
0312007,2023,0,0,0,0,,,,,sin_produccion,sin_produccion,sin_produccion,sin_produccion
0312007,2024,0,0,0,0,,,,,sin_produccion,sin_produccion,sin_produccion,sin_produccion
0312007,2025,0,0,0,0,,,,,sin_produccion,sin_produccion,sin_produccion,sin_produccion
0313001,2021,144867,80167,1,4096.489688260789,,,,,sin_anterior,sin_anterior,sin_anterior,sin_anterior
0313001,2022,127327,110527,1,3600.500752670943,-12.107657368482815,37.87094440355757,0,-12.107657368482819,ok,ok,ok,ok
0313001,2023,66141,43141,1,1870.3081065477772,-48.05422259222318,-60.96790829390104,0,-48.05422259222318,ok,ok,ok,ok
0313001,2024,90155,58155,1,2549.36616237757,36.30728292587049,34.8021603578962,0,36.307282925870496,ok,ok,ok,ok
0313001,2025,80014,48014,1,2262.6031181462913,-11.248405523820088,-17.437881523514744,0,-11.24840552382009,ok,ok,ok,ok
0313002,2021,0,0,0,0,,,,,sin_anterior,sin_anterior,sin_anterior,sin_anterior
0313002,2022,0,0,0,0,,,,,sin_produccion,sin_produccion,sin_produccion,sin_produccion
0313002,2023,0,0,0,0,,,,,sin_produccion,sin_produccion,sin_produccion,sin_produccion
0313002,2024,0,0,0,0,,,,,sin_produccion,sin_produccion,sin_produccion,sin_produccion
0313002,2025,0,0,0,0,,,,,sin_produccion,sin_produccion,sin_produccion,sin_produccion
0313003,2021,486666,484716,1,8049.291396508159,,,,,sin_anterior,sin_anterior,sin_anterior,sin_anterior
0313003,2022,494150,492090,1,8173.074230754783,1.5378103257675695,1.5213031960983339,0,1.5378103257675773,ok,ok,ok,ok
0313003,2023,626554,624154,0,10362.9917061142,26.794293230800363,26.837367148285882,-100,26.79429323080037,ok,ok,ok,ok
0313003,2024,5900,3700,0,97.58400882617265,-99.058341340092,-99.40719758264787,,-99.058341340092,ok,ok,sin_produccion,ok
0313003,2025,541754,539704,1,8960.428325019378,9082.271186440677,14486.594594594595,,9082.271186440677,ok,ok,sin_base,ok
0313004,2021,430800,420000,0,10099.936095296509,,,,,sin_anterior,sin_anterior,sin_anterior,sin_anterior
0313004,2022,515800,500000,1,12092.727571852227,19.730733519034356,19.047619047619047,,19.730733519034356,ok,ok,sin_base,ok
0313004,2023,501900,500000,0,11766.84755392135,-2.6948429623885226,0,-100,-2.6948429623885244,ok,ok,ok,ok
0313004,2024,500900,500000,0,11743.402948314813,-0.19924287706714486,0,,-0.19924287706713886,ok,ok,sin_produccion,ok
0313004,2025,601200,600000,0,14094.89689065056,20.023956877620282,20,,20.023956877620275,ok,ok,sin_produccion,ok
0313005,2021,0,0,0,0,,,,,sin_anterior,sin_anterior,sin_anterior,sin_anterior
0313005,2022,0,0,0,0,,,,,sin_produccion,sin_produccion,sin_produccion,sin_produccion
0313005,2023,0,0,0,0,,,,,sin_produccion,sin_produccion,sin_produccion,sin_produccion
0313005,2024,0,0,0,0,,,,,sin_produccion,sin_produccion,sin_produccion,sin_produccion
0313005,2025,0,0,0,0,,,,,sin_produccion,sin_produccion,sin_produccion,sin_produccion
0313006,2021,262200,250000,1,3503.7491328655683,,,,,sin_anterior,sin_anterior,sin_anterior,sin_anterior
0313006,2022,317200,300000,1,4238.707951735158,20.97635392829901,20,0,20.976353928299016,ok,ok,ok,ok
0313006,2023,367200,350000,1,4906.852332525693,15.762925598991172,16.666666666666668,0,15.762925598991165,ok,ok,ok,ok
0313006,2024,422200,400000,1,5641.811151395282,14.978213507625272,14.285714285714286,0,14.978213507625268,ok,ok,ok,ok
0313006,2025,522200,500000,0,6978.099912976353,23.685457129322597,25,-100,23.6854571293226,ok,ok,ok,ok
0314001,2021,1150832,1066777,3,14014.020158554593,,,,,sin_anterior,sin_anterior,sin_anterior,sin_anterior
0314001,2022,1387316,1298346,3,16893.755465858892,20.54895936157493,21.707348396150273,0,20.548959361574916,ok,ok,ok,ok
0314001,2023,1473294,1369679,3,17940.734890477088,6.197434470589253,5.494144087939579,0,6.197434470589256,ok,ok,ok,ok
0314001,2024,1620503,1503017,3,19733.342233269665,9.991827836127753,9.734981700091774,0,9.991827836127769,ok,ok,ok,ok
0314001,2025,1686427,1558864,4,20536.11819442868,4.0681195900285285,3.715659902715671,33.333333333333336,4.068119590028524,ok,ok,ok,ok
0314002,2021,0,0,0,0,,,,,sin_anterior,sin_anterior,sin_anterior,sin_anterior
0314002,2022,0,0,0,0,,,,,sin_produccion,sin_produccion,sin_produccion,sin_produccion
0314002,2023,0,0,0,0,,,,,sin_produccion,sin_produccion,sin_produccion,sin_produccion
0314002,2024,0,0,0,0,,,,,sin_produccion,sin_produccion,sin_produccion,sin_produccion
0314002,2025,0,0,0,0,,,,,sin_produccion,sin_produccion,sin_produccion,sin_produccion
0314003,2021,0,0,0,0,,,,,sin_anterior,sin_anterior,sin_anterior,sin_anterior
0314003,2022,0,0,0,0,,,,,sin_produccion,sin_produccion,sin_produccion,sin_produccion
0314003,2023,0,0,0,0,,,,,sin_produccion,sin_produccion,sin_produccion,sin_produccion
0314003,2024,0,0,0,0,,,,,sin_produccion,sin_produccion,sin_produccion,sin_produccion
0314003,2025,0,0,0,0,,,,,sin_produccion,sin_produccion,sin_produccion,sin_produccion
0314004,2021,0,0,0,0,,,,,sin_anterior,sin_anterior,sin_anterior,sin_anterior
0314004,2022,0,0,0,0,,,,,sin_produccion,sin_produccion,sin_produccion,sin_produccion
0314004,2023,0,0,0,0,,,,,sin_produccion,sin_produccion,sin_produccion,sin_produccion
0314004,2024,0,0,0,0,,,,,sin_produccion,sin_produccion,sin_produccion,sin_produccion
0314004,2025,0,0,0,0,,,,,sin_produccion,sin_produccion,sin_produccion,sin_produccion
0314005,2021,0,0,0,0,,,,,sin_anterior,sin_anterior,sin_anterior,sin_anterior
0314005,2022,0,0,0,0,,,,,sin_produccion,sin_produccion,sin_produccion,sin_produccion
0314005,2023,0,0,0,0,,,,,sin_produccion,sin_produccion,sin_produccion,sin_produccion
0314005,2024,0,0,0,0,,,,,sin_produccion,sin_produccion,sin_produccion,sin_produccion
0314005,2025,0,0,0,0,,,,,sin_produccion,sin_produccion,sin_produccion,sin_produccion
0314006,2021,313883,312983,1,7745.043584426647,,,,,sin_anterior,sin_anterior,sin_anterior,sin_anterior
0314006,2022,321000,320000,1,7920.655118630042,2.2674053707910273,2.2419748037433345,0,2.2674053707910238,ok,ok,ok,ok
0314006,2023,432070,420025,1,10661.300489428293,34.601246105919,31.2578125,0,34.60124610591899,ok,ok,ok,ok
0314006,2024,512950,500000,1,12657.009480066294,18.719189020297637,19.040533301589193,0,18.719189020297648,ok,ok,ok,ok
0314006,2025,474775,461425,1,11715.043719462861,-7.442245832927186,-7.715,0,-7.442245832927185,ok,ok,ok,ok
0314007,2021,0,0,0,0,,,,,sin_anterior,sin_anterior,sin_anterior,sin_anterior
0314007,2022,0,0,0,0,,,,,sin_produccion,sin_produccion,sin_produccion,sin_produccion
0314007,2023,0,0,0,0,,,,,sin_produccion,sin_produccion,sin_produccion,sin_produccion
0314007,2024,0,0,0,0,,,,,sin_produccion,sin_produccion,sin_produccion,sin_produccion
0314007,2025,0,0,0,0,,,,,sin_produccion,sin_produccion,sin_produccion,sin_produccion
0314008,2021,808915,719475,2,3573.948458917062,,,,,sin_anterior,sin_anterior,sin_anterior,sin_anterior
0314008,2022,712868,632908,2,3149.593579067378,-11.873559026597356,-12.031967754265263,0,-11.873559026597361,ok,ok,ok,ok
0314008,2023,582166,517266,2,2572.125969395932,-18.334670654314685,-18.271533935421893,0,-18.334670654314685,ok,ok,ok,ok
0314008,2024,733203,694803,2,3239.437681243847,25.94397474259919,34.32218626393384,0,25.943974742599178,ok,ok,ok,ok
0314008,2025,621268,585023,2,2744.8864357497205,-15.266576923444122,-15.800162060325013,0,-15.266576923444118,ok,ok,ok,ok
0315001,2021,760706,706506,1,19597.77581671173,,,,,sin_anterior,sin_anterior,sin_anterior,sin_anterior
0315001,2022,867850,810000,1,22358.085439753697,14.084810689017834,14.648707866599858,0,14.084810689017829,ok,ok,ok,ok
0315001,2023,1581450,1520000,2,40742.28751362388,82.22619116206718,87.65432098765432,100,82.22619116206718,ok,ok,ok,ok
0315001,2024,838520,771750,3,21602.46794139802,-46.97777356223719,-49.22697368421053,50,-46.97777356223718,ok,ok,ok,ok
0315001,2025,789918,729238,2,20350.353326495777,-5.796164671087154,-5.508519598315517,-33.333333333333336,-5.796164671087164,ok,ok,ok,ok
0315002,2021,0,0,0,0,,,,,sin_anterior,sin_anterior,sin_anterior,sin_anterior
0315002,2022,0,0,0,0,,,,,sin_produccion,sin_produccion,sin_produccion,sin_produccion
0315002,2023,0,0,0,0,,,,,sin_produccion,sin_produccion,sin_produccion,sin_produccion
0315002,2024,0,0,0,0,,,,,sin_produccion,sin_produccion,sin_produccion,sin_produccion
0315002,2025,0,0,0,0,,,,,sin_produccion,sin_produccion,sin_produccion,sin_produccion
0315003,2021,0,0,0,0,,,,,sin_anterior,sin_anterior,sin_anterior,sin_anterior
0315003,2022,0,0,0,0,,,,,sin_produccion,sin_produccion,sin_produccion,sin_produccion
0315003,2023,0,0,0,0,,,,,sin_produccion,sin_produccion,sin_produccion,sin_produccion
0315003,2024,0,0,0,0,,,,,sin_produccion,sin_produccion,sin_produccion,sin_produccion
0315003,2025,0,0,0,0,,,,,sin_produccion,sin_produccion,sin_produccion,sin_produccion
0315004,2021,943795,851545,0,23406.72528577746,,,,,sin_anterior,sin_anterior,sin_anterior,sin_anterior
0315004,2022,1042534,950284,0,25855.5162287178,10.461911749903315,11.595276820367685,,10.461911749903308,ok,ok,sin_produccion,ok
0315004,2023,932217,843617,1,23119.583411367516,-10.581621318825093,-11.22474965378771,,-10.581621318825091,ok,ok,sin_base,ok
0315004,2024,1007808,919208,1,24994.289010652534,8.108734339751367,8.96034574931515,0,8.108734339751367,ok,ok,ok,ok
0315004,2025,981744,893064,0,24347.88498451497,-2.586206896551724,-2.8441876049816797,-100,-2.5862068965517144,ok,ok,ok,ok
0315005,2021,36730,0,0,640.9939580426452,,,,,sin_anterior,sin_anterior,sin_anterior,sin_anterior
0315005,2022,53000,0,0,924.9300238567981,44.29621562755241,,,44.29621562755241,ok,sin_produccion,sin_produccion,ok
0315005,2023,52920,0,0,923.5339030660709,-0.1509433962264151,,,-0.15094339622641,ok,sin_produccion,sin_produccion,ok
0315005,2024,48100,0,0,839.4176254247545,-9.10808767951625,,,-9.108087679516256,ok,sin_produccion,sin_produccion,ok
0315005,2025,45760,0,0,798.5810922959827,-4.864864864864865,,,-4.864864864864868,ok,sin_produccion,sin_produccion,ok
0315006,2021,2925437,2799204,4,22077.35304648407,,,,,sin_anterior,sin_anterior,sin_anterior,sin_anterior
0315006,2022,2774024,2642146,3,20934.68675190063,-5.17573955617571,-5.610809358660534,-25,-5.175739556175712,ok,ok,ok,ok
0315006,2023,2628275,2482105,3,19834.764884100365,-5.254064132105563,-6.057235292826362,0,-5.254064132105559,ok,ok,ok,ok
0315006,2024,2714885,2595071,3,20488.383316955347,3.2953172708335314,4.551217615693131,0,3.295317270833525,ok,ok,ok,ok
0315006,2025,2652368,2530474,2,20016.587178324764,-2.3027494718929162,-2.4892189847599546,-33.333333333333336,-2.302749471892905,ok,ok,ok,ok
0315007,2021,332500,300000,1,9208.152461904077,,,,,sin_anterior,sin_anterior,sin_anterior,sin_anterior
0315007,2022,344500,310000,1,9540.4767612810665,3.6090225563909772,3.3333333333333335,0,3.6090225563909755,ok,ok,ok,ok
0315007,2023,287000,260000,1,7948.089493432994,-16.69085631349782,-16.129032258064516,0,-16.690856313497815,ok,ok,ok,ok
0315007,2024,260000,220000,1,7200.359819834767,-9.40766550522648,-15.384615384615385,0,-9.407665505226486,ok,ok,ok,ok
0315007,2025,232500,200000,1,6438.783300429167,-10.576923076923077,-9.090909090909092,0,-10.576923076923075,ok,ok,ok,ok
0315008,2021,60000,30000,0,2524.038028659399,,,,,sin_anterior,sin_anterior,sin_anterior,sin_anterior
0315008,2022,41000,0,0,1724.759319583923,-31.666666666666668,-100,,-31.66666666666666,ok,ok,sin_produccion,ok
0315008,2023,41000,0,0,1724.759319583923,0,,,0,ok,sin_produccion,sin_produccion,ok
0315008,2024,41000,0,0,1724.759319583923,0,,,0,ok,sin_produccion,sin_produccion,ok
0315008,2025,41000,0,0,1724.759319583923,0,,,0,ok,sin_produccion,sin_produccion,ok
0316001,2021,2458273,2378273,0,30974.82800040206,,,,,sin_anterior,sin_anterior,sin_anterior,sin_anterior
0316001,2022,2723713,2629713,0,34319.435513248165,10.797824326264822,10.57237751931759,,10.797824326264836,ok,ok,sin_produccion,ok
0316001,2023,2789410,2715960,0,35147.23343282114,2.4120382727548755,3.2797115122448726,,2.4120382727548666,ok,ok,sin_produccion,ok
0316001,2024,2706656,2640456,0,34104.5132319544,-2.966720560978845,-2.7800114876507753,,-2.9667205609788505,ok,ok,sin_produccion,ok
0316001,2025,2689516,2629356,0,33888.545130800914,-0.6332537271082842,-0.4203819340295767,,-0.6332537271082717,ok,ok,sin_produccion,ok
0316002,2021,0,0,0,0,,,,,sin_anterior,sin_anterior,sin_anterior,sin_anterior
0316002,2022,0,0,0,0,,,,,sin_produccion,sin_produccion,sin_produccion,sin_produccion
0316002,2023,0,0,0,0,,,,,sin_produccion,sin_produccion,sin_produccion,sin_produccion
0316002,2024,0,0,0,0,,,,,sin_produccion,sin_produccion,sin_produccion,sin_produccion
0316002,2025,0,0,0,0,,,,,sin_produccion,sin_produccion,sin_produccion,sin_produccion
0316003,2021,0,0,0,0,,,,,sin_anterior,sin_anterior,sin_anterior,sin_anterior
0316003,2022,0,0,0,0,,,,,sin_produccion,sin_produccion,sin_produccion,sin_produccion
0316003,2023,0,0,0,0,,,,,sin_produccion,sin_produccion,sin_produccion,sin_produccion
0316003,2024,0,0,0,0,,,,,sin_produccion,sin_produccion,sin_produccion,sin_produccion
0316003,2025,0,0,0,0,,,,,sin_produccion,sin_produccion,sin_produccion,sin_produccion
0316004,2021,0,0,0,0,,,,,sin_anterior,sin_anterior,sin_anterior,sin_anterior
0316004,2022,0,0,0,0,,,,,sin_produccion,sin_produccion,sin_produccion,sin_produccion
0316004,2023,0,0,0,0,,,,,sin_produccion,sin_produccion,sin_produccion,sin_produccion
0316004,2024,0,0,0,0,,,,,sin_produccion,sin_produccion,sin_produccion,sin_produccion
0316004,2025,0,0,0,0,,,,,sin_produccion,sin_produccion,sin_produccion,sin_produccion
0316005,2021,0,0,0,0,,,,,sin_anterior,sin_anterior,sin_anterior,sin_anterior
0316005,2022,0,0,0,0,,,,,sin_produccion,sin_produccion,sin_produccion,sin_produccion
0316005,2023,0,0,0,0,,,,,sin_produccion,sin_produccion,sin_produccion,sin_produccion
0316005,2024,0,0,0,0,,,,,sin_produccion,sin_produccion,sin_produccion,sin_produccion
0316005,2025,0,0,0,0,,,,,sin_produccion,sin_produccion,sin_produccion,sin_produccion
0317001,2021,0,0,0,0,,,,,sin_anterior,sin_anterior,sin_anterior,sin_anterior
0317001,2022,0,0,0,0,,,,,sin_produccion,sin_produccion,sin_produccion,sin_produccion
0317001,2023,0,0,0,0,,,,,sin_produccion,sin_produccion,sin_produccion,sin_produccion
0317001,2024,0,0,0,0,,,,,sin_produccion,sin_produccion,sin_produccion,sin_produccion
0317001,2025,0,0,0,0,,,,,sin_produccion,sin_produccion,sin_produccion,sin_produccion
0317002,2021,0,0,0,0,,,,,sin_anterior,sin_anterior,sin_anterior,sin_anterior
0317002,2022,0,0,0,0,,,,,sin_produccion,sin_produccion,sin_produccion,sin_produccion
0317002,2023,0,0,0,0,,,,,sin_produccion,sin_produccion,sin_produccion,sin_produccion
0317002,2024,0,0,0,0,,,,,sin_produccion,sin_produccion,sin_produccion,sin_produccion
0317002,2025,0,0,0,0,,,,,sin_produccion,sin_produccion,sin_produccion,sin_produccion
0317003,2021,0,0,0,0,,,,,sin_anterior,sin_anterior,sin_anterior,sin_anterior
0317003,2022,0,0,0,0,,,,,sin_produccion,sin_produccion,sin_produccion,sin_produccion
0317003,2023,0,0,0,0,,,,,sin_produccion,sin_produccion,sin_produccion,sin_produccion
0317003,2024,0,0,0,0,,,,,sin_produccion,sin_produccion,sin_produccion,sin_produccion
0317003,2025,0,0,0,0,,,,,sin_produccion,sin_produccion,sin_produccion,sin_produccion
0317004,2021,24500,0,0,426.8470004631,,,,,sin_anterior,sin_anterior,sin_anterior,sin_anterior
0317004,2022,21600,0,0,376.32225346950855,-11.83673469387755,,,-11.836734693877558,ok,sin_produccion,sin_produccion,ok
0317004,2023,100,0,0,1.7422326549514286,-99.53703703703704,,,-99.53703703703704,ok,sin_produccion,sin_produccion,ok
0317004,2024,100,0,0,1.7422326549514286,0,,,0,ok,sin_produccion,sin_produccion,ok
0317004,2025,100,0,0,1.7422326549514286,0,,,0,ok,sin_produccion,sin_produccion,ok
0317005,2021,0,0,0,0,,,,,sin_anterior,sin_anterior,sin_anterior,sin_anterior
0317005,2022,0,0,0,0,,,,,sin_produccion,sin_produccion,sin_produccion,sin_produccion
0317005,2023,0,0,0,0,,,,,sin_produccion,sin_produccion,sin_produccion,sin_produccion
0317005,2024,0,0,0,0,,,,,sin_produccion,sin_produccion,sin_produccion,sin_produccion
0317005,2025,0,0,0,0,,,,,sin_produccion,sin_produccion,sin_produccion,sin_produccion
0317006,2021,323641,306027,1,12491.344456544557,,,,,sin_anterior,sin_anterior,sin_anterior,sin_anterior
0317006,2022,363960,337640,1,14047.508592557671,12.457939507046389,10.330134269198469,0,12.457939507046397,ok,ok,ok,ok
0317006,2023,388742,373842,1,15004.002047719678,6.808989998900978,10.722070844686648,0,6.80898999890097,ok,ok,ok,ok
0317006,2024,661662,654662,1,25537.703677241712,70.20594636031095,75.11729554196693,0,70.20594636031096,ok,ok,ok,ok
0317006,2025,225593,193593,1,8707.05463765486,-65.90509958256632,-70.42855702637391,0,-65.90509958256632,ok,ok,ok,ok
0317007,2021,93950,18250,0,5736.308994796185,,,,,sin_anterior,sin_anterior,sin_anterior,sin_anterior
0317007,2022,0,0,0,0,-100,-100,,-100,ok,ok,sin_produccion,ok
0317007,2023,0,0,0,0,,,,,sin_produccion,sin_produccion,sin_produccion,sin_produccion
0317007,2024,0,0,0,0,,,,,sin_produccion,sin_produccion,sin_produccion,sin_produccion
0317007,2025,0,0,0,0,,,,,sin_produccion,sin_produccion,sin_produccion,sin_produccion
0318001,2021,0,0,0,0,,,,,sin_anterior,sin_anterior,sin_anterior,sin_anterior
0318001,2022,0,0,0,0,,,,,sin_produccion,sin_produccion,sin_produccion,sin_produccion
0318001,2023,0,0,0,0,,,,,sin_produccion,sin_produccion,sin_produccion,sin_produccion
0318001,2024,0,0,0,0,,,,,sin_produccion,sin_produccion,sin_produccion,sin_produccion
0318001,2025,0,0,0,0,,,,,sin_produccion,sin_produccion,sin_produccion,sin_produccion
0318002,2021,0,0,0,0,,,,,sin_anterior,sin_anterior,sin_anterior,sin_anterior
0318002,2022,0,0,0,0,,,,,sin_produccion,sin_produccion,sin_produccion,sin_produccion
0318002,2023,0,0,0,0,,,,,sin_produccion,sin_produccion,sin_produccion,sin_produccion
0318002,2024,0,0,0,0,,,,,sin_produccion,sin_produccion,sin_produccion,sin_produccion
0318002,2025,0,0,0,0,,,,,sin_produccion,sin_produccion,sin_produccion,sin_produccion
0318003,2021,0,0,0,0,,,,,sin_anterior,sin_anterior,sin_anterior,sin_anterior
0318003,2022,0,0,0,0,,,,,sin_produccion,sin_produccion,sin_produccion,sin_produccion
0318003,2023,0,0,0,0,,,,,sin_produccion,sin_produccion,sin_produccion,sin_produccion
0318003,2024,0,0,0,0,,,,,sin_produccion,sin_produccion,sin_produccion,sin_produccion
0318003,2025,0,0,0,0,,,,,sin_produccion,sin_produccion,sin_produccion,sin_produccion
0318004,2021,0,0,0,0,,,,,sin_anterior,sin_anterior,sin_anterior,sin_anterior
0318004,2022,0,0,0,0,,,,,sin_produccion,sin_produccion,sin_produccion,sin_produccion
0318004,2023,0,0,0,0,,,,,sin_produccion,sin_produccion,sin_produccion,sin_produccion
0318004,2024,0,0,0,0,,,,,sin_produccion,sin_produccion,sin_produccion,sin_produccion
0318004,2025,0,0,0,0,,,,,sin_produccion,sin_produccion,sin_produccion,sin_produccion
0318005,2021,664987,637662,1,28039.0570690809,,,,,sin_anterior,sin_anterior,sin_anterior,sin_anterior
0318005,2022,798521,766696,1,33669.49412523786,20.080693306786447,20.23548525707977,0,20.080693306786454,ok,ok,ok,ok
0318005,2023,749072,717247,1,31584.48594762088,-6.192573520295647,-6.449622797040809,0,-6.19257352029566,ok,ok,ok,ok
0318005,2024,717437,688737,1,30250.601871119576,-4.22322553773202,-3.9749207734574004,0,-4.223225537732015,ok,ok,ok,ok
0318005,2025,666128,650168,1,28087.167128549463,-7.1517080942298765,-5.599960507421556,0,-7.151708094229875,ok,ok,ok,ok
0318006,2021,0,0,0,0,,,,,sin_anterior,sin_anterior,sin_anterior,sin_anterior
0318006,2022,0,0,0,0,,,,,sin_produccion,sin_produccion,sin_produccion,sin_produccion
0318006,2023,0,0,0,0,,,,,sin_produccion,sin_produccion,sin_produccion,sin_produccion
0318006,2024,0,0,0,0,,,,,sin_produccion,sin_produccion,sin_produccion,sin_produccion
0318006,2025,0,0,0,0,,,,,sin_produccion,sin_produccion,sin_produccion,sin_produccion
0318007,2021,0,0,0,0,,,,,sin_anterior,sin_anterior,sin_anterior,sin_anterior
0318007,2022,0,0,0,0,,,,,sin_produccion,sin_produccion,sin_produccion,sin_produccion
0318007,2023,0,0,0,0,,,,,sin_produccion,sin_produccion,sin_produccion,sin_produccion
0318007,2024,0,0,0,0,,,,,sin_produccion,sin_produccion,sin_produccion,sin_produccion
0318007,2025,0,0,0,0,,,,,sin_produccion,sin_produccion,sin_produccion,sin_produccion
0319001,2021,343959,282159,1,29559.608686103085,,,,,sin_anterior,sin_anterior,sin_anterior,sin_anterior
0319001,2022,1600035,1587602,1,137505.9483370662,365.1818966795461,462.66218692297605,0,365.1818966795461,ok,ok,ok,ok
0319001,2023,176238,176238,0,15145.77701302026,-88.98536594511995,-88.8991069550177,-100,-88.98536594511995,ok,ok,ok,ok
0319001,2024,175632,175632,0,15093.697774320943,-0.3438531985156436,-0.3438531985156436,,-0.3438531985156485,ok,ok,sin_produccion,ok
0319001,2025,185737,185737,1,15962.11478266517,5.7535073335155325,5.7535073335155325,,5.753507333515543,ok,ok,sin_base,ok
0319002,2021,0,0,0,0,,,,,sin_anterior,sin_anterior,sin_anterior,sin_anterior
0319002,2022,0,0,0,0,,,,,sin_produccion,sin_produccion,sin_produccion,sin_produccion
0319002,2023,0,0,0,0,,,,,sin_produccion,sin_produccion,sin_produccion,sin_produccion
0319002,2024,0,0,0,0,,,,,sin_produccion,sin_produccion,sin_produccion,sin_produccion
0319002,2025,0,0,0,0,,,,,sin_produccion,sin_produccion,sin_produccion,sin_produccion
0319003,2021,0,0,0,0,,,,,sin_anterior,sin_anterior,sin_anterior,sin_anterior
0319003,2022,0,0,0,0,,,,,sin_produccion,sin_produccion,sin_produccion,sin_produccion
0319003,2023,0,0,0,0,,,,,sin_produccion,sin_produccion,sin_produccion,sin_produccion
0319003,2024,0,0,0,0,,,,,sin_produccion,sin_produccion,sin_produccion,sin_produccion
0319003,2025,0,0,0,0,,,,,sin_produccion,sin_produccion,sin_produccion,sin_produccion
0319004,2021,0,0,0,0,,,,,sin_anterior,sin_anterior,sin_anterior,sin_anterior
0319004,2022,0,0,0,0,,,,,sin_produccion,sin_produccion,sin_produccion,sin_produccion
0319004,2023,0,0,0,0,,,,,sin_produccion,sin_produccion,sin_produccion,sin_produccion
0319004,2024,0,0,0,0,,,,,sin_produccion,sin_produccion,sin_produccion,sin_produccion
0319004,2025,0,0,0,0,,,,,sin_produccion,sin_produccion,sin_produccion,sin_produccion
0319005,2021,0,0,0,0,,,,,sin_anterior,sin_anterior,sin_anterior,sin_anterior
0319005,2022,0,0,0,0,,,,,sin_produccion,sin_produccion,sin_produccion,sin_produccion
0319005,2023,0,0,0,0,,,,,sin_produccion,sin_produccion,sin_produccion,sin_produccion
0319005,2024,0,0,0,0,,,,,sin_produccion,sin_produccion,sin_produccion,sin_produccion
0319005,2025,0,0,0,0,,,,,sin_produccion,sin_produccion,sin_produccion,sin_produccion
0319006,2021,0,0,0,0,,,,,sin_anterior,sin_anterior,sin_anterior,sin_anterior
0319006,2022,0,0,0,0,,,,,sin_produccion,sin_produccion,sin_produccion,sin_produccion
0319006,2023,0,0,0,0,,,,,sin_produccion,sin_produccion,sin_produccion,sin_produccion
0319006,2024,0,0,0,0,,,,,sin_produccion,sin_produccion,sin_produccion,sin_produccion
0319006,2025,0,0,0,0,,,,,sin_produccion,sin_produccion,sin_produccion,sin_produccion
0401001,2021,0,0,0,0,,,,,sin_anterior,sin_anterior,sin_anterior,sin_anterior
0401001,2022,0,0,0,0,,,,,sin_produccion,sin_produccion,sin_produccion,sin_produccion
0401001,2023,0,0,0,0,,,,,sin_produccion,sin_produccion,sin_produccion,sin_produccion
0401001,2024,0,0,0,0,,,,,sin_produccion,sin_produccion,sin_produccion,sin_produccion
0401001,2025,0,0,0,0,,,,,sin_produccion,sin_produccion,sin_produccion,sin_produccion
0401002,2021,0,0,0,0,,,,,sin_anterior,sin_anterior,sin_anterior,sin_anterior
0401002,2022,0,0,0,0,,,,,sin_produccion,sin_produccion,sin_produccion,sin_produccion
0401002,2023,0,0,0,0,,,,,sin_produccion,sin_produccion,sin_produccion,sin_produccion
0401002,2024,0,0,0,0,,,,,sin_produccion,sin_produccion,sin_produccion,sin_produccion
0401002,2025,0,0,0,0,,,,,sin_produccion,sin_produccion,sin_produccion,sin_produccion
0401003,2021,744246,738096,1,944.8102519542881,,,,,sin_anterior,sin_anterior,sin_anterior,sin_anterior
0401003,2022,775454,766204,1,984.4283867416963,4.193237182329499,3.808176714140166,0,4.193237182329492,ok,ok,ok,ok
0401003,2023,665831,652281,1,845.2634678170599,-14.136621901492544,-14.868494552364645,0,-14.136621901492544,ok,ok,ok,ok
0401003,2024,860069,846519,1,1091.845987197879,29.17226743723257,29.778270407999006,0,29.172267437232573,ok,ok,ok,ok
0401003,2025,687684,674634,1,873.0055563683683,-20.04315932791439,-20.304919322543263,0,-20.04315932791439,ok,ok,ok,ok
0401004,2021,0,0,0,0,,,,,sin_anterior,sin_anterior,sin_anterior,sin_anterior
0401004,2022,0,0,0,0,,,,,sin_produccion,sin_produccion,sin_produccion,sin_produccion
0401004,2023,0,0,0,0,,,,,sin_produccion,sin_produccion,sin_produccion,sin_produccion
0401004,2024,0,0,0,0,,,,,sin_produccion,sin_produccion,sin_produccion,sin_produccion
0401004,2025,0,0,0,0,,,,,sin_produccion,sin_produccion,sin_produccion,sin_produccion
0401005,2021,0,0,0,0,,,,,sin_anterior,sin_anterior,sin_anterior,sin_anterior
0401005,2022,0,0,0,0,,,,,sin_produccion,sin_produccion,sin_produccion,sin_produccion
0401005,2023,0,0,0,0,,,,,sin_produccion,sin_produccion,sin_produccion,sin_produccion
0401005,2024,0,0,0,0,,,,,sin_produccion,sin_produccion,sin_produccion,sin_produccion
0401005,2025,0,0,0,0,,,,,sin_produccion,sin_produccion,sin_produccion,sin_produccion
0401006,2021,215960,215160,1,574.3477904228672,,,,,sin_anterior,sin_anterior,sin_anterior,sin_anterior
0401006,2022,221343,220543,1,588.663933022637,2.492591220596407,2.501859081613683,0,2.4925912205964034,ok,ok,ok,ok
0401006,2023,0,0,0,0,-100,-100,-100,-100,ok,ok,ok,ok
0401006,2024,0,0,0,0,,,,,sin_produccion,sin_produccion,sin_produccion,sin_produccion
0401006,2025,0,0,0,0,,,,,sin_produccion,sin_produccion,sin_produccion,sin_produccion
0402001,2021,2071803,1970256,2,4144.830311492092,,,,,sin_anterior,sin_anterior,sin_anterior,sin_anterior
0402001,2022,1973136,1875561,2,3947.438005204288,-4.762373642667764,-4.806228226179745,0,-4.762373642667772,ok,ok,ok,ok
0402001,2023,2016549,1924019,2,4034.28965968727,2.20020312842095,2.583653637498327,0,2.2002031284209482,ok,ok,ok,ok
0402001,2024,1858701,1800316,2,3718.5003809728346,-7.82763027330355,-6.429406362411182,0,-7.827630273303551,ok,ok,ok,ok
0402001,2025,1712815,1649643,2,3426.6421710839913,-7.848814844345594,-8.369252953370408,0,-7.8488148443455925,ok,ok,ok,ok
0402002,2021,1332508,1304508,1,2196.1012585240674,,,,,sin_anterior,sin_anterior,sin_anterior,sin_anterior
0402002,2022,1754577,1685811,2,2891.7115378499657,31.674781689866027,29.229640600134303,100,31.67478168986601,ok,ok,ok,ok
0402002,2023,1331769,1284489,2,2194.883315494795,-24.097432030626184,-23.805871476695785,0,-24.097432030626184,ok,ok,ok,ok
0402002,2024,1219104,1178104,1,2009.2005666545526,-8.45980046089074,-8.282281903542966,-50,-8.459800460890735,ok,ok,ok,ok
0402002,2025,886694,871044,1,1461.3569369382692,-27.266746725463946,-26.063912863380484,0,-27.266746725463957,ok,ok,ok,ok
0402003,2021,1282374,1251173,4,1426.3992928261634,,,,,sin_anterior,sin_anterior,sin_anterior,sin_anterior
0402003,2022,1354618,1281268,4,1506.7571217519944,5.633613906707404,2.405342826291808,0,5.633613906707415,ok,ok,ok,ok
0402003,2023,1091934,1037784,4,1214.5706988856948,-19.391739959161917,-19.00336229422728,0,-19.391739959161928,ok,ok,ok,ok
0402003,2024,1471535,1370625,5,1636.8052404126631,34.76409746376613,32.07228093707361,25,34.76409746376613,ok,ok,ok,ok
0402003,2025,1203055,1086107,5,1338.17186033948,-18.244893937283177,-20.75826721386229,0,-18.244893937283166,ok,ok,ok,ok
0402004,2021,31961,30461,2,115.93477815765448,,,,,sin_anterior,sin_anterior,sin_anterior,sin_anterior
0402004,2022,36141,18761,1,131.09723780218985,13.078439347955321,-38.40976986966941,-50,13.078439347955305,ok,ok,ok,ok
0402004,2023,28774,17344,1,104.37430952436875,-20.38405135441742,-7.552902297318906,0,-20.384051354417412,ok,ok,ok,ok
0402004,2024,20220,11840,1,73.3456779934224,-29.728226871481198,-31.73431734317343,0,-29.7282268714812,ok,ok,ok,ok
0402004,2025,8580,3500,0,31.122943480888438,-57.566765578635014,-70.4391891891892,-100,-57.566765578635014,ok,ok,ok,ok
0402005,2021,825181,710286,3,2447.1234355110178,,,,,sin_anterior,sin_anterior,sin_anterior,sin_anterior
0402005,2022,972981,855031,3,2885.4331442519224,17.91122190161916,20.37841094995537,0,17.911221901619157,ok,ok,ok,ok
0402005,2023,868568,745768,3,2575.790169835386,-10.73124757831859,-12.778834919435669,0,-10.731247578318582,ok,ok,ok,ok
0402005,2024,856798,729498,3,2540.885533354463,-1.3551040333053945,-2.181643621072505,0,-1.3551040333053976,ok,ok,ok,ok
0402005,2025,793305,661805,3,2352.5932577314165,-7.41049815709187,-9.2793948715418,0,-7.41049815709187,ok,ok,ok,ok
0402006,2021,0,0,0,0,,,,,sin_anterior,sin_anterior,sin_anterior,sin_anterior
0402006,2022,0,0,0,0,,,,,sin_produccion,sin_produccion,sin_produccion,sin_produccion
0402006,2023,0,0,0,0,,,,,sin_produccion,sin_produccion,sin_produccion,sin_produccion
0402006,2024,0,0,0,0,,,,,sin_produccion,sin_produccion,sin_produccion,sin_produccion
0402006,2025,0,0,0,0,,,,,sin_produccion,sin_produccion,sin_produccion,sin_produccion
0403001,2021,0,0,0,0,,,,,sin_anterior,sin_anterior,sin_anterior,sin_anterior
0403001,2022,0,0,0,0,,,,,sin_produccion,sin_produccion,sin_produccion,sin_produccion
0403001,2023,0,0,0,0,,,,,sin_produccion,sin_produccion,sin_produccion,sin_produccion
0403001,2024,0,0,0,0,,,,,sin_produccion,sin_produccion,sin_produccion,sin_produccion
0403001,2025,0,0,0,0,,,,,sin_produccion,sin_produccion,sin_produccion,sin_produccion
0403002,2021,0,0,0,0,,,,,sin_anterior,sin_anterior,sin_anterior,sin_anterior
0403002,2022,0,0,0,0,,,,,sin_produccion,sin_produccion,sin_produccion,sin_produccion
0403002,2023,0,0,0,0,,,,,sin_produccion,sin_produccion,sin_produccion,sin_produccion
0403002,2024,0,0,0,0,,,,,sin_produccion,sin_produccion,sin_produccion,sin_produccion
0403002,2025,0,0,0,0,,,,,sin_produccion,sin_produccion,sin_produccion,sin_produccion
0403003,2021,177505,166605,4,432.54849749016654,,,,,sin_anterior,sin_anterior,sin_anterior,sin_anterior
0403003,2022,183141,169781,2,446.2824392487343,3.1751218275541535,1.9063053329732,-50,3.175121827554144,ok,ok,ok,ok
0403003,2023,134191,129291,2,326.99988973101006,-26.728040143932816,-23.84836936995306,0,-26.72804014393281,ok,ok,ok,ok
0403003,2024,84029,78829,1,204.7639091608755,-37.38104641891036,-39.029785522580845,-50,-37.38104641891036,ok,ok,ok,ok
0403003,2025,70686,66486,1,172.24936251705535,-15.87904175939259,-15.657943142752034,0,-15.879041759392601,ok,ok,ok,ok
0403004,2021,0,0,0,0,,,,,sin_anterior,sin_anterior,sin_anterior,sin_anterior
0403004,2022,0,0,0,0,,,,,sin_produccion,sin_produccion,sin_produccion,sin_produccion
0403004,2023,0,0,0,0,,,,,sin_produccion,sin_produccion,sin_produccion,sin_produccion
0403004,2024,0,0,0,0,,,,,sin_produccion,sin_produccion,sin_produccion,sin_produccion
0403004,2025,0,0,0,0,,,,,sin_produccion,sin_produccion,sin_produccion,sin_produccion
0403005,2021,0,0,0,0,,,,,sin_anterior,sin_anterior,sin_anterior,sin_anterior
0403005,2022,0,0,0,0,,,,,sin_produccion,sin_produccion,sin_produccion,sin_produccion
0403005,2023,0,0,0,0,,,,,sin_produccion,sin_produccion,sin_produccion,sin_produccion
0403005,2024,0,0,0,0,,,,,sin_produccion,sin_produccion,sin_produccion,sin_produccion
0403005,2025,0,0,0,0,,,,,sin_produccion,sin_produccion,sin_produccion,sin_produccion
0404001,2021,0,0,0,0,,,,,sin_anterior,sin_anterior,sin_anterior,sin_anterior
0404001,2022,0,0,0,0,,,,,sin_produccion,sin_produccion,sin_produccion,sin_produccion
0404001,2023,0,0,0,0,,,,,sin_produccion,sin_produccion,sin_produccion,sin_produccion
0404001,2024,0,0,0,0,,,,,sin_produccion,sin_produccion,sin_produccion,sin_produccion
0404001,2025,0,0,0,0,,,,,sin_produccion,sin_produccion,sin_produccion,sin_produccion
0404002,2021,0,0,0,0,,,,,sin_anterior,sin_anterior,sin_anterior,sin_anterior
0404002,2022,0,0,0,0,,,,,sin_produccion,sin_produccion,sin_produccion,sin_produccion
0404002,2023,0,0,0,0,,,,,sin_produccion,sin_produccion,sin_produccion,sin_produccion
0404002,2024,0,0,0,0,,,,,sin_produccion,sin_produccion,sin_produccion,sin_produccion
0404002,2025,0,0,0,0,,,,,sin_produccion,sin_produccion,sin_produccion,sin_produccion
0404003,2021,0,0,0,0,,,,,sin_anterior,sin_anterior,sin_anterior,sin_anterior
0404003,2022,0,0,0,0,,,,,sin_produccion,sin_produccion,sin_produccion,sin_produccion
0404003,2023,0,0,0,0,,,,,sin_produccion,sin_produccion,sin_produccion,sin_produccion
0404003,2024,0,0,0,0,,,,,sin_produccion,sin_produccion,sin_produccion,sin_produccion
0404003,2025,0,0,0,0,,,,,sin_produccion,sin_produccion,sin_produccion,sin_produccion
0404004,2021,205979,188947,3,1085.2609282815806,,,,,sin_anterior,sin_anterior,sin_anterior,sin_anterior
0404004,2022,314692,292693,3,1658.047335130218,52.77868132188233,54.907460822347005,0,52.77868132188233,ok,ok,ok,ok
0404004,2023,306504,283367,3,1614.9064495022192,-2.6019091683296685,-3.186273672414441,0,-2.601909168329666,ok,ok,ok,ok
0404004,2024,294717,277564,3,1552.8031741117425,-3.8456268107430898,-2.0478743114053506,0,-3.8456268107430933,ok,ok,ok,ok
0404004,2025,296248,276693,3,1560.8696977923075,0.5194814008014468,-0.3138015016356588,0,0.5194814008014507,ok,ok,ok,ok
0404005,2021,0,0,0,0,,,,,sin_anterior,sin_anterior,sin_anterior,sin_anterior
0404005,2022,0,0,0,0,,,,,sin_produccion,sin_produccion,sin_produccion,sin_produccion
0404005,2023,0,0,0,0,,,,,sin_produccion,sin_produccion,sin_produccion,sin_produccion
0404005,2024,0,0,0,0,,,,,sin_produccion,sin_produccion,sin_produccion,sin_produccion
0404005,2025,0,0,0,0,,,,,sin_produccion,sin_produccion,sin_produccion,sin_produccion
0404006,2021,0,0,0,0,,,,,sin_anterior,sin_anterior,sin_anterior,sin_anterior
0404006,2022,0,0,0,0,,,,,sin_produccion,sin_produccion,sin_produccion,sin_produccion
0404006,2023,0,0,0,0,,,,,sin_produccion,sin_produccion,sin_produccion,sin_produccion
0404006,2024,0,0,0,0,,,,,sin_produccion,sin_produccion,sin_produccion,sin_produccion
0404006,2025,0,0,0,0,,,,,sin_produccion,sin_produccion,sin_produccion,sin_produccion
0404007,2021,0,0,0,0,,,,,sin_anterior,sin_anterior,sin_anterior,sin_anterior
0404007,2022,0,0,0,0,,,,,sin_produccion,sin_produccion,sin_produccion,sin_produccion
0404007,2023,0,0,0,0,,,,,sin_produccion,sin_produccion,sin_produccion,sin_produccion
0404007,2024,0,0,0,0,,,,,sin_produccion,sin_produccion,sin_produccion,sin_produccion
0404007,2025,0,0,0,0,,,,,sin_produccion,sin_produccion,sin_produccion,sin_produccion
0405001,2021,30954,30223,1,174.44912403554517,,,,,sin_anterior,sin_anterior,sin_anterior,sin_anterior
0405001,2022,41237,40512,1,232.40158066336423,33.220262324739934,34.04360917182279,0,33.22026232473994,ok,ok,ok,ok
0405001,2023,31337,30511,1,176.60761775220905,-24.007566020806557,-24.68651263823065,0,-24.00756602080656,ok,ok,ok,ok
0405001,2024,72815,72000,1,410.367415088461,132.36110667900564,135.98046606142046,0,132.36110667900562,ok,ok,ok,ok
0405001,2025,18700,18000,1,105.38859660995976,-74.31847833550779,-75,0,-74.3184783355078,ok,ok,ok,ok
0405002,2021,0,0,0,0,,,,,sin_anterior,sin_anterior,sin_anterior,sin_anterior
0405002,2022,0,0,0,0,,,,,sin_produccion,sin_produccion,sin_produccion,sin_produccion
0405002,2023,0,0,0,0,,,,,sin_produccion,sin_produccion,sin_produccion,sin_produccion
0405002,2024,0,0,0,0,,,,,sin_produccion,sin_produccion,sin_produccion,sin_produccion
0405002,2025,0,0,0,0,,,,,sin_produccion,sin_produccion,sin_produccion,sin_produccion
0405003,2021,0,0,0,0,,,,,sin_anterior,sin_anterior,sin_anterior,sin_anterior
0405003,2022,0,0,0,0,,,,,sin_produccion,sin_produccion,sin_produccion,sin_produccion
0405003,2023,0,0,0,0,,,,,sin_produccion,sin_produccion,sin_produccion,sin_produccion
0405003,2024,0,0,0,0,,,,,sin_produccion,sin_produccion,sin_produccion,sin_produccion
0405003,2025,0,0,0,0,,,,,sin_produccion,sin_produccion,sin_produccion,sin_produccion
0405004,2021,0,0,0,0,,,,,sin_anterior,sin_anterior,sin_anterior,sin_anterior
0405004,2022,0,0,0,0,,,,,sin_produccion,sin_produccion,sin_produccion,sin_produccion
0405004,2023,0,0,0,0,,,,,sin_produccion,sin_produccion,sin_produccion,sin_produccion
0405004,2024,0,0,0,0,,,,,sin_produccion,sin_produccion,sin_produccion,sin_produccion
0405004,2025,0,0,0,0,,,,,sin_produccion,sin_produccion,sin_produccion,sin_produccion
0405005,2021,9600,7800,0,47.45720323130244,,,,,sin_anterior,sin_anterior,sin_anterior,sin_anterior
0405005,2022,9600,7800,0,47.45720323130244,0,0,,0,ok,ok,sin_produccion,ok
0405005,2023,102215,99215,1,505.29562794662274,964.7395833333334,1171.9871794871794,,964.7395833333333,ok,ok,sin_base,ok
0405005,2024,0,0,0,0,-100,-100,-100,-100,ok,ok,ok,ok
0405005,2025,0,0,0,0,,,,,sin_produccion,sin_produccion,sin_produccion,sin_produccion
0405006,2021,0,0,0,0,,,,,sin_anterior,sin_anterior,sin_anterior,sin_anterior
0405006,2022,0,0,0,0,,,,,sin_produccion,sin_produccion,sin_produccion,sin_produccion
0405006,2023,0,0,0,0,,,,,sin_produccion,sin_produccion,sin_produccion,sin_produccion
0405006,2024,0,0,0,0,,,,,sin_produccion,sin_produccion,sin_produccion,sin_produccion
0405006,2025,0,0,0,0,,,,,sin_produccion,sin_produccion,sin_produccion,sin_produccion
0406001,2021,0,0,0,0,,,,,sin_anterior,sin_anterior,sin_anterior,sin_anterior
0406001,2022,0,0,0,0,,,,,sin_produccion,sin_produccion,sin_produccion,sin_produccion
0406001,2023,0,0,0,0,,,,,sin_produccion,sin_produccion,sin_produccion,sin_produccion
0406001,2024,0,0,0,0,,,,,sin_produccion,sin_produccion,sin_produccion,sin_produccion
0406001,2025,0,0,0,0,,,,,sin_produccion,sin_produccion,sin_produccion,sin_produccion
0406002,2021,0,0,0,0,,,,,sin_anterior,sin_anterior,sin_anterior,sin_anterior
0406002,2022,0,0,0,0,,,,,sin_produccion,sin_produccion,sin_produccion,sin_produccion
0406002,2023,0,0,0,0,,,,,sin_produccion,sin_produccion,sin_produccion,sin_produccion
0406002,2024,0,0,0,0,,,,,sin_produccion,sin_produccion,sin_produccion,sin_produccion
0406002,2025,0,0,0,0,,,,,sin_produccion,sin_produccion,sin_produccion,sin_produccion
0406003,2021,0,0,0,0,,,,,sin_anterior,sin_anterior,sin_anterior,sin_anterior
0406003,2022,0,0,0,0,,,,,sin_produccion,sin_produccion,sin_produccion,sin_produccion
0406003,2023,0,0,0,0,,,,,sin_produccion,sin_produccion,sin_produccion,sin_produccion
0406003,2024,0,0,0,0,,,,,sin_produccion,sin_produccion,sin_produccion,sin_produccion
0406003,2025,0,0,0,0,,,,,sin_produccion,sin_produccion,sin_produccion,sin_produccion
0406004,2021,0,0,0,0,,,,,sin_anterior,sin_anterior,sin_anterior,sin_anterior
0406004,2022,0,0,0,0,,,,,sin_produccion,sin_produccion,sin_produccion,sin_produccion
0406004,2023,0,0,0,0,,,,,sin_produccion,sin_produccion,sin_produccion,sin_produccion
0406004,2024,0,0,0,0,,,,,sin_produccion,sin_produccion,sin_produccion,sin_produccion
0406004,2025,0,0,0,0,,,,,sin_produccion,sin_produccion,sin_produccion,sin_produccion
0406005,2021,0,0,0,0,,,,,sin_anterior,sin_anterior,sin_anterior,sin_anterior
0406005,2022,0,0,0,0,,,,,sin_produccion,sin_produccion,sin_produccion,sin_produccion
0406005,2023,0,0,0,0,,,,,sin_produccion,sin_produccion,sin_produccion,sin_produccion
0406005,2024,0,0,0,0,,,,,sin_produccion,sin_produccion,sin_produccion,sin_produccion
0406005,2025,0,0,0,0,,,,,sin_produccion,sin_produccion,sin_produccion,sin_produccion
0501001,2021,32283,27283,1,659.693081742574,,,,,sin_anterior,sin_anterior,sin_anterior,sin_anterior
0501001,2022,41049,35049,1,838.8235700663173,27.153610259269584,28.464611662940293,0,27.15361025926959,ok,ok,ok,ok
0501001,2023,31380,25180,1,641.2405571068975,-23.554775999415334,-28.157722046278067,0,-23.55477599941533,ok,ok,ok,ok
0501001,2024,42613,37843,1,870.783424474067,35.796685787125554,50.28991262907069,0,35.796685787125554,ok,ok,ok,ok
0501001,2025,0,0,0,0,-100,-100,-100,-100,ok,ok,ok,ok
0501002,2021,8210263,5285290,9,31122.334370253753,,,,,sin_anterior,sin_anterior,sin_anterior,sin_anterior
0501002,2022,8448211,5710199,10,32024.314881564187,2.898177561425255,8.039464248887006,11.11111111111111,2.8981775614252543,ok,ok,ok,ok
0501002,2023,9239502,5984482,7,35023.83183810656,9.366373543463817,4.8033877628432915,-30,9.36637354346382,ok,ok,ok,ok
0501002,2024,7698488,4719808,6,29182.368175219974,-16.67853960094386,-21.13255583357089,-14.285714285714286,-16.678539600943864,ok,ok,ok,ok
0501002,2025,6070014,3170189,5,23009.37318818185,-21.153166699746755,-32.832246565962,-16.666666666666668,-21.153166699746752,ok,ok,ok,ok
0501003,2021,0,0,0,0,,,,,sin_anterior,sin_anterior,sin_anterior,sin_anterior
0501003,2022,0,0,0,0,,,,,sin_produccion,sin_produccion,sin_produccion,sin_produccion
0501003,2023,329568,325668,1,2137.9972190327735,,,,,sin_base,sin_base,sin_base,sin_base
0501003,2024,176839,172739,1,1147.2026720328934,-46.3421812797359,-46.958559023299806,0,-46.3421812797359,ok,ok,ok,ok
0501003,2025,257643,253943,0,1671.4001890452375,45.693540452049604,47.00965039742039,-100,45.69354045204961,ok,ok,ok,ok
0501004,2021,2934849,2795105,9,28404.063743065984,,,,,sin_anterior,sin_anterior,sin_anterior,sin_anterior
0501004,2022,2782437,2645422,7,26928.989501356045,-5.1931802964990705,-5.35518343675819,-22.22222222222222,-5.1931802964990705,ok,ok,ok,ok
0501004,2023,2493213,2340898,7,24129.820981263692,-10.394628881085179,-11.511358112240693,0,-10.394628881085186,ok,ok,ok,ok
0501004,2024,3127360,3000235,7,30267.22423794711,25.4349307500001,28.16598587379715,0,25.43493075000011,ok,ok,ok,ok
0501004,2025,2641665,2505640,6,25566.569539975106,-15.530511357822572,-16.485208658655072,-14.285714285714286,-15.530511357822578,ok,ok,ok,ok
0501005,2021,3397914,3270994,7,31577.930448284256,,,,,sin_anterior,sin_anterior,sin_anterior,sin_anterior
0501005,2022,3546758,3396012,7,32961.186610636934,4.3804522421697545,3.8220186279766946,0,4.38045224216977,ok,ok,ok,ok
0501005,2023,3271102,3126380,7,30399.42489575767,-7.772055494059646,-7.939665702005764,0,-7.772055494059655,ok,ok,ok,ok
0501005,2024,3007233,2856883,6,27947.20364193597,-8.066669886784332,-8.620097365003614,-14.285714285714286,-8.066669886784329,ok,ok,ok,ok
0501005,2025,3183328,3034828,4,29583.7122946831,5.855715203976546,6.2286414949439655,-33.333333333333336,5.855715203976548,ok,ok,ok,ok
0501006,2021,1137020,767300,2,16324.710170159018,,,,,sin_anterior,sin_anterior,sin_anterior,sin_anterior
0501006,2022,1041453,1021953,2,14952.611546712124,-8.405041248175054,33.188192362830705,0,-8.405041248175062,ok,ok,ok,ok
0501006,2023,1055099,1007639,1,15148.533337869703,1.310284765611122,-1.4006514976716151,-50,1.31028476561113,ok,ok,ok,ok
0501006,2024,1043864,894164,1,14987.22736369006,-1.064828987611589,-11.261473603145571,0,-1.0648289876115913,ok,ok,ok,ok
0501006,2025,1079550,781010,1,15499.587398810194,3.418644574389001,-12.654725531334297,0,3.4186445743889946,ok,ok,ok,ok
0502001,2021,3088803,2968022,7,22004.366349399435,,,,,sin_anterior,sin_anterior,sin_anterior,sin_anterior
0502001,2022,2863305,2768476,7,20397.93803297496,-7.3004979598893165,-6.723198143409988,0,-7.3004979598893165,ok,ok,ok,ok
0502001,2023,2658162,2592243,5,18936.516982161796,-7.164552850639383,-6.365704452558014,-28.571428571428573,-7.164552850639382,ok,ok,ok,ok
0502001,2024,1507941,1493426,4,10742.441715214514,-43.27129046310947,-42.38865723622361,-20,-43.271290463109466,ok,ok,ok,ok
0502001,2025,1455399,1404244,2,10368.137035786869,-3.4843538308196407,-5.971638367083471,-50,-3.4843538308196513,ok,ok,ok,ok
0502002,2021,2593728,2500938,6,25584.862828880723,,,,,sin_anterior,sin_anterior,sin_anterior,sin_anterior
0502002,2022,2426087,2343787,5,23931.230686460087,-6.463322291311965,-6.283682362377636,-16.666666666666668,-6.463322291311964,ok,ok,ok,ok
0502002,2023,2469720,2397320,5,24361.632147142376,1.798492799310165,2.2840386093104876,0,1.7984927993101654,ok,ok,ok,ok
0502002,2024,2303758,2233358,5,22724.561874235307,-6.719871078502826,-6.839387315836017,0,-6.719871078502832,ok,ok,ok,ok
0502002,2025,2363139,2290539,4,23310.303609545168,2.577571081684795,2.560315005476059,-20,2.5775710816848094,ok,ok,ok,ok
0502003,2021,9324514,7843544,20,33149.53035858076,,,,,sin_anterior,sin_anterior,sin_anterior,sin_anterior
0502003,2022,9388246,7987591,21,33376.10365439147,0.6834887051486008,1.8365040089020983,5,0.683488705148594,ok,ok,ok,ok
0502003,2023,9424538,8092673,20,33505.12515146613,0.38656848148205747,1.3155656067016952,-4.761904761904762,0.38656848148206213,ok,ok,ok,ok
0502003,2024,9788238,8033697,19,34798.11309608349,3.859075107978768,-0.7287579765054142,-5,3.859075107978776,ok,ok,ok,ok
0502003,2025,9389971,7785107,18,33382.236192759534,-4.068832408856426,-3.09434124787131,-5.2631578947368425,-4.06883240885643,ok,ok,ok,ok
0502004,2021,26170490,25066627,30,97655.33729180167,,,,,sin_anterior,sin_anterior,sin_anterior,sin_anterior
0502004,2022,26949102,25981498,29,100560.73254727623,2.9751525477742296,3.649757105333717,-3.3333333333333335,2.975152547774238,ok,ok,ok,ok
0502004,2023,28340634,27357099,30,105753.24238611896,5.163556099197665,5.294540753577796,3.4482758620689653,5.163556099197661,ok,ok,ok,ok
0502004,2024,25748971,24675145,28,96082.43666518356,-9.144689564813547,-9.803502922586931,-6.666666666666667,-9.14468956481355,ok,ok,ok,ok
0502004,2025,26529235,25546818,25,98993.99636837025,3.0302725495321736,3.5325952491869854,-10.714285714285714,3.0302725495321727,ok,ok,ok,ok
0502005,2021,14782534,14458588,13,118467.6213633628,,,,,sin_anterior,sin_anterior,sin_anterior,sin_anterior
0502005,2022,15706321,15422421,14,125870.8749960889,6.249178929674709,6.666162698598231,7.6923076923076925,6.249178929674715,ok,ok,ok,ok
0502005,2023,16008169,15688649,12,128289.89291096658,1.9218249773451084,1.7262399982467085,-14.285714285714286,1.9218249773451128,ok,ok,ok,ok
0502005,2024,16305332,16013972,10,130671.36511101028,1.856320982118567,2.073620233329205,-16.666666666666668,1.8563209821185596,ok,ok,ok,ok
0502005,2025,17081380,16748075,12,136890.6344611633,4.75947377213785,4.584140649178106,20,4.759473772137856,ok,ok,ok,ok
0502006,2021,15114880,14664724,19,70315.98856701628,,,,,sin_anterior,sin_anterior,sin_anterior,sin_anterior
0502006,2022,14711803,14318603,19,68440.83258009297,-2.6667562031587417,-2.360228532088296,0,-2.666756203158748,ok,ok,ok,ok
0502006,2023,15005325,14601151,18,69806.32735055544,1.9951463461004746,1.9732930649728888,-5.2631578947368425,1.9951463461004695,ok,ok,ok,ok
0502006,2024,13982740,13629523,15,65049.15592949207,-6.814814074336944,-6.654461692780247,-16.666666666666668,-6.814814074336935,ok,ok,ok,ok
0502006,2025,14103462,13827634,16,65610.76718752306,0.8633644049735603,1.4535431650836204,6.666666666666667,0.8633644049735646,ok,ok,ok,ok
0503001,2021,3353833,3224503,6,15871.615823856291,,,,,sin_anterior,sin_anterior,sin_anterior,sin_anterior
0503001,2022,3223605,3136685,5,15255.327300990319,-3.8829601831695255,-2.7234584678631095,-16.666666666666668,-3.8829601831695184,ok,ok,ok,ok
0503001,2023,3406737,3316347,5,16121.977712341883,5.680968977278543,5.727766734625887,0,5.680968977278542,ok,ok,ok,ok
0503001,2024,3304211,3152436,5,15636.78561006467,-3.009507337960048,-4.9425165701900315,0,-3.0095073379600517,ok,ok,ok,ok
0503001,2025,3572460,3235060,5,16906.242101527907,8.118398007875404,2.6209572533748506,0,8.118398007875399,ok,ok,ok,ok
0503002,2021,11819156,11341696,18,57174.38949381085,,,,,sin_anterior,sin_anterior,sin_anterior,sin_anterior
0503002,2022,10795318,10367112,15,52221.64053351586,-8.662530556327372,-8.592930016815828,-16.666666666666668,-8.662530556327363,ok,ok,ok,ok
0503002,2023,11495328,11091628,13,55607.89285048016,6.4843851751287,6.98860010386692,-13.333333333333334,6.484385175128686,ok,ok,ok,ok
0503002,2024,11946456,11502643,12,57790.19486794773,3.9244465229700274,3.7056327529195894,-7.6923076923076925,3.9244465229700314,ok,ok,ok,ok
0503002,2025,11912651,11450631,12,57626.665404690095,-0.28297094971094355,-0.4521743394105163,0,-0.2829709497109378,ok,ok,ok,ok
0503003,2021,27014708,24957430,26,119265.0640694915,,,,,sin_anterior,sin_anterior,sin_anterior,sin_anterior
0503003,2022,27516828,25879396,24,121481.83331869356,1.8586911988832158,3.694154406122746,-7.6923076923076925,1.858691198883208,ok,ok,ok,ok
0503003,2023,27563914,26180195,23,121689.70951734713,0.17111710695724086,1.1623107432646418,-4.166666666666667,0.1711171069572428,ok,ok,ok,ok
0503003,2024,26405926,24989411,24,116577.40132539102,-4.201101483628196,-4.5484153192900205,4.3478260869565215,-4.201101483628192,ok,ok,ok,ok
0503003,2025,26832052,25474346,21,118458.67076912057,1.6137513980763258,1.9405619444171773,-12.5,1.6137513980763227,ok,ok,ok,ok
0503004,2021,18393767,17933304,17,90385.76154510147,,,,,sin_anterior,sin_anterior,sin_anterior,sin_anterior
0503004,2022,17222310,16621109,16,84629.29887694112,-6.368771551797954,-7.317084459171606,-5.882352941176471,-6.368771551797951,ok,ok,ok,ok
0503004,2023,14548767,14135332,13,71491.68437532352,-15.52371894362603,-14.955542376865466,-18.75,-15.523718943626033,ok,ok,ok,ok
0503004,2024,14693865,14377940,11,72204.68640631973,0.9973216286988443,1.716323323711109,-15.384615384615385,0.9973216286988431,ok,ok,ok,ok
0503004,2025,17618208,17193599,13,86574.71561643676,19.901795749450535,19.583187855840265,18.181818181818183,19.901795749450546,ok,ok,ok,ok
0503005,2021,6730705,5676565,7,34151.11465465772,,,,,sin_anterior,sin_anterior,sin_anterior,sin_anterior
0503005,2022,6348696,5689156,6,32212.82837437785,-5.67561644731124,0.2218066735781234,-14.285714285714286,-5.675616447311243,ok,ok,ok,ok
0503005,2023,6466066,5881686,6,32808.35534027773,1.8487261006039666,3.384157509479438,0,1.8487261006039677,ok,ok,ok,ok
0503005,2024,6147485,5511375,7,31191.898184928403,-4.926967958570172,-6.296000840575305,16.666666666666668,-4.926967958570172,ok,ok,ok,ok
0503005,2025,7701230,7016770,6,39075.48892900367,25.274482166284262,27.314327186954255,-14.285714285714286,25.274482166284255,ok,ok,ok,ok
0503006,2021,13815722,11810984,7,66045.70143599382,,,,,sin_anterior,sin_anterior,sin_anterior,sin_anterior
0503006,2022,16323043,14141982,8,78031.884580834,18.148316823398734,19.735849273862364,14.285714285714286,18.148316823398755,ok,ok,ok,ok
0503006,2023,18134784,16212066,10,86692.86553900244,11.099284612556618,14.637863348998748,25,11.099284612556607,ok,ok,ok,ok
0503006,2024,17921201,15748086,9,85671.83753555796,-1.1777532062140912,-2.861942456933003,-10,-1.1777532062140923,ok,ok,ok,ok
0503006,2025,18698068,17556337,11,89385.63012182138,4.334904786794144,11.482354109572427,22.22222222222222,4.334904786794156,ok,ok,ok,ok
0503007,2021,8859266,7397912,10,42239.494826254195,,,,,sin_anterior,sin_anterior,sin_anterior,sin_anterior
0503007,2022,9351883,8097248,9,44588.210083570644,5.560471939774694,9.45315380880443,-10,5.560471939774697,ok,ok,ok,ok
0503007,2023,8991482,7690701,8,42869.87854517042,-3.8537800355286738,-5.020804599291019,-11.11111111111111,-3.8537800355286707,ok,ok,ok,ok
0503007,2024,9550588,8358083,7,45535.60220606148,6.218174045168527,8.67777852760106,-12.5,6.218174045168534,ok,ok,ok,ok
0503007,2025,9990233,8872365,9,47631.755849364265,4.603329135337008,6.1531095108770755,28.571428571428573,4.6033291353370025,ok,ok,ok,ok
0504001,2021,19306874,18363909,26,101263.84721168765,,,,,sin_anterior,sin_anterior,sin_anterior,sin_anterior
0504001,2022,18560744,17494962,28,97350.42268112632,-3.864582117229335,-4.7318193528404,7.6923076923076925,-3.8645821172293466,ok,ok,ok,ok
0504001,2023,17324915,16211117,27,90868.54482582086,-6.658294516642221,-7.338369754675661,-3.5714285714285716,-6.658294516642219,ok,ok,ok,ok
0504001,2024,16869909,15898732,25,88482.05501579771,-2.6263101435129697,-1.9269801087735041,-7.407407407407407,-2.6263101435129568,ok,ok,ok,ok
0504001,2025,16935606,15929635,21,88826.63337531185,0.38943304317764843,0.19437399158624727,-16,0.3894330431776462,ok,ok,ok,ok
0504002,2021,47019255,45294865,43,215252.1743526929,,,,,sin_anterior,sin_anterior,sin_anterior,sin_anterior
0504002,2022,52815299,51313088,42,241786.22032266585,12.326958391833303,13.286766612506737,-2.3255813953488373,12.326958391833308,ok,ok,ok,ok
0504002,2023,59326042,57897323,42,271592.12829380605,12.327380746249302,12.83149242548022,0,12.327380746249291,ok,ok,ok,ok
0504002,2024,59583662,57381385,38,272771.50183251355,0.43424437450251613,-0.8911258297728204,-9.523809523809524,0.4342443745025125,ok,ok,ok,ok
0504002,2025,58689850,56716728,38,268679.66804096306,-1.500095781289844,-1.1583146694698987,0,-1.5000957812898428,ok,ok,ok,ok
0504003,2021,7330278,7126691,8,71875.96660159246,,,,,sin_anterior,sin_anterior,sin_anterior,sin_anterior
0504003,2022,7704919,7504171,8,75549.45401961224,5.110870283500844,5.296707826956437,0,5.1108702835008435,ok,ok,ok,ok
0504003,2023,7949325,7773075,8,77945.94123240674,3.172077474143466,3.5833938219158386,0,3.17207747414347,ok,ok,ok,ok
0504003,2024,8140998,7977811,8,79825.36274226313,2.411185855402817,2.6339125764256743,0,2.411185855402822,ok,ok,ok,ok
0504003,2025,7233053,7066700,8,70922.64111341318,-11.152748102873874,-11.420563861440186,0,-11.152748102873884,ok,ok,ok,ok
0504004,2021,15979121,14601866,22,110466.64243448336,,,,,sin_anterior,sin_anterior,sin_anterior,sin_anterior
0504004,2022,13871415,13183540,24,95895.67792028918,-13.190375115126797,-9.713320201678334,9.090909090909092,-13.190375115126791,ok,ok,ok,ok
0504004,2023,12836680,12237835,23,88742.36196132966,-7.45947691709894,-7.173376801678456,-4.166666666666667,-7.45947691709894,ok,ok,ok,ok
0504004,2024,14291829,13690309,24,98802.07827938595,11.33586721800341,11.868716974857072,4.3478260869565215,11.335867218003404,ok,ok,ok,ok
0504004,2025,14067952,13460637,21,97254.37484136174,-1.566468504486025,-1.6776246613571688,-12.5,-1.5664685044860274,ok,ok,ok,ok
0504005,2021,24158669,23345202,30,134688.5117072299,,,,,sin_anterior,sin_anterior,sin_anterior,sin_anterior
0504005,2022,25540926,24891278,30,142394.81945650617,5.721577624992503,6.6226713309227305,0,5.72157762499251,ok,ok,ok,ok
0504005,2023,25083934,24513602,27,139847.0146771075,-1.789253843028244,-1.517302566786647,-10,-1.7892538430282412,ok,ok,ok,ok
0504005,2024,28457707,27588536,28,158656.3482628293,13.44993572379835,12.543786914709637,3.7037037037037037,13.44993572379834,ok,ok,ok,ok
0504005,2025,25898973,24945392,28,144390.98975675073,-8.991356893231067,-9.580588110945794,0,-8.991356893231055,ok,ok,ok,ok
0504006,2021,7361863,5978412,13,66113.88043988262,,,,,sin_anterior,sin_anterior,sin_anterior,sin_anterior
0504006,2022,9329922,7612652,12,83788.21333967103,26.733165232767846,27.335687135647394,-7.6923076923076925,26.733165232767856,ok,ok,ok,ok
0504006,2023,11319149,10014805,14,101652.64738928406,21.320939231860674,31.55474596763388,16.666666666666668,21.320939231860667,ok,ok,ok,ok
0504006,2024,10962433,9810757,15,98449.12689793654,-3.151438328093393,-2.037463535236083,7.142857142857143,-3.1514383280933846,ok,ok,ok,ok
0504006,2025,11555750,10434258,11,103777.46419529589,5.412274811622566,6.355279210360628,-26.666666666666668,5.412274811622561,ok,ok,ok,ok
0504007,2021,10199188,9559673,10,84482.87580081086,,,,,sin_anterior,sin_anterior,sin_anterior,sin_anterior
0504007,2022,10627805,10288210,10,88033.23655277623,4.202461999916072,7.620940590750332,0,4.20246199991608,ok,ok,ok,ok
0504007,2023,10861245,10470545,11,89966.88877361393,2.1965024762874368,1.7722713669336065,10,2.196502476287428,ok,ok,ok,ok
0504007,2024,10867559,10463284,11,90019.18949380914,0.058133298714834254,-0.0693469155617019,0,0.05813329871484042,ok,ok,ok,ok
0504007,2025,10541144,10198716,10,87315.3979856497,-3.003572375360465,-2.528536929705817,-9.090909090909092,-3.0035723753604637,ok,ok,ok,ok
0505001,2021,3169993,990143,3,10232.052338530098,,,,,sin_anterior,sin_anterior,sin_anterior,sin_anterior
0505001,2022,2776494,840564,5,8961.922605385813,-12.413245076566415,-15.106807804529245,66.66666666666667,-12.413245076566408,ok,ok,ok,ok
0505001,2023,2534515,773016,6,8180.866687336412,-8.715271850038214,-8.036032949305467,20,-8.715271850038214,ok,ok,ok,ok
0505001,2024,2664797,1056351,5,8601.388828163972,5.140312840918282,36.65318699742308,-16.666666666666668,5.1403128409182886,ok,ok,ok,ok
0505001,2025,2848022,1564572,7,9192.799531508483,6.875758266014259,48.11099719695442,40,6.875758266014252,ok,ok,ok,ok
0505002,2021,2512623,349702,1,19773.283193588628,,,,,sin_anterior,sin_anterior,sin_anterior,sin_anterior
0505002,2022,3143838,434693,1,24740.67899910384,25.121755233475138,24.303835837370105,0,25.121755233475135,ok,ok,ok,ok
0505002,2023,2976525,494325,1,23423.996261196524,-5.32193452716075,13.718187318406324,0,-5.321934527160746,ok,ok,ok,ok
0505002,2024,3079661,573111,1,24235.63307875887,3.4649801362326875,15.938097405553027,0,3.4649801362326857,ok,ok,ok,ok
0505002,2025,2442755,468295,1,19223.451503689408,-20.681042491365123,-18.28895275086327,0,-20.68104249136512,ok,ok,ok,ok
0505003,2021,5747840,3144337,5,33182.295673417015,,,,,sin_anterior,sin_anterior,sin_anterior,sin_anterior
0505003,2022,6483148,4514668,7,37427.230721544474,12.792770849571317,43.58092023851133,40,12.792770849571328,ok,ok,ok,ok
0505003,2023,6448571,4279104,5,37227.617608183675,-0.533336582783549,-5.2177480160224405,-28.571428571428573,-0.5333365827835481,ok,ok,ok,ok
0505003,2024,6931434,4905117,5,40015.18699698941,7.487907010716017,14.629534594158029,0,7.487907010716018,ok,ok,ok,ok
0505003,2025,7566775,6054916,3,43683.01228708872,9.166083093339704,23.4408068145979,-40,9.166083093339696,ok,ok,ok,ok
0505004,2021,3235074,1324479,4,32646.37307327728,,,,,sin_anterior,sin_anterior,sin_anterior,sin_anterior
0505004,2022,3402450,1329905,4,34335.42851358958,5.173792005994299,0.4096705195023855,0,5.17379200599431,ok,ok,ok,ok
0505004,2023,3579877,1261405,5,36125.91245159914,5.214683536863142,-5.150743850124633,25,5.214683536863133,ok,ok,ok,ok
0505004,2024,3579229,1135319,5,36119.37323495325,-0.018101180571287786,-9.995679420963132,0,-0.01810118057129368,ok,ok,ok,ok
0505004,2025,3784576,1152706,4,38191.60860622398,5.737185298845087,1.5314638440825883,-20,5.73718529884509,ok,ok,ok,ok
0505005,2021,6003263,3259561,6,46992.40568880119,,,,,sin_anterior,sin_anterior,sin_anterior,sin_anterior
0505005,2022,5774798,3649544,11,45204.024942248536,-3.8056803441728273,11.964279852409573,83.33333333333333,-3.805680344172816,ok,ok,ok,ok
0505005,2023,5466461,3584351,11,42790.421308213525,-5.339355593044121,-1.7863327582843227,0,-5.3393555930441305,ok,ok,ok,ok
0505005,2024,5815804,3869803,12,45525.01214332151,6.390661160849771,7.963840594852457,9.090909090909092,6.390661160849769,ok,ok,ok,ok
0505005,2025,6311913,4827703,12,49408.45942755102,8.530359688875347,24.753198031010882,0,8.530359688875352,ok,ok,ok,ok
0505006,2021,10314366,9221315,5,82782.79541766932,,,,,sin_anterior,sin_anterior,sin_anterior,sin_anterior
0505006,2022,11100902,9488450,7,89095.51001172501,7.625635933415587,2.896929559395813,40,7.625635933415577,ok,ok,ok,ok
0505006,2023,10451025,8055688,6,83879.61649605486,-5.8542720222194555,-15.100063761731368,-14.285714285714286,-5.854272022219452,ok,ok,ok,ok
0505006,2024,12240415,9977385,5,98241.20753252025,17.121669884054434,23.855156753836543,-16.666666666666668,17.121669884054437,ok,ok,ok,ok
0505006,2025,12524836,10151196,7,100523.9620377888,2.3236221974500046,1.7420496452727845,40,2.323622197449998,ok,ok,ok,ok
0506001,2021,13783082,12239212,14,66002.10863155832,,,,,sin_anterior,sin_anterior,sin_anterior,sin_anterior
0506001,2022,14755719,13315514,15,70659.70937231231,7.0567453636276705,8.793883135613633,7.142857142857143,7.056745363627666,ok,ok,ok,ok
0506001,2023,13406863,12488533,13,64200.534258913925,-9.141242117717205,-6.210657733527974,-13.333333333333334,-9.141242117717207,ok,ok,ok,ok
0506001,2024,13249460,12505014,13,63446.78920356758,-1.1740479484276076,0.1319690631397619,0,-1.1740479484276076,ok,ok,ok,ok
0506001,2025,12613781,11703906,12,60402.75635135062,-4.797772890366852,-6.406294307227485,-7.6923076923076925,-4.797772890366849,ok,ok,ok,ok
0506002,2021,12699460,12209882,12,155256.03955529947,,,,,sin_anterior,sin_anterior,sin_anterior,sin_anterior
0506002,2022,12473215,12011732,12,152490.1028407314,-1.7815324431117543,-1.6228658065655344,0,-1.7815324431117605,ok,ok,ok,ok
0506002,2023,13024645,12184970,10,159231.55782322504,4.420913132660665,1.442239970055942,-16.666666666666668,4.42091313266067,ok,ok,ok,ok
0506002,2024,12769438,11841053,12,156111.5489341235,-1.9594161683485423,-2.822468992537528,20,-1.9594161683485445,ok,ok,ok,ok
0506002,2025,12747467,11895502,10,155842.94456471966,-0.1720592558576188,0.45983241524212415,-16.666666666666668,-0.17205925585761705,ok,ok,ok,ok
0506003,2021,4934736,4097061,7,95208.39068198248,,,,,sin_anterior,sin_anterior,sin_anterior,sin_anterior
0506003,2022,4472071,4037081,8,86281.957722878,-9.375678861037349,-1.4639762502925877,14.285714285714286,-9.375678861037345,ok,ok,ok,ok
0506003,2023,4394188,3891680,8,84779.32108912802,-1.741542117734714,-3.6016369252933,0,-1.7415421177347121,ok,ok,ok,ok
0506003,2024,4405150,4008294,8,84990.81657311255,0.24946588539224995,2.996495086954734,0,0.24946588539224848,ok,ok,ok,ok
0506003,2025,4256942,3816505,8,82131.36367305969,-3.364425728976312,-4.784803709508335,0,-3.3644257289763053,ok,ok,ok,ok
0506004,2021,7750783,6911491,14,80629.57453214092,,,,,sin_anterior,sin_anterior,sin_anterior,sin_anterior
0506004,2022,8685802,7937867,14,90356.35750999849,12.063542483385227,14.850283390371194,0,12.06354248338522,ok,ok,ok,ok
0506004,2023,8390392,7653978,11,87283.27668544957,-3.4010676273762632,-3.576388971999657,-21.428571428571427,-3.40106762737626,ok,ok,ok,ok
0506004,2024,7357380,6597847,9,76537.09555167303,-12.311844309538815,-13.798458788358158,-18.181818181818183,-12.311844309538813,ok,ok,ok,ok
0506004,2025,7645424,6924301,10,79533.54960883551,3.915034971688291,4.947886787917331,11.11111111111111,3.9150349716882906,ok,ok,ok,ok
0506005,2021,10684258,7372674,18,127902.4813861445,,,,,sin_anterior,sin_anterior,sin_anterior,sin_anterior
0506005,2022,9878794,6254552,15,118260.17920032969,-7.538792118273445,-15.165759397472343,-16.666666666666668,-7.538792118273439,ok,ok,ok,ok
0506005,2023,10292130,6738610,17,123208.27199687423,4.184073481034224,7.739291319346294,13.333333333333334,4.184073481034223,ok,ok,ok,ok
0506005,2024,10172617,6576459,16,121777.56812788283,-1.1612076411782595,-2.406297441163682,-5.882352941176471,-1.1612076411782652,ok,ok,ok,ok
0506005,2025,10433451,7111202,16,124900.04194214991,2.5640796267076604,8.131169068339055,0,2.564079626707659,ok,ok,ok,ok
0506006,2021,3337284,2111367,8,79269.93917813974,,,,,sin_anterior,sin_anterior,sin_anterior,sin_anterior
0506006,2022,3616862,2239497,6,85910.7078557668,8.377411092373318,6.0685802136719955,-25,8.377411092373311,ok,ok,ok,ok
0506006,2023,2758447,1202502,5,65520.92237763463,-23.73369512024512,-46.30481755501347,-16.666666666666668,-23.73369512024512,ok,ok,ok,ok
0506006,2024,2315585,658100,3,55001.69662270658,-16.05475834772247,-45.272440295317594,-40,-16.05475834772247,ok,ok,ok,ok
0506006,2025,2315536,561624,3,55000.53273404151,-0.0021160959325613182,-14.659778149217445,0,-0.0021160959325543056,ok,ok,ok,ok
0506007,2021,4616469,2952129,4,86760.63984416722,,,,,sin_anterior,sin_anterior,sin_anterior,sin_anterior
0506007,2022,4200719,3067309,4,78947.14948709724,-9.005800753779566,3.901591021259572,0,-9.005800753779562,ok,ok,ok,ok
0506007,2023,4329876,3652026,4,81374.49037476552,3.074640317526595,19.062865854075998,0,3.074640317526593,ok,ok,ok,ok
0506007,2024,4398680,3412880,3,82667.57369533759,1.5890524347579469,-6.548310444668247,-25,1.5890524347579316,ok,ok,ok,ok
0506007,2025,4791905,3601895,7,90057.73544075876,8.939613702292506,5.5382843815194205,133.33333333333334,8.93961370229252,ok,ok,ok,ok
0506008,2021,16156075,15316848,14,273016.65932479233,,,,,sin_anterior,sin_anterior,sin_anterior,sin_anterior
0506008,2022,15996086,15451044,17,270313.053262756,-0.9902714613543203,0.8761332618826014,21.428571428571427,-0.9902714613543165,ok,ok,ok,ok
0506008,2023,16326086,15830241,14,275889.6241549548,2.063004662515568,2.4541836784621154,-17.647058823529413,2.0630046625155605,ok,ok,ok,ok
0506008,2024,15749158,15236945,15,266140.29114981997,-3.5337802336702135,-3.7478646092627397,7.142857142857143,-3.5337802336702118,ok,ok,ok,ok
0506008,2025,16718442,16266957,13,282519.9303639838,6.1545131492108975,6.759964021659197,-13.333333333333334,6.154513149210891,ok,ok,ok,ok
0506009,2021,8337304,8003053,4,194728.91065601056,,,,,sin_anterior,sin_anterior,sin_anterior,sin_anterior
0506009,2022,8851819,8563039,4,206746.09816244876,6.1712395277897985,6.997154710833478,0,6.1712395277897985,ok,ok,ok,ok
0506009,2023,8723342,8425140,4,203745.34561050244,-1.4514191941791852,-1.6103978972885677,0,-1.4514191941791863,ok,ok,ok,ok
0506009,2024,8584894,8283707,3,200511.7069879329,-1.587098155729765,-1.6787020749803565,-25,-1.5870981557297708,ok,ok,ok,ok
0506009,2025,8433834,8151690,3,196983.49819961275,-1.759602389965444,-1.5936947069711664,0,-1.7596023899654363,ok,ok,ok,ok
0601001,2021,0,0,0,0,,,,,sin_anterior,sin_anterior,sin_anterior,sin_anterior
0601001,2022,0,0,0,0,,,,,sin_produccion,sin_produccion,sin_produccion,sin_produccion
0601001,2023,0,0,0,0,,,,,sin_produccion,sin_produccion,sin_produccion,sin_produccion
0601001,2024,0,0,0,0,,,,,sin_produccion,sin_produccion,sin_produccion,sin_produccion
0601001,2025,0,0,0,0,,,,,sin_produccion,sin_produccion,sin_produccion,sin_produccion
0601002,2021,0,0,0,0,,,,,sin_anterior,sin_anterior,sin_anterior,sin_anterior
0601002,2022,0,0,0,0,,,,,sin_produccion,sin_produccion,sin_produccion,sin_produccion
0601002,2023,0,0,0,0,,,,,sin_produccion,sin_produccion,sin_produccion,sin_produccion
0601002,2024,0,0,0,0,,,,,sin_produccion,sin_produccion,sin_produccion,sin_produccion
0601002,2025,0,0,0,0,,,,,sin_produccion,sin_produccion,sin_produccion,sin_produccion
0601003,2021,1808030,1655030,1,2719.240036163687,,,,,sin_anterior,sin_anterior,sin_anterior,sin_anterior
0601003,2022,1801820,1681820,1,2709.9003235347063,-0.3434677521943773,1.618701775798626,0,-0.34346775219436226,ok,ok,ok,ok
0601003,2023,2053547,1972007,1,3088.4925684550763,13.970707395855301,17.25434350881783,0,13.9707073958553,ok,ok,ok,ok
0601003,2024,2397202,2317632,1,3605.342639874152,16.73470341803718,17.526560504095574,0,16.734703418037178,ok,ok,ok,ok
0601003,2025,2514909,2383412,1,3782.3715536292993,4.91018278810046,2.8382417916217935,0,4.910182788100455,ok,ok,ok,ok
0601004,2021,179518500,20409881,2,327805.31542905245,,,,,sin_anterior,sin_anterior,sin_anterior,sin_anterior
0601004,2022,185475212,19119844,2,338682.4220006872,3.318160523845732,-6.3206492972692985,0,3.3181605238457212,ok,ok,ok,ok
0601004,2023,193398928,25396003,3,353151.3275605612,4.272115887917141,32.82536719441853,50,4.272115887917149,ok,ok,ok,ok
0601004,2024,193382641,14243411,3,353121.58708717045,-0.00842145309099128,-43.914753042043664,0,-0.008421453090992943,ok,ok,ok,ok
0601004,2025,200241811,13031896,3,365646.6047618474,3.546941940874621,-8.505792608245315,0,3.5469419408746234,ok,ok,ok,ok
0601005,2021,5491307,5380737,4,58847.836277432405,,,,,sin_anterior,sin_anterior,sin_anterior,sin_anterior
0601005,2022,4936148,4829358,5,52898.450103987154,-10.10977896518989,-10.247276534794397,25,-10.109778965189898,ok,ok,ok,ok
0601005,2023,4288438,4208708,3,45957.23701295878,-13.121770254862698,-12.851604706049955,-40,-13.121770254862703,ok,ok,ok,ok
0601005,2024,1943598,1873218,4,20828.654615949366,-54.67818352509702,-55.491851656137705,33.333333333333336,-54.67818352509701,ok,ok,ok,ok
0601005,2025,1901137,1814757,3,20373.61941646479,-2.184659584955325,-3.1208860901400692,-25,-2.184659584955322,ok,ok,ok,ok
0601006,2021,277600,208800,3,2502.4496003313166,,,,,sin_anterior,sin_anterior,sin_anterior,sin_anterior
0601006,2022,378000,307300,3,3407.5142252350056,36.1671469740634,47.17432950191571,0,36.167146974063385,ok,ok,ok,ok
0601006,2023,102700,45500,2,925.7981770678177,-72.83068783068784,-85.19362186788155,-33.333333333333336,-72.83068783068784,ok,ok,ok,ok
0601006,2024,103250,45500,2,930.7562004114136,0.5355404089581305,0,0,0.5355404089581263,ok,ok,ok,ok
0601006,2025,92885,10500,1,837.3199968543744,-10.038740920096853,-76.92307692307692,-50,-10.038740920096851,ok,ok,ok,ok
0601007,2021,1398428,1323778,2,2662.441791512755,,,,,sin_anterior,sin_anterior,sin_anterior,sin_anterior
0601007,2022,1379845,1302820,2,2627.0619537151124,-1.3288492507301055,-1.5831959739472932,0,-1.328849250730116,ok,ok,ok,ok
0601007,2023,1312720,1222795,2,2499.263879552343,-4.864676829643909,-6.142444850401437,0,-4.864676829643897,ok,ok,ok,ok
0601007,2024,1399455,1298530,2,2664.3970782489214,6.607273447498324,6.193597455010856,0,6.607273447498319,ok,ok,ok,ok
0601007,2025,1377747,1273567,2,2623.0676094381147,-1.551175278947876,-1.9224045651621449,0,-1.5511752789478737,ok,ok,ok,ok
0602001,2021,0,0,0,0,,,,,sin_anterior,sin_anterior,sin_anterior,sin_anterior
0602001,2022,0,0,0,0,,,,,sin_produccion,sin_produccion,sin_produccion,sin_produccion
0602001,2023,0,0,0,0,,,,,sin_produccion,sin_produccion,sin_produccion,sin_produccion
0602001,2024,0,0,0,0,,,,,sin_produccion,sin_produccion,sin_produccion,sin_produccion
0602001,2025,0,0,0,0,,,,,sin_produccion,sin_produccion,sin_produccion,sin_produccion
0602002,2021,78700,0,0,172.61183959989322,,,,,sin_anterior,sin_anterior,sin_anterior,sin_anterior
0602002,2022,78700,0,0,172.61183959989322,0,,,0,ok,sin_produccion,sin_produccion,ok
0602002,2023,78700,0,0,172.61183959989322,0,,,0,ok,sin_produccion,sin_produccion,ok
0602002,2024,70700,0,0,155.06552807766772,-10.165184243964422,,,-10.165184243964427,ok,sin_produccion,sin_produccion,ok
0602002,2025,70700,0,0,155.06552807766772,0,,,0,ok,sin_produccion,sin_produccion,ok
0602003,2021,0,0,0,0,,,,,sin_anterior,sin_anterior,sin_anterior,sin_anterior
0602003,2022,0,0,0,0,,,,,sin_produccion,sin_produccion,sin_produccion,sin_produccion
0602003,2023,0,0,0,0,,,,,sin_produccion,sin_produccion,sin_produccion,sin_produccion
0602003,2024,0,0,0,0,,,,,sin_produccion,sin_produccion,sin_produccion,sin_produccion
0602003,2025,0,0,0,0,,,,,sin_produccion,sin_produccion,sin_produccion,sin_produccion
0602004,2021,0,0,0,0,,,,,sin_anterior,sin_anterior,sin_anterior,sin_anterior
0602004,2022,0,0,0,0,,,,,sin_produccion,sin_produccion,sin_produccion,sin_produccion
0602004,2023,0,0,0,0,,,,,sin_produccion,sin_produccion,sin_produccion,sin_produccion
0602004,2024,0,0,0,0,,,,,sin_produccion,sin_produccion,sin_produccion,sin_produccion
0602004,2025,0,0,0,0,,,,,sin_produccion,sin_produccion,sin_produccion,sin_produccion
0602005,2021,5154221,4921079,1,20611.55666833158,,,,,sin_anterior,sin_anterior,sin_anterior,sin_anterior
0602005,2022,5318865,5318865,1,21269.962494566193,3.1943527450607956,8.083308558956277,0,3.194352745060797,ok,ok,ok,ok
0602005,2023,5993396,5712746,1,23967.389308636906,12.681859757673864,7.405358098015272,0,12.681859757673863,ok,ok,ok,ok
0602005,2024,5800000,5800000,0,23194.005200072555,-3.22681831802871,1.5273565462213794,-100,-3.226818318028712,ok,ok,ok,ok
0602005,2025,6400162,6160162,1,25594.03288091496,10.347620689655173,6.209689655172414,,10.34762068965518,ok,ok,sin_base,ok
0602006,2021,0,0,0,0,,,,,sin_anterior,sin_anterior,sin_anterior,sin_anterior
0602006,2022,0,0,0,0,,,,,sin_produccion,sin_produccion,sin_produccion,sin_produccion
0602006,2023,0,0,0,0,,,,,sin_produccion,sin_produccion,sin_produccion,sin_produccion
0602006,2024,0,0,0,0,,,,,sin_produccion,sin_produccion,sin_produccion,sin_produccion
0602006,2025,0,0,0,0,,,,,sin_produccion,sin_produccion,sin_produccion,sin_produccion
0602007,2021,0,0,0,0,,,,,sin_anterior,sin_anterior,sin_anterior,sin_anterior
0602007,2022,0,0,0,0,,,,,sin_produccion,sin_produccion,sin_produccion,sin_produccion
0602007,2023,0,0,0,0,,,,,sin_produccion,sin_produccion,sin_produccion,sin_produccion
0602007,2024,0,0,0,0,,,,,sin_produccion,sin_produccion,sin_produccion,sin_produccion
0602007,2025,0,0,0,0,,,,,sin_produccion,sin_produccion,sin_produccion,sin_produccion
0603001,2021,0,0,0,0,,,,,sin_anterior,sin_anterior,sin_anterior,sin_anterior
0603001,2022,0,0,0,0,,,,,sin_produccion,sin_produccion,sin_produccion,sin_produccion
0603001,2023,0,0,0,0,,,,,sin_produccion,sin_produccion,sin_produccion,sin_produccion
0603001,2024,0,0,0,0,,,,,sin_produccion,sin_produccion,sin_produccion,sin_produccion
0603001,2025,0,0,0,0,,,,,sin_produccion,sin_produccion,sin_produccion,sin_produccion
0603002,2021,0,0,0,0,,,,,sin_anterior,sin_anterior,sin_anterior,sin_anterior
0603002,2022,0,0,0,0,,,,,sin_produccion,sin_produccion,sin_produccion,sin_produccion
0603002,2023,0,0,0,0,,,,,sin_produccion,sin_produccion,sin_produccion,sin_produccion
0603002,2024,0,0,0,0,,,,,sin_produccion,sin_produccion,sin_produccion,sin_produccion
0603002,2025,0,0,0,0,,,,,sin_produccion,sin_produccion,sin_produccion,sin_produccion
0603003,2021,0,0,0,0,,,,,sin_anterior,sin_anterior,sin_anterior,sin_anterior
0603003,2022,0,0,0,0,,,,,sin_produccion,sin_produccion,sin_produccion,sin_produccion
0603003,2023,0,0,0,0,,,,,sin_produccion,sin_produccion,sin_produccion,sin_produccion
0603003,2024,0,0,0,0,,,,,sin_produccion,sin_produccion,sin_produccion,sin_produccion
0603003,2025,0,0,0,0,,,,,sin_produccion,sin_produccion,sin_produccion,sin_produccion
0603004,2021,0,0,0,0,,,,,sin_anterior,sin_anterior,sin_anterior,sin_anterior
0603004,2022,0,0,0,0,,,,,sin_produccion,sin_produccion,sin_produccion,sin_produccion
0603004,2023,0,0,0,0,,,,,sin_produccion,sin_produccion,sin_produccion,sin_produccion
0603004,2024,0,0,0,0,,,,,sin_produccion,sin_produccion,sin_produccion,sin_produccion
0603004,2025,0,0,0,0,,,,,sin_produccion,sin_produccion,sin_produccion,sin_produccion
0603005,2021,0,0,0,0,,,,,sin_anterior,sin_anterior,sin_anterior,sin_anterior
0603005,2022,0,0,0,0,,,,,sin_produccion,sin_produccion,sin_produccion,sin_produccion
0603005,2023,0,0,0,0,,,,,sin_produccion,sin_produccion,sin_produccion,sin_produccion
0603005,2024,0,0,0,0,,,,,sin_produccion,sin_produccion,sin_produccion,sin_produccion
0603005,2025,0,0,0,0,,,,,sin_produccion,sin_produccion,sin_produccion,sin_produccion
0604001,2021,0,0,0,0,,,,,sin_anterior,sin_anterior,sin_anterior,sin_anterior
0604001,2022,0,0,0,0,,,,,sin_produccion,sin_produccion,sin_produccion,sin_produccion
0604001,2023,0,0,0,0,,,,,sin_produccion,sin_produccion,sin_produccion,sin_produccion
0604001,2024,0,0,0,0,,,,,sin_produccion,sin_produccion,sin_produccion,sin_produccion
0604001,2025,0,0,0,0,,,,,sin_produccion,sin_produccion,sin_produccion,sin_produccion
0604002,2021,0,0,0,0,,,,,sin_anterior,sin_anterior,sin_anterior,sin_anterior
0604002,2022,0,0,0,0,,,,,sin_produccion,sin_produccion,sin_produccion,sin_produccion
0604002,2023,0,0,0,0,,,,,sin_produccion,sin_produccion,sin_produccion,sin_produccion
0604002,2024,0,0,0,0,,,,,sin_produccion,sin_produccion,sin_produccion,sin_produccion
0604002,2025,0,0,0,0,,,,,sin_produccion,sin_produccion,sin_produccion,sin_produccion
0604003,2021,0,0,0,0,,,,,sin_anterior,sin_anterior,sin_anterior,sin_anterior
0604003,2022,0,0,0,0,,,,,sin_produccion,sin_produccion,sin_produccion,sin_produccion
0604003,2023,0,0,0,0,,,,,sin_produccion,sin_produccion,sin_produccion,sin_produccion
0604003,2024,0,0,0,0,,,,,sin_produccion,sin_produccion,sin_produccion,sin_produccion
0604003,2025,0,0,0,0,,,,,sin_produccion,sin_produccion,sin_produccion,sin_produccion
0604004,2021,0,0,0,0,,,,,sin_anterior,sin_anterior,sin_anterior,sin_anterior
0604004,2022,0,0,0,0,,,,,sin_produccion,sin_produccion,sin_produccion,sin_produccion
0604004,2023,0,0,0,0,,,,,sin_produccion,sin_produccion,sin_produccion,sin_produccion
0604004,2024,0,0,0,0,,,,,sin_produccion,sin_produccion,sin_produccion,sin_produccion
0604004,2025,0,0,0,0,,,,,sin_produccion,sin_produccion,sin_produccion,sin_produccion
0604005,2021,0,0,0,0,,,,,sin_anterior,sin_anterior,sin_anterior,sin_anterior
0604005,2022,0,0,0,0,,,,,sin_produccion,sin_produccion,sin_produccion,sin_produccion
0604005,2023,0,0,0,0,,,,,sin_produccion,sin_produccion,sin_produccion,sin_produccion
0604005,2024,0,0,0,0,,,,,sin_produccion,sin_produccion,sin_produccion,sin_produccion
0604005,2025,0,0,0,0,,,,,sin_produccion,sin_produccion,sin_produccion,sin_produccion
0604006,2021,0,0,0,0,,,,,sin_anterior,sin_anterior,sin_anterior,sin_anterior
0604006,2022,0,0,0,0,,,,,sin_produccion,sin_produccion,sin_produccion,sin_produccion
0604006,2023,0,0,0,0,,,,,sin_produccion,sin_produccion,sin_produccion,sin_produccion
0604006,2024,0,0,0,0,,,,,sin_produccion,sin_produccion,sin_produccion,sin_produccion
0604006,2025,0,0,0,0,,,,,sin_produccion,sin_produccion,sin_produccion,sin_produccion
0604007,2021,0,0,0,0,,,,,sin_anterior,sin_anterior,sin_anterior,sin_anterior
0604007,2022,0,0,0,0,,,,,sin_produccion,sin_produccion,sin_produccion,sin_produccion
0604007,2023,0,0,0,0,,,,,sin_produccion,sin_produccion,sin_produccion,sin_produccion
0604007,2024,0,0,0,0,,,,,sin_produccion,sin_produccion,sin_produccion,sin_produccion
0604007,2025,0,0,0,0,,,,,sin_produccion,sin_produccion,sin_produccion,sin_produccion
0701001,2021,174561,166061,1,454.4791944597422,,,,,sin_anterior,sin_anterior,sin_anterior,sin_anterior
0701001,2022,154996,146796,1,403.54063751056765,-11.20811636046998,-11.601158610390158,0,-11.208116360469981,ok,ok,ok,ok
0701001,2023,163734,155534,1,426.29050260752075,5.637564840382978,5.952478269162648,0,5.637564840382981,ok,ok,ok,ok
0701001,2024,164818,156618,1,429.11275641446707,0.6620494216228762,0.6969537207298726,0,0.6620494216228711,ok,ok,ok,ok
0701001,2025,146031,136831,1,380.1997653894662,-11.398633644383501,-12.633924580827236,0,-11.398633644383498,ok,ok,ok,ok
0701002,2021,2139982,2120482,1,1916.556574368653,,,,,sin_anterior,sin_anterior,sin_anterior,sin_anterior
0701002,2022,2536747,2485047,1,2271.897212387748,18.540576509522044,17.192553391162953,0,18.54057650952205,ok,ok,ok,ok
0701002,2023,2935181,2892681,2,2628.7325979900565,15.706493394887232,16.403472449414437,100,15.706493394887227,ok,ok,ok,ok
0701002,2024,82000,80000,1,73.43876682057585,-97.20630516482629,-97.23439950689344,-50,-97.20630516482629,ok,ok,ok,ok
0701002,2025,0,0,0,0,-100,-100,-100,-100,ok,ok,ok,ok
0701003,2021,24204339,23526110,22,47617.29380386642,,,,,sin_anterior,sin_anterior,sin_anterior,sin_anterior
0701003,2022,24010379,23100570,20,47235.715513040224,-0.8013439243269564,-1.8087988196943736,-9.090909090909092,-0.8013439243269509,ok,ok,ok,ok
0701003,2023,24740168,23802223,19,48671.43235818233,3.039473054548618,3.037383926024336,-5,3.0394730545486244,ok,ok,ok,ok
0701003,2024,24057718,23140128,15,47328.84571880131,-2.7584695463668636,-2.781651949063749,-21.05263157894737,-2.758469546366878,ok,ok,ok,ok
0701003,2025,21663576,20808055,17,42618.84049939927,-9.951658756661791,-10.078047105011692,13.333333333333334,-9.95165875666179,ok,ok,ok,ok
0701004,2021,1293131,1045016,3,7301.105296789132,,,,,sin_anterior,sin_anterior,sin_anterior,sin_anterior
0701004,2022,1249024,1034450,3,7052.074184453662,-3.4108686590917703,-1.0110849977416614,0,-3.410868659091768,ok,ok,ok,ok
0701004,2023,1206081,1006246,3,6809.615095034249,-3.438124487599918,-2.726473004978491,0,-3.4381244875999157,ok,ok,ok,ok
0701004,2024,4956394,4588300,3,27984.136554126282,310.9503424728521,355.98193682260603,0,310.9503424728521,ok,ok,ok,ok
0701004,2025,1334045,1013797,3,7532.108514647825,-73.08436334964492,-77.90473595885186,0,-73.08436334964493,ok,ok,ok,ok
0701005,2021,9786026,8648205,19,23687.731085852363,,,,,sin_anterior,sin_anterior,sin_anterior,sin_anterior
0701005,2022,9555357,8839637,22,23129.38132857168,-2.3571263759160255,2.2135460479949307,15.789473684210526,-2.357126375916021,ok,ok,ok,ok
0701005,2023,9972404,8950548,21,24138.871512448306,4.364536039836084,1.2547008434848625,-4.545454545454546,4.364536039836077,ok,ok,ok,ok
0701005,2024,10047335,9379244,22,24320.247014413457,0.7513835179561518,4.789606178303273,4.761904761904762,0.7513835179561573,ok,ok,ok,ok
0701005,2025,11465781,10747828,20,27753.690519244014,14.117634178615523,14.591623802515427,-9.090909090909092,14.117634178615528,ok,ok,ok,ok
0701006,2021,1593397,1541397,2,4779.5374375096235,,,,,sin_anterior,sin_anterior,sin_anterior,sin_anterior
0701006,2022,1452747,1402247,2,4357.645127817985,-8.827053144947556,-9.027525030864858,0,-8.827053144947548,ok,ok,ok,ok
0701006,2023,1437811,1385711,2,4312.843254106258,-1.0281212076156412,-1.1792501606350378,0,-1.0281212076156392,ok,ok,ok,ok
0701006,2024,1549221,1477921,2,4647.027557147463,7.748584480157684,6.654345675252632,0,7.748584480157673,ok,ok,ok,ok
0701006,2025,1574550,1498550,2,4723.004167969927,1.6349507268491712,1.395812090091419,0,1.6349507268491759,ok,ok,ok,ok
0702001,2021,6412909,5859794,5,19037.062585023155,,,,,sin_anterior,sin_anterior,sin_anterior,sin_anterior
0702001,2022,6550777,5982679,6,19446.331100212123,2.149851182981078,2.097087372013419,20,2.1498511829810716,ok,ok,ok,ok
0702001,2023,6806587,6372283,6,20205.716736258848,3.905032944946836,6.51219963497958,0,3.9050329449468326,ok,ok,ok,ok
0702001,2024,6800198,6443686,7,20186.750648816207,-0.09386495757712346,1.1205246220232215,16.666666666666668,-0.09386495757711234,ok,ok,ok,ok
0702001,2025,7036735,6701437,7,20888.923355878418,3.4783840117596574,4.000055247881415,0,3.478384011759653,ok,ok,ok,ok
0702002,2021,2999966,2672898,8,18870.006872915248,,,,,sin_anterior,sin_anterior,sin_anterior,sin_anterior
0702002,2022,2964899,2626379,8,18649.43286273896,-1.1689132476834738,-1.740395630510405,0,-1.1689132476834796,ok,ok,ok,ok
0702002,2023,2783123,2616840,6,17506.048447938578,-6.130933971106605,-0.3631996752943882,-25,-6.1309339711066,ok,ok,ok,ok
0702002,2024,2287088,2151548,5,14385.95180044107,-17.822963627550777,-17.78068204399199,-16.666666666666668,-17.82296362755077,ok,ok,ok,ok
0702002,2025,2472540,2337170,6,15552.458525715914,8.108651700328103,8.627369689172633,20,8.108651700328094,ok,ok,ok,ok
0702003,2021,2396192,2025182,2,3767.169773186649,,,,,sin_anterior,sin_anterior,sin_anterior,sin_anterior
0702003,2022,2820759,2454374,0,4434.652165704668,17.718404869058908,21.192761934482924,-100,17.718404869058915,ok,ok,ok,ok
0702003,2023,2528251,2461251,3,3974.7861382681017,-10.369833083932374,0.2801936461191326,,-10.369833083932374,ok,ok,sin_base,ok
0702003,2024,2232136,2166536,3,3509.249371019415,-11.71224692485042,-11.97419523648746,0,-11.712246924850428,ok,ok,ok,ok
0702003,2025,2079765,2009465,4,3269.6995246338906,-6.826241770214718,-7.249867992038904,33.333333333333336,-6.8262417702147085,ok,ok,ok,ok
0702004,2021,6213682,5989452,3,12400.936485740885,,,,,sin_anterior,sin_anterior,sin_anterior,sin_anterior
0702004,2022,5679787,5478657,3,11335.417203445037,-8.59224852510959,-8.528242650579719,0,-8.592248525109595,ok,ok,ok,ok
0702004,2023,6178513,5945263,3,12330.74806359971,8.780716600816193,8.516795265701065,0,8.780716600816204,ok,ok,ok,ok
0702004,2024,6273792,6056032,3,12520.900830900146,1.5421024443907458,1.8631471812096454,0,1.5421024443907385,ok,ok,ok,ok
0702004,2025,6887228,6651128,4,13745.16381604598,9.777754825151998,9.826500256273414,33.333333333333336,9.777754825151993,ok,ok,ok,ok
0702005,2021,2138509,1963009,2,4025.090140900979,,,,,sin_anterior,sin_anterior,sin_anterior,sin_anterior
0702005,2022,2666644,2485144,2,5019.1429980854655,24.69641231343894,26.598706373735425,0,24.69641231343895,ok,ok,ok,ok
0702005,2023,1287747,1229022,2,2423.790479102409,-51.709077027154734,-50.5452400343803,0,-51.709077027154734,ok,ok,ok,ok
0702005,2024,1447373,1382523,2,2724.2376779832457,12.39575786237514,12.489686921796356,0,12.395757862375135,ok,ok,ok,ok
0702005,2025,1579107,1515857,3,2972.186704441142,9.10159302405116,9.64425184969798,50,9.101593024051155,ok,ok,ok,ok
0801001,2021,15125142,14566472,8,71299.86285400254,,,,,sin_anterior,sin_anterior,sin_anterior,sin_anterior
0801001,2022,15706503,15194393,9,74040.39643502055,3.843673004855095,4.310728088448596,12.5,3.8436730048551095,ok,ok,ok,ok
0801001,2023,17178843,16617873,11,80981.0016917819,9.37407900409149,9.368455850786537,22.22222222222222,9.374079004091472,ok,ok,ok,ok
0801001,2024,17385457,16913002,8,81954.97931551046,1.2027236060076922,1.7759733751726228,-27.272727272727273,1.2027236060076991,ok,ok,ok,ok
0801001,2025,17773000,17225160,10,83781.85556897166,2.229121730881161,1.845668793748147,25,2.22912173088116,ok,ok,ok,ok
0801002,2021,25059744,23817759,4,111726.46859014465,,,,,sin_anterior,sin_anterior,sin_anterior,sin_anterior
0801002,2022,24639776,23689926,5,109854.08148352195,-1.6758670798871689,-0.5367129627938548,25,-1.6758670798871582,ok,ok,ok,ok
0801002,2023,26981615,25729645,5,120294.94638129088,9.50430312353489,8.610069107011984,0,9.504303123534882,ok,ok,ok,ok
0801002,2024,29467536,28052033,3,131378.18707696922,9.213388449875962,9.026117538737903,-40,9.213388449875964,ok,ok,ok,ok
0801002,2025,32761282,31435433,5,146063.03816774313,11.177541277967727,12.061157920354649,66.66666666666667,11.17754127796774,ok,ok,ok,ok
0801003,2021,20175219,19315515,32,68607.82717869084,,,,,sin_anterior,sin_anterior,sin_anterior,sin_anterior
0801003,2022,21181897,20257853,30,72031.13526018379,4.9896757006702135,4.878658425623133,-6.25,4.989675700670199,ok,ok,ok,ok
0801003,2023,21377181,20443958,28,72695.21781228711,0.9219382003415464,0.9186807703659415,-6.666666666666667,0.9219382003415495,ok,ok,ok,ok
0801003,2024,21012956,20098987,27,71456.63468443316,-1.7038027605230082,-1.6873983012487113,-3.5714285714285716,-1.703802760523,ok,ok,ok,ok
0801003,2025,20991613,20183168,27,71384.05570249126,-0.10157066906721739,0.4188320535756354,0,-0.10157066906722366,ok,ok,ok,ok
0801004,2021,10645212,10217692,5,21129.98831043497,,,,,sin_anterior,sin_anterior,sin_anterior,sin_anterior
0801004,2022,10259293,9841351,5,20363.966557296117,-3.6252824274424973,-3.68322905016123,0,-3.625282427442492,ok,ok,ok,ok
0801004,2023,10319808,9922438,4,20484.084526069866,0.5898554608002715,0.8239417535255068,-20,0.5898554608002581,ok,ok,ok,ok
0801004,2024,10256440,9900510,4,20358.303555314596,-0.6140424317971808,-0.2209940742386095,0,-0.614042431797182,ok,ok,ok,ok
0801004,2025,10971816,10439286,4,21778.274009408487,6.974895772802259,5.441901477802658,0,6.974895772802265,ok,ok,ok,ok
0801005,2021,21906936,21265091,19,87347.48288839469,,,,,sin_anterior,sin_anterior,sin_anterior,sin_anterior
0801005,2022,22188117,21653477,15,88468.60966696571,1.2835249986579593,1.8264017774483072,-21.05263157894737,1.2835249986579516,ok,ok,ok,ok
0801005,2023,23774611,23115891,18,94794.28923792629,7.150196657066483,6.753714426556067,20,7.150196657066485,ok,ok,ok,ok
0801005,2024,24299300,23473840,17,96886.33275552405,2.2069299051833067,1.548497524927765,-5.555555555555555,2.2069299051833124,ok,ok,ok,ok
0801005,2025,24728027,23834937,15,98595.75593986588,1.7643594671451441,1.5382953960664296,-11.764705882352942,1.7643594671451321,ok,ok,ok,ok
0801006,2021,4041737,3735767,7,16212.047511263148,,,,,sin_anterior,sin_anterior,sin_anterior,sin_anterior
0801006,2022,4529419,4266004,6,18168.217285394378,12.066148787019047,14.193524382007764,-14.285714285714286,12.066148787019042,ok,ok,ok,ok
0801006,2023,5302941,5031970,8,21270.93659023962,17.077731161546325,17.95511677907475,33.333333333333336,17.077731161546332,ok,ok,ok,ok
0801006,2024,4871980,4647570,8,19542.283734425033,-8.12682999867432,-7.639155241386574,0,-8.126829998674326,ok,ok,ok,ok
0801006,2025,4874347,4553377,8,19551.778146470933,0.04858394328383942,-2.026715036029581,0,0.04858394328384124,ok,ok,ok,ok
0801007,2021,1469425,1322725,2,2892.1260457303174,,,,,sin_anterior,sin_anterior,sin_anterior,sin_anterior
0801007,2022,1028141,871421,1,2023.5897475428922,-30.031066573659764,-34.11926137330133,-50,-30.031066573659764,ok,ok,ok,ok
0801007,2023,2166483,1984333,3,4264.077385325522,110.7184714936959,127.71232274641075,200,110.71847149369593,ok,ok,ok,ok
0801007,2024,2101241,1950311,3,4135.6679139502985,-3.011424506908201,-1.714530776840379,0,-3.011424506908215,ok,ok,ok,ok
0801007,2025,1846956,1723726,9,3635.1835261533483,-12.101658020189022,-11.617890685126628,200,-12.101658020189019,ok,ok,ok,ok
0802001,2021,0,0,0,0,,,,,sin_anterior,sin_anterior,sin_anterior,sin_anterior
0802001,2022,0,0,0,0,,,,,sin_produccion,sin_produccion,sin_produccion,sin_produccion
0802001,2023,0,0,0,0,,,,,sin_produccion,sin_produccion,sin_produccion,sin_produccion
0802001,2024,0,0,0,0,,,,,sin_produccion,sin_produccion,sin_produccion,sin_produccion
0802001,2025,0,0,0,0,,,,,sin_produccion,sin_produccion,sin_produccion,sin_produccion
0802002,2021,8416526,7976351,12,11090.569043087304,,,,,sin_anterior,sin_anterior,sin_anterior,sin_anterior
0802002,2022,8116930,7628098,12,10695.787381029493,-3.5596159270463845,-4.366069146154676,0,-3.559615927046376,ok,ok,ok,ok
0802002,2023,8228132,7925007,12,10842.319745894687,1.3700007268758017,3.8923070993581885,0,1.3700007268757968,ok,ok,ok,ok
0802002,2024,9190611,8895536,12,12110.591215860042,11.69741807739594,12.246411895913782,0,11.697418077395945,ok,ok,ok,ok
0802002,2025,8582243,8210126,11,11308.936553638961,-6.619451089813289,-7.7051006257520624,-8.333333333333334,-6.619451089813295,ok,ok,ok,ok
0802003,2021,0,0,0,0,,,,,sin_anterior,sin_anterior,sin_anterior,sin_anterior
0802003,2022,0,0,0,0,,,,,sin_produccion,sin_produccion,sin_produccion,sin_produccion
0802003,2023,0,0,0,0,,,,,sin_produccion,sin_produccion,sin_produccion,sin_produccion
0802003,2024,0,0,0,0,,,,,sin_produccion,sin_produccion,sin_produccion,sin_produccion
0802003,2025,0,0,0,0,,,,,sin_produccion,sin_produccion,sin_produccion,sin_produccion
0802004,2021,56500,54000,1,93.19141904443357,,,,,sin_anterior,sin_anterior,sin_anterior,sin_anterior
0802004,2022,45500,40000,1,75.0479569295881,-19.469026548672566,-25.925925925925927,0,-19.46902654867257,ok,ok,ok,ok
0802004,2023,39700,36500,1,65.48140417812412,-12.747252747252746,-8.75,0,-12.747252747252743,ok,ok,ok,ok
0802004,2024,93280,90000,1,153.8565587338896,134.96221662468514,146.57534246575344,0,134.9622166246851,ok,ok,ok,ok
0802004,2025,93500,90000,1,154.21942797618652,0.2358490566037736,0,0,0.23584905660377362,ok,ok,ok,ok
0802005,2021,137213483,136948462,1,164875.79525646838,,,,,sin_anterior,sin_anterior,sin_anterior,sin_anterior
0802005,2022,8484316,8182231,5,10194.758686412608,-93.81670385846849,-94.02532099995398,400,-93.81670385846849,ok,ok,ok,ok
0802005,2023,11405985,11165420,3,13705.437734266607,34.43611718375412,36.45935931165962,-40,34.436117183754135,ok,ok,ok,ok
0802005,2024,10441997,10208722,3,12547.10923299467,-8.451597998769945,-8.568401367794493,0,-8.451597998769941,ok,ok,ok,ok
0802005,2025,14196455,13834085,7,17058.46799288425,35.955363710600565,35.51240791942419,133.33333333333334,35.95536371060057,ok,ok,ok,ok
0803001,2021,3493258,3333268,3,5960.302899258172,,,,,sin_anterior,sin_anterior,sin_anterior,sin_anterior
0803001,2022,3827067,3692507,2,6529.857953736962,9.555807214926581,10.77738123667224,-33.333333333333336,9.555807214926576,ok,ok,ok,ok
0803001,2023,3656761,3473161,2,6239.2766838848465,-4.450039677904777,-5.940300180879819,0,-4.450039677904778,ok,ok,ok,ok
0803001,2024,3827995,3685075,2,6531.4413355228235,4.682668623954369,6.101473556797396,0,4.682668623954378,ok,ok,ok,ok
0803001,2025,4048608,3903668,2,6907.857936734083,5.7631475485208314,5.931846705969349,0,5.76314754852082,ok,ok,ok,ok
0803002,2021,0,0,0,0,,,,,sin_anterior,sin_anterior,sin_anterior,sin_anterior
0803002,2022,0,0,0,0,,,,,sin_produccion,sin_produccion,sin_produccion,sin_produccion
0803002,2023,0,0,0,0,,,,,sin_produccion,sin_produccion,sin_produccion,sin_produccion
0803002,2024,0,0,0,0,,,,,sin_produccion,sin_produccion,sin_produccion,sin_produccion
0803002,2025,0,0,0,0,,,,,sin_produccion,sin_produccion,sin_produccion,sin_produccion
0803003,2021,2245286,2140841,2,8037.869216190301,,,,,sin_anterior,sin_anterior,sin_anterior,sin_anterior
0803003,2022,2651165,2540256,3,9490.870000766565,18.076939864231104,18.65692034111828,50,18.076939864231097,ok,ok,ok,ok
0803003,2023,2469710,2354429,2,8841.281681673225,-6.844349559533262,-7.315286333345931,-33.333333333333336,-6.844349559533253,ok,ok,ok,ok
0803003,2024,2102264,2001446,3,7525.8666779666755,-14.878103097124763,-14.992297495486167,50,-14.878103097124772,ok,ok,ok,ok
0803003,2025,2158919,1996619,3,7728.685152068978,2.694951728232039,-0.2411756300194959,0,2.694951728232043,ok,ok,ok,ok
0803004,2021,1340205,1311595,3,11973.596385381634,,,,,sin_anterior,sin_anterior,sin_anterior,sin_anterior
0803004,2022,1099424,1063194,3,9822.422116319382,-17.96598281606172,-18.93884926368277,0,-17.965982816061725,ok,ok,ok,ok
0803004,2023,624098,612173,2,5575.786955670145,-43.234093488954215,-42.42132668167804,-33.333333333333336,-43.23409348895421,ok,ok,ok,ok
0803004,2024,996448,983923,2,8902.418787439801,59.66210434899647,60.7262979582569,0,59.66210434899647,ok,ok,ok,ok
0803004,2025,1081250,1045875,2,9660.0528215414,8.51042904396416,6.2964276676122015,0,8.510429043964155,ok,ok,ok,ok
0803005,2021,7703142,6999577,3,197065.13136112204,,,,,sin_anterior,sin_anterior,sin_anterior,sin_anterior
0803005,2022,8443635,8123295,3,216008.74557944897,9.612869657602054,16.054084411100842,0,9.612869657602051,ok,ok,ok,ok
0803005,2023,8829312,8517782,2,225875.30245558644,4.567665466354242,4.856243679442886,-33.333333333333336,4.567665466354237,ok,ok,ok,ok
0803005,2024,9268241,8913271,2,237104.17517313545,4.971270694704185,4.6430984028471265,0,4.971270694704182,ok,ok,ok,ok
0803005,2025,8282856,8090566,1,211895.62722396365,-10.63184481283989,-9.230113164964916,-50,-10.631844812839887,ok,ok,ok,ok
0804001,2021,17420074,16644839,11,24233.3300310185,,,,,sin_anterior,sin_anterior,sin_anterior,sin_anterior
0804001,2022,19891055,19157859,11,27670.749302221146,14.184675679334083,15.097893106686103,0,14.184675679334088,ok,ok,ok,ok
0804001,2023,31361552,30340992,13,43627.53223097378,57.666609438262576,58.37360531779673,18.181818181818183,57.66660943826258,ok,ok,ok,ok
0804001,2024,34407323,33405783,14,47864.550618031455,9.711799339522482,10.101156217964132,7.6923076923076925,9.71179933952249,ok,ok,ok,ok
0804001,2025,34597519,33525727,13,48129.13516793518,0.5527776746827994,0.3590516049272068,-7.142857142857143,0.5527776746827959,ok,ok,ok,ok
0804002,2021,23893362,22762277,10,72674.15489633205,,,,,sin_anterior,sin_anterior,sin_anterior,sin_anterior
0804002,2022,30826371,29618083,10,93761.62554879462,29.016464907701142,30.119157235455837,0,29.01646490770115,ok,ok,ok,ok
0804002,2023,45091895,43836249,11,137151.70605958012,46.27701392421443,48.00501774540911,10,46.277013924214444,ok,ok,ok,ok
0804002,2024,42241533,40988514,10,128482.03246996058,-6.321229125544624,-6.4963017250860124,-9.090909090909092,-6.321229125544625,ok,ok,ok,ok
0804002,2025,39531423,38212212,10,120238.94998010006,-6.415747269399526,-6.773365826338569,0,-6.415747269399536,ok,ok,ok,ok
0804003,2021,35404650,33375095,50,75427.48540675128,,,,,sin_anterior,sin_anterior,sin_anterior,sin_anterior
0804003,2022,40433098,38493135,55,86140.29257017777,14.202789746544592,15.334907660936995,10,14.202789746544596,ok,ok,ok,ok
0804003,2023,46182288,44028745,51,98388.59737832134,14.219019279700012,14.3807720519516,-7.2727272727272725,14.219019279700008,ok,ok,ok,ok
0804003,2024,46506319,44709269,55,99078.92600814356,0.7016347912429112,1.5456356977697183,7.8431372549019605,0.7016347912429208,ok,ok,ok,ok
0804003,2025,57962031,56169655,51,123484.63400706307,24.632592401045542,25.63313213642567,-7.2727272727272725,24.632592401045542,ok,ok,ok,ok
0804004,2021,12442248,11445744,15,188844.159382098,,,,,sin_anterior,sin_anterior,sin_anterior,sin_anterior
0804004,2022,12282231,10747186,14,186415.47641003018,-1.2860778856039519,-6.103211813928391,-6.666666666666667,-1.2860778856039405,ok,ok,ok,ok
0804004,2023,12411115,10779502,15,188371.63341942287,1.0493533300261166,0.30069266503808534,7.142857142857143,1.0493533300261082,ok,ok,ok,ok
0804004,2024,11737476,10224363,16,178147.37244327154,-5.4277073413629635,-5.149950340934117,6.666666666666667,-5.4277073413629555,ok,ok,ok,ok
0804004,2025,12995117,11573711,13,197235.41484923073,10.71474821332968,13.197379631376547,-18.75,10.71474821332967,ok,ok,ok,ok
0804005,2021,2253265,2231920,4,56853.94750092944,,,,,sin_anterior,sin_anterior,sin_anterior,sin_anterior
0804005,2022,1829083,1814083,4,46151.06916267839,-18.825215853439342,-18.720966701315458,0,-18.825215853439346,ok,ok,ok,ok
0804005,2023,2356170,2311370,5,59450.42659574658,28.817008304161156,27.412582555483954,25,28.81700830416117,ok,ok,ok,ok
0804005,2024,2629908,2602168,5,66357.3309682946,11.617922306115434,12.581196433284155,0,11.617922306115418,ok,ok,ok,ok
0804005,2025,2721761,2674681,6,68674.94813263297,3.49263168141243,2.786637911157158,20,3.492631681412449,ok,ok,ok,ok
0804006,2021,73358106,70582956,47,165743.2169282992,,,,,sin_anterior,sin_anterior,sin_anterior,sin_anterior
0804006,2022,72111933,69453153,43,162927.64911812168,-1.6987529639873744,-1.600673964405798,-8.51063829787234,-1.698752963987378,ok,ok,ok,ok
0804006,2023,73793968,70899161,44,166727.99112648802,2.3325335073184075,2.081990431737491,2.3255813953488373,2.332533507318398,ok,ok,ok,ok
0804006,2024,73875279,70735223,44,166911.70288578095,0.11018651280549109,-0.23122699576092304,0,0.11018651280549245,ok,ok,ok,ok
0804006,2025,70801450,67976857,44,159966.7811242036,-4.160835724221089,-3.8995650017248127,0,-4.16083572422109,ok,ok,ok,ok
0805001,2021,31901372,30831513,18,85985.68650817696,,,,,sin_anterior,sin_anterior,sin_anterior,sin_anterior
0805001,2022,33773730,32610807,18,91032.36562966043,5.869208383890197,5.771023952019481,0,5.869208383890199,ok,ok,ok,ok
0805001,2023,33570905,32173468,17,90485.67920921366,-0.6005407161127895,-1.3410861006904857,-5.555555555555555,-0.6005407161127845,ok,ok,ok,ok
0805001,2024,36275556,35111424,17,97775.68770790855,8.05653288167239,9.131611177259474,0,8.056532881672387,ok,ok,ok,ok
0805001,2025,39774439,38559196,17,107206.43748151671,9.645291170726646,9.81951629190545,0,9.64529117072664,ok,ok,ok,ok
0805002,2021,28585137,27778387,10,120973.74596893882,,,,,sin_anterior,sin_anterior,sin_anterior,sin_anterior
0805002,2022,26212825,25452942,10,110934.00156445809,-8.299110128455917,-8.371418398051693,0,-8.299110128455919,ok,ok,ok,ok
0805002,2023,29790987,29053742,9,126076.96417554194,13.650424935122407,14.146891153093422,-10,13.650424935122398,ok,ok,ok,ok
0805002,2024,29188590,28321031,6,123527.58959495307,-2.02207801977155,-2.5219161098078176,-33.333333333333336,-2.0220780197715427,ok,ok,ok,ok
0805002,2025,29420656,28527068,7,124509.7046476823,0.7950572466844065,0.7275052945636054,16.666666666666668,0.7950572466843957,ok,ok,ok,ok
0805003,2021,8245068,7844577,8,101042.44072463007,,,,,sin_anterior,sin_anterior,sin_anterior,sin_anterior
0805003,2022,8172780,7824864,7,100156.55889138114,-0.8767423143144484,-0.251294620474756,-12.5,-0.8767423143144538,ok,ok,ok,ok
0805003,2023,5754811,5597901,6,70524.6032354068,-29.58563671113134,-28.460085696058105,-14.285714285714286,-29.58563671113134,ok,ok,ok,ok
0805003,2024,6916716,6698456,6,84763.62674499475,20.19015046714827,19.660136897740777,0,20.190150467148268,ok,ok,ok,ok
0805003,2025,6295981,6133721,6,77156.58463894986,-8.974417917404734,-8.430823461406629,0,-8.974417917404741,ok,ok,ok,ok
0805004,2021,7847891,7573066,11,149047.26527230305,,,,,sin_anterior,sin_anterior,sin_anterior,sin_anterior
0805004,2022,9472701,8926781,11,179905.68151267778,20.703778887856622,17.875388911175474,0,20.703778887856622,ok,ok,ok,ok
0805004,2023,11003667,10424242,11,208981.81107728014,16.161873999823282,16.774927042569992,0,16.16187399982329,ok,ok,ok,ok
0805004,2024,10913748,10362758,10,207274.06806122395,-0.8171730387697119,-0.5898174658646643,-9.090909090909092,-0.8171730387697138,ok,ok,ok,ok
0805004,2025,12081579,11458129,12,229453.53218097522,10.700549435446009,10.570265174579973,20,10.700549435446005,ok,ok,ok,ok
0805005,2021,7583405,7162315,12,113933.17332627956,,,,,sin_anterior,sin_anterior,sin_anterior,sin_anterior
0805005,2022,8046275,7608137,13,120887.33810285882,6.103722536248559,6.224551698717524,8.333333333333334,6.10372253624856,ok,ok,ok,ok
0805005,2023,19171498,18744009,13,288032.8301809572,138.26550795243762,146.3679216081414,0,138.26550795243762,ok,ok,ok,ok
0805005,2024,17015918,16540125,9,255647.36880065882,-11.243670160777212,-11.757804853806888,-30.76923076923077,-11.243670160777215,ok,ok,ok,ok
0805005,2025,15426462,15054726,9,231767.36160830988,-9.340994708601675,-8.980579046409867,0,-9.340994708601674,ok,ok,ok,ok
0805006,2021,84427581,80468072,48,295758.21672236826,,,,,sin_anterior,sin_anterior,sin_anterior,sin_anterior
0805006,2022,84529586,80496630,44,296115.5503867873,0.12081952223645967,0.03548985242246142,-8.333333333333334,0.12081952223645114,ok,ok,ok,ok
0805006,2023,87618201,84010650,45,306935.27604660403,3.6538863445989196,4.365424987356613,2.272727272727273,3.6538863445989214,ok,ok,ok,ok
0805006,2024,82092516,78734989,39,287578.25169019686,-6.306549252249541,-6.279752626601509,-13.333333333333334,-6.306549252249541,ok,ok,ok,ok
0805006,2025,87163577,83821979,44,305342.68293986574,6.1772512856104935,6.4609013916290765,12.820512820512821,6.177251285610498,ok,ok,ok,ok
0805007,2021,48281777,46316856,43,253973.09159545993,,,,,sin_anterior,sin_anterior,sin_anterior,sin_anterior
0805007,2022,50896254,49047050,40,267725.8332684771,5.415038887238968,5.894601308862588,-6.976744186046512,5.415038887238961,ok,ok,ok,ok
0805007,2023,51031101,49120732,37,268435.1590557689,0.2649448425025543,0.15022717982019307,-7.5,0.26494484250254907,ok,ok,ok,ok
0805007,2024,49618799,47708169,35,261006.1303933307,-2.7675319017710396,-2.87569615208503,-5.405405405405405,-2.767531901771031,ok,ok,ok,ok
0805007,2025,46327482,44186991,36,243693.05689334965,-6.633205692866528,-7.380660532161693,2.857142857142857,-6.633205692866531,ok,ok,ok,ok
0901001,2021,0,0,0,0,,,,,sin_anterior,sin_anterior,sin_anterior,sin_anterior
0901001,2022,0,0,0,0,,,,,sin_produccion,sin_produccion,sin_produccion,sin_produccion
0901001,2023,0,0,0,0,,,,,sin_produccion,sin_produccion,sin_produccion,sin_produccion
0901001,2024,0,0,0,0,,,,,sin_produccion,sin_produccion,sin_produccion,sin_produccion
0901001,2025,0,0,0,0,,,,,sin_produccion,sin_produccion,sin_produccion,sin_produccion
0901002,2021,0,0,0,0,,,,,sin_anterior,sin_anterior,sin_anterior,sin_anterior
0901002,2022,0,0,0,0,,,,,sin_produccion,sin_produccion,sin_produccion,sin_produccion
0901002,2023,0,0,0,0,,,,,sin_produccion,sin_produccion,sin_produccion,sin_produccion
0901002,2024,0,0,0,0,,,,,sin_produccion,sin_produccion,sin_produccion,sin_produccion
0901002,2025,0,0,0,0,,,,,sin_produccion,sin_produccion,sin_produccion,sin_produccion
0901003,2021,0,0,0,0,,,,,sin_anterior,sin_anterior,sin_anterior,sin_anterior
0901003,2022,0,0,0,0,,,,,sin_produccion,sin_produccion,sin_produccion,sin_produccion
0901003,2023,0,0,0,0,,,,,sin_produccion,sin_produccion,sin_produccion,sin_produccion
0901003,2024,0,0,0,0,,,,,sin_produccion,sin_produccion,sin_produccion,sin_produccion
0901003,2025,0,0,0,0,,,,,sin_produccion,sin_produccion,sin_produccion,sin_produccion
0901004,2021,0,0,0,0,,,,,sin_anterior,sin_anterior,sin_anterior,sin_anterior
0901004,2022,0,0,0,0,,,,,sin_produccion,sin_produccion,sin_produccion,sin_produccion
0901004,2023,0,0,0,0,,,,,sin_produccion,sin_produccion,sin_produccion,sin_produccion
0901004,2024,0,0,0,0,,,,,sin_produccion,sin_produccion,sin_produccion,sin_produccion
0901004,2025,0,0,0,0,,,,,sin_produccion,sin_produccion,sin_produccion,sin_produccion
0901005,2021,0,0,0,0,,,,,sin_anterior,sin_anterior,sin_anterior,sin_anterior
0901005,2022,0,0,0,0,,,,,sin_produccion,sin_produccion,sin_produccion,sin_produccion
0901005,2023,0,0,0,0,,,,,sin_produccion,sin_produccion,sin_produccion,sin_produccion
0901005,2024,0,0,0,0,,,,,sin_produccion,sin_produccion,sin_produccion,sin_produccion
0901005,2025,0,0,0,0,,,,,sin_produccion,sin_produccion,sin_produccion,sin_produccion
0901006,2021,0,0,0,0,,,,,sin_anterior,sin_anterior,sin_anterior,sin_anterior
0901006,2022,0,0,0,0,,,,,sin_produccion,sin_produccion,sin_produccion,sin_produccion
0901006,2023,0,0,0,0,,,,,sin_produccion,sin_produccion,sin_produccion,sin_produccion
0901006,2024,0,0,0,0,,,,,sin_produccion,sin_produccion,sin_produccion,sin_produccion
0901006,2025,0,0,0,0,,,,,sin_produccion,sin_produccion,sin_produccion,sin_produccion
0902001,2021,3773288,3773288,0,6138.281945449241,,,,,sin_anterior,sin_anterior,sin_anterior,sin_anterior
0902001,2022,0,0,0,0,-100,-100,,-100,ok,ok,sin_produccion,ok
0902001,2023,0,0,0,0,,,,,sin_produccion,sin_produccion,sin_produccion,sin_produccion
0902001,2024,0,0,0,0,,,,,sin_produccion,sin_produccion,sin_produccion,sin_produccion
0902001,2025,0,0,0,0,,,,,sin_produccion,sin_produccion,sin_produccion,sin_produccion
0902002,2021,0,0,0,0,,,,,sin_anterior,sin_anterior,sin_anterior,sin_anterior
0902002,2022,0,0,0,0,,,,,sin_produccion,sin_produccion,sin_produccion,sin_produccion
0902002,2023,0,0,0,0,,,,,sin_produccion,sin_produccion,sin_produccion,sin_produccion
0902002,2024,0,0,0,0,,,,,sin_produccion,sin_produccion,sin_produccion,sin_produccion
0902002,2025,0,0,0,0,,,,,sin_produccion,sin_produccion,sin_produccion,sin_produccion
0902003,2021,0,0,0,0,,,,,sin_anterior,sin_anterior,sin_anterior,sin_anterior
0902003,2022,0,0,0,0,,,,,sin_produccion,sin_produccion,sin_produccion,sin_produccion
0902003,2023,0,0,0,0,,,,,sin_produccion,sin_produccion,sin_produccion,sin_produccion
0902003,2024,0,0,0,0,,,,,sin_produccion,sin_produccion,sin_produccion,sin_produccion
0902003,2025,0,0,0,0,,,,,sin_produccion,sin_produccion,sin_produccion,sin_produccion
0902004,2021,0,0,0,0,,,,,sin_anterior,sin_anterior,sin_anterior,sin_anterior
0902004,2022,0,0,0,0,,,,,sin_produccion,sin_produccion,sin_produccion,sin_produccion
0902004,2023,15120,0,0,34.2885297766814,,,,,sin_base,sin_produccion,sin_produccion,sin_base
0902004,2024,10409,0,0,23.605112860150573,-31.15740740740741,,,-31.157407407407415,ok,sin_produccion,sin_produccion,ok
0902004,2025,10400,0,0,23.584703020997786,-0.08646363723700644,,,-0.08646363723700902,ok,sin_produccion,sin_produccion,ok
0902005,2021,277302,266602,1,315.0744778163785,,,,,sin_anterior,sin_anterior,sin_anterior,sin_anterior
0902005,2022,349826,326276,1,397.4772784783103,26.153435604503393,22.383177920645757,0,26.153435604503386,ok,ok,ok,ok
0902005,2023,385768,360718,1,438.31509025635836,10.274250627454792,10.556093613995513,0,10.274250627454794,ok,ok,ok,ok
0902005,2024,414288,386908,1,470.7199200351667,7.393044524169968,7.260519297623074,0,7.393044524169963,ok,ok,ok,ok
0902005,2025,393240,365620,1,446.80488296699144,-5.080523693662379,-5.502083182565364,0,-5.08052369366238,ok,ok,ok,ok
0903001,2021,0,0,0,0,,,,,sin_anterior,sin_anterior,sin_anterior,sin_anterior
0903001,2022,0,0,0,0,,,,,sin_produccion,sin_produccion,sin_produccion,sin_produccion
0903001,2023,0,0,0,0,,,,,sin_produccion,sin_produccion,sin_produccion,sin_produccion
0903001,2024,0,0,0,0,,,,,sin_produccion,sin_produccion,sin_produccion,sin_produccion
0903001,2025,0,0,0,0,,,,,sin_produccion,sin_produccion,sin_produccion,sin_produccion
0903002,2021,0,0,0,0,,,,,sin_anterior,sin_anterior,sin_anterior,sin_anterior
0903002,2022,0,0,0,0,,,,,sin_produccion,sin_produccion,sin_produccion,sin_produccion
0903002,2023,0,0,0,0,,,,,sin_produccion,sin_produccion,sin_produccion,sin_produccion
0903002,2024,0,0,0,0,,,,,sin_produccion,sin_produccion,sin_produccion,sin_produccion
0903002,2025,0,0,0,0,,,,,sin_produccion,sin_produccion,sin_produccion,sin_produccion
0903003,2021,0,0,0,0,,,,,sin_anterior,sin_anterior,sin_anterior,sin_anterior
0903003,2022,0,0,0,0,,,,,sin_produccion,sin_produccion,sin_produccion,sin_produccion
0903003,2023,0,0,0,0,,,,,sin_produccion,sin_produccion,sin_produccion,sin_produccion
0903003,2024,0,0,0,0,,,,,sin_produccion,sin_produccion,sin_produccion,sin_produccion
0903003,2025,60,0,0,0.1232618727018623,,,,,sin_base,sin_produccion,sin_produccion,sin_base
0903004,2021,0,0,0,0,,,,,sin_anterior,sin_anterior,sin_anterior,sin_anterior
0903004,2022,0,0,0,0,,,,,sin_produccion,sin_produccion,sin_produccion,sin_produccion
0903004,2023,0,0,0,0,,,,,sin_produccion,sin_produccion,sin_produccion,sin_produccion
0903004,2024,0,0,0,0,,,,,sin_produccion,sin_produccion,sin_produccion,sin_produccion
0903004,2025,0,0,0,0,,,,,sin_produccion,sin_produccion,sin_produccion,sin_produccion
0903005,2021,173980,0,0,564.9855093240534,,,,,sin_anterior,sin_anterior,sin_anterior,sin_anterior
0903005,2022,155278,0,0,504.25232737567745,-10.749511438096333,,,-10.749511438096333,ok,sin_produccion,sin_produccion,ok
0903005,2023,163095,0,0,529.637381556538,5.034196731024356,,,5.034196731024349,ok,sin_produccion,sin_produccion,ok
0903005,2024,171155,0,0,555.8115579282581,4.941905024678868,,,4.941905024678867,ok,sin_produccion,sin_produccion,ok
0903005,2025,173096,0,0,562.1147932058647,1.1340597703835704,,,1.1340597703835646,ok,sin_produccion,sin_produccion,ok
0904001,2021,0,0,0,0,,,,,sin_anterior,sin_anterior,sin_anterior,sin_anterior
0904001,2022,0,0,0,0,,,,,sin_produccion,sin_produccion,sin_produccion,sin_produccion
0904001,2023,0,0,0,0,,,,,sin_produccion,sin_produccion,sin_produccion,sin_produccion
0904001,2024,0,0,0,0,,,,,sin_produccion,sin_produccion,sin_produccion,sin_produccion
0904001,2025,0,0,0,0,,,,,sin_produccion,sin_produccion,sin_produccion,sin_produccion
0904002,2021,0,0,0,0,,,,,sin_anterior,sin_anterior,sin_anterior,sin_anterior
0904002,2022,0,0,0,0,,,,,sin_produccion,sin_produccion,sin_produccion,sin_produccion
0904002,2023,0,0,0,0,,,,,sin_produccion,sin_produccion,sin_produccion,sin_produccion
0904002,2024,0,0,0,0,,,,,sin_produccion,sin_produccion,sin_produccion,sin_produccion
0904002,2025,0,0,0,0,,,,,sin_produccion,sin_produccion,sin_produccion,sin_produccion
0904003,2021,31500,0,0,120.94586168602972,,,,,sin_anterior,sin_anterior,sin_anterior,sin_anterior
0904003,2022,71600,0,0,274.9118633879279,127.3015873015873,,,127.30158730158732,ok,sin_produccion,sin_produccion,ok
0904003,2023,40050,0,0,153.77402414366637,-44.064245810055866,,,-44.064245810055866,ok,sin_produccion,sin_produccion,ok
0904003,2024,61800,0,0,237.28426197449642,54.30711610486891,,,54.30711610486891,ok,sin_produccion,sin_produccion,ok
0904003,2025,60000,0,0,230.37306987815185,-2.912621359223301,,,-2.9126213592233046,ok,sin_produccion,sin_produccion,ok
0904004,2021,0,0,0,0,,,,,sin_anterior,sin_anterior,sin_anterior,sin_anterior
0904004,2022,0,0,0,0,,,,,sin_produccion,sin_produccion,sin_produccion,sin_produccion
0904004,2023,0,0,0,0,,,,,sin_produccion,sin_produccion,sin_produccion,sin_produccion
0904004,2024,0,0,0,0,,,,,sin_produccion,sin_produccion,sin_produccion,sin_produccion
0904004,2025,0,0,0,0,,,,,sin_produccion,sin_produccion,sin_produccion,sin_produccion
0904005,2021,0,0,0,0,,,,,sin_anterior,sin_anterior,sin_anterior,sin_anterior
0904005,2022,0,0,0,0,,,,,sin_produccion,sin_produccion,sin_produccion,sin_produccion
0904005,2023,0,0,0,0,,,,,sin_produccion,sin_produccion,sin_produccion,sin_produccion
0904005,2024,0,0,0,0,,,,,sin_produccion,sin_produccion,sin_produccion,sin_produccion
0904005,2025,0,0,0,0,,,,,sin_produccion,sin_produccion,sin_produccion,sin_produccion
0904006,2021,0,0,0,0,,,,,sin_anterior,sin_anterior,sin_anterior,sin_anterior
0904006,2022,0,0,0,0,,,,,sin_produccion,sin_produccion,sin_produccion,sin_produccion
0904006,2023,0,0,0,0,,,,,sin_produccion,sin_produccion,sin_produccion,sin_produccion
0904006,2024,0,0,0,0,,,,,sin_produccion,sin_produccion,sin_produccion,sin_produccion
0904006,2025,0,0,0,0,,,,,sin_produccion,sin_produccion,sin_produccion,sin_produccion
0904007,2021,0,0,0,0,,,,,sin_anterior,sin_anterior,sin_anterior,sin_anterior
0904007,2022,0,0,0,0,,,,,sin_produccion,sin_produccion,sin_produccion,sin_produccion
0904007,2023,0,0,0,0,,,,,sin_produccion,sin_produccion,sin_produccion,sin_produccion
0904007,2024,0,0,0,0,,,,,sin_produccion,sin_produccion,sin_produccion,sin_produccion
0904007,2025,0,0,0,0,,,,,sin_produccion,sin_produccion,sin_produccion,sin_produccion
0905001,2021,1214416,1169866,2,3715.7596120903427,,,,,sin_anterior,sin_anterior,sin_anterior,sin_anterior
0905001,2022,1445455,1402305,2,4422.671728710793,19.024699938077234,19.86885677504945,0,19.024699938077237,ok,ok,ok,ok
0905001,2023,1501389,1439239,2,4593.813494088276,3.869646581872144,2.6338064828978003,0,3.8696465818721344,ok,ok,ok,ok
0905001,2024,1449802,1361212,2,4435.972283902553,-3.435951642112737,-5.4214067295285915,0,-3.4359516421127445,ok,ok,ok,ok
0905001,2025,1599151,1506001,2,4892.936769141615,10.301337699906608,10.63677076017549,0,10.301337699906613,ok,ok,ok,ok
0905002,2021,3804973,2812973,1,21632.06824905984,,,,,sin_anterior,sin_anterior,sin_anterior,sin_anterior
0905002,2022,3629840,3494940,2,20636.400472005287,-4.602739625222045,24.2436383143386,100,-4.6027396252220445,ok,ok,ok,ok
0905002,2023,2179805,2122705,1,12392.647866263937,-39.947628545610826,-39.2634780568479,-50,-39.947628545610826,ok,ok,ok,ok
0905002,2024,2194859,2133659,1,12478.233008503144,0.6906122336631029,0.5160396757910308,0,0.6906122336631004,ok,ok,ok,ok
0905002,2025,2305639,2215489,1,13108.04050533186,5.047249048799945,3.8351957833936914,0,5.047249048799936,ok,ok,ok,ok
0905003,2021,3140509,2850809,2,32440.4298234299,,,,,sin_anterior,sin_anterior,sin_anterior,sin_anterior
0905003,2022,2042088,1842588,1,21094.100496852043,-34.97589085081431,-35.36613641952162,-50,-34.97589085081431,ok,ok,ok,ok
0905003,2023,3148971,2964571,2,32527.839513122195,54.203491720239285,60.891691468738536,100,54.2034917202393,ok,ok,ok,ok
0905003,2024,2655241,2591291,3,27427.77025150822,-15.679090090064342,-12.591366508004025,50,-15.67909009006434,ok,ok,ok,ok
0905003,2025,2340431,2245081,2,24175.886014681015,-11.8561742606415,-13.360521840271895,-33.333333333333336,-11.856174260641504,ok,ok,ok,ok
0905004,2021,1172654,1115754,5,14765.9737180601,,,,,sin_anterior,sin_anterior,sin_anterior,sin_anterior
0905004,2022,1290174,1235354,4,16245.776994513702,10.021711434063244,10.719208714465733,-20,10.02171143406324,ok,ok,ok,ok
0905004,2023,379623,360618,3,4780.185153311318,-70.57582930674467,-70.80852937700449,-25,-70.57582930674467,ok,ok,ok,ok
0905004,2024,928218,894012,3,11688.053417828542,144.51047486585375,147.9110859690864,0,144.51047486585375,ok,ok,ok,ok
0905004,2025,875111,841650,3,11019.333943674172,-5.721393034825871,-5.856968362840767,0,-5.721393034825876,ok,ok,ok,ok
0905005,2021,715636,624021,2,7939.9417010221505,,,,,sin_anterior,sin_anterior,sin_anterior,sin_anterior
0905005,2022,726791,629356,2,8063.70580690126,1.5587533326998642,0.8549391767264243,0,1.558753332699871,ok,ok,ok,ok
0905005,2023,703719,603734,1,7807.723247435298,-3.174502711233353,-4.071145742632151,-50,-3.1745027112333597,ok,ok,ok,ok
0905005,2024,771577,675012,1,8560.603991204422,9.642769344013733,11.806192793515025,0,9.642769344013727,ok,ok,ok,ok
0905005,2025,814486,712916,1,9036.676964684179,5.561207760210582,5.6153075797171015,0,5.561207760210579,ok,ok,ok,ok
0906001,2021,599659,569130,5,5310.747659486157,,,,,sin_anterior,sin_anterior,sin_anterior,sin_anterior
0906001,2022,701279,634864,5,6210.722773937842,16.946297812590156,11.54990951100803,0,16.946297812590142,ok,ok,ok,ok
0906001,2023,672053,643035,4,5951.889151668949,-4.167528187782609,1.287047304619572,-20,-4.167528187782603,ok,ok,ok,ok
0906001,2024,760930,720886,4,6739.008697497748,13.224701028043919,12.106806005893924,0,13.224701028043926,ok,ok,ok,ok
0906001,2025,893157,855643,4,7910.04795609451,17.377025481976002,18.693246921149807,0,17.377025481975995,ok,ok,ok,ok
0906002,2021,0,0,0,0,,,,,sin_anterior,sin_anterior,sin_anterior,sin_anterior
0906002,2022,0,0,0,0,,,,,sin_produccion,sin_produccion,sin_produccion,sin_produccion
0906002,2023,0,0,0,0,,,,,sin_produccion,sin_produccion,sin_produccion,sin_produccion
0906002,2024,0,0,0,0,,,,,sin_produccion,sin_produccion,sin_produccion,sin_produccion
0906002,2025,0,0,0,0,,,,,sin_produccion,sin_produccion,sin_produccion,sin_produccion
0906003,2021,150070,150000,1,1830.8224593751374,,,,,sin_anterior,sin_anterior,sin_anterior,sin_anterior
0906003,2022,184953,174665,1,2256.3877279190365,23.24448590657693,16.44333333333333,0,23.244485906576934,ok,ok,ok,ok
0906003,2023,154665,154465,1,1886.880493631343,-16.376052294366676,-11.564995849197034,0,-16.37605229436668,ok,ok,ok,ok
0906003,2024,399044,398144,2,4868.252931824431,158.00536643713832,157.75677337908263,100,158.00536643713835,ok,ok,ok,ok
0906003,2025,337297,337147,2,4114.9525093613365,-15.473732220005814,-15.320336360713712,0,-15.473732220005802,ok,ok,ok,ok
0906004,2021,105596,101696,1,789.4434333766796,,,,,sin_anterior,sin_anterior,sin_anterior,sin_anterior
0906004,2022,115850,111300,1,866.1030887220003,9.710595098299178,9.443832599118943,0,9.710595098299182,ok,ok,ok,ok
0906004,2023,9550,5000,1,71.39649976085543,-91.75658178679326,-95.50763701707098,0,-91.75658178679325,ok,ok,ok,ok
0906004,2024,0,0,0,0,-100,-100,-100,-100,ok,ok,ok,ok
0906004,2025,0,0,0,0,,,,,sin_produccion,sin_produccion,sin_produccion,sin_produccion
0907001,2021,3528641,3343741,6,34041.42612151396,,,,,sin_anterior,sin_anterior,sin_anterior,sin_anterior
0907001,2022,3650515,3465615,5,35217.16623424671,3.453850930145628,3.6448397169517617,-16.666666666666668,3.4538509301456277,ok,ok,ok,ok
0907001,2023,3784645,3580745,3,36511.14215463041,3.6742760952906646,3.3220654919833854,-40,3.6742760952906637,ok,ok,ok,ok
0907001,2024,3395920,3209920,3,32761.04307425201,-10.271108650877427,-10.356085116365449,0,-10.27110865087743,ok,ok,ok,ok
0907001,2025,3654714,3449714,1,35257.674732641484,7.620733115032157,7.470404246834812,-66.66666666666667,7.62073311503216,ok,ok,ok,ok
0907002,2021,0,0,0,0,,,,,sin_anterior,sin_anterior,sin_anterior,sin_anterior
0907002,2022,0,0,0,0,,,,,sin_produccion,sin_produccion,sin_produccion,sin_produccion
0907002,2023,0,0,0,0,,,,,sin_produccion,sin_produccion,sin_produccion,sin_produccion
0907002,2024,0,0,0,0,,,,,sin_produccion,sin_produccion,sin_produccion,sin_produccion
0907002,2025,0,0,0,0,,,,,sin_produccion,sin_produccion,sin_produccion,sin_produccion
0907003,2021,0,0,0,0,,,,,sin_anterior,sin_anterior,sin_anterior,sin_anterior
0907003,2022,0,0,0,0,,,,,sin_produccion,sin_produccion,sin_produccion,sin_produccion
0907003,2023,0,0,0,0,,,,,sin_produccion,sin_produccion,sin_produccion,sin_produccion
0907003,2024,0,0,0,0,,,,,sin_produccion,sin_produccion,sin_produccion,sin_produccion
0907003,2025,0,0,0,0,,,,,sin_produccion,sin_produccion,sin_produccion,sin_produccion
0907004,2021,367536,335036,1,3562.9410447329806,,,,,sin_anterior,sin_anterior,sin_anterior,sin_anterior
0907004,2022,504574,474074,1,4891.404963609276,37.28559923381655,41.49942095774782,0,37.28559923381654,ok,ok,ok,ok
0907004,2023,488457,451237,1,4735.164701926172,-3.1941796446110975,-4.817180440184444,0,-3.1941796446110926,ok,ok,ok,ok
0907004,2024,475910,438690,1,4613.532477359695,-2.568701032025337,-2.780578720273382,0,-2.568701032025334,ok,ok,ok,ok
0907004,2025,413630,376910,1,4009.7821827872717,-13.086507953184425,-14.082837539036678,0,-13.08650795318443,ok,ok,ok,ok
0907005,2021,0,0,0,0,,,,,sin_anterior,sin_anterior,sin_anterior,sin_anterior
0907005,2022,0,0,0,0,,,,,sin_produccion,sin_produccion,sin_produccion,sin_produccion
0907005,2023,0,0,0,0,,,,,sin_produccion,sin_produccion,sin_produccion,sin_produccion
0907005,2024,0,0,0,0,,,,,sin_produccion,sin_produccion,sin_produccion,sin_produccion
0907005,2025,0,0,0,0,,,,,sin_produccion,sin_produccion,sin_produccion,sin_produccion
1001001,2021,274571,259371,1,1693.2282500701292,,,,,sin_anterior,sin_anterior,sin_anterior,sin_anterior
1001001,2022,292752,277552,1,1805.3470929724206,6.6216024270589395,7.009650269305358,0,6.621602427058944,ok,ok,ok,ok
1001001,2023,274100,260500,0,1690.3236807391254,-6.3712630485872,-6.143713610422552,-100,-6.371263048587207,ok,ok,ok,ok
1001001,2024,73600,60000,0,453.87750055600014,-73.14848595403137,-76.96737044145873,,-73.14848595403137,ok,ok,sin_produccion,ok
1001001,2025,0,0,0,0,-100,-100,,-100,ok,ok,sin_produccion,ok
1001002,2021,345506,295506,1,1941.330425833199,,,,,sin_anterior,sin_anterior,sin_anterior,sin_anterior
1001002,2022,412865,321447,1,2319.8074310189218,19.495754053475192,8.778501959351079,0,19.49575405347518,ok,ok,ok,ok
1001002,2023,343211,293211,1,1928.4352711114655,-16.870890000363314,-8.784029715629638,0,-16.87089000036331,ok,ok,ok,ok
1001002,2024,0,0,0,0,-100,-100,-100,-100,ok,ok,ok,ok
1001002,2025,403539,388539,1,2267.406466777142,,,,,sin_base,sin_base,sin_base,sin_base
1001003,2021,0,0,0,0,,,,,sin_anterior,sin_anterior,sin_anterior,sin_anterior
1001003,2022,0,0,0,0,,,,,sin_produccion,sin_produccion,sin_produccion,sin_produccion
1001003,2023,0,0,0,0,,,,,sin_produccion,sin_produccion,sin_produccion,sin_produccion
1001003,2024,0,0,0,0,,,,,sin_produccion,sin_produccion,sin_produccion,sin_produccion
1001003,2025,0,0,0,0,,,,,sin_produccion,sin_produccion,sin_produccion,sin_produccion
1001004,2021,0,0,0,0,,,,,sin_anterior,sin_anterior,sin_anterior,sin_anterior
1001004,2022,0,0,0,0,,,,,sin_produccion,sin_produccion,sin_produccion,sin_produccion
1001004,2023,0,0,0,0,,,,,sin_produccion,sin_produccion,sin_produccion,sin_produccion
1001004,2024,0,0,0,0,,,,,sin_produccion,sin_produccion,sin_produccion,sin_produccion
1001004,2025,0,0,0,0,,,,,sin_produccion,sin_produccion,sin_produccion,sin_produccion
1001005,2021,0,0,0,0,,,,,sin_anterior,sin_anterior,sin_anterior,sin_anterior
1001005,2022,0,0,0,0,,,,,sin_produccion,sin_produccion,sin_produccion,sin_produccion
1001005,2023,0,0,0,0,,,,,sin_produccion,sin_produccion,sin_produccion,sin_produccion
1001005,2024,0,0,0,0,,,,,sin_produccion,sin_produccion,sin_produccion,sin_produccion
1001005,2025,0,0,0,0,,,,,sin_produccion,sin_produccion,sin_produccion,sin_produccion
1001006,2021,0,0,0,0,,,,,sin_anterior,sin_anterior,sin_anterior,sin_anterior
1001006,2022,0,0,0,0,,,,,sin_produccion,sin_produccion,sin_produccion,sin_produccion
1001006,2023,0,0,0,0,,,,,sin_produccion,sin_produccion,sin_produccion,sin_produccion
1001006,2024,0,0,0,0,,,,,sin_produccion,sin_produccion,sin_produccion,sin_produccion
1001006,2025,0,0,0,0,,,,,sin_produccion,sin_produccion,sin_produccion,sin_produccion
1001007,2021,0,0,0,0,,,,,sin_anterior,sin_anterior,sin_anterior,sin_anterior
1001007,2022,0,0,0,0,,,,,sin_produccion,sin_produccion,sin_produccion,sin_produccion
1001007,2023,0,0,0,0,,,,,sin_produccion,sin_produccion,sin_produccion,sin_produccion
1001007,2024,0,0,0,0,,,,,sin_produccion,sin_produccion,sin_produccion,sin_produccion
1001007,2025,0,0,0,0,,,,,sin_produccion,sin_produccion,sin_produccion,sin_produccion
1001008,2021,0,0,0,0,,,,,sin_anterior,sin_anterior,sin_anterior,sin_anterior
1001008,2022,0,0,0,0,,,,,sin_produccion,sin_produccion,sin_produccion,sin_produccion
1001008,2023,0,0,0,0,,,,,sin_produccion,sin_produccion,sin_produccion,sin_produccion
1001008,2024,0,0,0,0,,,,,sin_produccion,sin_produccion,sin_produccion,sin_produccion
1001008,2025,0,0,0,0,,,,,sin_produccion,sin_produccion,sin_produccion,sin_produccion
1002001,2021,0,0,0,0,,,,,sin_anterior,sin_anterior,sin_anterior,sin_anterior
1002001,2022,30600,0,0,328.6560905781877,,,,,sin_base,sin_produccion,sin_produccion,sin_base
1002001,2023,514274,483674,1,5523.505958366239,1580.6339869281046,,,1580.6339869281046,ok,sin_base,sin_base,ok
1002001,2024,517274,483674,1,5555.727143717041,0.5833466206730265,0,0,0.5833466206730215,ok,ok,ok,ok
1002001,2025,516608,486008,1,5548.574040569163,-0.1287518800480983,0.4825564326385127,0,-0.12875188004809515,ok,ok,ok,ok
1002002,2021,0,0,0,0,,,,,sin_anterior,sin_anterior,sin_anterior,sin_anterior
1002002,2022,0,0,0,0,,,,,sin_produccion,sin_produccion,sin_produccion,sin_produccion
1002002,2023,0,0,0,0,,,,,sin_produccion,sin_produccion,sin_produccion,sin_produccion
1002002,2024,0,0,0,0,,,,,sin_produccion,sin_produccion,sin_produccion,sin_produccion
1002002,2025,0,0,0,0,,,,,sin_produccion,sin_produccion,sin_produccion,sin_produccion
1002003,2021,0,0,0,0,,,,,sin_anterior,sin_anterior,sin_anterior,sin_anterior
1002003,2022,0,0,0,0,,,,,sin_produccion,sin_produccion,sin_produccion,sin_produccion
1002003,2023,0,0,0,0,,,,,sin_produccion,sin_produccion,sin_produccion,sin_produccion
1002003,2024,0,0,0,0,,,,,sin_produccion,sin_produccion,sin_produccion,sin_produccion
1002003,2025,0,0,0,0,,,,,sin_produccion,sin_produccion,sin_produccion,sin_produccion
1002004,2021,0,0,0,0,,,,,sin_anterior,sin_anterior,sin_anterior,sin_anterior
1002004,2022,0,0,0,0,,,,,sin_produccion,sin_produccion,sin_produccion,sin_produccion
1002004,2023,0,0,0,0,,,,,sin_produccion,sin_produccion,sin_produccion,sin_produccion
1002004,2024,0,0,0,0,,,,,sin_produccion,sin_produccion,sin_produccion,sin_produccion
1002004,2025,0,0,0,0,,,,,sin_produccion,sin_produccion,sin_produccion,sin_produccion
1002005,2021,2052134,1834626,4,10419.152272765275,,,,,sin_anterior,sin_anterior,sin_anterior,sin_anterior
1002005,2022,1560580,1464820,3,7923.420524113939,-23.953309091901406,-20.157023829379938,-25,-23.953309091901403,ok,ok,ok,ok
1002005,2023,1323623,1239666,3,6720.335801041449,-15.183905983672737,-15.370762277959066,0,-15.183905983672739,ok,ok,ok,ok
1002005,2024,1476912,1389862,3,7498.6190090288,11.581016649000508,12.1158441063964,0,11.581016649000503,ok,ok,ok,ok
1002005,2025,1379904,1291974,2,7006.087271980238,-6.568299262244467,-7.043001391505056,-33.333333333333336,-6.568299262244463,ok,ok,ok,ok
1002006,2021,1576415,1499015,1,9273.877846231368,,,,,sin_anterior,sin_anterior,sin_anterior,sin_anterior
1002006,2022,2073158,1986158,1,12196.162842866459,31.510928277135147,32.497540051300355,0,31.51092827713514,ok,ok,ok,ok
1002006,2023,2013342,1905342,1,11844.27182606557,-2.885260071832441,-4.068961281025981,0,-2.885260071832436,ok,ok,ok,ok
1002006,2024,1970291,1773926,1,11591.007479330663,-2.138285497446534,-6.897239445726804,0,-2.138285497446537,ok,ok,ok,ok
1002006,2025,2216926,1995926,1,13041.934337172837,12.517694086812558,12.514614476590342,0,12.517694086812545,ok,ok,ok,ok
1002007,2021,842167,803762,3,5337.2096537381585,,,,,sin_anterior,sin_anterior,sin_anterior,sin_anterior
1002007,2022,965054,925694,4,6116.002556712178,14.591761491485656,15.170162311729094,33.333333333333336,14.591761491485661,ok,ok,ok,ok
1002007,2023,1053257,1020737,4,6674.986586113315,9.139695809768158,10.2672157321966,0,9.13969580976816,ok,ok,ok,ok
1002007,2024,3303210,3275950,3,20934.000382732193,213.6186135007885,220.939673980663,-25,213.61861350078848,ok,ok,ok,ok
1002007,2025,426854,419354,1,2705.1752081674395,-87.07760027367318,-87.19901097391596,-66.66666666666667,-87.07760027367318,ok,ok,ok,ok
1002008,2021,0,0,0,0,,,,,sin_anterior,sin_anterior,sin_anterior,sin_anterior
1002008,2022,0,0,0,0,,,,,sin_produccion,sin_produccion,sin_produccion,sin_produccion
1002008,2023,0,0,0,0,,,,,sin_produccion,sin_produccion,sin_produccion,sin_produccion
1002008,2024,0,0,0,0,,,,,sin_produccion,sin_produccion,sin_produccion,sin_produccion
1002008,2025,0,0,0,0,,,,,sin_produccion,sin_produccion,sin_produccion,sin_produccion
1003001,2021,0,0,0,0,,,,,sin_anterior,sin_anterior,sin_anterior,sin_anterior
1003001,2022,0,0,0,0,,,,,sin_produccion,sin_produccion,sin_produccion,sin_produccion
1003001,2023,0,0,0,0,,,,,sin_produccion,sin_produccion,sin_produccion,sin_produccion
1003001,2024,0,0,0,0,,,,,sin_produccion,sin_produccion,sin_produccion,sin_produccion
1003001,2025,0,0,0,0,,,,,sin_produccion,sin_produccion,sin_produccion,sin_produccion
1003002,2021,0,0,0,0,,,,,sin_anterior,sin_anterior,sin_anterior,sin_anterior
1003002,2022,0,0,0,0,,,,,sin_produccion,sin_produccion,sin_produccion,sin_produccion
1003002,2023,0,0,0,0,,,,,sin_produccion,sin_produccion,sin_produccion,sin_produccion
1003002,2024,0,0,0,0,,,,,sin_produccion,sin_produccion,sin_produccion,sin_produccion
1003002,2025,0,0,0,0,,,,,sin_produccion,sin_produccion,sin_produccion,sin_produccion
1003003,2021,0,0,0,0,,,,,sin_anterior,sin_anterior,sin_anterior,sin_anterior
1003003,2022,0,0,0,0,,,,,sin_produccion,sin_produccion,sin_produccion,sin_produccion
1003003,2023,0,0,0,0,,,,,sin_produccion,sin_produccion,sin_produccion,sin_produccion
1003003,2024,0,0,0,0,,,,,sin_produccion,sin_produccion,sin_produccion,sin_produccion
1003003,2025,0,0,0,0,,,,,sin_produccion,sin_produccion,sin_produccion,sin_produccion
1003004,2021,40045,36535,1,389.57201129388983,,,,,sin_anterior,sin_anterior,sin_anterior,sin_anterior
1003004,2022,42460,38950,1,413.06599074887157,6.030715445124235,6.6100999042014505,0,6.030715445124234,ok,ok,ok,ok
1003004,2023,42460,38950,1,413.06599074887157,0,0,0,0,ok,ok,ok,ok
1003004,2024,29200,0,0,284.06799175381656,-31.229392369288743,-100,-100,-31.22939236928874,ok,ok,ok,ok
1003004,2025,0,0,0,0,-100,,,-100,ok,sin_produccion,sin_produccion,ok
1003005,2021,255500,240000,1,3143.152763310523,,,,,sin_anterior,sin_anterior,sin_anterior,sin_anterior
1003005,2022,0,0,0,0,-100,-100,-100,-100,ok,ok,ok,ok
1003005,2023,0,0,0,0,,,,,sin_produccion,sin_produccion,sin_produccion,sin_produccion
1003005,2024,0,0,0,0,,,,,sin_produccion,sin_produccion,sin_produccion,sin_produccion
1003005,2025,0,0,0,0,,,,,sin_produccion,sin_produccion,sin_produccion,sin_produccion
1003006,2021,4436839,156124,1,81716.2196739821,,,,,sin_anterior,sin_anterior,sin_anterior,sin_anterior
1003006,2022,4128194,177333,1,76031.69909045941,-6.956416493814628,13.584714713945326,0,-6.956416493814624,ok,ok,ok,ok
1003006,2023,3596407,164002,1,66237.42363629758,-12.881831619347347,-7.517495333637846,0,-12.881831619347352,ok,ok,ok,ok
1003006,2024,4732891,143615,1,87168.80658707986,31.60053909360092,-12.43094596407361,0,31.600539093600936,ok,ok,ok,ok
1003006,2025,5097971,95392,1,93892.7281624576,7.71367859517576,-33.5779688751175,0,7.713678595175763,ok,ok,ok,ok
1003007,2021,0,0,0,0,,,,,sin_anterior,sin_anterior,sin_anterior,sin_anterior
1003007,2022,0,0,0,0,,,,,sin_produccion,sin_produccion,sin_produccion,sin_produccion
1003007,2023,0,0,0,0,,,,,sin_produccion,sin_produccion,sin_produccion,sin_produccion
1003007,2024,0,0,0,0,,,,,sin_produccion,sin_produccion,sin_produccion,sin_produccion
1003007,2025,0,0,0,0,,,,,sin_produccion,sin_produccion,sin_produccion,sin_produccion
1004001,2021,2860596,2464716,9,11602.505463965734,,,,,sin_anterior,sin_anterior,sin_anterior,sin_anterior
1004001,2022,3519190,3251790,8,14273.746171683653,23.022964445171567,31.933658888082846,-11.11111111111111,23.02296444517157,ok,ok,ok,ok
1004001,2023,3999592,3761252,8,16222.244606939825,13.650925354982254,15.667124875837615,0,13.650925354982245,ok,ok,ok,ok
1004001,2024,4105784,3820699,8,16652.956689397273,2.655070817223357,1.5805109575215912,0,2.6550708172233533,ok,ok,ok,ok
1004001,2025,4307535,4068242,9,17471.253673613344,4.913824010225574,6.47899769126016,12.5,4.913824010225586,ok,ok,ok,ok
1004002,2021,0,0,0,0,,,,,sin_anterior,sin_anterior,sin_anterior,sin_anterior
1004002,2022,0,0,0,0,,,,,sin_produccion,sin_produccion,sin_produccion,sin_produccion
1004002,2023,0,0,0,0,,,,,sin_produccion,sin_produccion,sin_produccion,sin_produccion
1004002,2024,0,0,0,0,,,,,sin_produccion,sin_produccion,sin_produccion,sin_produccion
1004002,2025,0,0,0,0,,,,,sin_produccion,sin_produccion,sin_produccion,sin_produccion
1004003,2021,19440,0,0,54.20222314105763,,,,,sin_anterior,sin_anterior,sin_anterior,sin_anterior
1004003,2022,0,0,0,0,-100,,,-100,ok,sin_produccion,sin_produccion,ok
1004003,2023,0,0,0,0,,,,,sin_produccion,sin_produccion,sin_produccion,sin_produccion
1004003,2024,0,0,0,0,,,,,sin_produccion,sin_produccion,sin_produccion,sin_produccion
1004003,2025,32000,0,0,89.22176648733766,,,,,sin_base,sin_produccion,sin_produccion,sin_base
1004004,2021,0,0,0,0,,,,,sin_anterior,sin_anterior,sin_anterior,sin_anterior
1004004,2022,13500,0,0,51.709367661257446,,,,,sin_base,sin_produccion,sin_produccion,sin_base
1004004,2023,0,0,0,0,-100,,,-100,ok,sin_produccion,sin_produccion,ok
1004004,2024,25500,0,0,97.67325002681962,,,,,sin_base,sin_produccion,sin_produccion,sin_base
1004004,2025,0,0,0,0,-100,,,-100.00000000000001,ok,sin_produccion,sin_produccion,ok
1004005,2021,0,0,0,0,,,,,sin_anterior,sin_anterior,sin_anterior,sin_anterior
1004005,2022,0,0,0,0,,,,,sin_produccion,sin_produccion,sin_produccion,sin_produccion
1004005,2023,0,0,0,0,,,,,sin_produccion,sin_produccion,sin_produccion,sin_produccion
1004005,2024,0,0,0,0,,,,,sin_produccion,sin_produccion,sin_produccion,sin_produccion
1004005,2025,0,0,0,0,,,,,sin_produccion,sin_produccion,sin_produccion,sin_produccion
1101001,2021,1632533,1518818,4,3584.6396994291317,,,,,sin_anterior,sin_anterior,sin_anterior,sin_anterior
1101001,2022,2011939,1827934,4,4417.721670698079,23.240326535512605,20.352405620686614,0,23.24032653551259,ok,ok,ok,ok
1101001,2023,2120880,1899373,4,4656.929229439929,5.414726788436429,3.9081826805563002,0,5.414726788436431,ok,ok,ok,ok
1101001,2024,1516400,1430400,1,3329.6402830535953,-28.50137678699408,-24.690937483053617,-75,-28.501376786994072,ok,ok,ok,ok
1101001,2025,1711800,1630100,2,3758.690475159024,12.885782115536797,13.961129753914989,100,12.885782115536792,ok,ok,ok,ok
1101002,2021,3771829,3674509,9,6638.693430554789,,,,,sin_anterior,sin_anterior,sin_anterior,sin_anterior
1101002,2022,3985668,3853573,9,7015.065626774821,5.669371543619819,4.8731408740596365,0,5.669371543619819,ok,ok,ok,ok
1101002,2023,3926627,3828899,8,6911.149171698679,-1.4813326147586803,-0.6402888955263076,-11.11111111111111,-1.4813326147586905,ok,ok,ok,ok
1101002,2024,4074264,3700279,7,7171.001031898815,3.7598936695540472,-3.359190200629476,-12.5,3.7598936695540512,ok,ok,ok,ok
1101002,2025,4016338,3941457,8,7069.047057935967,-1.4217537204265605,6.51783284449632,14.285714285714286,-1.4217537204265551,ok,ok,ok,ok
1101003,2021,0,0,0,0,,,,,sin_anterior,sin_anterior,sin_anterior,sin_anterior
1101003,2022,0,0,0,0,,,,,sin_produccion,sin_produccion,sin_produccion,sin_produccion
1101003,2023,0,0,0,0,,,,,sin_produccion,sin_produccion,sin_produccion,sin_produccion
1101003,2024,0,0,0,0,,,,,sin_produccion,sin_produccion,sin_produccion,sin_produccion
1101003,2025,0,0,0,0,,,,,sin_produccion,sin_produccion,sin_produccion,sin_produccion
1101004,2021,2944623,2327623,4,17468.948637225658,,,,,sin_anterior,sin_anterior,sin_anterior,sin_anterior
1101004,2022,2732011,2201706,4,16207.629919122246,-7.220347052916451,-5.409681894361759,0,-7.220347052916454,ok,ok,ok,ok
1101004,2023,2500307,1759787,4,14833.048088089978,-8.481078590093524,-20.07166261072096,0,-8.481078590093519,ok,ok,ok,ok
1101004,2024,1092520,755205,4,6481.364767286602,-56.304565799319846,-57.08543136186368,0,-56.30456579931984,ok,ok,ok,ok
1101004,2025,3105965,3000000,1,18426.1085558391,184.2936513748032,297.24313265934416,-75,184.29365137480323,ok,ok,ok,ok
1101005,2021,6430553,6057883,4,26774.752094726813,,,,,sin_anterior,sin_anterior,sin_anterior,sin_anterior
1101005,2022,6759147,6405203,4,28142.91170554328,5.109887127903308,5.7333560255290505,0,5.109887127903308,ok,ok,ok,ok
1101005,2023,6302406,5846343,4,26241.189249247902,-6.757376337576324,-8.725094271016859,0,-6.75737633757632,ok,ok,ok,ok
1101005,2024,5293764,4685485,4,22041.528737573488,-16.004078442423417,-19.856139128340573,0,-16.004078442423413,ok,ok,ok,ok
1101005,2025,5386564,4814311,3,22427.918056562172,1.753005989689,2.749469905463362,-25,1.7530059896889931,ok,ok,ok,ok
1101006,2021,2236993,2012933,6,5787.040890145924,,,,,sin_anterior,sin_anterior,sin_anterior,sin_anterior
1101006,2022,2318622,2147312,7,5998.212923684573,3.649050309947327,6.675781061764102,16.666666666666668,3.649050309947337,ok,ok,ok,ok
1101006,2023,2213606,2054356,7,5726.53934843442,-4.529241937668149,-4.3289470742956775,0,-4.529241937668152,ok,ok,ok,ok
1101006,2024,1988244,1792644,7,5143.5338991169365,-10.180763875775545,-12.739369417958718,0,-10.180763875775547,ok,ok,ok,ok
1101006,2025,1863379,1772989,7,4820.511493258684,-6.280164808745808,-1.0964251686335937,0,-6.2801648087458,ok,ok,ok,ok
1102001,2021,54000,0,0,168.4324126159503,,,,,sin_anterior,sin_anterior,sin_anterior,sin_anterior
1102001,2022,63000,30000,1,196.50448138527537,16.666666666666668,,,16.666666666666668,ok,sin_base,sin_base,ok
1102001,2023,0,0,0,0,-100,-100,-100,-100,ok,ok,ok,ok
1102001,2024,0,0,0,0,,,,,sin_produccion,sin_produccion,sin_produccion,sin_produccion
1102001,2025,0,0,0,0,,,,,sin_produccion,sin_produccion,sin_produccion,sin_produccion
1102002,2021,1212636,1161136,2,2987.228161320843,,,,,sin_anterior,sin_anterior,sin_anterior,sin_anterior
1102002,2022,1366425,1312865,3,3366.074601391376,12.682206366955954,13.067289275330365,50,12.682206366955944,ok,ok,ok,ok
1102002,2023,1394767,1344962,4,3435.8927665688534,2.0741716523043707,2.4448058254275953,33.333333333333336,2.0741716523043796,ok,ok,ok,ok
1102002,2024,1045622,1018802,2,2575.803031162379,-25.032496467151862,-24.250499270611364,-50,-25.03249646715186,ok,ok,ok,ok
1102002,2025,908771,882271,2,2238.681948574596,-13.087999296112745,-13.401131917683712,0,-13.087999296112745,ok,ok,ok,ok
1102003,2021,0,0,0,0,,,,,sin_anterior,sin_anterior,sin_anterior,sin_anterior
1102003,2022,0,0,0,0,,,,,sin_produccion,sin_produccion,sin_produccion,sin_produccion
1102003,2023,0,0,0,0,,,,,sin_produccion,sin_produccion,sin_produccion,sin_produccion
1102003,2024,0,0,0,0,,,,,sin_produccion,sin_produccion,sin_produccion,sin_produccion
1102003,2025,0,0,0,0,,,,,sin_produccion,sin_produccion,sin_produccion,sin_produccion
1102004,2021,0,0,0,0,,,,,sin_anterior,sin_anterior,sin_anterior,sin_anterior
1102004,2022,0,0,0,0,,,,,sin_produccion,sin_produccion,sin_produccion,sin_produccion
1102004,2023,0,0,0,0,,,,,sin_produccion,sin_produccion,sin_produccion,sin_produccion
1102004,2024,0,0,0,0,,,,,sin_produccion,sin_produccion,sin_produccion,sin_produccion
1102004,2025,0,0,0,0,,,,,sin_produccion,sin_produccion,sin_produccion,sin_produccion
1102005,2021,642139,622039,2,1922.4271174510143,,,,,sin_anterior,sin_anterior,sin_anterior,sin_anterior
1102005,2022,574434,565714,2,1719.7327973941092,-10.543667336822713,-9.054898487072354,0,-10.543667336822717,ok,ok,ok,ok
1102005,2023,702093,689463,2,2101.9165977654916,22.223440813043798,21.874834280219332,0,22.223440813043805,ok,ok,ok,ok
1102005,2024,750792,745042,2,2247.711010178921,6.936260580863219,8.061201253729351,0,6.936260580863224,ok,ok,ok,ok
1102005,2025,725600,719000,2,2172.2915387828116,-3.3553900414495628,-3.495373415190016,0,-3.3553900414495774,ok,ok,ok,ok
1102006,2021,0,0,0,0,,,,,sin_anterior,sin_anterior,sin_anterior,sin_anterior
1102006,2022,0,0,0,0,,,,,sin_produccion,sin_produccion,sin_produccion,sin_produccion
1102006,2023,0,0,0,0,,,,,sin_produccion,sin_produccion,sin_produccion,sin_produccion
1102006,2024,0,0,0,0,,,,,sin_produccion,sin_produccion,sin_produccion,sin_produccion
1102006,2025,0,0,0,0,,,,,sin_produccion,sin_produccion,sin_produccion,sin_produccion
1102007,2021,1235712,1226412,2,1425.700181137922,,,,,sin_anterior,sin_anterior,sin_anterior,sin_anterior
1102007,2022,1473218,1434478,2,1699.7222406642059,19.220174280091154,16.965424343532188,0,19.220174280091147,ok,ok,ok,ok
1102007,2023,1153657,1078491,2,1331.0293934760136,-21.691358644816994,-24.816483766220188,0,-21.69135864481699,ok,ok,ok,ok
1102007,2024,770585,751485,0,889.0608605258876,-33.2050167424113,-30.32069808649307,-100,-33.20501674241131,ok,ok,ok,ok
1102007,2025,0,0,0,0,-100,-100,,-100.00000000000001,ok,ok,sin_produccion,ok
1102008,2021,52710,0,0,58.297715597389484,,,,,sin_anterior,sin_anterior,sin_anterior,sin_anterior
1102008,2022,9385,0,0,10.379891118981224,-82.19502940618479,,,-82.19502940618479,ok,sin_produccion,sin_produccion,ok
1102008,2023,6345,0,0,7.017624842827477,-32.392115077250935,,,-32.39211507725093,ok,sin_produccion,sin_produccion,ok
1102008,2024,0,0,0,0,-100,,,-100,ok,sin_produccion,sin_produccion,ok
1102008,2025,15100,0,0,16.700730516421576,,,,,sin_base,sin_produccion,sin_produccion,sin_base
1103001,2021,0,0,0,0,,,,,sin_anterior,sin_anterior,sin_anterior,sin_anterior
1103001,2022,0,0,0,0,,,,,sin_produccion,sin_produccion,sin_produccion,sin_produccion
1103001,2023,0,0,0,0,,,,,sin_produccion,sin_produccion,sin_produccion,sin_produccion
1103001,2024,0,0,0,0,,,,,sin_produccion,sin_produccion,sin_produccion,sin_produccion
1103001,2025,0,0,0,0,,,,,sin_produccion,sin_produccion,sin_produccion,sin_produccion
1103002,2021,0,0,0,0,,,,,sin_anterior,sin_anterior,sin_anterior,sin_anterior
1103002,2022,0,0,0,0,,,,,sin_produccion,sin_produccion,sin_produccion,sin_produccion
1103002,2023,0,0,0,0,,,,,sin_produccion,sin_produccion,sin_produccion,sin_produccion
1103002,2024,0,0,0,0,,,,,sin_produccion,sin_produccion,sin_produccion,sin_produccion
1103002,2025,0,0,0,0,,,,,sin_produccion,sin_produccion,sin_produccion,sin_produccion
1103003,2021,66120,45800,1,100.41405290205479,,,,,sin_anterior,sin_anterior,sin_anterior,sin_anterior
1103003,2022,91620,78100,1,139.13998074540623,38.566243194192374,70.52401746724891,0,38.56624319419238,ok,ok,ok,ok
1103003,2023,81191,72441,1,123.30183558939399,-11.3828858327876,-7.24583866837388,0,-11.382885832787604,ok,ok,ok,ok
1103003,2024,76703,67953,1,116.48607228896414,-5.527706272862756,-6.1953865904667245,0,-5.527706272862754,ok,ok,ok,ok
1103003,2025,78985,75955,1,119.95166316498485,2.9751117948450516,11.77578620517122,0,2.975111794845058,ok,ok,ok,ok
1103004,2021,190365,190000,2,175.577743422287,,,,,sin_anterior,sin_anterior,sin_anterior,sin_anterior
1103004,2022,124910,124180,2,115.20718583183815,-34.38394662884459,-34.642105263157895,0,-34.38394662884459,ok,ok,ok,ok
1103004,2023,162730,162000,2,150.08938716207686,30.27780001601153,30.455789982283783,0,30.277800016011522,ok,ok,ok,ok
1103004,2024,160365,160000,2,147.90809667698923,-1.4533275978614884,-1.2345679012345678,0,-1.4533275978614808,ok,ok,ok,ok
1103004,2025,50000,50000,1,46.11607790882962,-68.82112680447729,-68.75,-50,-68.82112680447729,ok,ok,ok,ok
1103005,2021,2093183,2045183,1,2683.242052935803,,,,,sin_anterior,sin_anterior,sin_anterior,sin_anterior
1103005,2022,2149726,2106556,1,2755.72427517779,2.7012927202256085,3.000856158104189,0,2.7012927202256107,ok,ok,ok,ok
1103005,2023,2020524,1984524,1,2590.100801394842,-6.010161294974337,-5.79296254170314,0,-6.01016129497434,ok,ok,ok,ok
1103005,2024,1791633,1752633,1,2296.6864383226552,-11.328298995706064,-11.684968284586127,0,-11.328298995706074,ok,ok,ok,ok
1103005,2025,1786052,1716052,1,2289.53217904507,-0.3115035277872198,-2.0872025118778432,0,-0.3115035277872069,ok,ok,ok,ok
1103006,2021,0,0,0,0,,,,,sin_anterior,sin_anterior,sin_anterior,sin_anterior
1103006,2022,0,0,0,0,,,,,sin_produccion,sin_produccion,sin_produccion,sin_produccion
1103006,2023,0,0,0,0,,,,,sin_produccion,sin_produccion,sin_produccion,sin_produccion
1103006,2024,0,0,0,0,,,,,sin_produccion,sin_produccion,sin_produccion,sin_produccion
1103006,2025,0,0,0,0,,,,,sin_produccion,sin_produccion,sin_produccion,sin_produccion
1104001,2021,2285680,2190380,1,4752.147783843426,,,,,sin_anterior,sin_anterior,sin_anterior,sin_anterior
1104001,2022,2443692,2355692,2,5080.66987600885,6.913128696930454,7.547183593714332,100,6.913128696930456,ok,ok,ok,ok
1104001,2023,1858708,1796158,2,3864.432074048881,-23.938532351867583,-23.752426038718134,0,-23.938532351867583,ok,ok,ok,ok
1104001,2024,6710974,6376774,3,13952.758138291823,261.05585169913724,255.02299909028048,50,261.0558516991373,ok,ok,ok,ok
1104001,2025,5910916,5564416,2,12289.360877237692,-11.921637604317942,-12.739325558660225,-33.333333333333336,-11.921637604317953,ok,ok,ok,ok
1104002,2021,8082878,7680642,6,53113.468926350266,,,,,sin_anterior,sin_anterior,sin_anterior,sin_anterior
1104002,2022,9569664,9224534,11,62883.301158277136,18.394265013031248,20.101080092002725,83.33333333333333,18.394265013031248,ok,ok,ok,ok
1104002,2023,11013593,10615658,12,72371.51539005894,15.088607081711542,15.080696759315972,9.090909090909092,15.088607081711542,ok,ok,ok,ok
1104002,2024,6855937,6643178,11,45051.10640176866,-37.75022374623794,-37.42094931845016,-8.333333333333334,-37.75022374623794,ok,ok,ok,ok
1104002,2025,5887727,5665484,10,38688.893369581165,-14.122212616597848,-14.717263333904345,-9.090909090909092,-14.122212616597846,ok,ok,ok,ok
1104003,2021,0,0,0,0,,,,,sin_anterior,sin_anterior,sin_anterior,sin_anterior
1104003,2022,0,0,0,0,,,,,sin_produccion,sin_produccion,sin_produccion,sin_produccion
1104003,2023,0,0,0,0,,,,,sin_produccion,sin_produccion,sin_produccion,sin_produccion
1104003,2024,0,0,0,0,,,,,sin_produccion,sin_produccion,sin_produccion,sin_produccion
1104003,2025,99315,91285,1,464.3485097954583,,,,,sin_base,sin_base,sin_base,sin_base
1104004,2021,0,0,0,0,,,,,sin_anterior,sin_anterior,sin_anterior,sin_anterior
1104004,2022,0,0,0,0,,,,,sin_produccion,sin_produccion,sin_produccion,sin_produccion
1104004,2023,0,0,0,0,,,,,sin_produccion,sin_produccion,sin_produccion,sin_produccion
1104004,2024,0,0,0,0,,,,,sin_produccion,sin_produccion,sin_produccion,sin_produccion
1104004,2025,0,0,0,0,,,,,sin_produccion,sin_produccion,sin_produccion,sin_produccion
1104005,2021,3303327,3106547,3,6279.204193329578,,,,,sin_anterior,sin_anterior,sin_anterior,sin_anterior
1104005,2022,3422537,3178077,3,6505.807230778434,3.6087859300638416,2.3025565040541798,0,3.6087859300638394,ok,ok,ok,ok
1104005,2023,3676088,3366428,3,6987.775410865634,7.408276375098356,5.926571319700561,0,7.408276375098358,ok,ok,ok,ok
1104005,2024,3696487,3402962,3,7026.551313566072,0.5549105462110809,1.0852452510494803,0,0.5549105462110877,ok,ok,ok,ok
1104005,2025,3237071,2900021,3,6153.259970116665,-12.428448957077356,-14.779506794375019,0,-12.428448957077354,ok,ok,ok,ok
1104006,2021,5503381,5379090,5,14400.124888430768,,,,,sin_anterior,sin_anterior,sin_anterior,sin_anterior
1104006,2022,5876527,5709474,5,15376.497231471962,6.78030468906296,6.142005432145586,0,6.78030468906296,ok,ok,ok,ok
1104006,2023,6675379,6505925,5,17466.770205008175,13.593947581624317,13.949638793345937,0,13.593947581624322,ok,ok,ok,ok
1104006,2024,6855613,6681045,5,17938.369774280487,2.699981529138645,2.6917002578418905,0,2.6999815291386384,ok,ok,ok,ok
1104006,2025,4798542,4682709,4,12555.845957672265,-30.00564646808389,-29.91053046342301,-20,-30.005646468083896,ok,ok,ok,ok
1105000,2021,0,0,0,0,,,,,sin_anterior,sin_anterior,sin_anterior,sin_anterior
1105000,2022,0,0,0,0,,,,,sin_produccion,sin_produccion,sin_produccion,sin_produccion
1105000,2023,0,0,0,0,,,,,sin_produccion,sin_produccion,sin_produccion,sin_produccion
1105000,2024,0,0,0,0,,,,,sin_produccion,sin_produccion,sin_produccion,sin_produccion
1105000,2025,0,0,0,0,,,,,sin_produccion,sin_produccion,sin_produccion,sin_produccion
1105001,2021,4349927,4207582,4,19246.00137386608,,,,,sin_anterior,sin_anterior,sin_anterior,sin_anterior
1105001,2022,4294178,4176523,9,18999.34313555733,-1.2816077143363556,-0.7381674320310335,125,-1.281607714336352,ok,ok,ok,ok
1105001,2023,4729607,4612557,12,20925.87365715485,10.139984881856318,10.440119688075464,33.333333333333336,10.139984881856323,ok,ok,ok,ok
1105001,2024,4602467,4476452,14,20363.350052810838,-2.688172611381876,-2.9507494433131125,16.666666666666668,-2.6881726113818813,ok,ok,ok,ok
1105001,2025,4566456,4480576,13,20204.02145822194,-0.782428206437982,0.09212653235196089,-7.142857142857143,-0.782428206437986,ok,ok,ok,ok
1105002,2021,6572297,6284167,16,45491.26155759312,,,,,sin_anterior,sin_anterior,sin_anterior,sin_anterior
1105002,2022,6942524,6683004,18,48053.8501461312,5.6331446981169595,6.346696387922218,12.5,5.633144698116964,ok,ok,ok,ok
1105002,2023,7124269,6866019,18,49311.828799832445,2.6178519512500067,2.7385139975974875,0,2.6178519512500027,ok,ok,ok,ok
1105002,2024,6710372,6538382,18,46446.970944975445,-5.809676754204537,-4.771862705302738,0,-5.80967675420453,ok,ok,ok,ok
1105002,2025,8430333,8126667,19,58351.970935064055,25.631380793792058,24.291713148604654,5.555555555555555,25.631380793792054,ok,ok,ok,ok
1201001,2021,2428047,2307517,8,16782.348769485652,,,,,sin_anterior,sin_anterior,sin_anterior,sin_anterior
1201001,2022,2490849,2345919,8,17216.428121088502,2.5865232427543616,1.6642130913878423,0,2.586523242754378,ok,ok,ok,ok
1201001,2023,2468425,2325041,6,17061.436315408075,-0.9002552944799143,-0.8899710518564367,-25,-0.9002552944799093,ok,ok,ok,ok
1201001,2024,1920230,1768318,7,13272.382938892632,-22.208290711688626,-23.94465301902203,16.666666666666668,-22.208290711688633,ok,ok,ok,ok
1201001,2025,1582408,1432273,4,10937.400697607689,-17.59278836389391,-19.00365205805743,-42.857142857142854,-17.592788363893906,ok,ok,ok,ok
1201002,2021,10073334,9653599,10,24114.614211702716,,,,,sin_anterior,sin_anterior,sin_anterior,sin_anterior
1201002,2022,9117910,8662757,10,21827.419012119157,-9.484685010940767,-10.263964765886795,0,-9.484685010940764,ok,ok,ok,ok
1201002,2023,11801017,11268189,12,28250.524827305966,29.4267765310252,30.076244779808555,20,29.426776531025183,ok,ok,ok,ok
1201002,2024,10656460,10118785,11,25510.56301344138,-9.698799688196365,-10.200432385363788,-8.333333333333334,-9.698799688196358,ok,ok,ok,ok
1201002,2025,9564399,9088249,9,22896.271686394517,-10.247877813082393,-10.184384785327488,-18.181818181818183,-10.247877813082397,ok,ok,ok,ok
1201003,2021,16324670,15570931,9,32896.18290763348,,,,,sin_anterior,sin_anterior,sin_anterior,sin_anterior
1201003,2022,14521534,13749203,8,29262.645956299177,-11.045466769006662,-11.699544490949192,-11.11111111111111,-11.045466769006664,ok,ok,ok,ok
1201003,2023,16793271,16100511,8,33840.47055367472,15.643918886255404,17.10141307827079,0,15.643918886255415,ok,ok,ok,ok
1201003,2024,15309060,14445530,8,30849.606019842082,-8.83812927213525,-10.27905884477828,0,-8.83812927213526,ok,ok,ok,ok
1201003,2025,14364703,13534286,7,28946.612538068544,-6.168615186040162,-6.30813822684249,-12.5,-6.1686151860401575,ok,ok,ok,ok
1201004,2021,3668096,3551124,3,5559.800388892116,,,,,sin_anterior,sin_anterior,sin_anterior,sin_anterior
1201004,2022,3777648,3634468,3,5725.850364738961,2.986617580346861,2.3469752112288953,0,2.9866175803468593,ok,ok,ok,ok
1201004,2023,3596757,3409760,3,5451.670558063486,-4.788455674006683,-6.1826930378806475,0,-4.788455674006673,ok,ok,ok,ok
1201004,2024,1041136,1015236,3,1578.06893213525,-71.05347956506375,-70.22558772464924,0,-71.05347956506375,ok,ok,ok,ok
1201004,2025,1090987,1060837,2,1653.6290072223417,4.788135267630742,4.4916649921791585,-33.333333333333336,4.78813526763074,ok,ok,ok,ok
1201005,2021,7220052,6910258,2,16486.932693609462,,,,,sin_anterior,sin_anterior,sin_anterior,sin_anterior
1201005,2022,6854457,6598006,2,15652.099349179234,-5.063606190093922,-4.518673543013879,0,-5.0636061900939255,ok,ok,ok,ok
1201005,2023,7452727,7109897,3,17018.244249881573,8.72818955608008,7.758268179810688,50,8.72818955608007,ok,ok,ok,ok
1201005,2024,5588834,5246029,3,12762.059053557528,-25.009543486565388,-26.215119572055684,0,-25.00954348656538,ok,ok,ok,ok
1201005,2025,6060325,5679404,3,13838.705091929913,8.43630352950186,8.261010375657474,0,8.436303529501851,ok,ok,ok,ok
1202001,2021,0,0,0,0,,,,,sin_anterior,sin_anterior,sin_anterior,sin_anterior
1202001,2022,0,0,0,0,,,,,sin_produccion,sin_produccion,sin_produccion,sin_produccion
1202001,2023,0,0,0,0,,,,,sin_produccion,sin_produccion,sin_produccion,sin_produccion
1202001,2024,0,0,0,0,,,,,sin_produccion,sin_produccion,sin_produccion,sin_produccion
1202001,2025,0,0,0,0,,,,,sin_produccion,sin_produccion,sin_produccion,sin_produccion
1202002,2021,0,0,0,0,,,,,sin_anterior,sin_anterior,sin_anterior,sin_anterior
1202002,2022,0,0,0,0,,,,,sin_produccion,sin_produccion,sin_produccion,sin_produccion
1202002,2023,0,0,0,0,,,,,sin_produccion,sin_produccion,sin_produccion,sin_produccion
1202002,2024,0,0,0,0,,,,,sin_produccion,sin_produccion,sin_produccion,sin_produccion
1202002,2025,0,0,0,0,,,,,sin_produccion,sin_produccion,sin_produccion,sin_produccion
1202003,2021,0,0,0,0,,,,,sin_anterior,sin_anterior,sin_anterior,sin_anterior
1202003,2022,0,0,0,0,,,,,sin_produccion,sin_produccion,sin_produccion,sin_produccion
1202003,2023,0,0,0,0,,,,,sin_produccion,sin_produccion,sin_produccion,sin_produccion
1202003,2024,0,0,0,0,,,,,sin_produccion,sin_produccion,sin_produccion,sin_produccion
1202003,2025,0,0,0,0,,,,,sin_produccion,sin_produccion,sin_produccion,sin_produccion
1202004,2021,21046865,20107612,20,24146.392032505562,,,,,sin_anterior,sin_anterior,sin_anterior,sin_anterior
1202004,2022,20130677,19473482,21,23095.278974884997,-4.353085364494902,-3.1536813023843906,5,-4.353085364494912,ok,ok,ok,ok
1202004,2023,17367458,16659142,19,19925.126591351014,-13.726408704486193,-14.45216628438612,-9.523809523809524,-13.726408704486188,ok,ok,ok,ok
1202004,2024,15741904,15110168,18,18060.18071204749,-9.359769288055857,-9.29804187994796,-5.2631578947368425,-9.359769288055857,ok,ok,ok,ok
1202004,2025,15423038,14675429,17,17694.355994597317,-2.0255872478958072,-2.8771288313935357,-5.555555555555555,-2.025587247895817,ok,ok,ok,ok
1202005,2021,0,0,0,0,,,,,sin_anterior,sin_anterior,sin_anterior,sin_anterior
1202005,2022,0,0,0,0,,,,,sin_produccion,sin_produccion,sin_produccion,sin_produccion
1202005,2023,0,0,0,0,,,,,sin_produccion,sin_produccion,sin_produccion,sin_produccion
1202005,2024,0,0,0,0,,,,,sin_produccion,sin_produccion,sin_produccion,sin_produccion
1202005,2025,0,0,0,0,,,,,sin_produccion,sin_produccion,sin_produccion,sin_produccion
1202006,2021,0,0,0,0,,,,,sin_anterior,sin_anterior,sin_anterior,sin_anterior
1202006,2022,0,0,0,0,,,,,sin_produccion,sin_produccion,sin_produccion,sin_produccion
1202006,2023,0,0,0,0,,,,,sin_produccion,sin_produccion,sin_produccion,sin_produccion
1202006,2024,0,0,0,0,,,,,sin_produccion,sin_produccion,sin_produccion,sin_produccion
1202006,2025,0,0,0,0,,,,,sin_produccion,sin_produccion,sin_produccion,sin_produccion
1203001,2021,1704641,1656481,4,2961.711202520593,,,,,sin_anterior,sin_anterior,sin_anterior,sin_anterior
1203001,2022,2156855,2108555,4,3747.405826630096,26.528400994696245,27.29122760840601,0,26.528400994696238,ok,ok,ok,ok
1203001,2023,2192145,2137000,5,3808.7200789195526,1.6361786026413458,1.3490281258966448,25,1.6361786026413496,ok,ok,ok,ok
1203001,2024,2345001,2307026,6,4074.298184557331,6.972896409680929,7.95629386991109,20,6.972896409680931,ok,ok,ok,ok
1203001,2025,2499513,2458768,6,4342.753490585909,6.588995057997843,6.577385777186733,0,6.5889950579978445,ok,ok,ok,ok
1203002,2021,2444201,2344501,3,7457.02270544544,,,,,sin_anterior,sin_anterior,sin_anterior,sin_anterior
1203002,2022,2482676,2390366,1,7574.406238384022,1.5741340421675631,1.9562798224440936,-66.66666666666667,1.5741340421675727,ok,ok,ok,ok
1203002,2023,2682352,2587927,3,8183.598553472889,8.042773201174862,8.264884959039746,200,8.04277320117486,ok,ok,ok,ok
1203002,2024,2535423,2442298,3,7735.332273781328,-5.477618150041456,-5.627245281648207,0,-5.477618150041457,ok,ok,ok,ok
1203002,2025,3033677,2913252,1,9255.457415322066,19.65171097682714,19.283232431095634,-66.66666666666667,19.651710976827143,ok,ok,ok,ok
1203003,2021,5169020,5057900,3,7427.143575284798,,,,,sin_anterior,sin_anterior,sin_anterior,sin_anterior
1203003,2022,5480210,5361815,4,7874.279165627431,6.020290113019489,6.008719033591016,33.333333333333336,6.020290113019489,ok,ok,ok,ok
1203003,2023,5293064,5161884,5,7605.3770891138465,-3.4149421281301264,-3.7287933283785435,25,-3.414942128130128,ok,ok,ok,ok
1203003,2024,5240767,5117887,5,7530.233768415403,-0.9880288619219416,-0.8523438341504769,0,-0.9880288619219446,ok,ok,ok,ok
1203003,2025,5556733,5435583,5,7984.2317887187555,6.029003006620977,6.2075618316699845,0,6.029003006620978,ok,ok,ok,ok
1203004,2021,9232801,8498896,9,26433.49180871637,,,,,sin_anterior,sin_anterior,sin_anterior,sin_anterior
1203004,2022,9660840,9066500,8,27658.966656523786,4.636068729305441,6.6785615449347775,-11.11111111111111,4.636068729305439,ok,ok,ok,ok
1203004,2023,8790197,8219734,8,25166.317393443576,-9.012083835360071,-9.339502564385375,0,-9.012083835360063,ok,ok,ok,ok
1203004,2024,9687823,7929448,9,27736.21893451338,10.211671023982738,-3.531574136097348,12.5,10.211671023982735,ok,ok,ok,ok
1203004,2025,7390944,6784582,7,21160.258699681865,-23.708928208122714,-14.438155089736386,-22.22222222222222,-23.708928208122718,ok,ok,ok,ok
1203005,2021,12061931,11380634,27,69190.0255812758,,,,,sin_anterior,sin_anterior,sin_anterior,sin_anterior
1203005,2022,12265033,11753579,29,70355.06562134967,1.6838265780164055,3.2770142682736303,7.407407407407407,1.6838265780164068,ok,ok,ok,ok
1203005,2023,9318738,8730215,27,53454.43615994875,-24.02190846123284,-25.72292235411869,-6.896551724137931,-24.021908461232844,ok,ok,ok,ok
1203005,2024,13947895,13238022,31,80008.3512212886,49.67579300974016,51.63454737369011,14.814814814814815,49.67579300974017,ok,ok,ok,ok
1203005,2025,15062084,14422672,30,86399.59698553447,7.98822331255003,8.948844472384167,-3.225806451612903,7.988223312550021,ok,ok,ok,ok
1301001,2021,0,0,0,0,,,,,sin_anterior,sin_anterior,sin_anterior,sin_anterior
1301001,2022,0,0,0,0,,,,,sin_produccion,sin_produccion,sin_produccion,sin_produccion
1301001,2023,0,0,0,0,,,,,sin_produccion,sin_produccion,sin_produccion,sin_produccion
1301001,2024,0,0,0,0,,,,,sin_produccion,sin_produccion,sin_produccion,sin_produccion
1301001,2025,0,0,0,0,,,,,sin_produccion,sin_produccion,sin_produccion,sin_produccion
1301002,2021,23000,21000,1,462.63966916622104,,,,,sin_anterior,sin_anterior,sin_anterior,sin_anterior
1301002,2022,11450,8000,1,230.3140961718796,-50.21739130434783,-61.904761904761905,0,-50.21739130434782,ok,ok,ok,ok
1301002,2023,7000,5000,1,140.80337757232815,-38.8646288209607,-37.5,0,-38.864628820960704,ok,ok,ok,ok
1301002,2024,7000,5000,1,140.80337757232815,0,0,0,0,ok,ok,ok,ok
1301002,2025,6000,4000,1,120.68860934770984,-14.285714285714286,-20,0,-14.285714285714281,ok,ok,ok,ok
1301003,2021,43500,35500,1,398.7235137437582,,,,,sin_anterior,sin_anterior,sin_anterior,sin_anterior
1301003,2022,8000,0,0,73.32846229770266,-81.60919540229885,-100,-100,-81.60919540229885,ok,ok,ok,ok
1301003,2023,8000,0,0,73.32846229770266,0,,,0,ok,sin_produccion,sin_produccion,ok
1301003,2024,0,0,0,0,-100,,,-100,ok,sin_produccion,sin_produccion,ok
1301003,2025,0,0,0,0,,,,,sin_produccion,sin_produccion,sin_produccion,sin_produccion
1301004,2021,0,0,0,0,,,,,sin_anterior,sin_anterior,sin_anterior,sin_anterior
1301004,2022,0,0,0,0,,,,,sin_produccion,sin_produccion,sin_produccion,sin_produccion
1301004,2023,0,0,0,0,,,,,sin_produccion,sin_produccion,sin_produccion,sin_produccion
1301004,2024,0,0,0,0,,,,,sin_produccion,sin_produccion,sin_produccion,sin_produccion
1301004,2025,0,0,0,0,,,,,sin_produccion,sin_produccion,sin_produccion,sin_produccion
1301005,2021,536950,508300,2,5102.65818003052,,,,,sin_anterior,sin_anterior,sin_anterior,sin_anterior
1301005,2022,508000,475000,2,4827.545126092754,-5.391563460284943,-6.551249262246705,0,-5.391563460284946,ok,ok,ok,ok
1301005,2023,506500,474000,2,4813.290563712559,-0.2952755905511811,-0.21052631578947367,0,-0.2952755905511832,ok,ok,ok,ok
1301005,2024,508000,472900,2,4827.545126092754,0.29615004935834155,-0.2320675105485232,0,0.2961500493583436,ok,ok,ok,ok
1301005,2025,495270,460900,2,4706.571406692831,-2.5059055118110236,-2.5375343624444913,0,-2.505905511811021,ok,ok,ok,ok
1301006,2021,118057,109157,0,822.7533455762042,,,,,sin_anterior,sin_anterior,sin_anterior,sin_anterior
1301006,2022,155121,146021,0,1081.0567922200833,31.39500410818503,33.77154007530438,,31.395004108185027,ok,ok,sin_produccion,ok
1301006,2023,159104,151804,0,1108.8147953493346,2.5676729778688894,3.9603892590791734,,2.5676729778688974,ok,ok,sin_produccion,ok
1301006,2024,152857,145227,0,1065.2787055807096,-3.9263626307320996,-4.3325604068404,,-3.9263626307321156,ok,ok,sin_produccion,ok
1301006,2025,134941,127211,0,940.4199598956316,-11.720758617531418,-12.405406708119013,,-11.720758617531406,ok,ok,sin_produccion,ok
1301007,2021,0,0,0,0,,,,,sin_anterior,sin_anterior,sin_anterior,sin_anterior
1301007,2022,0,0,0,0,,,,,sin_produccion,sin_produccion,sin_produccion,sin_produccion
1301007,2023,0,0,0,0,,,,,sin_produccion,sin_produccion,sin_produccion,sin_produccion
1301007,2024,0,0,0,0,,,,,sin_produccion,sin_produccion,sin_produccion,sin_produccion
1301007,2025,0,0,0,0,,,,,sin_produccion,sin_produccion,sin_produccion,sin_produccion
1302001,2021,0,0,0,0,,,,,sin_anterior,sin_anterior,sin_anterior,sin_anterior
1302001,2022,0,0,0,0,,,,,sin_produccion,sin_produccion,sin_produccion,sin_produccion
1302001,2023,0,0,0,0,,,,,sin_produccion,sin_produccion,sin_produccion,sin_produccion
1302001,2024,0,0,0,0,,,,,sin_produccion,sin_produccion,sin_produccion,sin_produccion
1302001,2025,0,0,0,0,,,,,sin_produccion,sin_produccion,sin_produccion,sin_produccion
1302002,2021,0,0,0,0,,,,,sin_anterior,sin_anterior,sin_anterior,sin_anterior
1302002,2022,0,0,0,0,,,,,sin_produccion,sin_produccion,sin_produccion,sin_produccion
1302002,2023,0,0,0,0,,,,,sin_produccion,sin_produccion,sin_produccion,sin_produccion
1302002,2024,0,0,0,0,,,,,sin_produccion,sin_produccion,sin_produccion,sin_produccion
1302002,2025,0,0,0,0,,,,,sin_produccion,sin_produccion,sin_produccion,sin_produccion
1302003,2021,0,0,0,0,,,,,sin_anterior,sin_anterior,sin_anterior,sin_anterior
1302003,2022,0,0,0,0,,,,,sin_produccion,sin_produccion,sin_produccion,sin_produccion
1302003,2023,0,0,0,0,,,,,sin_produccion,sin_produccion,sin_produccion,sin_produccion
1302003,2024,0,0,0,0,,,,,sin_produccion,sin_produccion,sin_produccion,sin_produccion
1302003,2025,0,0,0,0,,,,,sin_produccion,sin_produccion,sin_produccion,sin_produccion
1302004,2021,0,0,0,0,,,,,sin_anterior,sin_anterior,sin_anterior,sin_anterior
1302004,2022,0,0,0,0,,,,,sin_produccion,sin_produccion,sin_produccion,sin_produccion
1302004,2023,0,0,0,0,,,,,sin_produccion,sin_produccion,sin_produccion,sin_produccion
1302004,2024,0,0,0,0,,,,,sin_produccion,sin_produccion,sin_produccion,sin_produccion
1302004,2025,0,0,0,0,,,,,sin_produccion,sin_produccion,sin_produccion,sin_produccion
1302005,2021,0,0,0,0,,,,,sin_anterior,sin_anterior,sin_anterior,sin_anterior
1302005,2022,0,0,0,0,,,,,sin_produccion,sin_produccion,sin_produccion,sin_produccion
1302005,2023,0,0,0,0,,,,,sin_produccion,sin_produccion,sin_produccion,sin_produccion
1302005,2024,0,0,0,0,,,,,sin_produccion,sin_produccion,sin_produccion,sin_produccion
1302005,2025,0,0,0,0,,,,,sin_produccion,sin_produccion,sin_produccion,sin_produccion
1302006,2021,0,0,0,0,,,,,sin_anterior,sin_anterior,sin_anterior,sin_anterior
1302006,2022,0,0,0,0,,,,,sin_produccion,sin_produccion,sin_produccion,sin_produccion
1302006,2023,0,0,0,0,,,,,sin_produccion,sin_produccion,sin_produccion,sin_produccion
1302006,2024,0,0,0,0,,,,,sin_produccion,sin_produccion,sin_produccion,sin_produccion
1302006,2025,0,0,0,0,,,,,sin_produccion,sin_produccion,sin_produccion,sin_produccion
1302007,2021,0,0,0,0,,,,,sin_anterior,sin_anterior,sin_anterior,sin_anterior
1302007,2022,0,0,0,0,,,,,sin_produccion,sin_produccion,sin_produccion,sin_produccion
1302007,2023,0,0,0,0,,,,,sin_produccion,sin_produccion,sin_produccion,sin_produccion
1302007,2024,0,0,0,0,,,,,sin_produccion,sin_produccion,sin_produccion,sin_produccion
1302007,2025,0,0,0,0,,,,,sin_produccion,sin_produccion,sin_produccion,sin_produccion
1303001,2021,0,0,0,0,,,,,sin_anterior,sin_anterior,sin_anterior,sin_anterior
1303001,2022,0,0,0,0,,,,,sin_produccion,sin_produccion,sin_produccion,sin_produccion
1303001,2023,0,0,0,0,,,,,sin_produccion,sin_produccion,sin_produccion,sin_produccion
1303001,2024,0,0,0,0,,,,,sin_produccion,sin_produccion,sin_produccion,sin_produccion
1303001,2025,0,0,0,0,,,,,sin_produccion,sin_produccion,sin_produccion,sin_produccion
1303002,2021,833068,804268,2,2562.792779448128,,,,,sin_anterior,sin_anterior,sin_anterior,sin_anterior
1303002,2022,857957,832157,2,2639.359577701913,2.987631261793755,3.4676252194542116,0,2.9876312617937506,ok,ok,ok,ok
1303002,2023,690000,690000,2,2122.6682789630718,-19.57638902648967,-17.08295429828746,0,-19.57638902648967,ok,ok,ok,ok
1303002,2024,0,0,0,0,-100,-100,-100,-100,ok,ok,ok,ok
1303002,2025,0,0,0,0,,,,,sin_produccion,sin_produccion,sin_produccion,sin_produccion
1303003,2021,52000,47500,1,164.20060059759368,,,,,sin_anterior,sin_anterior,sin_anterior,sin_anterior
1303003,2022,0,0,0,0,-100,-100,-100,-100.00000000000001,ok,ok,ok,ok
1303003,2023,0,0,0,0,,,,,sin_produccion,sin_produccion,sin_produccion,sin_produccion
1303003,2024,0,0,0,0,,,,,sin_produccion,sin_produccion,sin_produccion,sin_produccion
1303003,2025,0,0,0,0,,,,,sin_produccion,sin_produccion,sin_produccion,sin_produccion
1303004,2021,0,0,0,0,,,,,sin_anterior,sin_anterior,sin_anterior,sin_anterior
1303004,2022,0,0,0,0,,,,,sin_produccion,sin_produccion,sin_produccion,sin_produccion
1303004,2023,0,0,0,0,,,,,sin_produccion,sin_produccion,sin_produccion,sin_produccion
1303004,2024,0,0,0,0,,,,,sin_produccion,sin_produccion,sin_produccion,sin_produccion
1303004,2025,0,0,0,0,,,,,sin_produccion,sin_produccion,sin_produccion,sin_produccion
1303005,2021,724624,668854,2,1306.5662399828016,,,,,sin_anterior,sin_anterior,sin_anterior,sin_anterior
1303005,2022,689878,648571,2,1243.9158853513757,-4.795038530327453,-3.0325003662981755,0,-4.795038530327446,ok,ok,ok,ok
1303005,2023,693354,656529,2,1250.1834451481534,0.5038572037374724,1.2270052160827418,0,0.5038572037374779,ok,ok,ok,ok
1303005,2024,630394,593594,2,1136.660555388337,-9.080498562062091,-9.586019810244483,0,-9.0804985620621,ok,ok,ok,ok
1303005,2025,646705,609905,2,1166.070845332307,2.5874294488843486,2.747837747686129,0,2.587429448884343,ok,ok,ok,ok
1303006,2021,3416020,3277020,1,7556.320567794892,,,,,sin_anterior,sin_anterior,sin_anterior,sin_anterior
1303006,2022,3495372,3335372,1,7731.849150676626,2.322937219337123,1.7806421687997023,0,2.3229372193371276,ok,ok,ok,ok
1303006,2023,3086676,2997251,1,6827.803509616122,-11.692489383104288,-10.137429947843899,0,-11.692489383104292,ok,ok,ok,ok
1303006,2024,2806737,2714737,1,6208.5715310481,-9.069270632874977,-9.42577048101744,0,-9.069270632874979,ok,ok,ok,ok
1303006,2025,3116840,3015040,1,6894.527022243965,11.048523605881135,11.061955541181337,0,11.048523605881131,ok,ok,ok,ok
1304001,2021,0,0,0,0,,,,,sin_anterior,sin_anterior,sin_anterior,sin_anterior
1304001,2022,0,0,0,0,,,,,sin_produccion,sin_produccion,sin_produccion,sin_produccion
1304001,2023,0,0,0,0,,,,,sin_produccion,sin_produccion,sin_produccion,sin_produccion
1304001,2024,0,0,0,0,,,,,sin_produccion,sin_produccion,sin_produccion,sin_produccion
1304001,2025,0,0,0,0,,,,,sin_produccion,sin_produccion,sin_produccion,sin_produccion
1304002,2021,10000,0,0,39.77157677832241,,,,,sin_anterior,sin_anterior,sin_anterior,sin_anterior
1304002,2022,0,0,0,0,-100,,,-100,ok,sin_produccion,sin_produccion,ok
1304002,2023,0,0,0,0,,,,,sin_produccion,sin_produccion,sin_produccion,sin_produccion
1304002,2024,0,0,0,0,,,,,sin_produccion,sin_produccion,sin_produccion,sin_produccion
1304002,2025,0,0,0,0,,,,,sin_produccion,sin_produccion,sin_produccion,sin_produccion
1304003,2021,0,0,0,0,,,,,sin_anterior,sin_anterior,sin_anterior,sin_anterior
1304003,2022,0,0,0,0,,,,,sin_produccion,sin_produccion,sin_produccion,sin_produccion
1304003,2023,0,0,0,0,,,,,sin_produccion,sin_produccion,sin_produccion,sin_produccion
1304003,2024,0,0,0,0,,,,,sin_produccion,sin_produccion,sin_produccion,sin_produccion
1304003,2025,0,0,0,0,,,,,sin_produccion,sin_produccion,sin_produccion,sin_produccion
1304004,2021,0,0,0,0,,,,,sin_anterior,sin_anterior,sin_anterior,sin_anterior
1304004,2022,0,0,0,0,,,,,sin_produccion,sin_produccion,sin_produccion,sin_produccion
1304004,2023,0,0,0,0,,,,,sin_produccion,sin_produccion,sin_produccion,sin_produccion
1304004,2024,0,0,0,0,,,,,sin_produccion,sin_produccion,sin_produccion,sin_produccion
1304004,2025,0,0,0,0,,,,,sin_produccion,sin_produccion,sin_produccion,sin_produccion
1304005,2021,0,0,0,0,,,,,sin_anterior,sin_anterior,sin_anterior,sin_anterior
1304005,2022,0,0,0,0,,,,,sin_produccion,sin_produccion,sin_produccion,sin_produccion
1304005,2023,0,0,0,0,,,,,sin_produccion,sin_produccion,sin_produccion,sin_produccion
1304005,2024,0,0,0,0,,,,,sin_produccion,sin_produccion,sin_produccion,sin_produccion
1304005,2025,0,0,0,0,,,,,sin_produccion,sin_produccion,sin_produccion,sin_produccion
1305001,2021,0,0,0,0,,,,,sin_anterior,sin_anterior,sin_anterior,sin_anterior
1305001,2022,0,0,0,0,,,,,sin_produccion,sin_produccion,sin_produccion,sin_produccion
1305001,2023,0,0,0,0,,,,,sin_produccion,sin_produccion,sin_produccion,sin_produccion
1305001,2024,0,0,0,0,,,,,sin_produccion,sin_produccion,sin_produccion,sin_produccion
1305001,2025,0,0,0,0,,,,,sin_produccion,sin_produccion,sin_produccion,sin_produccion
1305002,2021,0,0,0,0,,,,,sin_anterior,sin_anterior,sin_anterior,sin_anterior
1305002,2022,0,0,0,0,,,,,sin_produccion,sin_produccion,sin_produccion,sin_produccion
1305002,2023,0,0,0,0,,,,,sin_produccion,sin_produccion,sin_produccion,sin_produccion
1305002,2024,0,0,0,0,,,,,sin_produccion,sin_produccion,sin_produccion,sin_produccion
1305002,2025,0,0,0,0,,,,,sin_produccion,sin_produccion,sin_produccion,sin_produccion
1305003,2021,0,0,0,0,,,,,sin_anterior,sin_anterior,sin_anterior,sin_anterior
1305003,2022,0,0,0,0,,,,,sin_produccion,sin_produccion,sin_produccion,sin_produccion
1305003,2023,0,0,0,0,,,,,sin_produccion,sin_produccion,sin_produccion,sin_produccion
1305003,2024,0,0,0,0,,,,,sin_produccion,sin_produccion,sin_produccion,sin_produccion
1305003,2025,0,0,0,0,,,,,sin_produccion,sin_produccion,sin_produccion,sin_produccion
1305004,2021,0,0,0,0,,,,,sin_anterior,sin_anterior,sin_anterior,sin_anterior
1305004,2022,0,0,0,0,,,,,sin_produccion,sin_produccion,sin_produccion,sin_produccion
1305004,2023,0,0,0,0,,,,,sin_produccion,sin_produccion,sin_produccion,sin_produccion
1305004,2024,0,0,0,0,,,,,sin_produccion,sin_produccion,sin_produccion,sin_produccion
1305004,2025,0,0,0,0,,,,,sin_produccion,sin_produccion,sin_produccion,sin_produccion
1305005,2021,0,0,0,0,,,,,sin_anterior,sin_anterior,sin_anterior,sin_anterior
1305005,2022,0,0,0,0,,,,,sin_produccion,sin_produccion,sin_produccion,sin_produccion
1305005,2023,0,0,0,0,,,,,sin_produccion,sin_produccion,sin_produccion,sin_produccion
1305005,2024,0,0,0,0,,,,,sin_produccion,sin_produccion,sin_produccion,sin_produccion
1305005,2025,0,0,0,0,,,,,sin_produccion,sin_produccion,sin_produccion,sin_produccion
1305006,2021,0,0,0,0,,,,,sin_anterior,sin_anterior,sin_anterior,sin_anterior
1305006,2022,0,0,0,0,,,,,sin_produccion,sin_produccion,sin_produccion,sin_produccion
1305006,2023,0,0,0,0,,,,,sin_produccion,sin_produccion,sin_produccion,sin_produccion
1305006,2024,0,0,0,0,,,,,sin_produccion,sin_produccion,sin_produccion,sin_produccion
1305006,2025,0,0,0,0,,,,,sin_produccion,sin_produccion,sin_produccion,sin_produccion
1401001,2021,0,0,0,0,,,,,sin_anterior,sin_anterior,sin_anterior,sin_anterior
1401001,2022,0,0,0,0,,,,,sin_produccion,sin_produccion,sin_produccion,sin_produccion
1401001,2023,0,0,0,0,,,,,sin_produccion,sin_produccion,sin_produccion,sin_produccion
1401001,2024,0,0,0,0,,,,,sin_produccion,sin_produccion,sin_produccion,sin_produccion
1401001,2025,0,0,0,0,,,,,sin_produccion,sin_produccion,sin_produccion,sin_produccion
1401002,2021,0,0,0,0,,,,,sin_anterior,sin_anterior,sin_anterior,sin_anterior
1401002,2022,0,0,0,0,,,,,sin_produccion,sin_produccion,sin_produccion,sin_produccion
1401002,2023,0,0,0,0,,,,,sin_produccion,sin_produccion,sin_produccion,sin_produccion
1401002,2024,0,0,0,0,,,,,sin_produccion,sin_produccion,sin_produccion,sin_produccion
1401002,2025,0,0,0,0,,,,,sin_produccion,sin_produccion,sin_produccion,sin_produccion
1401003,2021,0,0,0,0,,,,,sin_anterior,sin_anterior,sin_anterior,sin_anterior
1401003,2022,0,0,0,0,,,,,sin_produccion,sin_produccion,sin_produccion,sin_produccion
1401003,2023,0,0,0,0,,,,,sin_produccion,sin_produccion,sin_produccion,sin_produccion
1401003,2024,0,0,0,0,,,,,sin_produccion,sin_produccion,sin_produccion,sin_produccion
1401003,2025,0,0,0,0,,,,,sin_produccion,sin_produccion,sin_produccion,sin_produccion
1401004,2021,0,0,0,0,,,,,sin_anterior,sin_anterior,sin_anterior,sin_anterior
1401004,2022,0,0,0,0,,,,,sin_produccion,sin_produccion,sin_produccion,sin_produccion
1401004,2023,0,0,0,0,,,,,sin_produccion,sin_produccion,sin_produccion,sin_produccion
1401004,2024,0,0,0,0,,,,,sin_produccion,sin_produccion,sin_produccion,sin_produccion
1401004,2025,0,0,0,0,,,,,sin_produccion,sin_produccion,sin_produccion,sin_produccion
1401005,2021,0,0,0,0,,,,,sin_anterior,sin_anterior,sin_anterior,sin_anterior
1401005,2022,0,0,0,0,,,,,sin_produccion,sin_produccion,sin_produccion,sin_produccion
1401005,2023,0,0,0,0,,,,,sin_produccion,sin_produccion,sin_produccion,sin_produccion
1401005,2024,0,0,0,0,,,,,sin_produccion,sin_produccion,sin_produccion,sin_produccion
1401005,2025,0,0,0,0,,,,,sin_produccion,sin_produccion,sin_produccion,sin_produccion
1401006,2021,929863,852993,2,6257.532979406551,,,,,sin_anterior,sin_anterior,sin_anterior,sin_anterior
1401006,2022,963172,890022,2,6481.686608501432,3.582140594904841,4.341067277222674,0,3.5821405949048444,ok,ok,ok,ok
1401006,2023,910741,838011,2,6128.85107074666,-5.443576017575261,-5.843788131079906,0,-5.443576017575263,ok,ok,ok,ok
1401006,2024,759980,702195,1,5114.301691420555,-16.553663445480108,-16.206947164178036,-50,-16.5536634454801,ok,ok,ok,ok
1401006,2025,254007,239637,1,1709.345548215296,-66.57714676702018,-65.87315489287164,0,-66.5771467670202,ok,ok,ok,ok
1402001,2021,0,0,0,0,,,,,sin_anterior,sin_anterior,sin_anterior,sin_anterior
1402001,2022,0,0,0,0,,,,,sin_produccion,sin_produccion,sin_produccion,sin_produccion
1402001,2023,0,0,0,0,,,,,sin_produccion,sin_produccion,sin_produccion,sin_produccion
1402001,2024,0,0,0,0,,,,,sin_produccion,sin_produccion,sin_produccion,sin_produccion
1402001,2025,0,0,0,0,,,,,sin_produccion,sin_produccion,sin_produccion,sin_produccion
1402002,2021,0,0,0,0,,,,,sin_anterior,sin_anterior,sin_anterior,sin_anterior
1402002,2022,0,0,0,0,,,,,sin_produccion,sin_produccion,sin_produccion,sin_produccion
1402002,2023,0,0,0,0,,,,,sin_produccion,sin_produccion,sin_produccion,sin_produccion
1402002,2024,0,0,0,0,,,,,sin_produccion,sin_produccion,sin_produccion,sin_produccion
1402002,2025,0,0,0,0,,,,,sin_produccion,sin_produccion,sin_produccion,sin_produccion
1402003,2021,0,0,0,0,,,,,sin_anterior,sin_anterior,sin_anterior,sin_anterior
1402003,2022,0,0,0,0,,,,,sin_produccion,sin_produccion,sin_produccion,sin_produccion
1402003,2023,0,0,0,0,,,,,sin_produccion,sin_produccion,sin_produccion,sin_produccion
1402003,2024,0,0,0,0,,,,,sin_produccion,sin_produccion,sin_produccion,sin_produccion
1402003,2025,0,0,0,0,,,,,sin_produccion,sin_produccion,sin_produccion,sin_produccion
1402004,2021,0,0,0,0,,,,,sin_anterior,sin_anterior,sin_anterior,sin_anterior
1402004,2022,0,0,0,0,,,,,sin_produccion,sin_produccion,sin_produccion,sin_produccion
1402004,2023,0,0,0,0,,,,,sin_produccion,sin_produccion,sin_produccion,sin_produccion
1402004,2024,0,0,0,0,,,,,sin_produccion,sin_produccion,sin_produccion,sin_produccion
1402004,2025,0,0,0,0,,,,,sin_produccion,sin_produccion,sin_produccion,sin_produccion
1402005,2021,163070,163070,1,599.4347076076482,,,,,sin_anterior,sin_anterior,sin_anterior,sin_anterior
1402005,2022,47303,47303,0,173.8827495797178,-70.99221193352548,-70.99221193352548,-100,-70.99221193352548,ok,ok,ok,ok
1402005,2023,0,0,0,0,-100,-100,,-99.99999999999999,ok,ok,sin_produccion,ok
1402005,2024,0,0,0,0,,,,,sin_produccion,sin_produccion,sin_produccion,sin_produccion
1402005,2025,40,0,0,0.14703739684985542,,,,,sin_base,sin_produccion,sin_produccion,sin_base
1402006,2021,353400,65000,0,1017.1813179700575,,,,,sin_anterior,sin_anterior,sin_anterior,sin_anterior
1402006,2022,326780,65000,0,940.5617178445258,-7.5325410299943405,0,,-7.532541029994337,ok,ok,sin_produccion,ok
1402006,2023,399680,141000,2,1150.3877452356328,22.308586816818654,116.92307692307692,,22.30858681681866,ok,ok,sin_base,ok
1402006,2024,290980,100000,1,837.5195809364102,-27.19675740592474,-29.078014184397162,-50,-27.19675740592474,ok,ok,ok,ok
1402006,2025,102680,8500,0,295.54096697556736,-64.71235136435494,-91.5,-100,-64.71235136435494,ok,ok,ok,ok
1403001,2021,1333200,1300000,1,3404.437232640555,,,,,sin_anterior,sin_anterior,sin_anterior,sin_anterior
1403001,2022,1430449,1396149,1,3652.7706533104183,7.294404440444044,7.396076923076923,0,7.294404440444052,ok,ok,ok,ok
1403001,2023,1558255,1524055,1,3979.1339183530663,8.93467715381674,9.161343094469144,0,8.934677153816727,ok,ok,ok,ok
1403001,2024,1567399,1533199,1,4002.483883891069,0.5868102460765408,0.5999783472381246,0,0.5868102460765434,ok,ok,ok,ok
1403001,2025,1604238,1570038,1,4096.555338446458,2.350326879116294,2.4027539804030655,0,2.350326879116284,ok,ok,ok,ok
1403002,2021,1952540,1849270,2,4137.445059517331,,,,,sin_anterior,sin_anterior,sin_anterior,sin_anterior
1403002,2022,1493445,1413885,1,3164.6197450043846,-23.512706525858626,-23.543614507346142,-50,-23.51270652585862,ok,ok,ok,ok
1403002,2023,1375800,1282400,1,2915.329218804196,-7.877424344384962,-9.299554065571103,0,-7.87742434438496,ok,ok,ok,ok
1403002,2024,795300,760000,0,1685.245913443071,-42.19363279546446,-40.73611977542109,-100,-42.19363279546445,ok,ok,ok,ok
1403002,2025,784100,750000,0,1661.5130400235282,-1.4082736074437319,-1.3157894736842106,,-1.4082736074437305,ok,ok,sin_produccion,ok
1403003,2021,0,0,0,0,,,,,sin_anterior,sin_anterior,sin_anterior,sin_anterior
1403003,2022,0,0,0,0,,,,,sin_produccion,sin_produccion,sin_produccion,sin_produccion
1403003,2023,0,0,0,0,,,,,sin_produccion,sin_produccion,sin_produccion,sin_produccion
1403003,2024,0,0,0,0,,,,,sin_produccion,sin_produccion,sin_produccion,sin_produccion
1403003,2025,0,0,0,0,,,,,sin_produccion,sin_produccion,sin_produccion,sin_produccion
1403004,2021,0,0,0,0,,,,,sin_anterior,sin_anterior,sin_anterior,sin_anterior
1403004,2022,0,0,0,0,,,,,sin_produccion,sin_produccion,sin_produccion,sin_produccion
1403004,2023,0,0,0,0,,,,,sin_produccion,sin_produccion,sin_produccion,sin_produccion
1403004,2024,0,0,0,0,,,,,sin_produccion,sin_produccion,sin_produccion,sin_produccion
1403004,2025,0,0,0,0,,,,,sin_produccion,sin_produccion,sin_produccion,sin_produccion
1403005,2021,0,0,0,0,,,,,sin_anterior,sin_anterior,sin_anterior,sin_anterior
1403005,2022,0,0,0,0,,,,,sin_produccion,sin_produccion,sin_produccion,sin_produccion
1403005,2023,0,0,0,0,,,,,sin_produccion,sin_produccion,sin_produccion,sin_produccion
1403005,2024,0,0,0,0,,,,,sin_produccion,sin_produccion,sin_produccion,sin_produccion
1403005,2025,0,0,0,0,,,,,sin_produccion,sin_produccion,sin_produccion,sin_produccion
1403006,2021,137300,43800,0,1198.5337355794554,,,,,sin_anterior,sin_anterior,sin_anterior,sin_anterior
1403006,2022,1030800,930000,1,8998.168788312474,650.7647487254188,2023.2876712328766,,650.7647487254188,ok,ok,sin_base,ok
1403006,2023,1030800,930000,1,8998.168788312474,0,0,0,0,ok,ok,ok,ok
1403006,2024,2065730,1975000,1,18032.389611060076,100.40065968180055,112.36559139784946,0,100.40065968180053,ok,ok,ok,ok
1403006,2025,1314710,1314000,1,11476.5060998082,-36.35615496700924,-33.46835443037975,0,-36.35615496700924,ok,ok,ok,ok
1403007,2021,2173511,1947136,4,4997.444614855893,,,,,sin_anterior,sin_anterior,sin_anterior,sin_anterior
1403007,2022,2054323,1674502,4,4723.401636119901,-5.483662148477739,-14.001795457533525,0,-5.483662148477739,ok,ok,ok,ok
1403007,2023,2010451,1673868,4,4622.528951259803,-2.1355940618880282,-0.03786200315078752,0,-2.1355940618880194,ok,ok,ok,ok
1403007,2024,2035181,1748839,3,4679.389397480404,1.2300722574188578,4.478907536317081,-25,1.230072257418848,ok,ok,ok,ok
1403007,2025,2008827,1665727,2,4618.794969672166,-1.2949216801847108,-4.752410027452498,-33.333333333333336,-1.2949216801846992,ok,ok,ok,ok
1404001,2021,0,0,0,0,,,,,sin_anterior,sin_anterior,sin_anterior,sin_anterior
1404001,2022,0,0,0,0,,,,,sin_produccion,sin_produccion,sin_produccion,sin_produccion
1404001,2023,0,0,0,0,,,,,sin_produccion,sin_produccion,sin_produccion,sin_produccion
1404001,2024,0,0,0,0,,,,,sin_produccion,sin_produccion,sin_produccion,sin_produccion
1404001,2025,0,0,0,0,,,,,sin_produccion,sin_produccion,sin_produccion,sin_produccion
1404002,2021,0,0,0,0,,,,,sin_anterior,sin_anterior,sin_anterior,sin_anterior
1404002,2022,0,0,0,0,,,,,sin_produccion,sin_produccion,sin_produccion,sin_produccion
1404002,2023,0,0,0,0,,,,,sin_produccion,sin_produccion,sin_produccion,sin_produccion
1404002,2024,0,0,0,0,,,,,sin_produccion,sin_produccion,sin_produccion,sin_produccion
1404002,2025,0,0,0,0,,,,,sin_produccion,sin_produccion,sin_produccion,sin_produccion
1404003,2021,60100,0,0,720.5959243896677,,,,,sin_anterior,sin_anterior,sin_anterior,sin_anterior
1404003,2022,60100,0,0,720.5959243896677,0,,,0,ok,sin_produccion,sin_produccion,ok
1404003,2023,60100,0,0,720.5959243896677,0,,,0,ok,sin_produccion,sin_produccion,ok
1404003,2024,71550,0,0,857.8808384372833,19.051580698835274,,,19.05158069883527,ok,sin_produccion,sin_produccion,ok
1404003,2025,71550,0,0,857.8808384372833,0,,,0,ok,sin_produccion,sin_produccion,ok
1404004,2021,0,0,0,0,,,,,sin_anterior,sin_anterior,sin_anterior,sin_anterior
1404004,2022,0,0,0,0,,,,,sin_produccion,sin_produccion,sin_produccion,sin_produccion
1404004,2023,0,0,0,0,,,,,sin_produccion,sin_produccion,sin_produccion,sin_produccion
1404004,2024,0,0,0,0,,,,,sin_produccion,sin_produccion,sin_produccion,sin_produccion
1404004,2025,0,0,0,0,,,,,sin_produccion,sin_produccion,sin_produccion,sin_produccion
1404005,2021,138000,132000,1,568.4741235129984,,,,,sin_anterior,sin_anterior,sin_anterior,sin_anterior
1404005,2022,0,0,0,0,-100,-100,-100,-100,ok,ok,ok,ok
1404005,2023,128480,0,0,529.2576477460148,,,,,sin_base,sin_produccion,sin_produccion,sin_base
1404005,2024,130720,0,0,538.4850538088344,1.7434620174346203,,,1.7434620174346198,ok,sin_produccion,sin_produccion,ok
1404005,2025,150720,0,0,620.8726079411531,15.299877600979192,,,15.299877600979201,ok,sin_produccion,sin_produccion,ok
1404006,2021,77015,0,0,402.4214397310138,,,,,sin_anterior,sin_anterior,sin_anterior,sin_anterior
1404006,2022,97090,0,0,507.3180235471548,26.066350710900473,,,26.06635071090047,ok,sin_produccion,sin_produccion,ok
1404006,2023,0,0,0,0,-100,,,-100,ok,sin_produccion,sin_produccion,ok
1404006,2024,0,0,0,0,,,,,sin_produccion,sin_produccion,sin_produccion,sin_produccion
1404006,2025,0,0,0,0,,,,,sin_produccion,sin_produccion,sin_produccion,sin_produccion
1404007,2021,52000,0,0,328.69323770210855,,,,,sin_anterior,sin_anterior,sin_anterior,sin_anterior
1404007,2022,52000,0,0,328.69323770210855,0,,,0,ok,sin_produccion,sin_produccion,ok
1404007,2023,51250,0,0,323.95246985063585,-1.4423076923076923,,,-1.4423076923076854,ok,sin_produccion,sin_produccion,ok
1404007,2024,433750,0,0,2741.7440741017226,746.3414634146342,,,746.3414634146341,ok,sin_produccion,sin_produccion,ok
1404007,2025,543030,0,0,3432.505555180308,25.194236311239194,,,25.194236311239205,ok,sin_produccion,sin_produccion,ok
1405001,2021,144510,0,0,565.5280576078225,,,,,sin_anterior,sin_anterior,sin_anterior,sin_anterior
1405001,2022,221000,0,0,864.8654122990018,52.930593038544046,,,52.93059303854403,ok,sin_produccion,sin_produccion,ok
1405001,2023,111230,0,0,435.28950140279625,-49.66968325791855,,,-49.66968325791856,ok,sin_produccion,sin_produccion,ok
1405001,2024,60130,0,0,235.3138336721221,-45.94084329767149,,,-45.94084329767149,ok,sin_produccion,sin_produccion,ok
1405001,2025,159000,0,0,622.2334866766574,164.42707467154497,,,164.427074671545,ok,sin_produccion,sin_produccion,ok
1405002,2021,332714,295814,1,1120.1341197183724,,,,,sin_anterior,sin_anterior,sin_anterior,sin_anterior
1405002,2022,261430,0,0,880.145298718942,-21.42500766424016,-100,-100,-21.425007664240173,ok,ok,ok,ok
1405002,2023,213100,120000,1,717.4347364763285,-18.486784225222813,,,-18.486784225222806,ok,sin_base,sin_base,ok
1405002,2024,295050,193050,1,993.3323275332741,38.456123885499764,60.875,0,38.45612388549977,ok,ok,ok,ok
1405002,2025,360092,316092,1,1212.3064717373725,22.044399254363668,63.73581973581974,0,22.04439925436367,ok,ok,ok,ok
1405003,2021,0,0,0,0,,,,,sin_anterior,sin_anterior,sin_anterior,sin_anterior
1405003,2022,0,0,0,0,,,,,sin_produccion,sin_produccion,sin_produccion,sin_produccion
1405003,2023,0,0,0,0,,,,,sin_produccion,sin_produccion,sin_produccion,sin_produccion
1405003,2024,0,0,0,0,,,,,sin_produccion,sin_produccion,sin_produccion,sin_produccion
1405003,2025,0,0,0,0,,,,,sin_produccion,sin_produccion,sin_produccion,sin_produccion
1405004,2021,55300,42000,0,174.10196436132605,,,,,sin_anterior,sin_anterior,sin_anterior,sin_anterior
1405004,2022,43300,30000,0,136.32215292668025,-21.699819168173597,-28.571428571428573,,-21.699819168173605,ok,ok,sin_produccion,ok
1405004,2023,50000,37000,1,157.41588097769082,15.473441108545035,23.333333333333332,,15.473441108545035,ok,ok,sin_base,ok
1405004,2024,34000,25000,1,107.04279906482975,-32,-32.432432432432435,0,-32.00000000000001,ok,ok,ok,ok
1405004,2025,21800,15600,1,68.6333241062732,-35.88235294117647,-37.6,0,-35.88235294117647,ok,ok,ok,ok
1405005,2021,970590,916937,0,8036.507438667826,,,,,sin_anterior,sin_anterior,sin_anterior,sin_anterior
1405005,2022,952109,930155,0,7883.4843352214475,-1.904099568303815,1.4415385135510945,,-1.904099568303822,ok,ok,sin_produccion,ok
1405005,2023,765464,744114,1,6338.059458713184,-19.60332272880521,-20.0010750896356,,-19.603322728805207,ok,ok,sin_base,ok
1405005,2024,684047,654588,1,5663.92483324412,-10.636293803496963,-12.03122102258525,0,-10.636293803496962,ok,ok,ok,ok
1405005,2025,851754,699615,0,7052.542635834982,24.516882611867313,6.878677885937414,-100,24.516882611867306,ok,ok,ok,ok
1405006,2021,1658030,1637530,1,7031.942145701783,,,,,sin_anterior,sin_anterior,sin_anterior,sin_anterior
1405006,2022,2398469,2335469,1,10172.249745938983,44.6577564941527,42.621448156674994,0,44.657756494152714,ok,ok,ok,ok
1405006,2023,2544562,2481562,1,10791.851034149697,6.091093943678238,6.255403090342882,0,6.091093943678229,ok,ok,ok,ok
1405006,2024,1457997,1457997,1,6183.573610011135,-42.701455103078644,-41.246803424617234,0,-42.70145510307865,ok,ok,ok,ok
1405006,2025,1295753,1275753,1,5495.473622986027,-11.127869261733736,-12.49961419673703,0,-11.127869261733732,ok,ok,ok,ok
1405007,2021,1514273,1453575,0,4392.9181482315,,,,,sin_anterior,sin_anterior,sin_anterior,sin_anterior
1405007,2022,1542946,1473567,1,4476.098751771444,1.8935158983882034,1.3753676280893659,,1.8935158983882021,ok,ok,sin_base,ok
1405007,2023,1555277,1483577,1,4511.871081916564,0.799185454319205,0.6793040289311582,0,0.7991854543191983,ok,ok,ok,ok
1405007,2024,1602158,1551500,1,4647.873239854559,3.0143183497216253,4.578326571522745,0,3.014318349721623,ok,ok,ok,ok
1405007,2025,1561587,1494250,1,4530.17644265095,-2.532272098007812,-3.689977441185949,0,-2.5322720980078204,ok,ok,ok,ok
1501001,2021,0,0,0,0,,,,,sin_anterior,sin_anterior,sin_anterior,sin_anterior
1501001,2022,0,0,0,0,,,,,sin_produccion,sin_produccion,sin_produccion,sin_produccion
1501001,2023,0,0,0,0,,,,,sin_produccion,sin_produccion,sin_produccion,sin_produccion
1501001,2024,0,0,0,0,,,,,sin_produccion,sin_produccion,sin_produccion,sin_produccion
1501001,2025,0,0,0,0,,,,,sin_produccion,sin_produccion,sin_produccion,sin_produccion
1501002,2021,0,0,0,0,,,,,sin_anterior,sin_anterior,sin_anterior,sin_anterior
1501002,2022,0,0,0,0,,,,,sin_produccion,sin_produccion,sin_produccion,sin_produccion
1501002,2023,0,0,0,0,,,,,sin_produccion,sin_produccion,sin_produccion,sin_produccion
1501002,2024,0,0,0,0,,,,,sin_produccion,sin_produccion,sin_produccion,sin_produccion
1501002,2025,0,0,0,0,,,,,sin_produccion,sin_produccion,sin_produccion,sin_produccion
1501003,2021,0,0,0,0,,,,,sin_anterior,sin_anterior,sin_anterior,sin_anterior
1501003,2022,0,0,0,0,,,,,sin_produccion,sin_produccion,sin_produccion,sin_produccion
1501003,2023,0,0,0,0,,,,,sin_produccion,sin_produccion,sin_produccion,sin_produccion
1501003,2024,0,0,0,0,,,,,sin_produccion,sin_produccion,sin_produccion,sin_produccion
1501003,2025,0,0,0,0,,,,,sin_produccion,sin_produccion,sin_produccion,sin_produccion
1501004,2021,0,0,0,0,,,,,sin_anterior,sin_anterior,sin_anterior,sin_anterior
1501004,2022,0,0,0,0,,,,,sin_produccion,sin_produccion,sin_produccion,sin_produccion
1501004,2023,0,0,0,0,,,,,sin_produccion,sin_produccion,sin_produccion,sin_produccion
1501004,2024,0,0,0,0,,,,,sin_produccion,sin_produccion,sin_produccion,sin_produccion
1501004,2025,0,0,0,0,,,,,sin_produccion,sin_produccion,sin_produccion,sin_produccion
1501005,2021,0,0,0,0,,,,,sin_anterior,sin_anterior,sin_anterior,sin_anterior
1501005,2022,0,0,0,0,,,,,sin_produccion,sin_produccion,sin_produccion,sin_produccion
1501005,2023,0,0,0,0,,,,,sin_produccion,sin_produccion,sin_produccion,sin_produccion
1501005,2024,0,0,0,0,,,,,sin_produccion,sin_produccion,sin_produccion,sin_produccion
1501005,2025,0,0,0,0,,,,,sin_produccion,sin_produccion,sin_produccion,sin_produccion
1502001,2021,0,0,0,0,,,,,sin_anterior,sin_anterior,sin_anterior,sin_anterior
1502001,2022,0,0,0,0,,,,,sin_produccion,sin_produccion,sin_produccion,sin_produccion
1502001,2023,0,0,0,0,,,,,sin_produccion,sin_produccion,sin_produccion,sin_produccion
1502001,2024,19700,18000,1,24.083749533396876,,,,,sin_base,sin_base,sin_base,sin_base
1502001,2025,0,0,0,0,-100,-100,-100,-100,ok,ok,ok,ok
1502002,2021,0,0,0,0,,,,,sin_anterior,sin_anterior,sin_anterior,sin_anterior
1502002,2022,0,0,0,0,,,,,sin_produccion,sin_produccion,sin_produccion,sin_produccion
1502002,2023,0,0,0,0,,,,,sin_produccion,sin_produccion,sin_produccion,sin_produccion
1502002,2024,0,0,0,0,,,,,sin_produccion,sin_produccion,sin_produccion,sin_produccion
1502002,2025,0,0,0,0,,,,,sin_produccion,sin_produccion,sin_produccion,sin_produccion
1502003,2021,0,0,0,0,,,,,sin_anterior,sin_anterior,sin_anterior,sin_anterior
1502003,2022,0,0,0,0,,,,,sin_produccion,sin_produccion,sin_produccion,sin_produccion
1502003,2023,0,0,0,0,,,,,sin_produccion,sin_produccion,sin_produccion,sin_produccion
1502003,2024,0,0,0,0,,,,,sin_produccion,sin_produccion,sin_produccion,sin_produccion
1502003,2025,0,0,0,0,,,,,sin_produccion,sin_produccion,sin_produccion,sin_produccion
1502004,2021,1208600,1182205,2,2044.5448461445735,,,,,sin_anterior,sin_anterior,sin_anterior,sin_anterior
1502004,2022,1456576,1419481,2,2464.0368639896396,20.51762369683932,20.070630728173203,0,20.517623696839326,ok,ok,ok,ok
1502004,2023,1558404,1521309,2,2636.2956035173656,6.990915681708335,7.173607818632303,0,6.990915681708335,ok,ok,ok,ok
1502004,2024,1149249,1117294,1,1944.1429090574259,-26.25474523936027,-26.557063686601474,-50,-26.254745239360275,ok,ok,ok,ok
1502004,2025,149329,123679,1,252.6144608058274,-87.00638416914002,-88.93048740975965,0,-87.00638416914002,ok,ok,ok,ok
1502005,2021,0,0,0,0,,,,,sin_anterior,sin_anterior,sin_anterior,sin_anterior
1502005,2022,0,0,0,0,,,,,sin_produccion,sin_produccion,sin_produccion,sin_produccion
1502005,2023,0,0,0,0,,,,,sin_produccion,sin_produccion,sin_produccion,sin_produccion
1502005,2024,0,0,0,0,,,,,sin_produccion,sin_produccion,sin_produccion,sin_produccion
1502005,2025,0,0,0,0,,,,,sin_produccion,sin_produccion,sin_produccion,sin_produccion
1502006,2021,0,0,0,0,,,,,sin_anterior,sin_anterior,sin_anterior,sin_anterior
1502006,2022,0,0,0,0,,,,,sin_produccion,sin_produccion,sin_produccion,sin_produccion
1502006,2023,0,0,0,0,,,,,sin_produccion,sin_produccion,sin_produccion,sin_produccion
1502006,2024,0,0,0,0,,,,,sin_produccion,sin_produccion,sin_produccion,sin_produccion
1502006,2025,0,0,0,0,,,,,sin_produccion,sin_produccion,sin_produccion,sin_produccion
1502007,2021,0,0,0,0,,,,,sin_anterior,sin_anterior,sin_anterior,sin_anterior
1502007,2022,0,0,0,0,,,,,sin_produccion,sin_produccion,sin_produccion,sin_produccion
1502007,2023,0,0,0,0,,,,,sin_produccion,sin_produccion,sin_produccion,sin_produccion
1502007,2024,0,0,0,0,,,,,sin_produccion,sin_produccion,sin_produccion,sin_produccion
1502007,2025,0,0,0,0,,,,,sin_produccion,sin_produccion,sin_produccion,sin_produccion
1503001,2021,0,0,0,0,,,,,sin_anterior,sin_anterior,sin_anterior,sin_anterior
1503001,2022,0,0,0,0,,,,,sin_produccion,sin_produccion,sin_produccion,sin_produccion
1503001,2023,0,0,0,0,,,,,sin_produccion,sin_produccion,sin_produccion,sin_produccion
1503001,2024,0,0,0,0,,,,,sin_produccion,sin_produccion,sin_produccion,sin_produccion
1503001,2025,0,0,0,0,,,,,sin_produccion,sin_produccion,sin_produccion,sin_produccion
1503002,2021,0,0,0,0,,,,,sin_anterior,sin_anterior,sin_anterior,sin_anterior
1503002,2022,0,0,0,0,,,,,sin_produccion,sin_produccion,sin_produccion,sin_produccion
1503002,2023,0,0,0,0,,,,,sin_produccion,sin_produccion,sin_produccion,sin_produccion
1503002,2024,0,0,0,0,,,,,sin_produccion,sin_produccion,sin_produccion,sin_produccion
1503002,2025,0,0,0,0,,,,,sin_produccion,sin_produccion,sin_produccion,sin_produccion
1503003,2021,0,0,0,0,,,,,sin_anterior,sin_anterior,sin_anterior,sin_anterior
1503003,2022,0,0,0,0,,,,,sin_produccion,sin_produccion,sin_produccion,sin_produccion
1503003,2023,0,0,0,0,,,,,sin_produccion,sin_produccion,sin_produccion,sin_produccion
1503003,2024,0,0,0,0,,,,,sin_produccion,sin_produccion,sin_produccion,sin_produccion
1503003,2025,0,0,0,0,,,,,sin_produccion,sin_produccion,sin_produccion,sin_produccion
1503004,2021,1760804,1564429,2,4743.793252294281,,,,,sin_anterior,sin_anterior,sin_anterior,sin_anterior
1503004,2022,1736725,1538195,2,4678.921865290394,-1.3675003009988618,-1.67690575922589,0,-1.3675003009988478,ok,ok,ok,ok
1503004,2023,1601719,1404454,3,4315.201342268387,-7.773596856151665,-8.694671351811701,50,-7.773596856151666,ok,ok,ok,ok
1503004,2024,1015179,936739,2,2735.0001988130743,-36.61940702457797,-33.30226550673785,-33.333333333333336,-36.61940702457797,ok,ok,ok,ok
1503004,2025,984882,911882,2,2653.3768584726618,-2.984399795504044,-2.653567322381154,0,-2.984399795504044,ok,ok,ok,ok
1503005,2021,3793360,3602580,11,7798.485178210815,,,,,sin_anterior,sin_anterior,sin_anterior,sin_anterior
1503005,2022,3492373,3292983,11,7179.708510999124,-7.9345751523715125,-8.593757806905051,0,-7.934575152371522,ok,ok,ok,ok
1503005,2023,3292905,3157460,9,6769.637164876596,-5.711531958356109,-4.1155086436826425,-18.181818181818183,-5.711531958356098,ok,ok,ok,ok
1503005,2024,3215131,2966391,11,6609.74741377199,-2.3618658904523513,-6.0513514027097735,22.22222222222222,-2.3618658904523544,ok,ok,ok,ok
1503005,2025,2549194,2326134,9,5240.6973304363255,-20.71259304830814,-21.58370221592501,-18.181818181818183,-20.712593048308143,ok,ok,ok,ok
1504001,2021,1183290,1064900,4,1260.9747001945227,,,,,sin_anterior,sin_anterior,sin_anterior,sin_anterior
1504001,2022,1381556,1252996,4,1472.257149897273,16.755486820644137,17.6632547657057,0,16.75548682064414,ok,ok,ok,ok
1504001,2023,1392720,1268200,4,1484.1540826466173,0.8080743741115091,1.213411694849784,0,0.808074374111513,ok,ok,ok,ok
1504001,2024,1457740,1331550,4,1553.4427397016484,4.668562237922913,4.995268885033906,0,4.668562237922905,ok,ok,ok,ok
1504001,2025,1510270,1381060,4,1609.421410189203,3.603523262035754,3.718223123427584,0,3.6035232620357656,ok,ok,ok,ok
1504002,2021,0,0,0,0,,,,,sin_anterior,sin_anterior,sin_anterior,sin_anterior
1504002,2022,0,0,0,0,,,,,sin_produccion,sin_produccion,sin_produccion,sin_produccion
1504002,2023,0,0,0,0,,,,,sin_produccion,sin_produccion,sin_produccion,sin_produccion
1504002,2024,0,0,0,0,,,,,sin_produccion,sin_produccion,sin_produccion,sin_produccion
1504002,2025,0,0,0,0,,,,,sin_produccion,sin_produccion,sin_produccion,sin_produccion
1504003,2021,9576730,9171730,1,34703.356614675,,,,,sin_anterior,sin_anterior,sin_anterior,sin_anterior
1504003,2022,9847563,9540563,1,35684.77868484115,2.8280321153462613,4.021411445823198,0,2.8280321153462524,ok,ok,ok,ok
1504003,2023,7623839,7280699,1,27626.632847523866,-22.58146507922823,-23.686904011849197,0,-22.58146507922823,ok,ok,ok,ok
1504003,2024,8386674,8080074,1,30390.93079088821,10.005916966504671,10.979371623521313,0,10.005916966504678,ok,ok,ok,ok
1504003,2025,7687093,7472493,1,27855.847424869648,-8.34157855664832,-7.519497964993885,0,-8.341578556648322,ok,ok,ok,ok
1504004,2021,59250,54250,2,476.1147201161727,,,,,sin_anterior,sin_anterior,sin_anterior,sin_anterior
1504004,2022,56200,48000,2,451.6058611059731,-5.147679324894515,-11.52073732718894,0,-5.147679324894516,ok,ok,ok,ok
1504004,2023,77850,77130,2,625.5785816209965,38.52313167259786,60.6875,0,38.523131672597856,ok,ok,ok,ok
1504004,2024,13720,13000,0,110.24968708850446,-82.37636480411047,-83.14533903798781,-100,-82.37636480411048,ok,ok,ok,ok
1504004,2025,14580,13680,1,117.16038176023288,6.2682215743440235,5.230769230769231,,6.2682215743440315,ok,ok,sin_base,ok
1504005,2021,266789,266789,0,3831.4754207427522,,,,,sin_anterior,sin_anterior,sin_anterior,sin_anterior
1504005,2022,279500,279500,0,4014.023741974366,4.764439313464948,4.764439313464948,,4.764439313464941,ok,ok,sin_produccion,ok
1504005,2023,42000,0,0,603.1806696347885,-84.97316636851521,-100,,-84.9731663685152,ok,ok,sin_produccion,ok
1504005,2024,920600,0,0,13221.14582061396,2091.904761904762,,,2091.904761904762,ok,sin_produccion,sin_produccion,ok
1504005,2025,5899495,5826495,1,84725.27010969253,540.8315229198349,,,540.8315229198348,ok,sin_base,sin_base,ok
1504006,2021,567666,484066,0,2124.6186789485328,,,,,sin_anterior,sin_anterior,sin_anterior,sin_anterior
1504006,2022,807439,715913,0,3022.0234812575077,42.23839370333964,47.89574148979685,,42.23839370333964,ok,ok,sin_produccion,ok
1504006,2023,979600,886000,0,3666.3750478238658,21.321858369486737,23.75805440046486,,21.32185836948673,ok,ok,sin_produccion,ok
1504006,2024,933100,835500,0,3492.338257579062,-4.746835443037975,-5.699774266365688,,-4.746835443037975,ok,ok,sin_produccion,ok
1504006,2025,941250,823650,0,3522.841479955302,0.8734326438752545,-1.4183123877917414,,0.8734326438752616,ok,ok,sin_produccion,ok
1505001,2021,0,0,0,0,,,,,sin_anterior,sin_anterior,sin_anterior,sin_anterior
1505001,2022,0,0,0,0,,,,,sin_produccion,sin_produccion,sin_produccion,sin_produccion
1505001,2023,0,0,0,0,,,,,sin_produccion,sin_produccion,sin_produccion,sin_produccion
1505001,2024,0,0,0,0,,,,,sin_produccion,sin_produccion,sin_produccion,sin_produccion
1505001,2025,0,0,0,0,,,,,sin_produccion,sin_produccion,sin_produccion,sin_produccion
1505002,2021,0,0,0,0,,,,,sin_anterior,sin_anterior,sin_anterior,sin_anterior
1505002,2022,0,0,0,0,,,,,sin_produccion,sin_produccion,sin_produccion,sin_produccion
1505002,2023,0,0,0,0,,,,,sin_produccion,sin_produccion,sin_produccion,sin_produccion
1505002,2024,0,0,0,0,,,,,sin_produccion,sin_produccion,sin_produccion,sin_produccion
1505002,2025,0,0,0,0,,,,,sin_produccion,sin_produccion,sin_produccion,sin_produccion
1505003,2021,172210,150200,2,2819.5351458702594,,,,,sin_anterior,sin_anterior,sin_anterior,sin_anterior
1505003,2022,234250,214000,2,3835.2947443244193,36.02578247488531,42.47669773635153,0,36.02578247488531,ok,ok,ok,ok
1505003,2023,288425,246080,3,4722.283400775968,23.12700106723586,14.990654205607477,50,23.127001067235852,ok,ok,ok,ok
1505003,2024,254352,212352,2,4164.417881786146,-11.813469706162781,-13.706111833550064,-33.333333333333336,-11.813469706162785,ok,ok,ok,ok
1505003,2025,256200,229000,2,4194.67455067627,0.726552179656539,7.839813140446052,0,0.7265521796565476,ok,ok,ok,ok
1505004,2021,355350,334150,3,6725.622301051654,,,,,sin_anterior,sin_anterior,sin_anterior,sin_anterior
1505004,2022,771668,741287,4,14605.17098581097,117.15716898832137,121.84258566512045,33.333333333333336,117.15716898832139,ok,ok,ok,ok
1505004,2023,779898,743532,4,14760.938177418271,1.0665208353851656,0.30285166204182723,0,1.0665208353851545,ok,ok,ok,ok
1505004,2024,420052,392052,3,7950.221187002531,-46.140136274230734,-47.27167088975323,-25,-46.140136274230734,ok,ok,ok,ok
1505004,2025,445304,421764,3,8428.15959799495,6.0116366545094415,7.578586514033852,0,6.011636654509437,ok,ok,ok,ok
1505005,2021,347641,338143,1,2627.2130829518082,,,,,sin_anterior,sin_anterior,sin_anterior,sin_anterior
1505005,2022,0,0,0,0,-100,-100,-100,-100.00000000000001,ok,ok,ok,ok
1505005,2023,0,0,0,0,,,,,sin_produccion,sin_produccion,sin_produccion,sin_produccion
1505005,2024,401391,393427,1,3033.4157552737142,,,,,sin_base,sin_base,sin_base,sin_base
1505005,2025,388932,381226,1,2939.2598651442513,-3.1039559930342233,-3.101210643905985,0,-3.1039559930342278,ok,ok,ok,ok
1505006,2021,346500,323000,1,3168.9771407450025,,,,,sin_anterior,sin_anterior,sin_anterior,sin_anterior
1505006,2022,325000,200000,0,2972.345081506857,-6.204906204906205,-38.080495356037154,-100,-6.2049062049062,ok,ok,ok,ok
1505006,2023,290000,265000,0,2652.2463804215026,-10.76923076923077,32.5,,-10.76923076923078,ok,ok,sin_produccion,ok
1505006,2024,310360,285000,0,2838.45236768144,7.020689655172414,7.547169811320755,,7.020689655172425,ok,ok,sin_produccion,ok
1505006,2025,216500,205000,0,1980.03910814226,-30.242299265369248,-28.07017543859649,,-30.242299265369248,ok,ok,sin_produccion,ok
1505007,2021,527214,524584,2,8120.116289300309,,,,,sin_anterior,sin_anterior,sin_anterior,sin_anterior
1505007,2022,77700,75000,3,1196.7304276415914,-85.26215161205886,-85.70295700974486,50,-85.26215161205887,ok,ok,ok,ok
1505007,2023,40500,38000,1,623.7784082301732,-47.87644787644788,-49.333333333333336,-66.66666666666667,-47.87644787644786,ok,ok,ok,ok
1505007,2024,34700,33000,0,534.4471793972101,-14.320987654320987,-13.157894736842104,-100,-14.320987654320993,ok,ok,ok,ok
1505007,2025,589793,587698,2,9083.954042599964,1599.691642651297,1680.9030303030304,,1599.691642651297,ok,ok,sin_base,ok
1505008,2021,0,0,0,0,,,,,sin_anterior,sin_anterior,sin_anterior,sin_anterior
1505008,2022,89000,80000,1,1831.2691866160114,,,,,sin_base,sin_base,sin_base,sin_base
1505008,2023,89000,80000,1,1831.2691866160114,0,0,0,0,ok,ok,ok,ok
1505008,2024,0,0,0,0,-100,-100,-100,-100,ok,ok,ok,ok
1505008,2025,0,0,0,0,,,,,sin_produccion,sin_produccion,sin_produccion,sin_produccion
1601001,2021,12858106,10489955,12,39666.73563951218,,,,,sin_anterior,sin_anterior,sin_anterior,sin_anterior
1601001,2022,10632780,7968024,9,32801.69516203182,-17.306794639894864,-24.041390072693353,-25,-17.306794639894868,ok,ok,ok,ok
1601001,2023,11258488,8049353,11,34731.978970823555,5.8847074800757655,1.0206922067503812,22.22222222222222,5.884707480075755,ok,ok,ok,ok
1601001,2024,11914406,8567226,11,36755.4594046602,5.825986580080736,6.433722064369646,0,5.825986580080739,ok,ok,ok,ok
1601001,2025,11552573,8468463,11,35639.21927126485,-3.03693696521673,-1.1528002179468593,0,-3.0369369652167255,ok,ok,ok,ok
1601002,2021,8457296,5431771,13,33745.84491150839,,,,,sin_anterior,sin_anterior,sin_anterior,sin_anterior
1601002,2022,8456865,5906460,15,33744.12515862794,-0.005096191501397137,8.73912026114503,15.384615384615385,-0.005096191501393133,ok,ok,ok,ok
1601002,2023,8563162,6520732,16,34168.26569675722,1.256931498847386,10.400002708898393,6.666666666666667,1.2569314988473825,ok,ok,ok,ok
1601002,2024,8128029,6042069,13,32432.021543321014,-5.081452388732107,-7.340632922806826,-18.75,-5.081452388732111,ok,ok,ok,ok
1601002,2025,10289016,7816353,14,41054.6749490651,26.586851498684368,29.36550377031444,7.6923076923076925,26.586851498684382,ok,ok,ok,ok
1601003,2021,14634348,9872736,19,163772.8271919337,,,,,sin_anterior,sin_anterior,sin_anterior,sin_anterior
1601003,2022,10893465,5846672,18,121908.64676488341,-25.562348250841104,-40.77961772704142,-5.2631578947368425,-25.562348250841108,ok,ok,ok,ok
1601003,2023,10759781,5612006,17,120412.59059413179,-1.2271944693446943,-4.013667946483059,-5.555555555555555,-1.2271944693447012,ok,ok,ok,ok
1601003,2024,11384500,6331230,17,127403.81403849143,5.806056833312871,12.815809534059657,0,5.80605683331287,ok,ok,ok,ok
1601003,2025,11767209,6529799,18,131686.70623989307,3.361667179059247,3.1363415955509435,5.882352941176471,3.361667179059246,ok,ok,ok,ok
1601004,2021,5804634,4971644,10,112308.77957711423,,,,,sin_anterior,sin_anterior,sin_anterior,sin_anterior
1601004,2022,6180132,4955805,9,119573.961518585,6.468934992283751,-0.3185867692859746,-10,6.468934992283753,ok,ok,ok,ok
1601004,2023,5328078,4118488,7,103088.31490007322,-13.786987074062496,-16.89568092368445,-22.22222222222222,-13.786987074062495,ok,ok,ok,ok
1601004,2024,5622418,4341918,6,108783.24177758656,5.524318525366933,5.425049192810565,-14.285714285714286,5.524318525366927,ok,ok,ok,ok
1601004,2025,6034005,4725805,7,116746.67817337064,7.32046247717619,8.841415245520528,16.666666666666668,7.3204624771761955,ok,ok,ok,ok
1601005,2021,4477378,2917757,8,116519.64644228492,,,,,sin_anterior,sin_anterior,sin_anterior,sin_anterior
1601005,2022,4143201,3186066,8,107822.99722277666,-7.463676285540332,9.195728088391185,0,-7.46367628554034,ok,ok,ok,ok
1601005,2023,3938872,2987479,4,102505.52283533258,-4.931669981736343,-6.232984501890419,-50,-4.9316699817363325,ok,ok,ok,ok
1601005,2024,3927293,3177469,6,102204.19000478862,-0.29396740995899334,6.359542611010822,50,-0.2939674099590059,ok,ok,ok,ok
1601005,2025,3706477,3023191,6,96457.65659867469,-5.622600605557059,-4.855373884056776,0,-5.622600605557055,ok,ok,ok,ok
1601006,2021,8836410,7317297,17,200136.1111384722,,,,,sin_anterior,sin_anterior,sin_anterior,sin_anterior
1601006,2022,13233826,11758386,14,299733.31603255204,49.76473477351096,60.69302640032242,-17.647058823529413,49.76473477351099,ok,ok,ok,ok
1601006,2023,6945201,5804916,13,157302.06262668077,-47.5193266104602,-50.6316938396137,-7.142857142857143,-47.519326610460205,ok,ok,ok,ok
1601006,2024,6951092,5765377,12,157435.48805971487,0.08482115924362736,-0.681129580514171,-7.6923076923076925,0.08482115924363948,ok,ok,ok,ok
1601006,2025,7137316,5882701,14,161653.28093721272,2.679061074144897,2.0349753363917054,16.666666666666668,2.6790610741448915,ok,ok,ok,ok
1602001,2021,10269925,7995989,10,37066.81181730819,,,,,sin_anterior,sin_anterior,sin_anterior,sin_anterior
1602001,2022,11453094,9592094,14,41337.174324441665,11.520717045158557,19.961320607119394,40,11.52071704515857,ok,ok,ok,ok
1602001,2023,12117283,10002081,15,43734.403970629544,5.799210239608616,4.274217913210609,7.142857142857143,5.799210239608604,ok,ok,ok,ok
1602001,2024,13359536,10981774,14,48218.015893840915,10.251910432396437,9.79489168304076,-6.666666666666667,10.251910432396434,ok,ok,ok,ok
1602001,2025,13889764,11584763,15,50131.745691893746,3.9689102974833856,5.490815964706613,7.142857142857143,3.9689102974833927,ok,ok,ok,ok
1602002,2021,18362247,16933859,10,31202.54552592922,,,,,sin_anterior,sin_anterior,sin_anterior,sin_anterior
1602002,2022,17738084,16737511,11,30141.91964375366,-3.3991646011514822,-1.159499438373734,10,-3.3991646011514827,ok,ok,ok,ok
1602002,2023,14586313,14029813,11,24786.187411483643,-17.76838468010412,-16.177423273986197,0,-17.76838468010411,ok,ok,ok,ok
1602002,2024,13729553,12347403,8,23330.314777551906,-5.8737255946722104,-11.991678007397534,-27.272727272727273,-5.873725594672211,ok,ok,ok,ok
1602002,2025,12263609,11181359,7,20839.26973287612,-10.677288619665914,-9.443637662105951,-12.5,-10.67728861966592,ok,ok,ok,ok
1602003,2021,18282469,15953303,23,97417.44863825849,,,,,sin_anterior,sin_anterior,sin_anterior,sin_anterior
1602003,2022,18062323,15727972,25,96244.40895483727,-1.2041371436210284,-1.41244104747462,8.695652173913043,-1.2041371436210355,ok,ok,ok,ok
1602003,2023,17803334,15642697,27,94864.39580642861,-1.433863185815025,-0.5421868757141735,8,-1.4338631858150133,ok,ok,ok,ok
1602003,2024,18189979,16194908,24,96924.61915091996,2.171756144101998,3.5301521214660108,-11.11111111111111,2.1717561441019897,ok,ok,ok,ok
1602003,2025,18876666,17002761,21,100583.60501071055,3.7750840723895283,4.988314845629255,-12.5,3.7750840723895376,ok,ok,ok,ok
1602004,2021,12954129,9026449,18,97755.69855786717,,,,,sin_anterior,sin_anterior,sin_anterior,sin_anterior
1602004,2022,12505677,8974809,16,94371.54679207322,-3.4618460260817225,-0.5720965132578714,-11.11111111111111,-3.4618460260817248,ok,ok,ok,ok
1602004,2023,11269953,8220465,16,85046.40707448033,-9.881304306836007,-8.405125947527129,0,-9.881304306836006,ok,ok,ok,ok
1602004,2024,10865462,7781280,15,81993.99804988515,-3.5891099102187916,-5.342580985382214,-6.25,-3.5891099102187822,ok,ok,ok,ok
1602004,2025,11668055,8740185,13,88050.60281062624,7.386644028574211,12.323229597187096,-13.333333333333334,7.386644028574199,ok,ok,ok,ok
1603001,2021,12907373,11865011,10,274198.31859361875,,,,,sin_anterior,sin_anterior,sin_anterior,sin_anterior
1603001,2022,11196901,10352421,10,237861.83506583472,-13.251898740355609,-12.748323621444598,0,-13.251898740355612,ok,ok,ok,ok
1603001,2023,12528010,11750407,11,266139.304823998,11.888191205763095,13.503952360515477,10,11.888191205763102,ok,ok,ok,ok
1603001,2024,11742213,10880102,10,249446.19336313684,-6.272320983140978,-7.406594512002861,-9.090909090909092,-6.2723209831409825,ok,ok,ok,ok
1603001,2025,14083464,13203379,10,299182.65698014305,19.93875430466131,21.35344870847718,0,19.938754304661302,ok,ok,ok,ok
1603002,2021,12996768,12219235,10,137296.65151237076,,,,,sin_anterior,sin_anterior,sin_anterior,sin_anterior
1603002,2022,13801222,13066412,10,145794.82894353924,6.189646533661292,6.933142704923835,0,6.189646533661285,ok,ok,ok,ok
1603002,2023,15043665,14341280,9,158919.8815408453,9.002412974735135,9.756833015827144,-10,9.002412974735126,ok,ok,ok,ok
1603002,2024,16203259,15335129,10,171169.72498760346,7.708188131017275,6.929988118215389,11.11111111111111,7.708188131017287,ok,ok,ok,ok
1603002,2025,11201990,10480060,9,118336.7832121849,-30.865821499242838,-31.659785842036282,-10,-30.86582149924284,ok,ok,ok,ok
1603003,2021,8758905,7918904,16,137145.2305594275,,,,,sin_anterior,sin_anterior,sin_anterior,sin_anterior
1603003,2022,16148158,15203652,17,252844.71655076332,84.36274853991452,91.99187160243387,6.25,84.36274853991452,ok,ok,ok,ok
1603003,2023,15336576,14347667,16,240137.12347744178,-5.02584876863355,-5.630127550933158,-5.882352941176471,-5.025848768633552,ok,ok,ok,ok
1603003,2024,17557562,16295476,16,274912.89020162256,14.481628754684227,13.575789011551494,0,14.481628754684229,ok,ok,ok,ok
1603003,2025,20036792,19113438,18,313732.19123980595,14.120582345088685,17.29291000766102,12.5,14.120582345088696,ok,ok,ok,ok
1603004,2021,50888996,47918761,35,154643.79444963075,,,,,sin_anterior,sin_anterior,sin_anterior,sin_anterior
1603004,2022,48756027,45729230,30,148162.03128803417,-4.1914149770217515,-4.569256287740829,-14.285714285714286,-4.1914149770217675,ok,ok,ok,ok
1603004,2023,52674065,49673150,35,160068.3432757543,8.036007527848813,8.624505595217764,16.666666666666668,8.036007527848813,ok,ok,ok,ok
1603004,2024,53218695,50276898,32,161723.38967853857,1.0339623494028798,1.2154413400398405,-8.571428571428571,1.0339623494028876,ok,ok,ok,ok
1603004,2025,56004495,52994362,34,170189.00536051785,5.234626666437424,5.404995351940766,6.25,5.2346266664374195,ok,ok,ok,ok
1603005,2021,30643392,29680022,25,242794.46601099047,,,,,sin_anterior,sin_anterior,sin_anterior,sin_anterior
1603005,2022,21250906,20410673,18,168375.6933475169,-30.650934465740608,-31.230937092971157,-28,-30.650934465740615,ok,ok,ok,ok
1603005,2023,20682481,19975703,16,163871.93461407456,-2.6748271344289978,-2.131090924831337,-11.11111111111111,-2.6748271344289987,ok,ok,ok,ok
1603005,2024,20995249,20225954,15,166350.06561032086,1.5122363704818584,1.2527769360607734,-6.25,1.5122363704818662,ok,ok,ok,ok
1603005,2025,22217503,21339293,17,176034.2581194203,5.821574204716505,5.504506734268258,13.333333333333334,5.821574204716513,ok,ok,ok,ok
1603006,2021,50016073,48301365,40,314188.4053540072,,,,,sin_anterior,sin_anterior,sin_anterior,sin_anterior
1603006,2022,49807608,47903208,41,312878.88059539365,-0.41679601675245476,-0.8243183189543402,2.5,-0.41679601675245276,ok,ok,ok,ok
1603006,2023,57644305,55811671,40,362107.04238395573,15.733935667016974,16.50925549704312,-2.4390243902439024,15.73393566701697,ok,ok,ok,ok
1603006,2024,58016175,56176915,37,364443.03630133095,0.645111429481195,0.6544222623257419,-7.5,0.645111429481197,ok,ok,ok,ok
1603006,2025,57799201,56035141,33,363080.0601423814,-0.3739888057080633,-0.2523705689427766,-10.81081081081081,-0.37398880570806203,ok,ok,ok,ok
1604001,2021,11786543,6336695,12,85706.7645315602,,,,,sin_anterior,sin_anterior,sin_anterior,sin_anterior
1604001,2022,13634964,8275519,13,99147.70165809435,15.682469405999706,30.59677008282709,8.333333333333334,15.68246940599972,ok,ok,ok,ok
1604001,2023,12662421,8454403,14,92075.77956034124,-7.132714101775406,2.1616046075176674,7.6923076923076925,-7.132714101775409,ok,ok,ok,ok
1604001,2024,11165800,7429541,11,81192.98350725017,-11.81939062048245,-12.122227908936917,-21.428571428571427,-11.819390620482444,ok,ok,ok,ok
1604001,2025,11590662,7495482,12,84282.40059862359,3.80502964409178,0.8875514651578071,9.090909090909092,3.805029644091772,ok,ok,ok,ok
1604002,2021,8577048,5552941,10,114303.54404643696,,,,,sin_anterior,sin_anterior,sin_anterior,sin_anterior
1604002,2022,4831854,2018513,7,64392.55516757661,-43.66530302733528,-63.6496588024256,-30,-43.66530302733528,ok,ok,ok,ok
1604002,2023,4924376,1975206,6,65625.5659309843,1.9148343472298626,-2.145490269322021,-14.285714285714286,1.9148343472298586,ok,ok,ok,ok
1604002,2024,5172492,2010463,6,68932.12759819496,5.038526708764724,1.7849783769389116,0,5.038526708764736,ok,ok,ok,ok
1604002,2025,5267716,2020077,8,70201.14704151367,1.8409694978745255,0.47819830556443965,33.333333333333336,1.8409694978745204,ok,ok,ok,ok
1604003,2021,6403351,1216903,6,76604.11889937022,,,,,sin_anterior,sin_anterior,sin_anterior,sin_anterior
1604003,2022,4613487,972371,5,55191.74361809915,-27.95198951299093,-20.09461723736403,-16.666666666666668,-27.951989512990938,ok,ok,ok,ok
1604003,2023,5018865,846565,5,60041.33323315991,8.786802693927608,-12.938065820556146,0,8.786802693927616,ok,ok,ok,ok
1604003,2024,4341242,1297423,5,51934.84135711751,-13.50151876968199,53.25733995617584,0,-13.501518769681992,ok,ok,ok,ok
1604003,2025,13317213,9727192,6,159315.54713465477,206.76043860259344,649.7317374518565,20,206.7604386025934,ok,ok,ok,ok
1604004,2021,15863242,9674790,14,114192.53644668742,,,,,sin_anterior,sin_anterior,sin_anterior,sin_anterior
1604004,2022,17807183,11834246,15,128186.11691987883,12.254373979795554,22.320443131065378,7.142857142857143,12.254373979795547,ok,ok,ok,ok
1604004,2023,18705761,12883035,15,134654.5866699584,5.046154689374507,8.862322111607279,0,5.046154689374522,ok,ok,ok,ok
1604004,2024,10809564,3493564,12,77813.32031893608,-42.212647750604745,-72.88244579014184,-20,-42.21264775060475,ok,ok,ok,ok
1604004,2025,11243229,3663823,10,80935.08485598044,4.011863938268,4.873504535769203,-16.666666666666668,4.011863938268002,ok,ok,ok,ok
1604005,2021,12958044,10556414,17,132897.2696566373,,,,,sin_anterior,sin_anterior,sin_anterior,sin_anterior
1604005,2022,16222701,13702457,20,166379.4836131132,25.19405706602015,29.80219419208076,17.647058823529413,25.194057066020164,ok,ok,ok,ok
1604005,2023,15724243,13453723,20,161267.31489085016,-3.0725956177087896,-1.815251089640347,0,-3.072595617708797,ok,ok,ok,ok
1604005,2024,16393730,14021984,18,168133.55136686563,4.257673962428589,4.223819681734193,-10,4.257673962428604,ok,ok,ok,ok
1604005,2025,21060410,18649820,15,215994.8667290635,28.466248986655263,33.00414549039565,-16.666666666666668,28.46624898665525,ok,ok,ok,ok
1604006,2021,10540758,4988011,10,104072.83926597769,,,,,sin_anterior,sin_anterior,sin_anterior,sin_anterior
1604006,2022,9875488,3674662,8,97504.38016858858,-6.311405688281621,-26.330114348184075,-20,-6.31140568828162,ok,ok,ok,ok
1604006,2023,10893617,4728965,8,107556.74791757122,10.309657608818926,28.69115581242574,0,10.309657608818938,ok,ok,ok,ok
1604006,2024,19144989,11251461,7,189025.6244328834,75.74501655418949,137.9265018878338,-12.5,75.74501655418949,ok,ok,ok,ok
1604006,2025,10655690,3245250,6,105207.60581336616,-44.34214613547179,-71.1570790673318,-14.285714285714286,-44.3421461354718,ok,ok,ok,ok
1604007,2021,25438477,19269703,29,165446.83875892687,,,,,sin_anterior,sin_anterior,sin_anterior,sin_anterior
1604007,2022,22633362,17538066,30,147202.92387733835,-11.027055589845256,-8.986319093760812,3.4482758620689653,-11.027055589845256,ok,ok,ok,ok
1604007,2023,23960070,19273519,31,155831.57112521323,5.861736316504813,9.895349920567067,3.3333333333333335,5.861736316504812,ok,ok,ok,ok
1604007,2024,23655551,18051010,26,153851.03959056083,-1.2709436992462877,-6.342946506032448,-16.129032258064516,-1.270943699246291,ok,ok,ok,ok
1604007,2025,24138920,18562586,27,156994.77626174848,2.0433639444712153,2.8340574848720377,3.8461538461538463,2.043363944471214,ok,ok,ok,ok
1605001,2021,11064664,9934352,13,328482.82189777424,,,,,sin_anterior,sin_anterior,sin_anterior,sin_anterior
1605001,2022,11659070,10664889,14,346129.28276029736,5.372110712083078,7.353645210075101,7.6923076923076925,5.3721107120830816,ok,ok,ok,ok
1605001,2023,12621080,11695973,13,374689.0076189897,8.251172692161553,9.66802373658085,-7.142857142857143,8.25117269216156,ok,ok,ok,ok
1605001,2024,11385177,10679306,12,337998.06923785806,-9.792371175842321,-8.692453376901605,-7.6923076923076925,-9.792371175842332,ok,ok,ok,ok
1605001,2025,11462402,10802431,11,340290.69067860453,0.6782942417144678,1.1529307241500524,-8.333333333333334,0.6782942417144681,ok,ok,ok,ok
1605002,2021,3641163,3307638,9,64212.68603132181,,,,,sin_anterior,sin_anterior,sin_anterior,sin_anterior
1605002,2022,3508411,3112396,10,61871.576200196425,-3.6458680921452844,-5.902762031395213,11.11111111111111,-3.645868092145275,ok,ok,ok,ok
1605002,2023,2790134,2565594,10,49204.60812309585,-20.473000455191823,-17.56852277152393,0,-20.47300045519183,ok,ok,ok,ok
1605002,2024,4357588,3241543,10,76846.99369345882,56.17844877701214,26.346686186512752,0,56.17844877701216,ok,ok,ok,ok
1605002,2025,3567650,3170975,11,62916.26859869917,-18.127872575378856,-2.176987934449736,10,-18.127872575378866,ok,ok,ok,ok
1605003,2021,15230809,14015702,6,266385.1566430667,,,,,sin_anterior,sin_anterior,sin_anterior,sin_anterior
1605003,2022,15772441,14217041,6,275858.2401255591,3.5561604114397336,1.4365245493946717,0,3.5561604114397207,ok,ok,ok,ok
1605003,2023,17381170,15728495,6,303994.7315398526,10.199619703760503,10.63128396408226,0,10.199619703760519,ok,ok,ok,ok
1605003,2024,15498210,14300010,5,271061.9704138593,-10.833332853887281,-9.082146766108265,-16.666666666666668,-10.833332853887294,ok,ok,ok,ok
1605003,2025,13884046,12997185,6,242830.42145361702,-10.415164073786586,-9.11065796457485,20,-10.415164073786578,ok,ok,ok,ok
1605004,2021,8525244,7816454,9,87463.33320325447,,,,,sin_anterior,sin_anterior,sin_anterior,sin_anterior
1605004,2022,8898686,8387716,9,91294.59974273297,4.380425944406987,7.308454703373166,0,4.380425944406999,ok,ok,ok,ok
1605004,2023,8684095,8183230,9,89093.0388096477,-2.411490865055807,-2.4379223140125394,0,-2.4114908650558147,ok,ok,ok,ok
1605004,2024,8787196,8342021,9,90150.78649599999,1.1872394302457538,1.9404440544870425,0,1.1872394302457538,ok,ok,ok,ok
1605004,2025,9287296,8776796,10,95281.47987380215,5.691235292805578,5.211866524910451,11.11111111111111,5.691235292805586,ok,ok,ok,ok
1605005,2021,3640307,3520407,6,23713.251945962948,,,,,sin_anterior,sin_anterior,sin_anterior,sin_anterior
1605005,2022,3899795,3806220,6,25403.577602824862,7.128190012545645,8.118748769673507,0,7.128190012545636,ok,ok,ok,ok
1605005,2023,3712012,3588667,5,24180.344070551688,-4.815201824711299,-5.7157232109547005,-16.666666666666668,-4.815201824711301,ok,ok,ok,ok
1605005,2024,3854303,3769908,5,25107.239063925328,3.8332580821398206,5.050371070929679,0,3.833258082139824,ok,ok,ok,ok
1605005,2025,5917790,5771203,5,38548.95898431096,53.537228391229235,53.08604347904511,0,53.53722839122924,ok,ok,ok,ok
1605006,2021,8270529,7211206,14,66380.13127572692,,,,,sin_anterior,sin_anterior,sin_anterior,sin_anterior
1605006,2022,8563487,7675950,15,68731.44284216655,3.5421917993395584,6.444747244774314,7.142857142857143,3.5421917993395575,ok,ok,ok,ok
1605006,2023,9156725,7660222,14,73492.83311330274,6.9275284705868065,-0.2048997192529915,-6.666666666666667,6.92752847058681,ok,ok,ok,ok
1605006,2024,7783107,6470209,11,62468.031294374174,-15.001193112166195,-15.534967524439892,-21.428571428571427,-15.001193112166192,ok,ok,ok,ok
1605006,2025,8174879,7031574,13,65612.43436582874,5.033619607182581,8.67614941032044,18.181818181818183,5.033619607182576,ok,ok,ok,ok
1606001,2021,15117758,14344137,15,123705.04973284571,,,,,sin_anterior,sin_anterior,sin_anterior,sin_anterior
1606001,2022,26190383,25148454,16,214309.7297586902,73.24250725537478,75.32218215707226,6.666666666666667,73.24250725537476,ok,ok,ok,ok
1606001,2023,24333889,23339821,18,199118.4770214305,-7.0884568583819485,-7.1918257877800364,12.5,-7.088456858381949,ok,ok,ok,ok
1606001,2024,25387767,24331547,17,207742.11224580387,4.330906580530551,4.249072861355706,-5.555555555555555,4.330906580530563,ok,ok,ok,ok
1606001,2025,26682041,25506066,17,218332.85126530193,5.09802220888509,4.8271447762857,0,5.098022208885081,ok,ok,ok,ok
1606002,2021,17454853,16774288,11,170705.60686309426,,,,,sin_anterior,sin_anterior,sin_anterior,sin_anterior
1606002,2022,10982854,10583708,10,107410.5154113164,-37.078507621920394,-36.90517296471838,-9.090909090909092,-37.07850762192039,ok,ok,ok,ok
1606002,2023,11321943,10961184,9,110726.75035901832,3.087439749267358,3.5665760997941365,-10,3.0874397492673507,ok,ok,ok,ok
1606002,2024,11842855,11432900,10,115821.18450190501,4.600906399193142,4.303513197114472,11.11111111111111,4.600906399193143,ok,ok,ok,ok
1606002,2025,12206166,11872054,10,119374.30664707792,3.067765331923763,3.8411426672147924,0,3.067765331923769,ok,ok,ok,ok
1606003,2021,11177714,10544369,13,130831.83642431104,,,,,sin_anterior,sin_anterior,sin_anterior,sin_anterior
1606003,2022,11763077,11117137,13,137683.33721104113,5.236875804838091,5.4319798557884305,0,5.236875804838087,ok,ok,ok,ok
1606003,2023,11560655,10975320,13,135314.04756982453,-1.7208252568609388,-1.2756611706773067,0,-1.7208252568609315,ok,ok,ok,ok
1606003,2024,9917932,9423872,11,116086.46071025256,-14.209601445592831,-14.135788295922124,-15.384615384615385,-14.209601445592838,ok,ok,ok,ok
1606003,2025,8606215,8185155,9,100733.20118160584,-13.22571076309053,-13.144459092822993,-18.181818181818183,-13.225710763090524,ok,ok,ok,ok
1606004,2021,6369234,5858699,24,92634.13035223007,,,,,sin_anterior,sin_anterior,sin_anterior,sin_anterior
1606004,2022,5648456,5283471,21,82151.1361323569,-11.3165570616498,-9.818357283758733,-12.5,-11.3165570616498,ok,ok,ok,ok
1606004,2023,5646074,5262684,21,82116.49232770174,-0.042170816237215976,-0.3934345433144234,0,-0.042170816237217926,ok,ok,ok,ok
1606004,2024,5474281,5125775,19,79617.93517693593,-3.0426983422463114,-2.6015052395317673,-9.523809523809524,-3.042698342246314,ok,ok,ok,ok
1606004,2025,5867421,5486511,20,85335.7627848831,7.1815823849743925,7.037686983919505,5.2631578947368425,7.181582384974401,ok,ok,ok,ok
1606005,2021,6210454,4509059,15,86429.55090981832,,,,,sin_anterior,sin_anterior,sin_anterior,sin_anterior
1606005,2022,6623311,4641146,13,92175.19287093339,6.647774864768341,2.9293695203367265,-13.333333333333334,6.647774864768345,ok,ok,ok,ok
1606005,2023,6657229,4305908,12,92647.22237276356,0.512100367927763,-7.2231728973835345,-7.6923076923076925,0.5121003679277569,ok,ok,ok,ok
1606005,2024,6977347,4766151,12,97102.23564202685,4.808577262401519,10.68863988733619,0,4.808577262401529,ok,ok,ok,ok
1606005,2025,5992362,4045302,11,83394.41151147094,-14.116898586239154,-15.124342472573781,-8.333333333333334,-14.11689858623916,ok,ok,ok,ok
1607001,2021,5672428,5221368,4,56474.348026842956,,,,,sin_anterior,sin_anterior,sin_anterior,sin_anterior
1607001,2022,4954584,4502324,5,49327.53684034909,-12.654968912783026,-13.771180273062539,25,-12.654968912783024,ok,ok,ok,ok
1607001,2023,5726362,5245442,5,57011.31164920709,15.577049455615244,16.505209309680957,0,15.57704945561524,ok,ok,ok,ok
1607001,2024,5108159,4607856,5,50856.52019601661,-10.795737328516779,-12.15504813512379,0,-10.795737328516775,ok,ok,ok,ok
1607001,2025,4992953,4738509,5,49709.53626977189,-2.255333085755553,2.8354401700053127,0,-2.255333085755559,ok,ok,ok,ok
1607002,2021,0,0,0,0,,,,,sin_anterior,sin_anterior,sin_anterior,sin_anterior
1607002,2022,0,0,0,0,,,,,sin_produccion,sin_produccion,sin_produccion,sin_produccion
1607002,2023,0,0,0,0,,,,,sin_produccion,sin_produccion,sin_produccion,sin_produccion
1607002,2024,0,0,0,0,,,,,sin_produccion,sin_produccion,sin_produccion,sin_produccion
1607002,2025,0,0,0,0,,,,,sin_produccion,sin_produccion,sin_produccion,sin_produccion
1607003,2021,16808769,15407798,30,142072.2948306765,,,,,sin_anterior,sin_anterior,sin_anterior,sin_anterior
1607003,2022,15957666,14506031,29,134878.54040718044,-5.06344634755823,-5.852666292743454,-3.3333333333333335,-5.063446347558232,ok,ok,ok,ok
1607003,2023,15497398,14146983,29,130988.22987955488,-2.88430651449905,-2.4751636060890814,0,-2.88430651449906,ok,ok,ok,ok
1607003,2024,14748501,13360962,30,124658.34841222024,-4.8324047688521645,-5.5561033755395055,3.4482758620689653,-4.832404768852167,ok,ok,ok,ok
1607003,2025,15590104,14087999,30,131771.80624761447,5.706362972074246,5.441501891854793,0,5.706362972074243,ok,ok,ok,ok
1607004,2021,1942573,1848048,3,28408.14936005448,,,,,sin_anterior,sin_anterior,sin_anterior,sin_anterior
1607004,2022,670918,568693,2,9811.491641420442,-65.46240475904895,-69.22736855319775,-33.333333333333336,-65.46240475904895,ok,ok,ok,ok
1607004,2023,618287,520062,1,9041.816932171922,-7.844624827475191,-8.551362510176844,-50,-7.844624827475182,ok,ok,ok,ok
1607004,2024,631809,537584,2,9239.5623943227165,2.1870102395812947,3.369213670677727,100,2.1870102395812925,ok,ok,ok,ok
1607004,2025,676517,602292,2,9893.371307341335,7.076189164763401,12.036816571921783,0,7.076189164763403,ok,ok,ok,ok
1607005,2021,280611,263211,2,5462.626250570177,,,,,sin_anterior,sin_anterior,sin_anterior,sin_anterior
1607005,2022,212375,195995,2,4134.282868329615,-24.31693696968401,-25.536926648202392,0,-24.316936969684,ok,ok,ok,ok
1607005,2023,304300,299520,2,5923.77764253185,43.28428487345497,52.82022500573994,0,43.28428487345495,ok,ok,ok,ok
1607005,2024,294105,288305,2,5725.312597952119,-3.3503121919158727,-3.744324252136752,0,-3.350312191915862,ok,ok,ok,ok
1607005,2025,144780,126480,1,2818.4177689311905,-50.77268322537869,-56.12979310105617,-50,-50.77268322537869,ok,ok,ok,ok
1701001,2021,3798791,3384403,2,9206.79215022188,,,,,sin_anterior,sin_anterior,sin_anterior,sin_anterior
1701001,2022,3903652,3511055,2,9460.934436982172,2.760378236128284,3.7422257337557023,0,2.7603782361282874,ok,ok,ok,ok
1701001,2023,3898169,3624811,2,9447.645777153382,-0.14045821707467776,3.2399378534372145,0,-0.14045821707468034,ok,ok,ok,ok
1701001,2024,3513214,3229717,1,8514.66455439365,-9.875277341746855,-10.89971311607695,-50,-9.875277341746862,ok,ok,ok,ok
1701001,2025,3917162,3663454,1,9493.67742335586,11.497961695473148,13.429566739129156,0,11.49796169547314,ok,ok,ok,ok
1701002,2021,9742668,9056032,12,11297.806012218216,,,,,sin_anterior,sin_anterior,sin_anterior,sin_anterior
1701002,2022,10442547,9654857,13,12109.400656932094,7.18364825733567,6.612443507266759,8.333333333333334,7.183648257335663,ok,ok,ok,ok
1701002,2023,10921098,10029289,12,12664.338623098347,4.58270381737329,3.8781724058678444,-7.6923076923076925,4.58270381737329,ok,ok,ok,ok
1701002,2024,10704738,9900928,12,12413.442943516171,-1.9811194808434096,-1.2798614139048141,0,-1.9811194808433983,ok,ok,ok,ok
1701002,2025,12552833,11524773,11,14556.533399041333,17.264271204021995,16.400937366679162,-8.333333333333334,17.264271204021988,ok,ok,ok,ok
1701003,2021,2109370,2025750,4,3991.0518649646897,,,,,sin_anterior,sin_anterior,sin_anterior,sin_anterior
1701003,2022,2110076,1972441,4,3992.387658408545,0.033469708965236065,-2.631568554856226,0,0.03346970896523929,ok,ok,ok,ok
1701003,2023,1753861,1634076,3,3318.407967752853,-16.881619429821484,-17.154632255159978,-25,-16.881619429821487,ok,ok,ok,ok
1701003,2024,1723461,1642911,3,3260.8893832015765,-1.7333186609429139,0.5406725268592159,0,-1.7333186609429072,ok,ok,ok,ok
1701003,2025,1798852,1705572,3,3403.53358083004,4.374395475151454,3.814022792470195,0,4.374395475151445,ok,ok,ok,ok
1701004,2021,312856,73000,1,1258.4282202638763,,,,,sin_anterior,sin_anterior,sin_anterior,sin_anterior
1701004,2022,322580,253480,2,1297.5419211800995,3.1081392078144576,247.23287671232876,100,3.10813920781446,ok,ok,ok,ok
1701004,2023,611200,72000,1,2458.4835458654497,89.47237894475789,-71.59539214139183,-50,89.47237894475788,ok,ok,ok,ok
1701004,2024,30000,30000,1,120.67164001302928,-95.09162303664921,-58.333333333333336,0,-95.09162303664921,ok,ok,ok,ok
1701004,2025,0,0,0,0,-100,-100,-100,-100,ok,ok,ok,ok
1701005,2021,11240284,10916575,4,43127.333237386556,,,,,sin_anterior,sin_anterior,sin_anterior,sin_anterior
1701005,2022,10838968,10570530,3,41587.542172899666,-3.570336834905595,-3.169904480113955,-25,-3.570336834905581,ok,ok,ok,ok
1701005,2023,10591638,10525238,4,40638.572971623005,-2.281859306162727,-0.4284742581497806,33.333333333333336,-2.2818593061627297,ok,ok,ok,ok
1701005,2024,10459518,10383268,4,40131.64776694637,-1.2473991275003924,-1.3488531090698377,0,-1.2473991275003888,ok,ok,ok,ok
1701005,2025,9605120,9519570,5,36853.447032573764,-8.168617330167605,-8.318171119150541,25,-8.168617330167617,ok,ok,ok,ok
1701006,2021,173700,170000,0,387.99339951531533,,,,,sin_anterior,sin_anterior,sin_anterior,sin_anterior
1701006,2022,184200,180000,0,411.44723195579206,6.0449050086355784,5.882352941176471,,6.044905008635574,ok,ok,sin_produccion,ok
1701006,2023,287000,229000,0,641.0714200396977,55.80890336590662,27.22222222222222,,55.80890336590663,ok,ok,sin_produccion,ok
1701006,2024,265500,0,0,593.046905994912,-7.491289198606272,-100,,-7.491289198606276,ok,ok,sin_produccion,ok
1701006,2025,278000,252000,0,620.9681350907176,4.708097928436912,,,4.708097928436911,ok,sin_base,sin_produccion,ok
1702001,2021,0,0,0,0,,,,,sin_anterior,sin_anterior,sin_anterior,sin_anterior
1702001,2022,0,0,0,0,,,,,sin_produccion,sin_produccion,sin_produccion,sin_produccion
1702001,2023,0,0,0,0,,,,,sin_produccion,sin_produccion,sin_produccion,sin_produccion
1702001,2024,0,0,0,0,,,,,sin_produccion,sin_produccion,sin_produccion,sin_produccion
1702001,2025,0,0,0,0,,,,,sin_produccion,sin_produccion,sin_produccion,sin_produccion
1702002,2021,8905955,8213795,10,18756.358327312995,,,,,sin_anterior,sin_anterior,sin_anterior,sin_anterior
1702002,2022,8789884,8128824,10,18511.907365298306,-1.3032965021718614,-1.0344913648319687,0,-1.303296502171852,ok,ok,ok,ok
1702002,2023,8022550,7468765,10,16895.866024338196,-8.729739778135865,-8.119981438889562,0,-8.729739778135867,ok,ok,ok,ok
1702002,2024,7542613,6980613,9,15885.096225194182,-5.982349751637572,-6.535913233312335,-10,-5.982349751637581,ok,ok,ok,ok
1702002,2025,8393310,7967955,9,17676.703948337876,11.278544981692685,14.144058695131788,0,11.278544981692693,ok,ok,ok,ok
1702003,2021,5247584,4931569,9,20746.760199917502,,,,,sin_anterior,sin_anterior,sin_anterior,sin_anterior
1702003,2022,5980490,5678270,9,23644.365084580757,13.966541555123271,15.141246122684281,0,13.966541555123275,ok,ok,ok,ok
1702003,2023,7069816,6711556,10,27951.10611083881,18.214661340458726,18.1971973858235,11.11111111111111,18.214661340458726,ok,ok,ok,ok
1702003,2024,7334154,7010554,9,28996.18839970275,3.738965766577235,4.454972885572287,-10,3.7389657665772376,ok,ok,ok,ok
1702003,2025,7531026,7240426,9,29774.538241092265,2.6843177822554587,3.2789420065803645,0,2.684317782255454,ok,ok,ok,ok
1702004,2021,7249240,6769705,5,21263.303626527144,,,,,sin_anterior,sin_anterior,sin_anterior,sin_anterior
1702004,2022,7832950,7235220,5,22975.428340268194,8.05201648724556,6.87644439454895,0,8.052016487245567,ok,ok,ok,ok
1702004,2023,8939760,8318480,3,26221.897913199493,14.130180838636784,14.972039550974262,-40,14.130180838636772,ok,ok,ok,ok
1702004,2024,9697432,8935337,3,28444.283954400787,8.47530582476487,7.41550138967696,0,8.47530582476487,ok,ok,ok,ok
1702004,2025,8887344,8147002,3,26068.152510524447,-8.353634240487585,-8.822666677261305,0,-8.353634240487585,ok,ok,ok,ok
1702005,2021,23123322,20917389,22,59892.549576748774,,,,,sin_anterior,sin_anterior,sin_anterior,sin_anterior
1702005,2022,25716904,23525009,23,66610.27977643043,11.216303608971064,12.466278654568216,4.545454545454546,11.216303608971058,ok,ok,ok,ok
1702005,2023,27682928,25422540,23,71702.54938583508,7.644870471188911,8.06601604275688,0,7.644870471188921,ok,ok,ok,ok
1702005,2024,27340258,24965863,23,70814.98747048985,-1.2378387141706975,-1.79634686384602,0,-1.2378387141706944,ok,ok,ok,ok
1702005,2025,29126396,26792976,24,75441.32786898082,6.532996140709425,7.318445190538777,4.3478260869565215,6.532996140709428,ok,ok,ok,ok
1702006,2021,10986626,10093560,16,55386.62032322095,,,,,sin_anterior,sin_anterior,sin_anterior,sin_anterior
1702006,2022,13260884,12188578,22,66851.78391057233,20.700240455987124,20.75598698576122,37.5,20.70024045598713,ok,ok,ok,ok
1702006,2023,12785153,11547375,21,64453.49236292282,-3.5874757670755586,-5.2606875059584475,-4.545454545454546,-3.587475767075565,ok,ok,ok,ok
1702006,2024,13065603,11974955,19,65867.31837917634,2.1935599832086483,3.702832894922006,-9.523809523809524,2.1935599832086563,ok,ok,ok,ok
1702006,2025,12690573,11612636,22,63976.68842419129,-2.870361207209495,-3.02563976232061,15.789473684210526,-2.8703612072095015,ok,ok,ok,ok
1702007,2021,2274222,2187862,4,5256.377429246854,,,,,sin_anterior,sin_anterior,sin_anterior,sin_anterior
1702007,2022,2309004,2227684,5,5336.768578283344,1.529402142798724,1.8201330796914978,25,1.529402142798724,ok,ok,ok,ok
1702007,2023,2491461,2401671,4,5758.478884756544,7.90197851541184,7.810219043634555,-20,7.901978515411845,ok,ok,ok,ok
1702007,2024,2367798,2294848,4,5472.658326326912,-4.963473239195797,-4.447861509757165,0,-4.963473239195803,ok,ok,ok,ok
1702007,2025,1833708,1779758,3,4238.2235960382895,-22.55640050375919,-22.44549530077809,-25,-22.556400503759185,ok,ok,ok,ok
1702008,2021,449654,232054,2,2574.7057505749262,,,,,sin_anterior,sin_anterior,sin_anterior,sin_anterior
1702008,2022,526815,295915,2,3016.527396596338,17.160083086106205,27.519887612366087,0,17.1600830861062,ok,ok,ok,ok
1702008,2023,588985,346445,2,3372.5110118054613,11.80110665034215,17.075849483804472,0,11.80110665034215,ok,ok,ok,ok
1702008,2024,530005,329805,2,3034.7932439908545,-10.013837364279226,-4.803071194561907,0,-10.01383736427923,ok,ok,ok,ok
1702008,2025,568429,313429,2,3254.8079525447447,7.24974292695352,-4.965358317793848,0,7.249742926953517,ok,ok,ok,ok
1703001,2021,1020416,962016,3,2583.2407680036977,,,,,sin_anterior,sin_anterior,sin_anterior,sin_anterior
1703001,2022,1086589,1050039,3,2750.7614569590933,6.484904195935775,9.149847819578884,0,6.484904195935785,ok,ok,ok,ok
1703001,2023,1200764,1134884,3,3039.8019215214113,10.507652847580824,8.080176069650745,0,10.507652847580827,ok,ok,ok,ok
1703001,2024,948364,894884,3,2400.83705832431,-21.01995063143132,-21.14753578339284,0,-21.01995063143132,ok,ok,ok,ok
1703001,2025,308000,270000,1,779.7194051692045,-67.52301858779963,-69.82849173747658,-66.66666666666667,-67.52301858779961,ok,ok,ok,ok
1703002,2021,6560781,6473704,4,22983.655057295036,,,,,sin_anterior,sin_anterior,sin_anterior,sin_anterior
1703002,2022,6810480,6656038,4,23858.39781797422,3.8059340801041825,2.816532853525586,0,3.8059340801041923,ok,ok,ok,ok
1703002,2023,7366820,7156896,4,25807.36192065887,8.168880901199328,7.524866895291162,0,8.16888090119932,ok,ok,ok,ok
1703002,2024,6318544,6175684,3,22135.053092054317,-14.229694766534271,-13.71002177480293,-25,-14.22969476653427,ok,ok,ok,ok
1703002,2025,5909377,5747742,2,20701.6638067195,-6.475653251761798,-6.929467246057279,-33.333333333333336,-6.475653251761796,ok,ok,ok,ok
1703003,2021,5280891,5112437,9,23326.263206639196,,,,,sin_anterior,sin_anterior,sin_anterior,sin_anterior
1703003,2022,4931976,4762393,7,21785.06814566473,-6.6071236842419205,-6.846910778558249,-22.22222222222222,-6.6071236842419205,ok,ok,ok,ok
1703003,2023,5475795,5301830,9,24187.175125485242,11.02639185592144,11.32701564108632,28.571428571428573,11.02639185592145,ok,ok,ok,ok
1703003,2024,5629764,5261924,9,24867.272749098953,2.8118108877341097,-0.7526835073927305,0,2.8118108877341097,ok,ok,ok,ok
1703003,2025,5459765,5050770,9,24116.368892369952,-3.019647004741229,-4.01286677648708,0,-3.019647004741239,ok,ok,ok,ok
1703004,2021,1690058,1582128,5,3625.425176242105,,,,,sin_anterior,sin_anterior,sin_anterior,sin_anterior
1703004,2022,1782771,1660691,5,3824.3083177466774,5.485788061711491,4.9656538535440875,0,5.4857880617114985,ok,ok,ok,ok
1703004,2023,1751627,1600452,4,3757.4998166840605,-1.7469433819598816,-3.6273454845001267,-20,-1.7469433819598819,ok,ok,ok,ok
1703004,2024,1749995,1626085,5,3753.998934532308,-0.09317052089286132,1.6016100451622417,25,-0.093170520892856,ok,ok,ok,ok
1703004,2025,1733800,1613550,5,3719.258256561942,-0.9254312155177586,-0.7708699114744925,0,-0.9254312155177588,ok,ok,ok,ok
1703005,2021,353632,289632,2,619.0138263924771,,,,,sin_anterior,sin_anterior,sin_anterior,sin_anterior
1703005,2022,283172,242052,2,495.6773800086263,-19.92466745090942,-16.42774279085184,0,-19.924667450909414,ok,ok,ok,ok
1703005,2023,192728,160328,2,337.3600147412263,-31.939598547879026,-33.762993075867996,0,-31.93959854787903,ok,ok,ok,ok
1703005,2024,218057,170857,2,381.697069104788,13.14235606658088,6.567162317249638,0,13.142356066580884,ok,ok,ok,ok
1703005,2025,183618,161418,1,321.41344893712636,-15.793576908789904,-5.524502946908818,-50,-15.793576908789904,ok,ok,ok,ok
1703006,2021,5784925,5578625,5,19340.30451004472,,,,,sin_anterior,sin_anterior,sin_anterior,sin_anterior
1703006,2022,5995682,5747732,7,20044.912531345515,3.643210586135516,3.03133836742925,40,3.643210586135524,ok,ok,ok,ok
1703006,2023,5841776,5591146,7,19530.370181025857,-2.5669473464403216,-2.724309344972939,0,-2.5669473464403256,ok,ok,ok,ok
1703006,2024,5817004,5576459,7,19447.551817205614,-0.4240491247867087,-0.2626831780103757,0,-0.42404912478669937,ok,ok,ok,ok
1703006,2025,5768937,5537667,7,19286.85303253955,-0.8263188404202576,-0.695638576379742,0,-0.8263188404202626,ok,ok,ok,ok
1704000,2021,0,0,0,0,,,,,sin_anterior,sin_anterior,sin_anterior,sin_anterior
1704000,2022,0,0,0,0,,,,,sin_produccion,sin_produccion,sin_produccion,sin_produccion
1704000,2023,0,0,0,0,,,,,sin_produccion,sin_produccion,sin_produccion,sin_produccion
1704000,2024,0,0,0,0,,,,,sin_produccion,sin_produccion,sin_produccion,sin_produccion
1704000,2025,0,0,0,0,,,,,sin_produccion,sin_produccion,sin_produccion,sin_produccion
1704001,2021,1964475,1885773,6,21968.253928799433,,,,,sin_anterior,sin_anterior,sin_anterior,sin_anterior
1704001,2022,2077576,1995871,7,23233.035352640993,5.75731429516792,5.838348518087808,16.666666666666668,5.757314295167927,ok,ok,ok,ok
1704001,2023,2029939,1955384,5,22700.3221786855,-2.2929125095784704,-2.0285379165286734,-28.571428571428573,-2.2929125095784686,ok,ok,ok,ok
1704001,2024,2888928,2787613,7,32306.190654510083,42.31600062859032,42.56089852427963,40,42.316000628590324,ok,ok,ok,ok
1704001,2025,2510084,2431284,8,28069.668840080223,-13.113653230540878,-12.782584957094116,14.285714285714286,-13.113653230540887,ok,ok,ok,ok
1704002,2021,694707,485599,2,2757.2527105984323,,,,,sin_anterior,sin_anterior,sin_anterior,sin_anterior
1704002,2022,593452,430862,0,2355.377354208408,-14.575209404828222,-11.272057809015257,-100,-14.575209404828234,ok,ok,ok,ok
1704002,2023,621865,467911,0,2468.1469409064453,4.7877503151055185,8.598808899369171,,4.787750315105518,ok,ok,sin_produccion,ok
1704002,2024,624703,479523,0,2479.410802063276,0.45636914764458525,2.4816685224326847,,0.45636914764459535,ok,ok,sin_produccion,ok
1704002,2025,575173,431043,0,2282.8290391676373,-7.9285676553498226,-10.110046859066196,,-7.928567655349835,ok,ok,sin_produccion,ok
1704003,2021,4456211,3918783,2,36701.233755512534,,,,,sin_anterior,sin_anterior,sin_anterior,sin_anterior
1704003,2022,5478300,4577781,3,45119.13122669109,22.93627927402899,16.816394273426216,50,22.936279274028998,ok,ok,ok,ok
1704003,2023,6022840,5144485,3,49603.94799798553,9.939944873409635,12.379447596990769,0,9.939944873409623,ok,ok,ok,ok
1704003,2024,5569222,4872033,3,45867.96236945311,-7.531629596668681,-5.296001446208901,0,-7.531629596668682,ok,ok,ok,ok
1704003,2025,5555065,4881633,3,45751.365698811445,-0.25420067650382766,0.1970430003245052,0,-0.2542006765038163,ok,ok,ok,ok
1704004,2021,1215395,991309,4,4137.961191764685,,,,,sin_anterior,sin_anterior,sin_anterior,sin_anterior
1704004,2022,1295930,923400,3,4412.152466682526,6.626240851739558,-6.8504371492642555,-25,6.626240851739565,ok,ok,ok,ok
1704004,2023,1241478,874593,2,4226.763961041174,-4.201770157338745,-5.285575048732944,-33.333333333333336,-4.20177015733875,ok,ok,ok,ok
1704004,2024,1041111,747190,3,3544.589959905482,-16.139391918342493,-14.567118648331281,50,-16.139391918342493,ok,ok,ok,ok
1704004,2025,778162,503170,2,2649.3478720136177,-25.25657686836466,-32.65835998875788,-33.333333333333336,-25.25657686836466,ok,ok,ok,ok
1704005,2021,2687339,2274739,8,12507.747680878578,,,,,sin_anterior,sin_anterior,sin_anterior,sin_anterior
1704005,2022,3217647,2478142,8,14975.973184676704,19.733572876365802,8.941817061210099,0,19.733572876365795,ok,ok,ok,ok
1704005,2023,3582016,2598516,9,16671.86473938344,11.324082473932037,4.857429477406864,12.5,11.324082473932032,ok,ok,ok,ok
1704005,2024,3589252,2460822,8,16705.543431286038,0.20200914792117064,-5.29894755314187,-11.11111111111111,0.2020091479211676,ok,ok,ok,ok
1704005,2025,3985262,2617922,7,18548.702466712803,11.033218063262206,6.3840456562888335,-12.5,11.03321806326221,ok,ok,ok,ok
1704006,2021,928120,481000,2,5419.4276255949835,,,,,sin_anterior,sin_anterior,sin_anterior,sin_anterior
1704006,2022,954926,516342,4,5575.951757099207,2.888204111537301,7.347609147609147,100,2.888204111537309,ok,ok,ok,ok
1704006,2023,1052318,581098,3,6144.6378055756395,10.198905464926078,12.541300146027245,-25,10.198905464926083,ok,ok,ok,ok
1704006,2024,872376,469531,3,5093.930304600752,-17.09958396606349,-19.19934331214356,0,-17.099583966063495,ok,ok,ok,ok
1704006,2025,456200,0,0,2663.818129979347,-47.706035012425836,-100,-100,-47.70603501242584,ok,ok,ok,ok
1801001,2021,0,0,0,0,,,,,sin_anterior,sin_anterior,sin_anterior,sin_anterior
1801001,2022,0,0,0,0,,,,,sin_produccion,sin_produccion,sin_produccion,sin_produccion
1801001,2023,0,0,0,0,,,,,sin_produccion,sin_produccion,sin_produccion,sin_produccion
1801001,2024,0,0,0,0,,,,,sin_produccion,sin_produccion,sin_produccion,sin_produccion
1801001,2025,0,0,0,0,,,,,sin_produccion,sin_produccion,sin_produccion,sin_produccion
1801002,2021,0,0,0,0,,,,,sin_anterior,sin_anterior,sin_anterior,sin_anterior
1801002,2022,0,0,0,0,,,,,sin_produccion,sin_produccion,sin_produccion,sin_produccion
1801002,2023,0,0,0,0,,,,,sin_produccion,sin_produccion,sin_produccion,sin_produccion
1801002,2024,0,0,0,0,,,,,sin_produccion,sin_produccion,sin_produccion,sin_produccion
1801002,2025,0,0,0,0,,,,,sin_produccion,sin_produccion,sin_produccion,sin_produccion
1801003,2021,0,0,0,0,,,,,sin_anterior,sin_anterior,sin_anterior,sin_anterior
1801003,2022,0,0,0,0,,,,,sin_produccion,sin_produccion,sin_produccion,sin_produccion
1801003,2023,0,0,0,0,,,,,sin_produccion,sin_produccion,sin_produccion,sin_produccion
1801003,2024,0,0,0,0,,,,,sin_produccion,sin_produccion,sin_produccion,sin_produccion
1801003,2025,0,0,0,0,,,,,sin_produccion,sin_produccion,sin_produccion,sin_produccion
1801004,2021,18589,0,0,53.41326742059465,,,,,sin_anterior,sin_anterior,sin_anterior,sin_anterior
1801004,2022,13229,0,0,38.01194871736224,-28.834256818548603,,,-28.834256818548603,ok,sin_produccion,sin_produccion,ok
1801004,2023,23230,0,0,66.74862564852405,75.59906266535641,,,75.59906266535641,ok,sin_produccion,sin_produccion,ok
1801004,2024,23230,0,0,66.74862564852405,0,,,0,ok,sin_produccion,sin_produccion,ok
1801004,2025,23230,0,0,66.74862564852405,0,,,0,ok,sin_produccion,sin_produccion,ok
1801005,2021,97000,88000,1,281.66450155154143,,,,,sin_anterior,sin_anterior,sin_anterior,sin_anterior
1801005,2022,0,0,0,0,-100,-100,-100,-100,ok,ok,ok,ok
1801005,2023,73200,72000,1,212.5550671502354,,,,,sin_base,sin_base,sin_base,sin_base
1801005,2024,0,0,0,0,-100,-100,-100,-100,ok,ok,ok,ok
1801005,2025,0,0,0,0,,,,,sin_produccion,sin_produccion,sin_produccion,sin_produccion
1802001,2021,137320,78000,0,1619.7062825630837,,,,,sin_anterior,sin_anterior,sin_anterior,sin_anterior
1802001,2022,69700,43000,0,822.1200691424915,-49.24264491698223,-44.87179487179487,,-49.242644916982236,ok,ok,sin_produccion,ok
1802001,2023,69700,43000,0,822.1200691424915,0,0,,0,ok,ok,sin_produccion,ok
1802001,2024,69700,43000,0,822.1200691424915,0,0,,0,ok,ok,sin_produccion,ok
1802001,2025,69700,43000,0,822.1200691424915,0,0,,0,ok,ok,sin_produccion,ok
1802002,2021,149530,113150,0,2144.89549892277,,,,,sin_anterior,sin_anterior,sin_anterior,sin_anterior
1802002,2022,149530,113150,1,2144.89549892277,0,0,,0,ok,ok,sin_base,ok
1802002,2023,149530,113150,1,2144.89549892277,0,0,0,0,ok,ok,ok,ok
1802002,2024,29344,260,1,420.9176320496874,-80.37584431217816,-99.77021652673443,0,-80.37584431217816,ok,ok,ok,ok
1802002,2025,43800,0,0,628.2780903686038,49.2639040348964,-100,-100,49.2639040348964,ok,ok,ok,ok
1802003,2021,77900,54650,0,859.2919233789166,,,,,sin_anterior,sin_anterior,sin_anterior,sin_anterior
1802003,2022,42310,26650,0,466.70913065676456,-45.68677792041078,-51.23513266239707,,-45.68677792041079,ok,ok,sin_produccion,ok
1802003,2023,23600,23000,0,260.3246391751275,-44.22122429685653,-13.696060037523452,,-44.221224296856526,ok,ok,sin_produccion,ok
1802003,2024,20600,20000,0,227.23252402574687,-12.711864406779661,-13.043478260869565,,-12.711864406779673,ok,ok,sin_produccion,ok
1802003,2025,18600,18000,0,205.1711139261598,-9.70873786407767,-10,,-9.708737864077671,ok,ok,sin_produccion,ok
1802004,2021,0,0,0,0,,,,,sin_anterior,sin_anterior,sin_anterior,sin_anterior
1802004,2022,0,0,0,0,,,,,sin_produccion,sin_produccion,sin_produccion,sin_produccion
1802004,2023,0,0,0,0,,,,,sin_produccion,sin_produccion,sin_produccion,sin_produccion
1802004,2024,0,0,0,0,,,,,sin_produccion,sin_produccion,sin_produccion,sin_produccion
1802004,2025,0,0,0,0,,,,,sin_produccion,sin_produccion,sin_produccion,sin_produccion
1802005,2021,0,0,0,0,,,,,sin_anterior,sin_anterior,sin_anterior,sin_anterior
1802005,2022,0,0,0,0,,,,,sin_produccion,sin_produccion,sin_produccion,sin_produccion
1802005,2023,0,0,0,0,,,,,sin_produccion,sin_produccion,sin_produccion,sin_produccion
1802005,2024,0,0,0,0,,,,,sin_produccion,sin_produccion,sin_produccion,sin_produccion
1802005,2025,0,0,0,0,,,,,sin_produccion,sin_produccion,sin_produccion,sin_produccion
1803001,2021,797507,770467,3,1921.8182101516286,,,,,sin_anterior,sin_anterior,sin_anterior,sin_anterior
1803001,2022,737021,709981,2,1776.0601211828402,-7.584384839255329,-7.850563359624747,-33.333333333333336,-7.584384839255335,ok,ok,ok,ok
1803001,2023,763679,735639,2,1840.3000963131178,3.616993274275767,3.6138995268887477,0,3.6169932742757784,ok,ok,ok,ok
1803001,2024,693040,665000,2,1670.0754881944417,-9.249828789321167,-9.602400090261664,0,-9.249828789321175,ok,ok,ok,ok
1803001,2025,290740,279000,2,700.6200903810054,-58.048597483550736,-58.045112781954884,0,-58.04859748355073,ok,ok,ok,ok
1803002,2021,1268237,1243937,1,2222.206435628072,,,,,sin_anterior,sin_anterior,sin_anterior,sin_anterior
1803002,2022,0,0,0,0,-100,-100,-100,-100,ok,ok,ok,ok
1803002,2023,0,0,0,0,,,,,sin_produccion,sin_produccion,sin_produccion,sin_produccion
1803002,2024,0,0,0,0,,,,,sin_produccion,sin_produccion,sin_produccion,sin_produccion
1803002,2025,0,0,0,0,,,,,sin_produccion,sin_produccion,sin_produccion,sin_produccion
1803003,2021,0,0,0,0,,,,,sin_anterior,sin_anterior,sin_anterior,sin_anterior
1803003,2022,0,0,0,0,,,,,sin_produccion,sin_produccion,sin_produccion,sin_produccion
1803003,2023,0,0,0,0,,,,,sin_produccion,sin_produccion,sin_produccion,sin_produccion
1803003,2024,0,0,0,0,,,,,sin_produccion,sin_produccion,sin_produccion,sin_produccion
1803003,2025,0,0,0,0,,,,,sin_produccion,sin_produccion,sin_produccion,sin_produccion
1803004,2021,0,0,0,0,,,,,sin_anterior,sin_anterior,sin_anterior,sin_anterior
1803004,2022,0,0,0,0,,,,,sin_produccion,sin_produccion,sin_produccion,sin_produccion
1803004,2023,0,0,0,0,,,,,sin_produccion,sin_produccion,sin_produccion,sin_produccion
1803004,2024,0,0,0,0,,,,,sin_produccion,sin_produccion,sin_produccion,sin_produccion
1803004,2025,0,0,0,0,,,,,sin_produccion,sin_produccion,sin_produccion,sin_produccion
1803005,2021,794000,130000,0,1078.8164356395223,,,,,sin_anterior,sin_anterior,sin_anterior,sin_anterior
1803005,2022,822900,160000,0,1118.083179959399,3.6397984886649875,23.076923076923077,,3.639798488664986,ok,ok,sin_produccion,ok
1803005,2023,780160,160000,0,1060.0118771140174,-5.193826710414388,0,,-5.19382671041438,ok,ok,sin_produccion,ok
1803005,2024,816120,200000,1,1108.8711202193035,4.609310910582445,25,,4.609310910582444,ok,ok,sin_base,ok
1803005,2025,201800,200000,1,274.18785480107755,-75.27324413076508,0,0,-75.2732441307651,ok,ok,ok,ok
1803006,2021,0,0,0,0,,,,,sin_anterior,sin_anterior,sin_anterior,sin_anterior
1803006,2022,0,0,0,0,,,,,sin_produccion,sin_produccion,sin_produccion,sin_produccion
1803006,2023,0,0,0,0,,,,,sin_produccion,sin_produccion,sin_produccion,sin_produccion
1803006,2024,0,0,0,0,,,,,sin_produccion,sin_produccion,sin_produccion,sin_produccion
1803006,2025,0,0,0,0,,,,,sin_produccion,sin_produccion,sin_produccion,sin_produccion
1803007,2021,0,0,0,0,,,,,sin_anterior,sin_anterior,sin_anterior,sin_anterior
1803007,2022,0,0,0,0,,,,,sin_produccion,sin_produccion,sin_produccion,sin_produccion
1803007,2023,0,0,0,0,,,,,sin_produccion,sin_produccion,sin_produccion,sin_produccion
1803007,2024,0,0,0,0,,,,,sin_produccion,sin_produccion,sin_produccion,sin_produccion
1803007,2025,0,0,0,0,,,,,sin_produccion,sin_produccion,sin_produccion,sin_produccion
1804001,2021,1264023,1156423,2,2191.122840967116,,,,,sin_anterior,sin_anterior,sin_anterior,sin_anterior
1804001,2022,1364470,1316870,2,2365.2428656870966,7.946611730957427,13.87442138387078,0,7.946611730957422,ok,ok,ok,ok
1804001,2023,750711,707111,1,1301.3212726867032,-44.981494646272914,-46.30365943487208,-50,-44.981494646272914,ok,ok,ok,ok
1804001,2024,773992,731492,1,1341.677762133933,3.1011934019882483,3.447973514766423,0,3.101193401988261,ok,ok,ok,ok
1804001,2025,833892,791392,1,1445.511520043346,7.739098078533112,8.188743007442323,0,7.7390980785331065,ok,ok,ok,ok
1804002,2021,592561,547561,1,857.1319553381458,,,,,sin_anterior,sin_anterior,sin_anterior,sin_anterior
1804002,2022,734330,666958,1,1062.1990120231683,23.924794240592952,21.805241790412392,0,23.92479424059296,ok,ok,ok,ok
1804002,2023,110323,55435,1,159.5808173483747,-84.97637302030422,-91.68838217698865,0,-84.97637302030422,ok,ok,ok,ok
1804002,2024,511723,464523,1,740.2008157497743,363.84072224286865,737.9597727067737,0,363.8407222428687,ok,ok,ok,ok
1804002,2025,450583,404383,1,651.7625828094116,-11.947870234482327,-12.946614053556013,0,-11.947870234482332,ok,ok,ok,ok
1804003,2021,0,0,0,0,,,,,sin_anterior,sin_anterior,sin_anterior,sin_anterior
1804003,2022,0,0,0,0,,,,,sin_produccion,sin_produccion,sin_produccion,sin_produccion
1804003,2023,0,0,0,0,,,,,sin_produccion,sin_produccion,sin_produccion,sin_produccion
1804003,2024,0,0,0,0,,,,,sin_produccion,sin_produccion,sin_produccion,sin_produccion
1804003,2025,0,0,0,0,,,,,sin_produccion,sin_produccion,sin_produccion,sin_produccion
1804004,2021,0,0,0,0,,,,,sin_anterior,sin_anterior,sin_anterior,sin_anterior
1804004,2022,0,0,0,0,,,,,sin_produccion,sin_produccion,sin_produccion,sin_produccion
1804004,2023,0,0,0,0,,,,,sin_produccion,sin_produccion,sin_produccion,sin_produccion
1804004,2024,0,0,0,0,,,,,sin_produccion,sin_produccion,sin_produccion,sin_produccion
1804004,2025,0,0,0,0,,,,,sin_produccion,sin_produccion,sin_produccion,sin_produccion
1804005,2021,0,0,0,0,,,,,sin_anterior,sin_anterior,sin_anterior,sin_anterior
1804005,2022,0,0,0,0,,,,,sin_produccion,sin_produccion,sin_produccion,sin_produccion
1804005,2023,0,0,0,0,,,,,sin_produccion,sin_produccion,sin_produccion,sin_produccion
1804005,2024,0,0,0,0,,,,,sin_produccion,sin_produccion,sin_produccion,sin_produccion
1804005,2025,0,0,0,0,,,,,sin_produccion,sin_produccion,sin_produccion,sin_produccion
1804006,2021,0,0,0,0,,,,,sin_anterior,sin_anterior,sin_anterior,sin_anterior
1804006,2022,0,0,0,0,,,,,sin_produccion,sin_produccion,sin_produccion,sin_produccion
1804006,2023,0,0,0,0,,,,,sin_produccion,sin_produccion,sin_produccion,sin_produccion
1804006,2024,0,0,0,0,,,,,sin_produccion,sin_produccion,sin_produccion,sin_produccion
1804006,2025,0,0,0,0,,,,,sin_produccion,sin_produccion,sin_produccion,sin_produccion
1805001,2021,0,0,0,0,,,,,sin_anterior,sin_anterior,sin_anterior,sin_anterior
1805001,2022,0,0,0,0,,,,,sin_produccion,sin_produccion,sin_produccion,sin_produccion
1805001,2023,0,0,0,0,,,,,sin_produccion,sin_produccion,sin_produccion,sin_produccion
1805001,2024,0,0,0,0,,,,,sin_produccion,sin_produccion,sin_produccion,sin_produccion
1805001,2025,0,0,0,0,,,,,sin_produccion,sin_produccion,sin_produccion,sin_produccion
1805002,2021,0,0,0,0,,,,,sin_anterior,sin_anterior,sin_anterior,sin_anterior
1805002,2022,0,0,0,0,,,,,sin_produccion,sin_produccion,sin_produccion,sin_produccion
1805002,2023,0,0,0,0,,,,,sin_produccion,sin_produccion,sin_produccion,sin_produccion
1805002,2024,0,0,0,0,,,,,sin_produccion,sin_produccion,sin_produccion,sin_produccion
1805002,2025,0,0,0,0,,,,,sin_produccion,sin_produccion,sin_produccion,sin_produccion
1805003,2021,0,0,0,0,,,,,sin_anterior,sin_anterior,sin_anterior,sin_anterior
1805003,2022,0,0,0,0,,,,,sin_produccion,sin_produccion,sin_produccion,sin_produccion
1805003,2023,0,0,0,0,,,,,sin_produccion,sin_produccion,sin_produccion,sin_produccion
1805003,2024,0,0,0,0,,,,,sin_produccion,sin_produccion,sin_produccion,sin_produccion
1805003,2025,0,0,0,0,,,,,sin_produccion,sin_produccion,sin_produccion,sin_produccion
1805004,2021,0,0,0,0,,,,,sin_anterior,sin_anterior,sin_anterior,sin_anterior
1805004,2022,0,0,0,0,,,,,sin_produccion,sin_produccion,sin_produccion,sin_produccion
1805004,2023,0,0,0,0,,,,,sin_produccion,sin_produccion,sin_produccion,sin_produccion
1805004,2024,0,0,0,0,,,,,sin_produccion,sin_produccion,sin_produccion,sin_produccion
1805004,2025,0,0,0,0,,,,,sin_produccion,sin_produccion,sin_produccion,sin_produccion
1805005,2021,288553,275153,1,331.2811002803553,,,,,sin_anterior,sin_anterior,sin_anterior,sin_anterior
1805005,2022,286252,276852,0,328.6393748027304,-0.7974271624276996,0.6174746413813406,-100,-0.7974271624277005,ok,ok,ok,ok
1805005,2023,312022,297922,1,358.2253224595725,9.002557187373363,7.610564489330039,,9.002557187373368,ok,ok,sin_base,ok
1805005,2024,360126,346026,1,413.45242475234437,15.41686163155162,16.14650814642759,0,15.416861631551608,ok,ok,ok,ok
1805005,2025,334308,328013,1,383.81136939323113,-7.169157461555122,-5.205678186032263,0,-7.1691574615551135,ok,ok,ok,ok
1806001,2021,670298,640898,1,1130.3345610472534,,,,,sin_anterior,sin_anterior,sin_anterior,sin_anterior
1806001,2022,529400,500000,1,892.7359422501871,-21.0202029545068,-21.984465546779674,0,-21.020202954506804,ok,ok,ok,ok
1806001,2023,570655,536655,1,962.3049284563289,7.792784284095202,7.331,0,7.7927842840951955,ok,ok,ok,ok
1806001,2024,484000,450000,1,816.1771742521544,-15.185181940051345,-16.147245437012607,0,-15.185181940051347,ok,ok,ok,ok
1806001,2025,534000,500000,1,900.492998038534,10.330578512396695,11.11111111111111,0,10.330578512396697,ok,ok,ok,ok
1806002,2021,5000,0,0,7.911927347475182,,,,,sin_anterior,sin_anterior,sin_anterior,sin_anterior
1806002,2022,4910,0,0,7.769512655220629,-1.8,,,-1.8000000000000056,ok,sin_produccion,sin_produccion,ok
1806002,2023,4880,0,0,7.722041091135778,-0.6109979633401222,,,-0.6109979633401165,ok,sin_produccion,sin_produccion,ok
1806002,2024,0,0,0,0,-100,,,-100,ok,sin_produccion,sin_produccion,ok
1806002,2025,0,0,0,0,,,,,sin_produccion,sin_produccion,sin_produccion,sin_produccion
1806003,2021,0,0,0,0,,,,,sin_anterior,sin_anterior,sin_anterior,sin_anterior
1806003,2022,0,0,0,0,,,,,sin_produccion,sin_produccion,sin_produccion,sin_produccion
1806003,2023,0,0,0,0,,,,,sin_produccion,sin_produccion,sin_produccion,sin_produccion
1806003,2024,0,0,0,0,,,,,sin_produccion,sin_produccion,sin_produccion,sin_produccion
1806003,2025,0,0,0,0,,,,,sin_produccion,sin_produccion,sin_produccion,sin_produccion
1806004,2021,1211903,1152043,1,1991.4301240293441,,,,,sin_anterior,sin_anterior,sin_anterior,sin_anterior
1806004,2022,1394125,1348500,1,2290.861992801742,15.036021859835317,17.052922503760712,0,15.036021859835321,ok,ok,ok,ok
1806004,2023,1328171,1288781,1,2182.4846866970197,-4.730852685376132,-4.428550241008528,0,-4.730852685376127,ok,ok,ok,ok
1806004,2024,1274900,1200000,1,2094.948411815971,-4.010854024067684,-6.888757671008496,0,-4.0108540240676875,ok,ok,ok,ok
1806004,2025,1204299,1204299,1,1978.9350360040492,-5.537767668052396,0.35825,0,-5.537767668052398,ok,ok,ok,ok
1806005,2021,0,0,0,0,,,,,sin_anterior,sin_anterior,sin_anterior,sin_anterior
1806005,2022,0,0,0,0,,,,,sin_produccion,sin_produccion,sin_produccion,sin_produccion
1806005,2023,0,0,0,0,,,,,sin_produccion,sin_produccion,sin_produccion,sin_produccion
1806005,2024,0,0,0,0,,,,,sin_produccion,sin_produccion,sin_produccion,sin_produccion
1806005,2025,0,0,0,0,,,,,sin_produccion,sin_produccion,sin_produccion,sin_produccion
1901001,2021,0,0,0,0,,,,,sin_anterior,sin_anterior,sin_anterior,sin_anterior
1901001,2022,0,0,0,0,,,,,sin_produccion,sin_produccion,sin_produccion,sin_produccion
1901001,2023,0,0,0,0,,,,,sin_produccion,sin_produccion,sin_produccion,sin_produccion
1901001,2024,0,0,0,0,,,,,sin_produccion,sin_produccion,sin_produccion,sin_produccion
1901001,2025,0,0,0,0,,,,,sin_produccion,sin_produccion,sin_produccion,sin_produccion
1901002,2021,0,0,0,0,,,,,sin_anterior,sin_anterior,sin_anterior,sin_anterior
1901002,2022,0,0,0,0,,,,,sin_produccion,sin_produccion,sin_produccion,sin_produccion
1901002,2023,0,0,0,0,,,,,sin_produccion,sin_produccion,sin_produccion,sin_produccion
1901002,2024,0,0,0,0,,,,,sin_produccion,sin_produccion,sin_produccion,sin_produccion
1901002,2025,0,0,0,0,,,,,sin_produccion,sin_produccion,sin_produccion,sin_produccion
1901003,2021,0,0,0,0,,,,,sin_anterior,sin_anterior,sin_anterior,sin_anterior
1901003,2022,0,0,0,0,,,,,sin_produccion,sin_produccion,sin_produccion,sin_produccion
1901003,2023,0,0,0,0,,,,,sin_produccion,sin_produccion,sin_produccion,sin_produccion
1901003,2024,0,0,0,0,,,,,sin_produccion,sin_produccion,sin_produccion,sin_produccion
1901003,2025,0,0,0,0,,,,,sin_produccion,sin_produccion,sin_produccion,sin_produccion
1901004,2021,0,0,0,0,,,,,sin_anterior,sin_anterior,sin_anterior,sin_anterior
1901004,2022,0,0,0,0,,,,,sin_produccion,sin_produccion,sin_produccion,sin_produccion
1901004,2023,0,0,0,0,,,,,sin_produccion,sin_produccion,sin_produccion,sin_produccion
1901004,2024,0,0,0,0,,,,,sin_produccion,sin_produccion,sin_produccion,sin_produccion
1901004,2025,0,0,0,0,,,,,sin_produccion,sin_produccion,sin_produccion,sin_produccion
1901005,2021,67435,11200,0,263.04393588351616,,,,,sin_anterior,sin_anterior,sin_anterior,sin_anterior
1901005,2022,68280,12400,0,266.34003028288697,1.2530585007785275,10.714285714285714,,1.2530585007785264,ok,ok,sin_produccion,ok
1901005,2023,65420,10500,0,255.18401846963187,-4.18863503222027,-15.32258064516129,,-4.188635032220279,ok,ok,sin_produccion,ok
1901005,2024,59333,12600,0,231.44043668386834,-9.30449403852033,20,,-9.304494038520335,ok,ok,sin_produccion,ok
1901005,2025,59280,11800,0,231.23369940201434,-0.08932634453002546,-6.349206349206349,,-0.08932634453001508,ok,ok,sin_produccion,ok
1902001,2021,0,0,0,0,,,,,sin_anterior,sin_anterior,sin_anterior,sin_anterior
1902001,2022,0,0,0,0,,,,,sin_produccion,sin_produccion,sin_produccion,sin_produccion
1902001,2023,0,0,0,0,,,,,sin_produccion,sin_produccion,sin_produccion,sin_produccion
1902001,2024,0,0,0,0,,,,,sin_produccion,sin_produccion,sin_produccion,sin_produccion
1902001,2025,0,0,0,0,,,,,sin_produccion,sin_produccion,sin_produccion,sin_produccion
1902002,2021,0,0,0,0,,,,,sin_anterior,sin_anterior,sin_anterior,sin_anterior
1902002,2022,0,0,0,0,,,,,sin_produccion,sin_produccion,sin_produccion,sin_produccion
1902002,2023,0,0,0,0,,,,,sin_produccion,sin_produccion,sin_produccion,sin_produccion
1902002,2024,0,0,0,0,,,,,sin_produccion,sin_produccion,sin_produccion,sin_produccion
1902002,2025,0,0,0,0,,,,,sin_produccion,sin_produccion,sin_produccion,sin_produccion
1902003,2021,0,0,0,0,,,,,sin_anterior,sin_anterior,sin_anterior,sin_anterior
1902003,2022,0,0,0,0,,,,,sin_produccion,sin_produccion,sin_produccion,sin_produccion
1902003,2023,0,0,0,0,,,,,sin_produccion,sin_produccion,sin_produccion,sin_produccion
1902003,2024,0,0,0,0,,,,,sin_produccion,sin_produccion,sin_produccion,sin_produccion
1902003,2025,0,0,0,0,,,,,sin_produccion,sin_produccion,sin_produccion,sin_produccion
1902004,2021,0,0,0,0,,,,,sin_anterior,sin_anterior,sin_anterior,sin_anterior
1902004,2022,0,0,0,0,,,,,sin_produccion,sin_produccion,sin_produccion,sin_produccion
1902004,2023,0,0,0,0,,,,,sin_produccion,sin_produccion,sin_produccion,sin_produccion
1902004,2024,0,0,0,0,,,,,sin_produccion,sin_produccion,sin_produccion,sin_produccion
1902004,2025,0,0,0,0,,,,,sin_produccion,sin_produccion,sin_produccion,sin_produccion
1902005,2021,0,0,0,0,,,,,sin_anterior,sin_anterior,sin_anterior,sin_anterior
1902005,2022,0,0,0,0,,,,,sin_produccion,sin_produccion,sin_produccion,sin_produccion
1902005,2023,0,0,0,0,,,,,sin_produccion,sin_produccion,sin_produccion,sin_produccion
1902005,2024,0,0,0,0,,,,,sin_produccion,sin_produccion,sin_produccion,sin_produccion
1902005,2025,0,0,0,0,,,,,sin_produccion,sin_produccion,sin_produccion,sin_produccion
1902006,2021,0,0,0,0,,,,,sin_anterior,sin_anterior,sin_anterior,sin_anterior
1902006,2022,0,0,0,0,,,,,sin_produccion,sin_produccion,sin_produccion,sin_produccion
1902006,2023,0,0,0,0,,,,,sin_produccion,sin_produccion,sin_produccion,sin_produccion
1902006,2024,0,0,0,0,,,,,sin_produccion,sin_produccion,sin_produccion,sin_produccion
1902006,2025,0,0,0,0,,,,,sin_produccion,sin_produccion,sin_produccion,sin_produccion
1902007,2021,2042331,1925531,1,14989.53686375554,,,,,sin_anterior,sin_anterior,sin_anterior,sin_anterior
1902007,2022,2054559,1961959,1,15079.28336261885,0.598727630340038,1.8918417828640515,0,0.5987276303400325,ok,ok,ok,ok
1902007,2023,2022501,1948551,1,14843.99604984816,-1.5603348455800004,-0.6833985827430644,0,-1.5603348455800023,ok,ok,ok,ok
1902007,2024,2063332,1985282,1,15143.672145292043,2.018837073504537,1.885041756669443,0,2.018837073504534,ok,ok,ok,ok
1902007,2025,2063525,1984395,1,15145.088654474299,0.009353802490340866,-0.04467879122462199,0,0.00935380249034527,ok,ok,ok,ok
1903001,2021,73812,50,1,275.55741963330115,,,,,sin_anterior,sin_anterior,sin_anterior,sin_anterior
1903001,2022,73802,50,1,275.52008729985494,-0.013547932585487454,0,0,-0.013547932585482831,ok,ok,ok,ok
1903001,2023,73700,0,0,275.1392974987034,-0.1382076366494133,-100,-100,-0.13820763664941563,ok,ok,ok,ok
1903001,2024,73700,0,0,275.1392974987034,0,,,0,ok,sin_produccion,sin_produccion,ok
1903001,2025,70700,0,0,263.9395974648349,-4.07055630936228,,,-4.070556309362274,ok,sin_produccion,sin_produccion,ok
1903002,2021,60000,0,0,342.3250644136594,,,,,sin_anterior,sin_anterior,sin_anterior,sin_anterior
1903002,2022,90000,0,0,513.4875966204891,50,,,49.99999999999999,ok,sin_produccion,sin_produccion,ok
1903002,2023,90000,0,0,513.4875966204891,0,,,0,ok,sin_produccion,sin_produccion,ok
1903002,2024,90000,0,0,513.4875966204891,0,,,0,ok,sin_produccion,sin_produccion,ok
1903002,2025,90000,0,0,513.4875966204891,0,,,0,ok,sin_produccion,sin_produccion,ok
1903003,2021,0,0,0,0,,,,,sin_anterior,sin_anterior,sin_anterior,sin_anterior
1903003,2022,0,0,0,0,,,,,sin_produccion,sin_produccion,sin_produccion,sin_produccion
1903003,2023,0,0,0,0,,,,,sin_produccion,sin_produccion,sin_produccion,sin_produccion
1903003,2024,0,0,0,0,,,,,sin_produccion,sin_produccion,sin_produccion,sin_produccion
1903003,2025,0,0,0,0,,,,,sin_produccion,sin_produccion,sin_produccion,sin_produccion
1903004,2021,2163278,2049398,0,6280.791821342919,,,,,sin_anterior,sin_anterior,sin_anterior,sin_anterior
1903004,2022,2159186,2047786,1,6268.911240052426,-0.1891573806048044,-0.07865724471283762,,-0.18915738060480286,ok,ok,sin_base,ok
1903004,2023,2055638,1956258,1,5968.273304698571,-4.795696155866146,-4.469607664082087,0,-4.795696155866147,ok,ok,ok,ok
1903004,2024,1800503,1702763,1,5227.522545277764,-12.411475172184986,-12.958157870792094,0,-12.411475172184982,ok,ok,ok,ok
1903004,2025,2069020,1971620,1,6007.126173425203,14.913443632140574,15.789455138501365,0,14.913443632140561,ok,ok,ok,ok
1903005,2021,0,0,0,0,,,,,sin_anterior,sin_anterior,sin_anterior,sin_anterior
1903005,2022,0,0,0,0,,,,,sin_produccion,sin_produccion,sin_produccion,sin_produccion
1903005,2023,0,0,0,0,,,,,sin_produccion,sin_produccion,sin_produccion,sin_produccion
1903005,2024,0,0,0,0,,,,,sin_produccion,sin_produccion,sin_produccion,sin_produccion
1903005,2025,0,0,0,0,,,,,sin_produccion,sin_produccion,sin_produccion,sin_produccion
1903006,2021,0,0,0,0,,,,,sin_anterior,sin_anterior,sin_anterior,sin_anterior
1903006,2022,0,0,0,0,,,,,sin_produccion,sin_produccion,sin_produccion,sin_produccion
1903006,2023,0,0,0,0,,,,,sin_produccion,sin_produccion,sin_produccion,sin_produccion
1903006,2024,0,0,0,0,,,,,sin_produccion,sin_produccion,sin_produccion,sin_produccion
1903006,2025,0,0,0,0,,,,,sin_produccion,sin_produccion,sin_produccion,sin_produccion
1904001,2021,0,0,0,0,,,,,sin_anterior,sin_anterior,sin_anterior,sin_anterior
1904001,2022,0,0,0,0,,,,,sin_produccion,sin_produccion,sin_produccion,sin_produccion
1904001,2023,0,0,0,0,,,,,sin_produccion,sin_produccion,sin_produccion,sin_produccion
1904001,2024,0,0,0,0,,,,,sin_produccion,sin_produccion,sin_produccion,sin_produccion
1904001,2025,0,0,0,0,,,,,sin_produccion,sin_produccion,sin_produccion,sin_produccion
1904002,2021,0,0,0,0,,,,,sin_anterior,sin_anterior,sin_anterior,sin_anterior
1904002,2022,0,0,0,0,,,,,sin_produccion,sin_produccion,sin_produccion,sin_produccion
1904002,2023,0,0,0,0,,,,,sin_produccion,sin_produccion,sin_produccion,sin_produccion
1904002,2024,0,0,0,0,,,,,sin_produccion,sin_produccion,sin_produccion,sin_produccion
1904002,2025,0,0,0,0,,,,,sin_produccion,sin_produccion,sin_produccion,sin_produccion
1904003,2021,0,0,0,0,,,,,sin_anterior,sin_anterior,sin_anterior,sin_anterior
1904003,2022,0,0,0,0,,,,,sin_produccion,sin_produccion,sin_produccion,sin_produccion
1904003,2023,0,0,0,0,,,,,sin_produccion,sin_produccion,sin_produccion,sin_produccion
1904003,2024,0,0,0,0,,,,,sin_produccion,sin_produccion,sin_produccion,sin_produccion
1904003,2025,0,0,0,0,,,,,sin_produccion,sin_produccion,sin_produccion,sin_produccion
1904004,2021,0,0,0,0,,,,,sin_anterior,sin_anterior,sin_anterior,sin_anterior
1904004,2022,0,0,0,0,,,,,sin_produccion,sin_produccion,sin_produccion,sin_produccion
1904004,2023,0,0,0,0,,,,,sin_produccion,sin_produccion,sin_produccion,sin_produccion
1904004,2024,0,0,0,0,,,,,sin_produccion,sin_produccion,sin_produccion,sin_produccion
1904004,2025,0,0,0,0,,,,,sin_produccion,sin_produccion,sin_produccion,sin_produccion
1904005,2021,0,0,0,0,,,,,sin_anterior,sin_anterior,sin_anterior,sin_anterior
1904005,2022,0,0,0,0,,,,,sin_produccion,sin_produccion,sin_produccion,sin_produccion
1904005,2023,0,0,0,0,,,,,sin_produccion,sin_produccion,sin_produccion,sin_produccion
1904005,2024,0,0,0,0,,,,,sin_produccion,sin_produccion,sin_produccion,sin_produccion
1904005,2025,0,0,0,0,,,,,sin_produccion,sin_produccion,sin_produccion,sin_produccion
