ns1:Ejercicio;ns1:DepartamentoCodigo;ns1:SeccionalPolicialCodigo;ns1:AreaSupervision;ns1:AreaEnumeracion;ns1:ActividadCodigo;ns1:GiroCodigo;ns1:NaturalezaJuridicaCodigo;ns1:EstratoCodigo;ns1:EspecializacionMGAPCodigo;ns1:TipoProduccionMGAPCodigo;ns1:EspecieCodigo;ns1:TipoProduccionCodigo;ns1:Litros;ns1:CantidadTenedoresPorProduccionLeche
2023;1;2;204;204001;-;2;1;3;2;3;11;4;6000;1
2023;1;2;204;204001;-;2;1;3;2;3;11;5;3800;1
2023;1;3;0;0;-;18;5;1;1;1;11;1;20000;1
2023;1;3;0;0;-;18;5;1;1;1;11;4;1100;1
2023;1;12;203;203002;-;1;11;4;2;3;11;1;34000;1
2023;1;12;203;203002;-;1;11;4;2;3;11;4;365;1
2023;1;12;203;203002;-;1;11;4;2;3;11;5;1000;1
2023;1;12;203;203003;-;1;11;2;2;3;11;1;90000;1
2023;1;12;203;203003;-;1;11;2;2;3;11;4;800;1
2023;1;12;203;203003;-;1;11;2;2;3;11;5;10000;1
2023;1;12;203;203003;-;1;11;5;2;3;11;1;75000;1
2023;1;12;203;203003;-;1;11;5;2;3;11;4;500;1
2023;1;12;203;203003;-;1;11;5;2;3;11;5;100;1
2023;1;12;203;203004;-;1;11;2;2;3;11;1;110000;2
2023;1;12;203;203004;-;1;11;2;2;3;11;4;1800;2
2023;1;12;203;203004;-;1;11;2;2;3;11;5;6800;2
2023;1;12;203;203004;-;1;11;4;2;3;11;1;35000;1
2023;1;12;203;203004;-;1;11;4;2;3;11;4;800;1
2023;1;12;203;203004;-;1;11;4;2;3;11;5;2000;1
2023;1;12;203;203004;-;2;11;2;2;3;11;1;42000;1
2023;1;12;203;203004;-;2;11;2;2;3;11;4;300;1
2023;1;12;203;203004;-;2;11;2;2;3;11;5;2000;1
2023;2;1;302;302002;-;1;5;5;2;3;11;1;49000;1
2023;2;1;302;302002;-;1;5;5;2;3;11;4;2400;1
2023;2;1;302;302002;-;1;5;5;2;3;11;5;15000;1
2023;2;1;302;302002;-;2;5;5;2;3;11;2;997919;1
2023;2;1;302;302002;-;2;5;5;2;3;11;4;2904;1
2023;2;1;302;302002;-;2;5;5;2;3;11;5;33740;1
2023;2;1;302;302003;-;2;2;4;2;3;11;2;547341;1
2023;2;1;302;302003;-;2;2;4;2;3;11;4;2500;1
2023;2;1;302;302003;-;2;2;4;2;3;11;5;33500;1
2023;2;1;302;302003;-;2;5;3;2;3;11;1;45625;1
2023;2;1;302;302003;-;2;5;3;2;3;11;2;810663;2
2023;2;1;302;302003;-;2;5;3;2;3;11;4;2080;2
2023;2;1;302;302003;-;2;5;3;2;3;11;5;72620;2
2023;2;1;302;302003;-;2;11;4;2;3;11;1;430000;1
2023;2;1;302;302003;-;2;11;4;2;3;11;5;22000;1
2023;2;1;302;302003;-;2;14;5;2;3;11;2;984498;1
2023;2;1;302;302003;-;2;14;5;2;3;11;4;4400;1
2023;2;1;302;302003;-;2;14;5;2;3;11;5;45000;1
2023;2;1;302;302005;-;2;5;2;2;3;11;2;60000;1
2023;2;1;302;302005;-;2;5;3;2;3;11;2;786293;2
2023;2;1;302;302005;-;2;5;3;2;3;11;4;4300;2
2023;2;1;302;302005;-;2;5;3;2;3;11;5;56000;2
2023;2;1;302;302006;-;6;5;2;2;3;11;2;40658;1
2023;2;1;302;302006;-;6;5;2;2;3;11;4;2000;1
2023;2;1;302;302006;-;6;5;2;2;3;11;5;5000;1
2023;2;1;304;304005;-;2;5;3;2;3;11;2;850000;1
2023;2;1;304;304005;-;2;5;3;2;3;11;4;400;1
2023;2;1;304;304005;-;2;5;3;2;3;11;5;6500;1
2023;2;1;304;304006;-;2;5;2;2;3;11;2;146425;2
2023;2;1;304;304006;-;2;5;2;2;3;11;4;1000;2
2023;2;1;304;304006;-;2;5;2;2;3;11;5;7500;2
2023;2;1;304;304006;-;2;5;3;2;3;11;2;190000;1
2023;2;1;304;304006;-;2;5;3;2;3;11;4;745;1
2023;2;1;304;304006;-;2;5;3;2;3;11;5;2300;1
2023;2;1;304;304006;-;2;5;4;2;3;11;2;438000;1
2023;2;1;304;304006;-;2;5;4;2;3;11;4;1500;1
2023;2;1;304;304006;-;2;5;4;2;3;11;5;7000;1
2023;2;2;301;301001;-;2;8;2;2;3;11;2;118623;1
2023;2;2;301;301001;-;2;8;2;2;3;11;4;365;1
2023;2;2;301;301001;-;2;8;2;2;3;11;5;1300;1
2023;2;2;301;301001;-;2;11;3;2;3;11;2;253198;1
2023;2;2;301;301001;-;2;11;3;2;3;11;4;780;1
2023;2;2;301;301001;-;2;11;5;2;3;11;2;1395874;1
2023;2;2;301;301001;-;2;11;5;2;3;11;4;2214;1
2023;2;2;301;301001;-;2;11;5;2;3;11;5;24860;1
2023;2;2;301;301002;-;2;2;6;2;3;11;2;750329;1
2023;2;2;301;301002;-;2;2;6;2;3;11;4;2100;1
2023;2;2;301;301002;-;2;2;6;2;3;11;5;86400;1
2023;2;2;301;301002;-;2;5;2;2;3;11;2;40000;1
2023;2;2;301;301002;-;2;5;3;2;3;11;2;766044;1
2023;2;2;301;301002;-;2;5;3;2;3;11;4;1500;1
2023;2;2;301;301002;-;2;5;3;2;3;11;5;1500;1
2023;2;2;301;301002;-;2;5;4;2;3;11;2;1162583;1
2023;2;2;301;301002;-;2;5;4;2;3;11;4;400;1
2023;2;2;301;301002;-;2;5;4;2;3;11;5;7000;1
2023;2;2;301;301002;-;2;5;5;2;3;11;2;2608735;2
2023;2;2;301;301002;-;2;5;5;2;3;11;4;5650;2
2023;2;2;301;301002;-;2;5;5;2;3;11;5;82960;2
2023;2;2;301;301002;-;2;11;3;2;3;11;1;47000;1
2023;2;2;301;301002;-;2;11;3;2;3;11;2;273000;1
2023;2;2;301;301002;-;2;11;3;2;3;11;4;2200;1
2023;2;2;301;301002;-;2;11;3;2;3;11;5;7500;1
2023;2;2;301;301002;-;2;11;5;2;3;11;2;976780;1
2023;2;2;301;301002;-;2;11;5;2;3;11;4;1460;1
2023;2;2;301;301002;-;2;11;5;2;3;11;5;27000;1
2023;2;2;301;301003;-;2;5;2;2;3;11;2;6000;1
2023;2;2;301;301003;-;2;5;2;2;3;11;4;1350;2
2023;2;2;301;301003;-;2;5;2;2;3;11;5;1800;2
2023;2;2;301;301003;-;2;8;3;2;3;11;2;119045;1
2023;2;2;301;301003;-;2;8;3;2;3;11;4;730;1
2023;2;2;301;301003;-;2;8;3;2;3;11;5;5500;1
2023;2;2;301;301003;-;2;11;3;2;3;11;2;246319;1
2023;2;2;301;301003;-;2;11;3;2;3;11;4;730;1
2023;2;2;301;301003;-;2;11;3;2;3;11;5;8000;1
2023;2;2;301;301004;-;2;5;2;2;3;11;2;117924;2
2023;2;2;301;301004;-;2;5;2;2;3;11;4;1095;1
2023;2;2;301;301004;-;2;5;3;2;3;11;2;224042;1
2023;2;2;301;301004;-;2;5;3;2;3;11;4;1095;1
2023;2;2;301;301004;-;2;11;5;2;3;11;2;1074123;1
2023;2;2;301;301004;-;2;11;5;2;3;11;4;7500;1
2023;2;2;301;301004;-;2;11;5;2;3;11;5;45000;1
2023;2;2;301;301005;-;2;5;2;2;3;11;2;48000;1
2023;2;2;301;301005;-;2;5;4;2;3;11;2;623993;2
2023;2;2;301;301005;-;2;5;4;2;3;11;4;1700;2
2023;2;2;301;301005;-;2;5;4;2;3;11;5;27000;2
2023;2;2;301;301005;-;2;8;4;2;3;11;2;884605;1
2023;2;2;301;301005;-;2;8;4;2;3;11;4;1500;1
2023;2;2;301;301005;-;2;8;4;2;3;11;5;10000;1
2023;2;2;301;301005;-;2;8;5;2;3;11;2;1391451;1
2023;2;2;301;301005;-;2;8;5;2;3;11;4;1050;1
2023;2;2;301;301005;-;2;8;5;2;3;11;5;82080;1
2023;2;2;301;301005;-;2;9;4;2;3;11;2;1062710;1
2023;2;2;301;301005;-;2;9;4;2;3;11;4;5475;1
2023;2;2;301;301005;-;2;9;4;2;3;11;5;45000;1
2023;2;2;301;301006;-;2;5;3;2;3;11;4;1000;1
2023;2;2;301;301006;-;2;5;3;2;3;11;5;50000;1
2023;2;2;301;301006;-;2;5;5;2;3;11;2;379613;1
2023;2;2;301;301006;-;2;5;5;2;3;11;4;10000;1
2023;2;2;301;301006;-;2;5;5;2;3;11;5;40000;1
2023;2;2;301;301006;-;2;11;2;2;3;11;2;184271;1
2023;2;2;301;301006;-;2;11;2;2;3;11;4;1450;1
2023;2;2;301;301006;-;2;11;2;2;3;11;5;20000;1
2023;2;2;301;301007;-;2;5;2;2;3;11;1;360000;1
2023;2;2;301;301007;-;2;5;2;2;3;11;5;15000;1
2023;2;2;301;301007;-;2;5;4;2;3;11;2;871484;1
2023;2;2;301;301007;-;2;5;4;2;3;11;4;2500;1
2023;2;2;301;301007;-;2;5;4;2;3;11;5;43000;1
2023;2;3;302;302001;-;2;5;2;2;3;11;1;47999;1
2023;2;3;302;302001;-;2;11;4;2;3;11;2;1157952;1
2023;2;3;302;302001;-;2;11;4;2;3;11;4;7200;1
2023;2;3;302;302001;-;2;11;4;2;3;11;5;112700;1
2023;2;3;302;302002;-;2;5;4;2;3;11;1;156000;1
2023;2;3;302;302002;-;2;5;4;2;3;11;4;3000;1
2023;2;3;302;302002;-;2;5;4;2;3;11;5;20000;1
2023;2;3;302;302002;-;2;8;2;2;3;11;2;217900;1
2023;2;3;302;302002;-;2;8;2;2;3;11;4;3650;1
2023;2;3;302;302002;-;2;8;2;2;3;11;5;14600;1
2023;2;3;303;303001;-;2;12;4;2;3;11;2;1733839;1
2023;2;3;303;303001;-;2;12;4;2;3;11;4;3300;1
2023;2;3;303;303001;-;2;12;4;2;3;11;5;85000;1
2023;2;3;303;303002;-;2;5;3;2;3;11;2;146188;1
2023;2;3;303;303002;-;2;5;3;2;3;11;4;385;1
2023;2;3;303;303002;-;2;5;3;2;3;11;5;4000;1
2023;2;3;303;303003;-;2;5;2;2;3;11;2;330000;1
2023;2;3;303;303003;-;2;5;2;2;3;11;4;2000;1
2023;2;3;303;303003;-;2;5;2;2;3;11;5;15000;1
2023;2;3;303;303003;-;2;11;2;2;3;11;1;330000;1
2023;2;3;303;303003;-;2;11;2;2;3;11;4;2000;1
2023;2;3;303;303003;-;2;11;2;2;3;11;5;15000;1
2023;2;3;303;303003;-;2;11;3;2;3;11;2;830403;1
2023;2;3;303;303003;-;2;11;3;2;3;11;4;2000;1
2023;2;3;303;303003;-;2;11;3;2;3;11;5;10000;1
2023;2;3;303;303004;-;2;5;2;2;3;11;2;39000;1
2023;2;3;303;303004;-;2;5;2;2;3;11;3;5000;1
2023;2;3;303;303004;-;2;5;2;2;3;11;4;1000;2
2023;2;3;303;303004;-;2;5;2;2;3;11;5;13500;2
2023;2;3;303;303004;-;2;11;5;2;3;11;2;891898;1
2023;2;3;303;303004;-;2;11;5;2;3;11;4;1500;1
2023;2;3;303;303004;-;2;11;5;2;3;11;5;40000;1
2023;2;3;304;304002;-;1;11;2;2;3;4;3;60000;1
2023;2;3;304;304002;-;1;11;2;2;3;4;4;400;1
2023;2;3;304;304002;-;1;11;2;2;3;4;5;9000;1
2023;2;3;304;304002;-;1;11;2;2;3;11;3;22500;1
2023;2;3;304;304002;-;2;5;2;2;3;11;2;155000;1
2023;2;3;304;304002;-;2;5;2;2;3;11;4;1500;1
2023;2;3;304;304002;-;2;5;2;2;3;11;5;12000;1
2023;2;5;305;305004;-;1;2;6;2;3;11;2;245921;1
2023;2;5;305;305004;-;1;2;6;2;3;11;4;3376;1
2023;2;5;305;305004;-;1;2;6;2;3;11;5;45180;1
2023;2;6;310;310008;-;2;5;4;2;3;11;2;314133;1
2023;2;6;310;310008;-;2;5;4;2;3;11;4;50;1
2023;2;6;310;310008;-;2;5;4;2;3;11;5;40;1
2023;2;6;317;317006;-;2;5;2;2;3;11;1;50000;1
2023;2;6;317;317006;-;2;5;2;2;3;11;4;200;1
2023;2;6;317;317006;-;2;11;3;2;3;11;1;10950;1
2023;2;6;317;317006;-;2;11;3;2;3;11;4;1000;1
2023;2;6;317;317006;-;2;11;3;2;3;11;5;1200;1
2023;2;6;317;317006;-;2;11;4;2;3;11;2;312892;1
2023;2;6;317;317006;-;2;11;4;2;3;11;4;2500;1
2023;2;6;317;317006;-;2;11;4;2;3;11;5;10000;1
2023;2;6;318;318005;-;2;5;3;2;3;11;2;717247;1
2023;2;6;318;318005;-;2;5;3;2;3;11;4;1825;1
2023;2;6;318;318005;-;2;5;3;2;3;11;5;30000;1
2023;2;7;315;315004;-;2;8;6;2;3;11;2;843617;1
2023;2;7;315;315004;-;2;8;6;2;3;11;4;1000;1
2023;2;7;315;315004;-;2;8;6;2;3;11;5;87600;1
2023;2;7;315;315007;-;2;5;3;2;3;11;2;260000;1
2023;2;7;315;315007;-;2;5;3;2;3;11;4;2000;1
2023;2;7;315;315007;-;2;5;3;2;3;11;5;25000;1
2023;2;7;316;316001;-;2;11;5;2;3;11;1;2715960;1
2023;2;7;316;316001;-;2;11;5;2;3;11;4;1450;1
2023;2;7;316;316001;-;2;11;5;2;3;11;5;72000;1
2023;2;7;317;317004;-;2;1;5;2;3;11;5;100;1
2023;2;8;314;314001;-;1;5;2;2;3;11;3;3000;1
2023;2;8;314;314001;-;1;5;2;2;3;11;4;200;1
2023;2;8;314;314001;-;1;5;2;2;3;11;5;1000;1
2023;2;8;314;314001;-;1;5;3;2;3;11;3;2000;1
2023;2;8;314;314001;-;1;5;3;2;3;11;4;200;1
2023;2;8;314;314001;-;1;5;3;2;3;11;5;500;1
2023;2;8;314;314001;-;2;5;6;2;3;11;1;196700;1
2023;2;8;314;314001;-;2;5;6;2;3;11;4;1200;1
2023;2;8;314;314001;-;2;5;6;2;3;11;5;2800;1
2023;2;8;314;314001;-;2;8;4;2;3;11;2;518313;1
2023;2;8;314;314001;-;2;8;4;2;3;11;4;1095;1
2023;2;8;314;314001;-;2;8;4;2;3;11;5;43800;1
2023;2;8;314;314001;-;2;11;4;2;3;11;2;535666;1
2023;2;8;314;314001;-;2;11;4;2;3;11;4;720;1
2023;2;8;314;314001;-;2;11;4;2;3;11;5;15600;1
2023;2;8;314;314008;-;2;11;2;2;3;11;2;84000;1
2023;2;8;314;314008;-;2;11;2;2;3;11;3;15800;1
2023;2;8;314;314008;-;2;11;2;2;3;11;4;300;1
2023;2;8;314;314008;-;2;11;2;2;3;11;5;2200;1
2023;2;8;314;314008;-;2;14;6;2;3;11;2;433266;1
2023;2;8;314;314008;-;2;14;6;2;3;11;4;3600;1
2023;2;8;314;314008;-;2;14;6;2;3;11;5;43000;1
2023;2;8;315;315006;-;2;5;4;2;3;11;1;21600;1
2023;2;8;315;315006;-;2;5;4;2;3;11;2;1439625;2
2023;2;8;315;315006;-;2;5;4;2;3;11;4;4340;2
2023;2;8;315;315006;-;2;5;4;2;3;11;5;59530;1
2023;2;8;315;315006;-;2;8;5;2;3;11;2;1020880;1
2023;2;8;315;315006;-;2;8;5;2;3;11;4;7300;1
2023;2;8;315;315006;-;2;8;5;2;3;11;5;75000;1
2023;2;9;303;303004;-;2;5;4;2;3;11;2;438000;1
2023;2;9;303;303004;-;2;5;4;2;3;11;4;1800;1
2023;2;9;303;303004;-;2;5;4;2;3;11;5;15000;1
2023;2;9;313;313003;-;2;5;4;2;3;11;1;620154;1
2023;2;9;313;313003;-;2;5;4;2;3;11;4;1000;1
2023;2;9;313;313003;-;2;11;2;2;3;11;1;4000;1
2023;2;9;313;313003;-;2;11;2;2;3;11;4;800;1
2023;2;9;313;313003;-;2;11;2;2;3;11;5;600;1
2023;2;9;313;313006;-;2;11;4;2;3;11;2;350000;1
2023;2;9;313;313006;-;2;11;4;2;3;11;4;2200;1
2023;2;9;313;313006;-;2;11;4;2;3;11;5;15000;1
2023;2;9;314;314006;-;2;5;4;2;3;11;2;420025;1
2023;2;9;314;314006;-;2;5;4;2;3;11;4;1095;1
2023;2;9;314;314006;-;2;5;4;2;3;11;5;10950;1
2023;2;10;307;307002;-;1;14;3;2;3;11;2;255500;1
2023;2;10;307;307002;-;1;14;3;2;3;11;4;730;1
2023;2;10;307;307002;-;1;14;3;2;3;11;5;29200;1
2023;2;10;307;307002;-;2;5;2;2;3;11;2;130041;2
2023;2;10;307;307002;-;2;5;2;2;3;11;4;420;2
2023;2;10;307;307002;-;2;5;2;2;3;11;5;8700;2
2023;2;10;307;307002;-;2;5;3;2;3;11;1;70000;1
2023;2;10;307;307002;-;2;5;3;2;3;11;2;1109518;3
2023;2;10;307;307002;-;2;5;3;2;3;11;4;4230;3
2023;2;10;307;307002;-;2;5;3;2;3;11;5;34000;3
2023;2;10;307;307002;-;2;5;4;2;3;11;1;87500;2
2023;2;10;307;307002;-;2;5;4;2;3;11;2;2306770;5
2023;2;10;307;307002;-;2;5;4;2;3;11;4;10600;5
2023;2;10;307;307002;-;2;5;4;2;3;11;5;112700;5
2023;2;10;307;307002;-;2;8;5;2;3;11;2;1165346;1
2023;2;10;307;307002;-;2;8;5;2;3;11;4;1100;1
2023;2;10;307;307002;-;2;8;5;2;3;11;5;60000;1
2023;2;10;307;307002;-;2;11;4;2;3;11;2;867319;2
2023;2;10;307;307002;-;2;11;4;2;3;11;4;1370;2
2023;2;10;307;307002;-;2;11;4;2;3;11;5;29000;2
2023;2;10;307;307002;-;16;8;2;2;3;11;2;80000;1
2023;2;10;307;307002;-;16;8;2;2;3;11;4;370;1
2023;2;10;307;307002;-;16;8;2;2;3;11;5;2160;1
2023;2;10;307;307004;-;2;8;4;2;3;11;2;1810000;1
2023;2;10;307;307004;-;2;8;4;2;3;11;4;4000;1
2023;2;10;307;307004;-;2;8;4;2;3;11;5;145200;1
2023;2;10;308;308001;-;2;5;2;2;3;11;1;21900;1
2023;2;10;308;308001;-;2;5;2;2;3;11;2;444652;2
2023;2;10;308;308001;-;2;5;2;2;3;11;4;2500;2
2023;2;10;308;308001;-;2;5;2;2;3;11;5;16700;2
2023;2;10;308;308001;-;2;11;4;2;3;11;2;491470;1
2023;2;10;308;308001;-;2;11;4;2;3;11;4;700;1
2023;2;10;308;308001;-;2;11;4;2;3;11;5;18000;1
2023;2;10;308;308002;-;1;5;2;2;3;11;3;70000;1
2023;2;10;308;308002;-;1;5;2;2;3;11;4;1000;1
2023;2;10;308;308002;-;1;5;2;2;3;11;5;2000;1
2023;2;10;308;308004;-;2;5;3;2;3;11;2;142285;1
2023;2;10;308;308004;-;2;5;3;2;3;11;4;365;1
2023;2;10;308;308004;-;2;5;3;2;3;11;5;14040;1
2023;2;10;308;308005;-;1;5;4;2;3;11;1;54912;1
2023;2;10;308;308005;-;1;5;4;2;3;11;2;54912;1
2023;2;10;308;308005;-;1;5;4;2;3;11;4;2800;1
2023;2;10;308;308005;-;1;5;4;2;3;11;5;9350;1
2023;2;10;308;308005;-;2;11;2;2;3;11;2;250000;1
2023;2;10;308;308005;-;2;11;2;2;3;11;3;250000;1
2023;2;10;308;308005;-;2;11;2;2;3;11;4;550;1
2023;2;10;308;308005;-;2;11;2;2;3;11;5;5475;1
2023;2;10;308;308005;-;2;11;3;2;3;11;3;233600;1
2023;2;10;308;308005;-;2;11;3;2;3;11;4;730;1
2023;2;10;308;308005;-;2;11;3;2;3;11;5;9600;1
2023;2;10;308;308006;-;1;5;3;2;3;11;1;23700;1
2023;2;10;308;308006;-;1;5;3;2;3;11;2;328500;1
2023;2;10;308;308006;-;1;5;3;2;3;11;4;800;1
2023;2;10;308;308006;-;1;5;3;2;3;11;5;15000;1
2023;2;10;308;308006;-;2;11;2;2;3;11;2;279945;2
2023;2;10;308;308006;-;2;11;2;2;3;11;4;1800;2
2023;2;10;308;308006;-;2;11;2;2;3;11;5;4400;2
2023;2;10;309;309001;-;2;5;2;2;3;11;3;21550;1
2023;2;10;309;309001;-;2;5;2;2;3;11;4;2000;1
2023;2;10;309;309001;-;2;5;2;2;3;11;5;2000;1
2023;2;10;309;309001;-;2;12;5;2;3;11;2;807290;1
2023;2;10;309;309001;-;2;12;5;2;3;11;4;2800;1
2023;2;10;309;309001;-;2;12;5;2;3;11;5;7600;1
2023;2;10;309;309002;-;2;5;3;2;3;11;2;92468;1
2023;2;10;309;309002;-;2;5;3;2;3;11;4;370;1
2023;2;10;309;309002;-;2;5;3;2;3;11;5;6000;1
2023;2;10;309;309003;-;1;5;2;2;3;11;2;54750;1
2023;2;10;309;309003;-;1;5;2;2;3;11;4;360;1
2023;2;10;309;309003;-;1;5;2;2;3;11;5;5110;1
2023;2;10;309;309003;-;2;5;2;2;3;11;1;400000;1
2023;2;10;309;309003;-;2;5;2;2;3;11;2;54750;1
2023;2;10;309;309003;-;2;5;2;2;3;11;3;54750;1
2023;2;10;309;309003;-;2;5;2;2;3;11;4;2065;2
2023;2;10;309;309003;-;2;5;2;2;3;11;5;6190;2
2023;2;10;309;309003;-;2;5;3;2;3;11;2;91250;1
2023;2;10;309;309003;-;2;5;3;2;3;11;4;360;1
2023;2;10;309;309003;-;2;5;3;2;3;11;5;720;1
2023;2;10;309;309003;-;2;11;3;2;3;11;2;356390;1
2023;2;10;309;309003;-;2;11;3;2;3;11;4;500;1
2023;2;10;309;309003;-;2;11;3;2;3;11;5;35000;1
2023;2;10;309;309004;-;1;11;2;2;3;11;2;130000;2
2023;2;10;309;309004;-;1;11;2;2;3;11;3;70000;1
2023;2;10;309;309004;-;1;11;2;2;3;11;4;1065;2
2023;2;10;309;309004;-;1;11;2;2;3;11;5;6595;2
2023;2;10;309;309004;-;2;5;2;2;3;11;2;292000;1
2023;2;10;309;309004;-;2;5;2;2;3;11;4;365;1
2023;2;10;309;309004;-;2;5;2;2;3;11;5;2000;1
2023;2;10;309;309005;-;2;11;2;2;3;11;1;94900;1
2023;2;10;309;309005;-;2;11;2;2;3;11;4;730;1
2023;2;10;309;309005;-;2;11;2;2;3;11;5;6570;1
2023;2;10;312;312001;-;2;5;3;2;3;11;1;21900;1
2023;2;10;312;312001;-;2;5;3;2;3;11;2;192000;2
2023;2;10;312;312001;-;2;5;3;2;3;11;4;1000;1
2023;2;10;312;312001;-;2;5;3;2;3;11;5;2680;2
2023;2;10;312;312001;-;2;8;3;2;3;11;2;724039;1
2023;2;10;312;312001;-;2;8;3;2;3;11;4;1500;1
2023;2;10;312;312001;-;2;8;3;2;3;11;5;12000;1
2023;2;10;312;312002;-;2;5;2;2;3;11;2;248661;1
2023;2;10;312;312002;-;2;5;3;2;3;11;2;81173;1
2023;2;10;312;312002;-;2;5;3;2;3;11;4;150;1
2023;2;10;312;312002;-;2;5;3;2;3;11;5;3600;1
2023;2;10;312;312002;-;2;11;4;2;3;11;2;504857;1
2023;2;10;312;312002;-;2;11;4;2;3;11;4;1825;1
2023;2;10;312;312002;-;2;11;4;2;3;11;5;18720;1
2023;2;10;313;313004;-;2;5;3;2;3;11;1;500000;1
2023;2;10;313;313004;-;2;5;3;2;3;11;4;900;1
2023;2;10;313;313004;-;2;5;3;2;3;11;5;1000;1
2023;2;11;306;306001;-;2;5;2;2;3;11;2;177133;1
2023;2;11;306;306001;-;2;5;2;2;3;11;4;600;1
2023;2;11;306;306001;-;2;5;3;2;3;11;2;1194020;1
2023;2;11;306;306001;-;2;5;3;2;3;11;4;550;1
2023;2;11;306;306001;-;2;5;3;2;3;11;5;52560;1
2023;2;11;306;306001;-;2;11;3;2;3;11;2;313561;1
2023;2;11;306;306001;-;2;11;3;2;3;11;4;900;1
2023;2;11;306;306001;-;2;11;3;2;3;11;5;19500;1
2023;2;11;306;306001;-;2;11;5;2;3;11;2;1165900;1
2023;2;11;306;306001;-;2;11;5;2;3;11;4;2000;1
2023;2;11;306;306001;-;2;11;5;2;3;11;5;72000;1
2023;2;11;306;306001;-;2;12;5;2;3;11;2;1885720;1
2023;2;11;306;306001;-;2;12;5;2;3;11;4;3000;1
2023;2;11;306;306001;-;2;12;5;2;3;11;5;73133;1
2023;2;11;306;306002;-;2;5;2;2;3;11;2;261811;1
2023;2;11;306;306002;-;2;5;2;2;3;11;5;8000;1
2023;2;11;306;306002;-;2;5;4;2;3;11;2;2513778;5
2023;2;11;306;306002;-;2;5;4;2;3;11;4;2850;5
2023;2;11;306;306002;-;2;5;4;2;3;11;5;143200;5
2023;2;11;306;306002;-;2;5;5;2;3;11;2;3213876;2
2023;2;11;306;306002;-;2;5;5;2;3;11;4;1600;2
2023;2;11;306;306002;-;2;5;5;2;3;11;5;344000;2
2023;2;11;306;306002;-;2;12;5;2;3;11;2;341200;1
2023;2;11;306;306002;-;2;12;5;2;3;11;4;19050;1
2023;2;11;306;306002;-;2;12;5;2;3;11;5;12000;1
2023;2;11;306;306002;-;2;14;6;2;3;11;2;1003756;1
2023;2;11;306;306002;-;2;14;6;2;3;11;4;3800;1
2023;2;11;306;306002;-;2;14;6;2;3;11;5;35000;1
2023;2;11;306;306003;-;1;5;2;2;3;11;2;45119;1
2023;2;11;306;306003;-;2;1;4;2;3;11;2;327966;1
2023;2;11;306;306003;-;2;1;4;2;3;11;4;11030;1
2023;2;11;306;306003;-;2;1;4;2;3;11;5;33135;1
2023;2;11;306;306003;-;2;5;2;2;3;11;1;28000;1
2023;2;11;306;306003;-;2;5;2;2;3;11;2;312657;3
2023;2;11;306;306003;-;2;5;2;2;3;11;4;3030;3
2023;2;11;306;306003;-;2;5;2;2;3;11;5;11800;3
2023;2;11;306;306003;-;2;5;3;2;3;11;2;177648;2
2023;2;11;306;306003;-;2;5;3;2;3;11;4;1183;2
2023;2;11;306;306003;-;2;5;3;2;3;11;5;7700;1
2023;2;11;306;306003;-;2;5;4;2;3;11;2;1839810;3
2023;2;11;306;306003;-;2;5;4;2;3;11;4;3700;3
2023;2;11;306;306003;-;2;5;4;2;3;11;5;80680;3
2023;2;11;306;306003;-;2;11;4;2;3;11;2;909523;3
2023;2;11;306;306003;-;2;11;4;2;3;11;4;2735;3
2023;2;11;306;306003;-;2;11;4;2;3;11;5;51120;3
2023;2;11;306;306004;-;2;5;3;2;3;11;2;200100;1
2023;2;11;306;306004;-;2;5;3;2;3;11;4;730;1
2023;2;11;306;306004;-;2;5;3;2;3;11;5;8000;1
2023;2;11;306;306004;-;2;5;5;2;3;11;2;222887;1
2023;2;11;306;306004;-;2;5;5;2;3;11;4;1095;1
2023;2;11;306;306004;-;2;5;5;2;3;11;5;16080;1
2023;2;11;307;307001;-;2;5;2;2;3;11;3;16500;1
2023;2;11;307;307001;-;2;5;2;2;3;11;4;1095;1
2023;2;11;307;307001;-;2;5;2;2;3;11;5;600;1
2023;2;11;307;307001;-;2;5;3;2;3;11;2;1589078;2
2023;2;11;307;307001;-;2;5;3;2;3;11;4;1100;2
2023;2;11;307;307001;-;2;5;3;2;3;11;5;33600;2
2023;2;11;307;307001;-;2;5;4;2;3;11;2;626903;3
2023;2;11;307;307001;-;2;5;4;2;3;11;4;370;1
2023;2;11;307;307001;-;2;5;4;2;3;11;5;70690;3
2023;2;11;307;307001;-;2;5;5;2;3;11;2;642582;1
2023;2;11;307;307001;-;2;5;5;2;3;11;4;2100;1
2023;2;11;307;307001;-;2;5;5;2;3;11;5;25680;1
2023;2;11;307;307001;-;2;8;5;2;3;11;2;859466;1
2023;2;11;307;307001;-;2;8;5;2;3;11;4;360;1
2023;2;11;307;307001;-;2;8;5;2;3;11;5;24480;1
2023;2;11;307;307001;-;2;9;5;2;3;11;2;818229;1
2023;2;11;307;307001;-;2;9;5;2;3;11;4;1500;1
2023;2;11;307;307001;-;2;9;5;2;3;11;5;17000;1
2023;2;11;307;307001;-;2;11;2;2;3;11;2;1116508;1
2023;2;11;307;307001;-;2;11;2;2;3;11;4;750;1
2023;2;11;307;307001;-;2;11;3;2;3;11;1;68400;1
2023;2;11;307;307001;-;2;11;3;2;3;11;2;600000;1
2023;2;11;307;307001;-;2;11;3;2;3;11;4;2000;1
2023;2;11;307;307001;-;2;11;3;2;3;11;5;6000;1
2023;2;11;307;307001;-;2;11;4;2;3;11;2;563040;1
2023;2;11;307;307001;-;2;11;4;2;3;11;4;730;1
2023;2;11;307;307001;-;2;11;4;2;3;11;5;12240;1
2023;2;11;307;307001;-;2;11;5;2;3;11;2;246177;1
2023;2;11;307;307001;-;2;11;5;2;3;11;4;1095;1
2023;2;11;307;307001;-;2;11;5;2;3;11;5;11800;1
2023;2;11;307;307004;-;2;5;2;2;3;11;2;45981;1
2023;2;11;307;307004;-;2;5;2;2;3;11;4;730;1
2023;2;11;307;307004;-;2;5;2;2;3;11;5;7000;1
2023;2;12;306;306004;-;1;5;4;2;3;11;2;162000;1
2023;2;12;306;306004;-;1;5;4;2;3;11;4;365;1
2023;2;12;306;306004;-;1;5;4;2;3;11;5;1200;1
2023;2;12;306;306004;-;2;5;2;2;3;11;2;133567;1
2023;2;12;306;306004;-;2;5;2;2;3;11;4;365;1
2023;2;12;306;306004;-;2;5;2;2;3;11;5;4320;1
2023;2;12;306;306004;-;2;5;4;2;3;11;2;198884;2
2023;2;12;306;306004;-;2;5;4;2;3;11;4;735;2
2023;2;12;306;306004;-;2;5;4;2;3;11;5;14640;2
2023;2;12;307;307003;-;2;11;2;2;3;11;2;285933;1
2023;2;12;307;307003;-;2;11;2;2;3;11;4;370;1
2023;2;12;307;307003;-;2;11;2;2;3;11;5;9800;1
2023;2;12;307;307004;-;2;5;2;2;3;11;2;36000;1
2023;2;12;307;307004;-;2;5;2;2;3;11;4;2000;1
2023;2;12;307;307004;-;2;5;4;2;3;11;1;700000;1
2023;2;12;307;307004;-;2;5;4;2;3;11;2;1711839;3
2023;2;12;307;307004;-;2;5;4;2;3;11;4;1770;3
2023;2;12;307;307004;-;2;5;4;2;3;11;5;88300;3
2023;2;12;307;307005;-;2;11;4;2;3;11;2;655542;1
2023;2;12;307;307005;-;2;11;4;2;3;11;4;1500;1
2023;2;12;307;307005;-;2;11;4;2;3;11;5;14400;1
2023;2;12;307;307006;-;2;5;3;2;3;11;2;108051;1
2023;2;12;307;307006;-;2;5;3;2;3;11;4;1000;1
2023;2;12;307;307006;-;2;5;3;2;3;11;5;5760;1
2023;2;12;311;311002;-;2;5;2;2;3;11;1;21900;1
2023;2;12;311;311002;-;2;5;2;2;3;11;4;1000;1
2023;2;12;311;311002;-;2;5;2;2;3;11;5;4750;1
2023;2;12;311;311002;-;2;5;5;2;3;11;2;1299996;1
2023;2;12;311;311002;-;2;5;5;2;3;11;4;4000;1
2023;2;13;310;310008;-;2;11;5;2;3;11;2;2508288;1
2023;2;13;310;310008;-;2;11;5;2;3;11;4;5475;1
2023;2;13;310;310008;-;2;11;5;2;3;11;5;20100;1
2023;2;14;312;312005;-;1;5;4;2;3;11;2;35000;1
2023;2;14;312;312005;-;1;5;4;2;3;11;5;1000;1
2023;2;14;313;313001;-;2;5;3;2;3;11;2;43141;1
2023;2;14;313;313001;-;2;5;3;2;3;11;4;1000;1
2023;2;14;313;313001;-;2;5;3;2;3;11;5;22000;1
2023;2;14;314;314001;-;2;11;4;2;3;11;1;21000;1
2023;2;14;314;314001;-;2;11;4;2;3;11;2;98000;1
2023;2;14;314;314001;-;2;11;4;2;3;11;4;1500;1
2023;2;14;314;314001;-;2;11;4;2;3;11;5;30000;1
2023;2;14;315;315001;-;1;5;3;2;3;11;2;450000;1
2023;2;14;315;315001;-;1;5;3;2;3;11;4;1500;1
2023;2;14;315;315001;-;1;5;3;2;3;11;5;15000;1
2023;2;14;315;315001;-;2;5;4;2;3;11;2;350000;1
2023;2;14;315;315001;-;2;5;4;2;3;11;4;5750;1
2023;2;14;315;315001;-;2;5;4;2;3;11;5;36000;1
2023;2;14;315;315001;-;2;11;2;2;3;11;1;720000;1
2023;2;14;315;315001;-;2;11;2;2;3;11;4;200;1
2023;2;14;315;315001;-;2;11;2;2;3;11;5;3000;1
2023;2;15;306;306005;-;2;5;4;2;3;11;2;562321;1
2023;2;15;306;306005;-;2;5;4;2;3;11;4;750;1
2023;2;15;306;306005;-;2;5;4;2;3;11;5;13000;1
2023;2;15;306;306005;-;2;8;2;2;3;11;2;163000;1
2023;2;15;306;306005;-;2;8;2;2;3;11;5;6000;1
2023;2;15;306;306006;-;2;5;4;2;3;11;1;559510;1
2023;2;15;306;306006;-;2;5;4;2;3;11;4;3000;1
2023;2;15;306;306006;-;2;5;4;2;3;11;5;150000;1
2023;2;15;306;306007;-;2;2;6;2;3;11;2;7397544;2
2023;2;15;306;306007;-;2;2;6;2;3;11;4;19380;2
2023;2;15;306;306007;-;2;2;6;2;3;11;5;235000;2
2023;2;15;306;306007;-;2;5;2;2;3;11;2;394900;2
2023;2;15;306;306007;-;2;5;2;2;3;11;5;600;1
2023;2;15;306;306007;-;2;5;3;2;3;11;2;152069;1
2023;2;15;306;306007;-;2;5;3;2;3;11;4;360;1
2023;2;15;306;306007;-;2;5;3;2;3;11;5;4500;1
2023;2;15;306;306007;-;2;8;4;2;3;11;2;906482;1
2023;2;15;306;306007;-;2;8;4;2;3;11;4;600;1
2023;2;15;306;306007;-;2;8;4;2;3;11;5;23500;1
2023;2;15;306;306007;-;2;11;3;2;3;11;2;432000;1
2023;2;15;306;306007;-;2;11;3;2;3;11;4;1000;1
2023;2;15;306;306007;-;2;11;3;2;3;11;5;5000;1
2023;2;15;306;306007;-;2;11;5;2;3;11;2;1600000;1
2023;2;15;306;306007;-;2;11;5;2;3;11;4;7000;1
2023;2;15;306;306007;-;2;11;5;2;3;11;5;150000;1
2023;2;15;306;306007;-;2;12;6;2;3;11;1;1958339;1
2023;2;15;306;306007;-;2;12;6;2;3;11;4;12000;1
2023;2;15;306;306007;-;2;12;6;2;3;11;5;48000;1
2023;2;15;310;310002;-;2;12;4;2;3;11;2;907598;1
2023;2;15;310;310002;-;2;12;4;2;3;11;4;4800;1
2023;2;15;310;310002;-;2;12;4;2;3;11;5;30000;1
2023;2;15;310;310003;-;2;5;4;2;3;11;2;169859;1
2023;2;15;310;310003;-;2;5;4;2;3;11;4;1500;1
2023;2;15;310;310003;-;2;5;4;2;3;11;5;16000;1
2023;2;15;310;310004;-;2;5;4;2;3;11;2;150570;1
2023;2;15;310;310004;-;2;5;4;2;3;11;4;1000;1
2023;2;15;310;310004;-;2;5;4;2;3;11;5;3000;1
2023;2;19;0;0;-;63;8;1;1;1;11;2;210000;1
2023;2;19;0;0;-;63;8;1;1;1;11;4;990;1
2023;2;19;0;0;-;63;8;1;1;1;11;5;1800;1
2023;2;19;304;304007;-;2;1;5;2;3;11;2;1166481;1
2023;2;19;304;304007;-;2;1;5;2;3;11;4;2190;1
2023;2;19;304;304007;-;2;1;5;2;3;11;5;25527;1
2023;2;19;304;304007;-;2;2;5;2;3;11;2;1612164;1
2023;2;19;304;304007;-;2;2;5;2;3;11;4;2000;1
2023;2;19;304;304007;-;2;2;5;2;3;11;5;22103;1
2023;2;19;305;305002;-;1;5;4;2;3;11;2;327265;1
2023;2;19;305;305002;-;1;5;4;2;3;11;4;3600;1
2023;2;19;305;305002;-;1;5;4;2;3;11;5;15000;1
2023;2;19;305;305003;-;2;5;3;2;3;11;2;210000;1
2023;2;19;305;305003;-;2;5;3;2;3;11;4;990;1
2023;2;19;305;305003;-;2;5;3;2;3;11;5;1800;1
2023;2;19;315;315008;-;2;9;2;2;3;11;3;30000;1
2023;2;19;315;315008;-;2;9;2;2;3;11;4;10000;1
2023;2;19;315;315008;-;2;9;2;2;3;11;5;1000;1
2023;2;19;319;319001;-;2;11;4;2;3;11;1;176238;1
2023;2;24;315;315005;-;2;11;2;2;3;11;3;52200;1
2023;2;24;315;315005;-;2;11;2;2;3;11;4;720;1
2023;3;5;403;403003;-;2;11;2;2;3;11;1;39191;1
2023;3;5;403;403003;-;2;11;2;2;3;11;2;19472;1
2023;3;5;403;403003;-;2;11;2;2;3;11;4;500;1
2023;3;5;403;403003;-;2;11;2;2;3;11;5;1500;1
2023;3;5;403;403003;-;2;14;2;2;3;11;2;70628;1
2023;3;5;403;403003;-;2;14;2;2;3;11;4;400;1
2023;3;5;403;403003;-;2;14;2;2;3;11;5;2500;1
2023;3;6;402;402002;-;1;1;6;2;3;11;1;95112;1
2023;3;6;402;402002;-;1;1;6;2;3;11;2;154631;1
2023;3;6;402;402002;-;1;1;6;2;3;11;5;20280;1
2023;3;6;402;402002;-;2;14;6;2;3;11;2;1034746;1
2023;3;6;402;402002;-;2;14;6;2;3;11;4;6000;1
2023;3;6;402;402002;-;2;14;6;2;3;11;5;21000;1
2023;3;7;402;402001;-;1;2;8;2;3;11;1;541761;1
2023;3;7;402;402001;-;1;2;8;2;3;11;2;569240;1
2023;3;7;402;402001;-;1;2;8;2;3;11;4;4664;1
2023;3;7;402;402001;-;1;2;8;2;3;11;5;75884;1
2023;3;7;402;402001;-;2;12;5;2;3;11;1;435387;1
2023;3;7;402;402001;-;2;12;5;2;3;11;2;377631;1
2023;3;7;402;402001;-;2;12;5;2;3;11;4;900;1
2023;3;7;402;402001;-;2;12;5;2;3;11;5;11082;1
2023;3;10;404;404004;-;2;1;3;2;3;11;1;1731;1
2023;3;10;404;404004;-;2;1;3;2;3;11;2;108699;1
2023;3;10;404;404004;-;2;1;3;2;3;11;4;9095;1
2023;3;10;404;404004;-;2;1;3;2;3;11;5;14012;1
2023;3;11;401;401003;-;2;5;5;2;3;11;1;348025;1
2023;3;11;401;401003;-;2;5;5;2;3;11;2;304256;1
2023;3;11;401;401003;-;2;5;5;2;3;11;4;1050;1
2023;3;11;401;401003;-;2;5;5;2;3;11;5;12500;1
2023;3;11;402;402003;-;2;5;4;2;3;11;1;51426;1
2023;3;11;402;402003;-;2;5;4;2;3;11;2;102895;1
2023;3;11;402;402003;-;2;5;4;2;3;11;4;800;1
2023;3;11;402;402003;-;2;5;4;2;3;11;5;32000;1
2023;3;11;402;402003;-;2;5;5;2;3;11;1;190000;1
2023;3;11;402;402003;-;2;5;5;2;3;11;2;120000;1
2023;3;11;402;402003;-;2;5;5;2;3;11;4;700;1
2023;3;11;402;402003;-;2;11;5;2;3;11;1;131052;1
2023;3;11;402;402003;-;2;11;5;2;3;11;2;56090;1
2023;3;11;402;402003;-;2;11;5;2;3;11;4;850;1
2023;3;11;402;402003;-;2;14;5;2;3;11;1;171947;1
2023;3;11;402;402003;-;2;14;5;2;3;11;2;214374;1
2023;3;11;402;402003;-;2;14;5;2;3;11;4;1800;1
2023;3;11;402;402003;-;2;14;5;2;3;11;5;18000;1
2023;3;11;402;402004;-;2;11;2;2;3;11;1;3540;1
2023;3;11;402;402004;-;2;11;2;2;3;11;2;6804;1
2023;3;11;402;402004;-;2;11;2;2;3;11;4;350;1
2023;3;11;402;402004;-;63;5;1;1;1;11;1;7000;1
2023;3;11;402;402004;-;63;5;1;1;1;11;4;1080;1
2023;3;11;402;402004;-;63;5;1;1;1;11;5;10000;1
2023;3;11;402;402005;-;1;5;7;2;3;11;1;234124;1
2023;3;11;402;402005;-;1;5;7;2;3;11;2;201848;1
2023;3;11;402;402005;-;1;5;7;2;3;11;4;3500;1
2023;3;11;402;402005;-;1;5;7;2;3;11;5;115000;1
2023;3;11;402;402005;-;2;5;3;2;3;11;1;20000;1
2023;3;11;402;402005;-;2;5;3;2;3;11;2;40500;1
2023;3;11;402;402005;-;2;5;3;2;3;11;4;700;1
2023;3;11;402;402005;-;2;5;3;2;3;11;5;2800;1
2023;3;11;402;402005;-;2;5;4;2;3;11;1;158725;1
2023;3;11;402;402005;-;2;5;4;2;3;11;2;90571;1
2023;3;11;402;402005;-;2;5;4;2;3;11;4;800;1
2023;3;12;405;405001;-;2;5;2;2;3;11;2;30511;1
2023;3;12;405;405001;-;2;5;2;2;3;11;4;815;1
2023;3;12;405;405001;-;2;5;2;2;3;11;5;11;1
2023;3;14;404;404004;-;1;5;3;2;3;11;2;80;1
2023;3;14;404;404004;-;1;5;3;2;3;11;4;10;1
2023;3;14;404;404004;-;1;5;3;2;3;11;5;20;1
2023;3;14;404;404004;-;2;11;2;2;3;11;1;111418;1
2023;3;14;404;404004;-;2;11;2;2;3;11;2;61439;1
2023;3;16;405;405005;-;2;5;2;2;3;11;2;99215;1
2023;3;16;405;405005;-;2;5;2;2;3;11;4;1200;1
2023;3;16;405;405005;-;2;5;2;2;3;11;5;1800;1
2023;4;2;505;505004;-;1;5;3;2;3;11;2;110000;1
2023;4;2;505;505004;-;1;5;3;2;3;11;3;122000;1
2023;4;2;505;505004;-;1;5;3;2;3;11;4;1200;1
2023;4;2;505;505004;-;1;5;3;2;3;11;5;24600;1
2023;4;2;505;505004;-;2;5;3;2;3;11;3;20000;1
2023;4;2;505;505004;-;2;5;3;2;3;11;4;100;1
2023;4;2;505;505006;-;2;2;6;2;3;11;2;4438302;1
2023;4;2;505;505006;-;2;2;6;2;3;11;4;10000;1
2023;4;2;505;505006;-;2;2;6;2;3;11;5;125000;1
2023;4;2;505;505006;-;2;5;4;2;3;11;1;499860;1
2023;4;2;505;505006;-;2;5;4;2;3;11;3;401500;1
2023;4;2;505;505006;-;2;5;4;2;3;11;4;540;2
2023;4;2;505;505006;-;2;5;4;2;3;11;5;20900;1
2023;4;2;505;505006;-;2;5;5;2;3;11;2;862387;1
2023;4;2;505;505006;-;2;5;5;2;3;11;4;2000;1
2023;4;2;505;505006;-;2;5;5;2;3;11;5;80000;1
2023;4;2;505;505006;-;2;11;2;2;3;11;3;36000;1
2023;4;2;505;505006;-;2;11;2;2;3;11;4;500;1
2023;4;2;505;505006;-;2;11;2;2;3;11;5;1800;1
2023;4;2;505;505006;-;2;11;3;2;3;11;2;340000;1
2023;4;2;505;505006;-;2;11;3;2;3;11;3;200000;1
2023;4;2;505;505006;-;2;11;3;2;3;11;4;1600;2
2023;4;2;505;505006;-;2;11;3;2;3;11;5;25000;2
2023;4;2;505;505006;-;2;11;4;2;3;11;3;79200;1
2023;4;2;505;505006;-;2;11;4;2;3;11;4;700;1
2023;4;2;506;506008;-;2;1;3;2;3;11;1;43322;1
2023;4;2;506;506008;-;2;1;3;2;3;11;4;5200;1
2023;4;2;506;506008;-;2;1;3;2;3;11;5;1800;1
2023;4;3;0;0;-;63;11;1;1;1;11;2;396657;1
2023;4;3;0;0;-;63;11;1;1;1;11;4;1000;1
2023;4;3;0;0;-;63;11;1;1;1;11;5;11500;1
2023;4;3;502;502001;-;2;8;3;2;3;11;2;21803;1
2023;4;3;502;502001;-;2;8;3;2;3;11;4;500;1
2023;4;3;502;502002;-;2;5;4;2;3;11;2;25183;1
2023;4;3;502;502002;-;2;5;4;2;3;11;5;3000;1
2023;4;4;501;501001;-;2;5;2;2;3;11;2;25180;1
2023;4;4;501;501001;-;2;5;2;2;3;11;4;1200;1
2023;4;4;501;501001;-;2;5;2;2;3;11;5;5000;1
2023;4;5;503;503006;-;2;11;3;2;3;11;3;11000;1
2023;4;5;503;503006;-;2;11;3;2;3;11;4;1000;1
2023;4;5;505;505003;-;1;5;2;4;4;11;3;73000;1
2023;4;5;505;505003;-;1;5;2;4;4;11;4;1100;1
2023;4;5;505;505003;-;1;5;2;4;4;11;5;6500;1
2023;4;5;505;505003;-;2;5;5;2;3;11;2;1151709;1
2023;4;5;505;505003;-;2;5;5;2;3;11;4;3000;1
2023;4;5;505;505003;-;2;5;5;2;3;11;5;30000;1
2023;4;5;505;505003;-;2;11;3;2;3;11;3;80000;1
2023;4;5;505;505003;-;2;11;3;2;3;11;4;1050;1
2023;4;5;505;505003;-;2;11;3;2;3;11;5;10950;1
2023;4;5;505;505005;-;2;5;3;2;3;11;2;78020;1
2023;4;5;505;505005;-;2;5;3;2;3;11;4;2200;1
2023;4;5;505;505005;-;2;5;3;2;3;11;5;7300;1
2023;4;5;505;505005;-;2;5;4;2;3;11;2;309850;1
2023;4;5;505;505005;-;2;5;4;2;3;11;4;2000;1
2023;4;5;505;505005;-;2;5;4;2;3;11;5;18000;1
2023;4;5;505;505005;-;2;5;6;2;3;11;2;500000;1
2023;4;5;505;505005;-;2;5;6;2;3;11;4;3000;1
2023;4;5;505;505005;-;2;5;6;2;3;11;5;40000;1
2023;4;5;505;505005;-;2;11;2;2;3;11;2;156283;1
2023;4;5;505;505005;-;2;11;2;2;3;11;4;1400;1
2023;4;5;505;505005;-;2;11;2;2;3;11;5;12500;1
2023;4;5;505;505005;-;2;11;4;2;3;11;2;295715;1
2023;4;5;505;505005;-;2;11;4;2;3;11;3;417615;1
2023;4;5;505;505005;-;2;11;4;2;3;11;4;1250;1
2023;4;5;505;505005;-;2;11;4;2;3;11;5;38600;1
2023;4;5;505;505005;-;2;11;5;2;3;11;2;1675212;3
2023;4;5;505;505005;-;2;11;5;2;3;11;3;451200;1
2023;4;5;505;505005;-;2;11;5;2;3;11;4;12695;3
2023;4;5;505;505005;-;2;11;5;2;3;11;5;74500;3
2023;4;5;506;506005;-;1;11;2;2;3;11;3;65500;1
2023;4;5;506;506005;-;1;11;2;2;3;11;4;1800;1
2023;4;5;506;506005;-;1;11;2;2;3;11;5;1700;1
2023;4;5;506;506005;-;1;11;3;2;3;11;2;101245;1
2023;4;5;506;506005;-;1;11;3;2;3;11;3;161713;1
2023;4;5;506;506005;-;1;11;3;2;3;11;4;1095;1
2023;4;5;506;506005;-;1;11;3;2;3;11;5;9125;1
2023;4;5;506;506005;-;2;5;2;2;3;11;3;52000;1
2023;4;5;506;506005;-;2;5;2;2;3;11;4;350;1
2023;4;5;506;506005;-;2;5;2;2;3;11;5;2400;1
2023;4;5;506;506005;-;2;5;3;2;3;11;2;556672;1
2023;4;5;506;506005;-;2;5;3;2;3;11;4;550;1
2023;4;5;506;506005;-;2;5;3;2;3;11;5;21600;1
2023;4;5;506;506005;-;2;5;4;2;3;11;2;937021;3
2023;4;5;506;506005;-;2;5;4;2;3;11;3;1038500;2
2023;4;5;506;506005;-;2;5;4;2;3;11;4;11460;3
2023;4;5;506;506005;-;2;5;4;2;3;11;5;81540;3
2023;4;5;506;506005;-;2;11;3;2;3;11;3;385000;2
2023;4;5;506;506005;-;2;11;3;2;3;11;4;2800;2
2023;4;5;506;506005;-;2;11;3;2;3;11;5;34000;2
2023;4;5;506;506005;-;2;11;4;2;3;11;2;261515;1
2023;4;5;506;506005;-;2;11;4;2;3;11;3;178850;1
2023;4;5;506;506005;-;2;11;4;2;3;11;4;2650;2
2023;4;5;506;506005;-;2;11;4;2;3;11;5;30410;2
2023;4;5;506;506005;-;2;11;5;2;3;11;2;1196747;1
2023;4;5;506;506005;-;2;11;5;2;3;11;3;650335;1
2023;4;5;506;506005;-;2;11;5;2;3;11;4;4200;2
2023;4;5;506;506005;-;2;11;5;2;3;11;5;58200;2
2023;4;5;506;506005;-;2;12;6;2;3;11;2;1708587;1
2023;4;5;506;506005;-;2;12;6;2;3;11;4;1560;1
2023;4;5;506;506005;-;2;12;6;2;3;11;5;54700;1
2023;4;5;506;506006;-;1;8;2;2;3;11;1;127000;1
2023;4;5;506;506006;-;1;8;2;2;3;11;4;1500;1
2023;4;5;506;506006;-;1;8;2;2;3;11;5;5000;1
2023;4;5;506;506006;-;2;1;4;2;3;11;2;263189;1
2023;4;5;506;506006;-;2;1;4;2;3;11;3;302200;1
2023;4;5;506;506006;-;2;1;4;2;3;11;4;9000;1
2023;4;5;506;506006;-;2;5;2;2;3;11;2;95028;1
2023;4;5;506;506006;-;2;5;2;2;3;11;3;27000;1
2023;4;5;506;506006;-;2;5;2;2;3;11;4;1150;2
2023;4;5;506;506006;-;2;5;2;2;3;11;5;7300;2
2023;4;5;506;506006;-;2;5;3;2;3;11;3;219000;1
2023;4;5;506;506006;-;2;5;3;2;3;11;4;1100;1
2023;4;5;506;506006;-;2;5;3;2;3;11;5;12500;1
2023;4;5;506;506006;-;2;5;4;2;3;11;2;382770;1
2023;4;5;506;506006;-;2;5;4;2;3;11;4;750;1
2023;4;5;506;506006;-;2;5;4;2;3;11;5;47000;1
2023;4;5;506;506006;-;2;11;2;2;3;11;2;73000;1
2023;4;5;506;506006;-;2;11;2;2;3;11;4;1350;1
2023;4;5;506;506006;-;2;11;2;2;3;11;5;360;1
2023;4;5;506;506006;-;2;11;3;2;3;11;3;279000;1
2023;4;5;506;506006;-;2;11;3;2;3;11;4;500;1
2023;4;5;506;506006;-;2;11;3;2;3;11;5;34000;1
2023;4;5;506;506006;-;2;11;4;2;3;11;2;261515;1
2023;4;5;506;506006;-;2;11;4;2;3;11;4;1350;1
2023;4;5;506;506006;-;2;11;4;2;3;11;5;24385;1
2023;4;6;506;506003;-;1;5;3;2;3;11;5;100;1
2023;4;6;506;506003;-;1;5;4;2;3;11;2;220000;1
2023;4;6;506;506003;-;1;5;4;2;3;11;4;1800;1
2023;4;6;506;506003;-;1;5;4;2;3;11;5;30000;1
2023;4;6;506;506003;-;1;11;2;2;3;4;3;15830;1
2023;4;6;506;506003;-;2;5;2;2;3;11;2;55000;1
2023;4;6;506;506003;-;2;5;2;2;3;11;3;140600;2
2023;4;6;506;506003;-;2;5;2;2;3;11;4;2400;2
2023;4;6;506;506003;-;2;5;2;2;3;11;5;2000;2
2023;4;6;506;506003;-;2;5;3;2;3;11;3;24000;1
2023;4;6;506;506003;-;2;5;3;2;3;11;4;1000;1
2023;4;6;506;506003;-;2;5;3;2;3;11;5;2500;1
2023;4;6;506;506003;-;2;5;4;2;3;11;2;143790;1
2023;4;6;506;506003;-;2;5;4;2;3;11;4;1000;1
2023;4;6;506;506003;-;2;5;4;2;3;11;5;12000;1
2023;4;6;506;506003;-;2;5;5;2;3;11;2;2459921;2
2023;4;6;506;506003;-;2;5;5;2;3;11;4;6300;2
2023;4;6;506;506003;-;2;5;5;2;3;11;5;195324;2
2023;4;6;506;506003;-;2;8;4;2;3;11;2;520000;1
2023;4;6;506;506003;-;2;8;4;2;3;11;4;1800;1
2023;4;6;506;506003;-;2;8;4;2;3;11;5;25000;1
2023;4;6;506;506003;-;2;9;2;2;3;11;3;35166;1
2023;4;6;506;506003;-;2;9;2;2;3;11;4;2593;1
2023;4;6;506;506003;-;2;9;2;2;3;11;5;2025;1
2023;4;6;506;506003;-;2;11;2;2;3;11;2;153500;1
2023;4;6;506;506003;-;2;11;2;2;3;11;4;500;1
2023;4;6;506;506003;-;2;11;2;2;3;11;5;2000;1
2023;4;6;506;506003;-;2;11;4;2;3;11;2;339469;1
2023;4;6;506;506003;-;2;11;4;2;3;11;4;400;1
2023;4;6;506;506003;-;2;11;4;2;3;11;5;14000;1
2023;4;6;506;506004;-;1;11;2;2;3;11;4;800;1
2023;4;6;506;506004;-;1;11;4;2;3;11;2;12662;1
2023;4;6;506;506004;-;1;11;4;2;3;11;4;3553;1
2023;4;6;506;506004;-;1;11;4;2;3;11;5;17560;1
2023;4;6;506;506004;-;1;11;5;2;3;11;2;295000;1
2023;4;6;506;506004;-;1;11;5;2;3;11;4;800;1
2023;4;6;506;506004;-;1;11;5;2;3;11;5;11000;1
2023;4;6;506;506004;-;1;11;6;2;3;11;2;5506343;1
2023;4;6;506;506004;-;1;12;2;2;3;4;3;3750;1
2023;4;6;506;506004;-;1;12;2;2;3;11;3;32400;1
2023;4;6;506;506004;-;2;5;2;2;3;11;2;17200;1
2023;4;6;506;506004;-;2;5;2;2;3;11;4;650;1
2023;4;6;506;506004;-;2;5;2;2;3;11;5;6200;1
2023;4;6;506;506004;-;2;5;3;2;3;11;2;441381;1
2023;4;6;506;506004;-;2;5;3;2;3;11;4;1200;1
2023;4;6;506;506004;-;2;5;3;2;3;11;5;26280;1
2023;4;6;506;506004;-;2;5;4;2;3;11;2;363852;2
2023;4;6;506;506004;-;2;5;4;2;3;11;4;1765;2
2023;4;6;506;506004;-;2;5;4;2;3;11;5;11531;2
2023;4;6;506;506004;-;2;8;4;2;3;11;2;120000;1
2023;4;6;506;506004;-;2;8;4;2;3;11;4;1300;1
2023;4;6;506;506004;-;2;8;4;2;3;11;5;6000;1
2023;4;6;506;506004;-;2;11;2;2;3;11;1;62000;1
2023;4;6;506;506004;-;2;11;2;2;3;11;2;648540;1
2023;4;6;506;506004;-;2;11;2;2;3;11;3;62000;1
2023;4;6;506;506004;-;2;11;2;2;3;11;4;2550;2
2023;4;6;506;506004;-;2;11;2;2;3;11;5;11500;2
2023;4;6;506;506004;-;2;11;3;2;3;11;2;92000;1
2023;4;6;506;506004;-;2;11;3;2;3;11;3;192000;1
2023;4;6;506;506004;-;2;11;3;2;3;11;4;2050;2
2023;4;6;506;506004;-;2;11;3;2;3;11;5;21775;2
2023;4;6;506;506004;-;2;11;4;2;3;11;3;260000;1
2023;4;6;506;506004;-;2;11;4;2;3;11;4;2000;1
2023;4;6;506;506004;-;2;11;4;2;3;11;5;18000;1
2023;4;6;506;506004;-;3;5;3;2;3;11;2;95000;1
2023;4;6;506;506004;-;3;5;3;2;3;11;4;1500;1
2023;4;6;506;506004;-;3;5;3;2;3;11;5;42000;1
2023;4;6;506;506005;-;1;5;2;2;3;11;2;72000;1
2023;4;6;506;506005;-;1;5;2;2;3;11;4;500;1
2023;4;6;506;506005;-;1;5;2;2;3;11;5;800;1
2023;4;6;506;506005;-;1;5;5;2;3;11;2;741809;1
2023;4;6;506;506005;-;1;5;5;2;3;11;4;3650;1
2023;4;6;506;506005;-;1;5;5;2;3;11;5;40000;1
2023;4;6;506;506005;-;2;5;2;2;3;11;1;475;1
2023;4;6;506;506005;-;2;5;2;2;3;11;2;50137;1
2023;4;6;506;506005;-;2;5;2;2;3;11;3;180000;1
2023;4;6;506;506005;-;2;5;2;2;3;11;4;1338;2
2023;4;6;506;506005;-;2;5;2;2;3;11;5;11968;2
2023;4;6;506;506005;-;2;5;3;2;3;11;2;127000;1
2023;4;6;506;506005;-;2;5;3;2;3;11;3;2000;1
2023;4;6;506;506005;-;2;5;3;2;3;11;4;1010;2
2023;4;6;506;506005;-;2;5;3;2;3;11;5;50;1
2023;4;6;506;506005;-;2;11;2;2;3;11;2;42829;1
2023;4;6;506;506005;-;2;11;2;2;3;11;3;376696;3
2023;4;6;506;506005;-;2;11;2;2;3;11;4;3920;3
2023;4;6;506;506005;-;2;11;2;2;3;11;5;30000;2
2023;4;6;506;506005;-;2;11;3;2;3;11;1;76200;1
2023;4;6;506;506005;-;2;11;3;2;3;11;2;116550;2
2023;4;6;506;506005;-;2;11;3;2;3;11;4;4000;2
2023;4;6;506;506005;-;2;11;3;2;3;11;5;9900;2
2023;4;6;506;506005;-;2;11;4;2;3;11;2;106433;1
2023;4;6;506;506005;-;2;11;4;2;3;11;4;1150;1
2023;4;6;506;506005;-;2;11;4;2;3;11;5;7600;1
2023;4;6;506;506005;-;2;11;5;2;3;11;2;643390;1
2023;4;6;506;506005;-;2;11;5;2;3;11;4;1600;1
2023;4;6;506;506005;-;2;11;5;2;3;11;5;25300;1
2023;4;6;506;506006;-;2;12;3;2;3;11;3;554000;1
2023;4;6;506;506006;-;2;12;3;2;3;11;4;2100;1
2023;4;6;506;506006;-;2;12;3;2;3;11;5;25400;1
2023;4;6;506;506009;-;1;5;5;2;3;11;2;1062572;1
2023;4;6;506;506009;-;1;5;5;2;3;11;4;1660;1
2023;4;6;506;506009;-;1;5;5;2;3;11;5;34000;1
2023;4;6;506;506009;-;2;5;3;2;3;11;2;991585;1
2023;4;6;506;506009;-;2;5;3;2;3;11;4;1800;1
2023;4;6;506;506009;-;2;5;3;2;3;11;5;34000;1
2023;4;6;506;506009;-;2;8;2;2;3;11;3;146000;1
2023;4;6;506;506009;-;2;8;2;2;3;11;4;1150;1
2023;4;6;506;506009;-;2;8;2;2;3;11;5;9100;1
2023;4;6;506;506009;-;2;11;5;2;3;11;2;2177382;1
2023;4;6;506;506009;-;2;11;5;2;3;11;4;2158;1
2023;4;6;506;506009;-;2;11;5;2;3;11;5;42634;1
2023;4;6;506;506009;-;2;12;5;2;3;11;2;4193601;1
2023;4;6;506;506009;-;2;12;5;2;3;11;4;3800;1
2023;4;6;506;506009;-;2;12;5;2;3;11;5;21900;1
2023;4;7;502;502005;-;2;1;7;2;3;11;2;1378561;1
2023;4;7;502;502005;-;2;1;7;2;3;11;4;9900;1
2023;4;7;502;502005;-;2;1;7;2;3;11;5;75000;1
2023;4;7;502;502005;-;2;3;5;2;3;11;2;2321483;1
2023;4;7;502;502005;-;2;3;5;2;3;11;4;25000;1
2023;4;7;502;502005;-;2;3;5;2;3;11;5;40000;1
2023;4;7;502;502005;-;2;5;3;1;1;11;1;360000;1
2023;4;7;502;502005;-;2;5;3;2;3;11;2;677800;1
2023;4;7;502;502005;-;2;5;3;2;3;11;4;1000;1
2023;4;7;502;502005;-;2;5;3;2;3;11;5;16000;1
2023;4;7;502;502005;-;2;5;4;2;3;11;2;1718036;2
2023;4;7;502;502005;-;2;5;4;2;3;11;4;6205;2
2023;4;7;502;502005;-;2;5;4;2;3;11;5;29900;2
2023;4;7;502;502005;-;2;5;5;2;3;11;2;8825309;4
2023;4;7;502;502005;-;2;5;5;2;3;11;4;7010;4
2023;4;7;502;502005;-;2;5;5;2;3;11;5;87800;2
2023;4;7;502;502005;-;2;8;3;1;1;11;2;45241;1
2023;4;7;502;502005;-;2;8;3;1;1;11;4;45;1
2023;4;7;502;502005;-;2;8;3;1;1;11;5;900;1
2023;4;7;502;502005;-;2;11;2;2;3;11;2;180000;1
2023;4;7;502;502005;-;2;11;2;2;3;11;4;360;1
2023;4;7;502;502005;-;2;11;2;2;3;11;5;5400;1
2023;4;7;502;502005;-;2;11;3;2;3;11;2;182219;1
2023;4;7;502;502005;-;2;11;3;2;3;11;5;15000;1
2023;4;7;504;504001;-;1;5;2;2;3;11;2;333724;2
2023;4;7;504;504001;-;1;5;2;2;3;11;4;6850;2
2023;4;7;504;504001;-;1;5;2;2;3;11;5;7160;2
2023;4;7;504;504001;-;1;5;3;2;3;11;1;21000;1
2023;4;7;504;504001;-;1;5;3;2;3;11;4;500;1
2023;4;7;504;504001;-;1;5;3;2;3;11;5;100;1
2023;4;7;504;504001;-;1;8;5;2;3;11;2;45000;1
2023;4;7;504;504001;-;1;8;5;2;3;11;4;1500;1
2023;4;7;504;504001;-;1;8;5;2;3;11;5;500;1
2023;4;7;504;504001;-;2;2;5;2;3;11;2;1745484;1
2023;4;7;504;504001;-;2;2;5;2;3;11;4;3200;1
2023;4;7;504;504001;-;2;2;5;2;3;11;5;29820;1
2023;4;7;504;504001;-;2;5;2;2;3;11;2;452784;1
2023;4;7;504;504001;-;2;5;2;2;3;11;4;1500;1
2023;4;7;504;504001;-;2;5;2;2;3;11;5;20000;1
2023;4;7;504;504001;-;2;5;3;2;3;11;2;2706344;4
2023;4;7;504;504001;-;2;5;3;2;3;11;4;5620;3
2023;4;7;504;504001;-;2;5;3;2;3;11;5;52000;3
2023;4;7;504;504001;-;2;5;4;2;3;11;2;2046893;3
2023;4;7;504;504001;-;2;5;4;2;3;11;4;6650;2
2023;4;7;504;504001;-;2;5;4;2;3;11;5;52000;2
2023;4;7;504;504001;-;2;5;5;2;3;11;2;1805936;2
2023;4;7;504;504001;-;2;5;5;2;3;11;4;8500;2
2023;4;7;504;504001;-;2;5;5;2;3;11;5;42000;2
2023;4;7;504;504001;-;2;8;3;2;3;11;2;580000;1
2023;4;7;504;504001;-;2;8;3;2;3;11;4;350;1
2023;4;7;504;504001;-;2;8;3;2;3;11;5;18000;1
2023;4;7;504;504001;-;2;8;4;2;3;11;2;1706085;2
2023;4;7;504;504001;-;2;8;4;2;3;11;4;1359;2
2023;4;7;504;504001;-;2;8;4;2;3;11;5;61899;2
2023;4;7;504;504001;-;2;11;2;2;3;11;2;230619;2
2023;4;7;504;504001;-;2;11;2;2;3;11;4;1800;1
2023;4;7;504;504001;-;2;11;2;2;3;11;5;36000;1
2023;4;7;504;504001;-;2;11;3;2;3;11;2;883664;3
2023;4;7;504;504001;-;2;11;3;2;3;11;3;570000;1
2023;4;7;504;504001;-;2;11;3;2;3;11;4;4300;4
2023;4;7;504;504001;-;2;11;3;2;3;11;5;9200;4
2023;4;7;504;504001;-;2;11;4;2;3;11;2;1052216;3
2023;4;7;504;504001;-;2;11;4;2;3;11;4;5900;2
2023;4;7;504;504001;-;2;11;4;2;3;11;5;94000;2
2023;4;7;504;504001;-;2;12;3;2;3;11;2;439135;1
2023;4;7;504;504001;-;2;12;3;2;3;11;4;1000;1
2023;4;7;504;504001;-;2;12;3;2;3;11;5;36500;1
2023;4;7;504;504001;-;2;13;3;2;3;11;1;1700599;1
2023;4;7;504;504001;-;2;13;3;2;3;11;4;500;1
2023;4;7;504;504001;-;2;13;3;2;3;11;5;20000;1
2023;4;7;504;504002;-;2;11;4;2;3;11;2;466728;1
2023;4;7;504;504002;-;2;11;4;2;3;11;4;120;1
2023;4;7;504;504002;-;2;11;4;2;3;11;5;19780;1
2023;4;7;504;504003;-;2;5;4;2;3;11;2;301160;1
2023;4;7;504;504003;-;2;5;4;2;3;11;4;2000;1
2023;4;7;504;504003;-;2;5;4;2;3;11;5;3000;1
2023;4;7;504;504003;-;2;11;2;2;3;11;2;158980;1
2023;4;7;504;504003;-;2;11;2;2;3;11;4;600;1
2023;4;7;504;504003;-;2;11;2;2;3;11;5;5500;1
2023;4;7;504;504003;-;2;11;4;2;3;11;2;688744;1
2023;4;7;504;504003;-;2;11;4;2;3;11;4;1800;1
2023;4;7;504;504003;-;2;11;4;2;3;11;5;22000;1
2023;4;8;0;0;-;18;5;1;1;1;11;2;4000;1
2023;4;8;0;0;-;18;5;1;1;1;11;3;1000;1
2023;4;8;0;0;-;18;5;1;1;1;11;4;10;1
2023;4;8;0;0;-;18;5;1;1;1;11;5;40;1
2023;4;9;502;502001;-;2;2;5;1;1;11;2;1157445;1
2023;4;9;502;502001;-;2;2;5;1;1;11;4;2900;1
2023;4;9;502;502001;-;2;2;5;1;1;11;5;51395;1
2023;4;9;502;502001;-;2;5;2;2;3;11;2;62463;1
2023;4;9;502;502001;-;2;5;2;2;3;11;4;800;1
2023;4;9;502;502001;-;2;11;2;2;3;11;2;72060;1
2023;4;9;502;502001;-;2;11;2;2;3;11;4;1100;1
2023;4;9;502;502001;-;2;11;2;2;3;11;5;1825;1
2023;4;9;502;502001;-;2;11;4;2;3;11;2;1278472;1
2023;4;9;502;502001;-;2;11;4;2;3;11;4;3600;1
2023;4;9;502;502001;-;2;11;4;2;3;11;5;3799;1
2023;4;9;502;502002;-;2;11;2;2;3;11;2;84748;1
2023;4;9;502;502002;-;2;11;2;2;3;11;4;700;1
2023;4;9;502;502003;-;1;5;3;2;3;11;3;140000;1
2023;4;9;502;502003;-;1;5;3;2;3;11;4;700;1
2023;4;9;502;502003;-;1;8;3;2;3;11;3;120400;1
2023;4;9;502;502003;-;1;8;3;2;3;11;4;910;1
2023;4;9;502;502003;-;1;8;3;2;3;11;5;1800;1
2023;4;9;502;502003;-;1;11;4;2;3;11;2;675650;1
2023;4;9;502;502003;-;1;11;4;2;3;11;5;10095;1
2023;4;9;502;502003;-;2;5;3;2;3;11;2;3238020;7
2023;4;9;502;502003;-;2;5;3;2;3;11;4;5510;6
2023;4;9;502;502003;-;2;5;3;2;3;11;5;72780;7
2023;4;9;502;502003;-;2;5;4;2;3;11;2;1069237;2
2023;4;9;502;502003;-;2;5;4;2;3;11;4;1280;2
2023;4;9;502;502003;-;2;5;4;2;3;11;5;20880;2
2023;4;9;502;502003;-;2;5;5;2;3;11;2;818683;1
2023;4;9;502;502003;-;2;5;5;2;3;11;4;20000;1
2023;4;9;502;502003;-;2;5;5;2;3;11;5;29600;1
2023;4;9;502;502003;-;2;8;3;2;3;11;3;141300;1
2023;4;9;502;502003;-;2;8;3;2;3;11;4;1700;1
2023;4;9;502;502003;-;2;8;3;2;3;11;5;1650;1
2023;4;9;502;502003;-;2;11;2;1;1;11;2;108350;1
2023;4;9;502;502003;-;2;11;2;1;1;11;4;700;1
2023;4;9;502;502003;-;2;11;2;1;1;11;5;3000;1
2023;4;9;502;502003;-;2;11;2;2;3;11;2;165315;1
2023;4;9;502;502003;-;2;11;2;2;3;11;4;1450;1
2023;4;9;502;502003;-;2;11;2;2;3;11;5;14000;1
2023;4;9;502;502003;-;2;11;3;2;3;11;2;439940;3
2023;4;9;502;502003;-;2;11;3;2;3;11;4;5000;3
2023;4;9;502;502003;-;2;11;3;2;3;11;5;18500;3
2023;4;9;502;502003;-;2;11;4;2;3;11;2;1289858;3
2023;4;9;502;502003;-;2;11;4;2;3;11;3;662000;1
2023;4;9;502;502003;-;2;11;4;2;3;11;4;6960;3
2023;4;9;502;502003;-;2;11;4;2;3;11;5;51650;2
2023;4;9;502;502004;-;1;5;3;2;3;11;3;50200;1
2023;4;9;502;502004;-;1;5;3;2;3;11;4;700;1
2023;4;9;502;502004;-;1;5;3;2;3;11;5;850;1
2023;4;9;502;502004;-;2;2;6;2;3;11;2;6463988;1
2023;4;9;502;502004;-;2;2;6;2;3;11;4;6730;1
2023;4;9;502;502004;-;2;2;6;2;3;11;5;106740;1
2023;4;9;502;502004;-;2;5;2;2;3;11;2;68694;1
2023;4;9;502;502004;-;2;9;3;2;3;11;2;110498;1
2023;4;9;502;502004;-;2;9;3;2;3;11;4;650;1
2023;4;9;502;502004;-;2;9;3;2;3;11;5;1300;1
2023;4;9;502;502004;-;2;9;5;2;3;11;2;2070588;1
2023;4;9;502;502004;-;2;9;5;2;3;11;4;5475;1
2023;4;9;502;502004;-;2;9;5;2;3;11;5;43850;1
2023;4;10;501;501003;-;2;5;2;2;3;11;2;325668;1
2023;4;10;501;501003;-;2;5;2;2;3;11;4;1800;1
2023;4;10;501;501003;-;2;5;2;2;3;11;5;2100;1
2023;4;10;501;501004;-;2;5;2;2;3;11;2;108269;1
2023;4;10;501;501004;-;2;5;2;2;3;11;4;365;1
2023;4;10;501;501004;-;2;5;3;2;3;11;2;299775;2
2023;4;10;501;501004;-;2;5;3;2;3;11;4;1400;2
2023;4;10;501;501004;-;2;5;3;2;3;11;5;18700;1
2023;4;10;501;501004;-;2;8;5;2;3;11;2;732500;1
2023;4;10;501;501004;-;2;8;5;2;3;11;4;700;1
2023;4;10;501;501004;-;2;8;5;2;3;11;5;47500;1
2023;4;10;501;501004;-;2;11;2;2;3;11;2;825896;2
2023;4;10;501;501004;-;2;11;2;2;3;11;4;3005;2
2023;4;10;501;501004;-;2;11;2;2;3;11;5;49045;2
2023;4;10;501;501004;-;2;11;4;2;3;11;2;374458;1
2023;4;10;501;501004;-;2;11;4;2;3;11;4;3600;1
2023;4;10;501;501004;-;2;11;4;2;3;11;5;28000;1
2023;4;10;501;501005;-;1;11;4;2;3;11;2;100122;1
2023;4;10;501;501005;-;1;11;4;2;3;11;4;2000;1
2023;4;10;501;501005;-;1;11;4;2;3;11;5;7300;1
2023;4;10;501;501005;-;2;5;2;2;3;11;2;90441;3
2023;4;10;501;501005;-;2;5;2;2;3;11;4;1460;3
2023;4;10;501;501005;-;2;5;2;2;3;11;5;3250;2
2023;4;10;501;501005;-;2;5;3;2;3;11;2;672940;1
2023;4;10;501;501005;-;2;5;3;2;3;11;4;5500;1
2023;4;10;501;501005;-;2;5;3;2;3;11;5;25000;1
2023;4;10;501;501005;-;2;11;2;2;3;11;2;78700;1
2023;4;10;501;501005;-;2;11;2;2;3;11;4;200;1
2023;4;10;501;501005;-;2;11;2;2;3;11;5;2200;1
2023;4;10;501;501005;-;2;11;6;2;3;11;2;2184177;1
2023;4;10;501;501005;-;2;11;6;2;3;11;4;3600;1
2023;4;10;501;501005;-;2;11;6;2;3;11;5;94212;1
2023;4;10;501;501006;-;2;5;3;2;3;11;2;299351;1
2023;4;10;501;501006;-;2;5;3;2;3;11;4;500;1
2023;4;10;501;501006;-;2;5;3;2;3;11;5;4500;1
2023;4;10;501;501006;-;2;5;4;2;3;11;1;708288;1
2023;4;10;501;501006;-;2;5;4;2;3;11;4;700;1
2023;4;10;501;501006;-;2;5;4;2;3;11;5;41760;1
2023;4;10;502;502002;-;2;5;5;2;3;11;1;667842;1
2023;4;10;502;502002;-;2;5;5;2;3;11;2;1464398;1
2023;4;10;502;502002;-;2;5;5;2;3;11;4;5000;1
2023;4;10;502;502002;-;2;5;5;2;3;11;5;55000;1
2023;4;10;502;502002;-;2;8;3;2;3;11;2;68767;1
2023;4;10;502;502002;-;2;8;3;2;3;11;4;1000;1
2023;4;10;502;502002;-;2;8;3;2;3;11;5;7000;1
2023;4;10;502;502002;-;2;11;4;2;3;11;2;86382;1
2023;4;10;502;502002;-;2;11;4;2;3;11;4;700;1
2023;4;11;501;501002;-;1;5;2;2;3;11;2;76005;1
2023;4;11;501;501002;-;1;5;2;2;3;11;3;28000;1
2023;4;11;501;501002;-;1;5;2;2;3;11;4;900;2
2023;4;11;501;501002;-;1;5;2;2;3;11;5;5000;1
2023;4;11;501;501002;-;2;5;2;2;3;11;1;655847;1
2023;4;11;501;501002;-;2;5;2;2;3;11;2;31680;1
2023;4;11;501;501002;-;2;5;2;2;3;11;4;1920;2
2023;4;11;501;501002;-;2;5;2;2;3;11;5;22960;2
2023;4;11;501;501002;-;2;5;3;2;3;11;2;887992;1
2023;4;11;501;501002;-;2;5;3;2;3;11;4;500;1
2023;4;11;501;501002;-;2;5;3;2;3;11;5;5000;1
2023;4;11;501;501002;-;2;8;6;2;3;11;2;550358;1
2023;4;11;501;501002;-;2;8;6;2;3;11;3;2698500;1
2023;4;11;501;501002;-;2;8;6;2;3;11;4;2550;1
2023;4;11;501;501002;-;2;8;6;2;3;11;5;30000;1
2023;4;11;501;501002;-;2;11;4;2;3;11;2;717342;1
2023;4;11;501;501002;-;2;11;4;2;3;11;4;1000;1
2023;4;11;501;501002;-;2;11;4;2;3;11;5;21650;1
2023;4;11;501;501002;-;2;11;5;2;3;11;2;1024464;1
2023;4;11;501;501002;-;2;11;5;2;3;11;4;2500;1
2023;4;11;501;501002;-;2;11;5;2;3;11;5;48000;1
2023;4;11;501;501002;-;2;12;4;2;3;11;1;496156;1
2023;4;11;501;501002;-;2;12;4;2;3;11;4;18000;1
2023;4;11;501;501002;-;2;12;4;2;3;11;5;33260;1
2023;4;11;501;501002;-;2;12;5;2;3;11;2;759567;1
2023;4;11;501;501002;-;2;12;5;2;3;11;4;4000;1
2023;4;11;501;501002;-;2;12;5;2;3;11;5;35000;1
2023;4;11;501;501002;-;3;12;5;2;3;11;1;785071;1
2023;4;11;501;501002;-;3;12;5;2;3;11;4;980;1
2023;4;11;501;501002;-;3;12;5;2;3;11;5;20500;1
2023;4;12;502;502003;-;2;11;2;2;3;11;2;287620;1
2023;4;12;502;502004;-;2;2;7;2;3;11;2;4952045;1
2023;4;12;502;502004;-;2;2;7;2;3;11;4;2000;1
2023;4;12;502;502004;-;2;2;7;2;3;11;5;100000;1
2023;4;12;502;502004;-;2;5;2;1;1;11;2;237453;1
2023;4;12;502;502004;-;2;5;2;1;1;11;5;5000;1
2023;4;12;502;502004;-;2;5;2;2;3;11;1;310000;1
2023;4;12;502;502004;-;2;5;2;2;3;11;2;825328;3
2023;4;12;502;502004;-;2;5;2;2;3;11;4;2270;4
2023;4;12;502;502004;-;2;5;2;2;3;11;5;25200;4
2023;4;12;502;502004;-;2;5;3;2;3;11;2;1353447;3
2023;4;12;502;502004;-;2;5;3;2;3;11;4;3770;3
2023;4;12;502;502004;-;2;5;3;2;3;11;5;57400;3
2023;4;12;502;502004;-;2;5;4;2;3;11;2;2725410;5
2023;4;12;502;502004;-;2;5;4;2;3;11;4;6480;5
2023;4;12;502;502004;-;2;5;4;2;3;11;5;116350;5
2023;4;12;502;502004;-;2;5;5;2;3;11;2;3070595;2
2023;4;12;502;502004;-;2;5;5;2;3;11;4;3000;2
2023;4;12;502;502004;-;2;5;5;2;3;11;5;39000;2
2023;4;12;502;502004;-;2;8;4;2;3;11;2;1433394;1
2023;4;12;502;502004;-;2;8;4;2;3;11;4;800;1
2023;4;12;502;502004;-;2;8;4;2;3;11;5;65000;1
2023;4;12;502;502004;-;2;11;3;2;3;11;2;2697440;6
2023;4;12;502;502004;-;2;11;3;2;3;11;3;199620;1
2023;4;12;502;502004;-;2;11;3;2;3;11;4;9520;6
2023;4;12;502;502004;-;2;11;3;2;3;11;5;70700;5
2023;4;12;502;502004;-;2;11;4;2;3;11;2;989456;3
2023;4;12;502;502004;-;2;11;4;2;3;11;4;5670;3
2023;4;12;502;502004;-;2;11;4;2;3;11;5;52100;3
2023;4;12;502;502004;-;3;11;5;2;3;11;2;48763;1
2023;4;12;502;502004;-;3;11;5;2;3;11;4;160;1
2023;4;12;502;502004;-;3;11;5;2;3;11;5;3000;1
2023;4;12;502;502006;-;2;2;6;2;3;11;2;1711958;1
2023;4;12;502;502006;-;2;2;6;2;3;11;4;7800;1
2023;4;12;502;502006;-;2;2;6;2;3;11;5;108000;1
2023;4;12;502;502006;-;2;11;3;2;3;11;2;1015300;1
2023;4;12;502;502006;-;2;11;4;2;3;11;2;1037714;2
2023;4;12;502;502006;-;2;11;4;2;3;11;4;3400;2
2023;4;12;502;502006;-;2;11;4;2;3;11;5;49000;2
2023;4;12;502;502006;-;2;11;5;2;3;11;2;95128;1
2023;4;12;502;502006;-;2;11;5;2;3;11;4;750;1
2023;4;12;502;502006;-;2;11;5;2;3;11;5;12000;1
2023;4;12;503;503001;-;2;5;3;2;3;11;2;882570;2
2023;4;12;503;503001;-;2;5;3;2;3;11;4;1000;1
2023;4;12;503;503001;-;2;5;3;2;3;11;5;26640;2
2023;4;12;503;503001;-;2;11;2;2;3;11;2;703333;1
2023;4;12;503;503001;-;2;11;2;2;3;11;4;700;1
2023;4;12;503;503001;-;2;11;2;2;3;11;5;20000;1
2023;4;12;503;503001;-;2;11;4;2;3;11;2;375744;1
2023;4;12;503;503001;-;2;11;4;2;3;11;4;1800;1
2023;4;12;503;503001;-;2;11;4;2;3;11;5;22500;1
2023;4;12;503;503001;-;3;12;6;2;3;11;2;1354700;1
2023;4;12;503;503001;-;3;12;6;2;3;11;4;750;1
2023;4;12;503;503001;-;3;12;6;2;3;11;5;17000;1
2023;4;12;503;503002;-;1;5;3;2;3;11;2;44700;1
2023;4;12;503;503002;-;2;5;2;2;3;11;3;90000;1
2023;4;12;503;503002;-;2;5;2;2;3;11;4;1400;1
2023;4;12;503;503002;-;2;5;3;2;3;11;2;320340;2
2023;4;12;503;503002;-;2;5;3;2;3;11;4;1800;2
2023;4;12;503;503002;-;2;5;3;2;3;11;5;12000;2
2023;4;12;503;503002;-;2;5;4;2;3;11;2;1407390;2
2023;4;12;503;503002;-;2;5;4;2;3;11;4;9400;2
2023;4;12;503;503002;-;2;5;4;2;3;11;5;47940;2
2023;4;12;503;503002;-;2;5;5;2;3;11;1;899217;1
2023;4;12;503;503002;-;2;5;5;2;3;11;4;1810;1
2023;4;12;503;503002;-;2;5;5;2;3;11;5;31750;1
2023;4;12;503;503002;-;2;8;2;1;1;11;2;858276;1
2023;4;12;503;503002;-;2;8;6;2;3;11;2;1400000;1
2023;4;12;503;503002;-;2;8;6;2;3;11;4;950;1
2023;4;12;503;503002;-;2;8;6;2;3;11;5;2100;1
2023;4;12;503;503002;-;2;11;3;2;3;11;2;1079606;2
2023;4;12;503;503002;-;2;11;3;2;3;11;4;2700;2
2023;4;12;503;503002;-;2;11;3;2;3;11;5;46000;2
2023;4;12;503;503002;-;2;11;4;2;3;11;2;410046;1
2023;4;12;503;503002;-;2;11;4;2;3;11;4;420;1
2023;4;12;503;503002;-;2;11;4;2;3;11;5;40340;1
2023;4;12;503;503002;-;2;11;5;2;3;11;2;612000;1
2023;4;12;503;503002;-;2;12;5;2;3;11;2;4060053;2
2023;4;12;503;503002;-;2;12;5;2;3;11;4;8750;2
2023;4;12;503;503002;-;2;12;5;2;3;11;5;106340;2
2023;4;13;0;0;-;63;5;1;1;1;11;3;79000;1
2023;4;13;0;0;-;63;5;1;1;1;11;4;200;1
2023;4;13;0;0;-;63;5;1;1;1;11;5;450;1
2023;4;13;502;502006;-;2;5;3;2;3;11;2;1806918;3
2023;4;13;502;502006;-;2;5;3;2;3;11;4;1825;3
2023;4;13;502;502006;-;2;5;3;2;3;11;5;54500;3
2023;4;13;502;502006;-;2;5;4;2;3;11;2;380342;1
2023;4;13;502;502006;-;2;5;4;2;3;11;4;1080;1
2023;4;13;502;502006;-;2;5;4;2;3;11;5;14400;1
2023;4;13;502;502006;-;2;5;5;2;3;11;2;1810994;3
2023;4;13;502;502006;-;2;5;5;2;3;11;4;2230;3
2023;4;13;502;502006;-;2;5;5;2;3;11;5;43912;2
2023;4;13;502;502006;-;2;11;2;2;3;11;2;96000;1
2023;4;13;502;502006;-;2;11;2;2;3;11;4;400;1
2023;4;13;502;502006;-;2;11;2;2;3;11;5;1300;1
2023;4;13;502;502006;-;2;11;4;2;3;11;2;175739;1
2023;4;13;502;502006;-;2;11;4;2;3;11;4;2190;1
2023;4;13;502;502006;-;2;11;4;2;3;11;5;13420;1
2023;4;13;502;502006;-;2;11;5;2;3;11;2;1637496;1
2023;4;13;502;502006;-;2;11;6;2;3;11;2;4133742;1
2023;4;13;503;503003;-;1;5;6;2;3;11;2;236452;1
2023;4;13;503;503003;-;1;5;6;2;3;11;4;150;1
2023;4;13;503;503003;-;1;5;6;2;3;11;5;4500;1
2023;4;13;503;503003;-;2;5;2;2;3;11;2;339403;1
2023;4;13;503;503003;-;2;5;2;2;3;11;4;1095;1
2023;4;13;503;503003;-;2;5;2;2;3;11;5;12600;1
2023;4;13;503;503003;-;2;5;3;2;3;11;1;361075;2
2023;4;13;503;503003;-;2;5;3;2;3;11;2;3060980;6
2023;4;13;503;503003;-;2;5;3;2;3;11;3;47000;1
2023;4;13;503;503003;-;2;5;3;2;3;11;4;18775;8
2023;4;13;503;503003;-;2;5;3;2;3;11;5;94550;7
2023;4;13;503;503003;-;2;5;4;2;3;11;2;1838784;3
2023;4;13;503;503003;-;2;5;4;2;3;11;3;109500;1
2023;4;13;503;503003;-;2;5;4;2;3;11;4;2078;3
2023;4;13;503;503003;-;2;5;4;2;3;11;5;33120;2
2023;4;13;503;503003;-;2;8;4;2;3;11;2;1850000;1
2023;4;13;503;503003;-;2;8;4;2;3;11;4;1000;1
2023;4;13;503;503003;-;2;8;4;2;3;11;5;23000;1
2023;4;13;503;503003;-;2;8;5;2;3;11;2;7172478;3
2023;4;13;503;503003;-;2;8;5;2;3;11;4;5190;3
2023;4;13;503;503003;-;2;8;5;2;3;11;5;241121;3
2023;4;13;503;503003;-;2;8;7;2;3;11;2;3554894;1
2023;4;13;503;503003;-;2;8;7;2;3;11;4;3650;1
2023;4;13;503;503003;-;2;8;7;2;3;11;5;65000;1
2023;4;13;503;503003;-;2;11;2;2;3;11;3;310250;1
2023;4;13;503;503003;-;2;11;2;2;3;11;4;365;1
2023;4;13;503;503003;-;2;11;2;2;3;11;5;10950;1
2023;4;13;503;503003;-;2;11;3;2;3;11;2;533169;1
2023;4;13;503;503003;-;2;11;3;2;3;11;4;400;1
2023;4;13;503;503003;-;2;11;3;2;3;11;5;10000;1
2023;4;13;503;503003;-;2;11;4;2;3;11;2;422000;1
2023;4;13;503;503003;-;2;11;4;2;3;11;4;2200;1
2023;4;13;503;503003;-;2;11;4;2;3;11;5;7450;1
2023;4;13;503;503003;-;2;11;6;2;3;11;2;360949;1
2023;4;13;503;503003;-;2;11;6;2;3;11;4;300;1
2023;4;13;503;503003;-;2;11;6;2;3;11;5;7000;1
2023;4;13;503;503003;-;2;11;7;2;3;11;2;3216226;1
2023;4;13;503;503003;-;2;11;7;2;3;11;4;5840;1
2023;4;13;503;503003;-;2;11;7;2;3;11;5;146000;1
2023;4;13;503;503003;-;2;12;5;2;3;11;2;1914448;1
2023;4;13;503;503003;-;2;12;5;2;3;11;4;3660;1
2023;4;13;503;503003;-;2;12;5;2;3;11;5;47150;1
2023;4;13;503;503003;-;64;11;2;4;4;11;2;15000;1
2023;4;13;503;503003;-;64;11;2;4;4;11;3;160000;1
2023;4;13;503;503003;-;64;11;2;4;4;11;4;1000;1
2023;4;13;503;503003;-;64;11;2;4;4;11;5;1000;1
2023;4;13;503;503004;-;2;8;4;2;3;11;2;300000;1
2023;4;13;503;503004;-;2;8;4;2;3;11;4;2000;1
2023;4;13;503;503004;-;2;8;4;2;3;11;5;5000;1
2023;4;13;503;503007;-;1;11;4;2;3;11;3;14123;1
2023;4;13;503;503007;-;1;11;4;2;3;11;4;302;1
2023;4;13;503;503007;-;2;5;2;2;3;11;1;295800;1
2023;4;13;503;503007;-;2;5;2;2;3;11;3;36500;1
2023;4;13;503;503007;-;2;5;2;2;3;11;4;2450;2
2023;4;13;503;503007;-;2;5;2;2;3;11;5;30000;2
2023;4;13;503;503007;-;2;5;3;2;3;11;3;219224;1
2023;4;13;503;503007;-;2;5;3;2;3;11;4;1500;1
2023;4;13;503;503007;-;2;5;3;2;3;11;5;7000;1
2023;4;13;503;503007;-;2;5;4;2;3;11;2;1000000;2
2023;4;13;503;503007;-;2;5;4;2;3;11;3;255550;1
2023;4;13;503;503007;-;2;5;4;2;3;11;4;6120;3
2023;4;13;503;503007;-;2;5;4;2;3;11;5;17004;2
2023;4;13;503;503007;-;2;5;5;2;3;11;2;250105;1
2023;4;13;503;503007;-;2;5;5;2;3;11;4;1740;1
2023;4;13;503;503007;-;2;5;5;2;3;11;5;22100;1
2023;4;13;503;503007;-;2;9;7;2;3;11;2;4266983;1
2023;4;13;503;503007;-;2;9;7;2;3;11;4;5475;1
2023;4;13;503;503007;-;2;9;7;2;3;11;5;191280;1
2023;4;13;503;503007;-;2;11;3;2;3;11;2;203714;2
2023;4;13;503;503007;-;2;11;3;2;3;11;3;105850;1
2023;4;13;503;503007;-;2;11;3;2;3;11;4;2300;3
2023;4;13;503;503007;-;2;11;3;2;3;11;5;4500;1
2023;4;13;503;503007;-;2;11;4;2;3;11;3;50000;1
2023;4;13;503;503007;-;2;11;4;2;3;11;4;4000;1
2023;4;13;503;503007;-;2;11;4;2;3;11;5;10000;1
2023;4;13;503;503007;-;2;11;5;2;3;11;2;1106071;1
2023;4;13;503;503007;-;2;11;5;2;3;11;4;3700;1
2023;4;13;503;503007;-;2;11;5;2;3;11;5;100000;1
2023;4;14;502;502006;-;2;5;2;2;3;11;2;72000;1
2023;4;14;502;502006;-;2;5;2;2;3;11;4;400;1
2023;4;14;502;502006;-;2;5;2;2;3;11;5;3800;1
2023;4;14;502;502006;-;2;5;3;2;3;11;3;54750;1
2023;4;14;502;502006;-;2;5;3;2;3;11;4;1095;1
2023;4;14;502;502006;-;2;5;3;2;3;11;5;7680;1
2023;4;14;502;502006;-;2;11;5;2;3;11;2;627820;1
2023;4;14;502;502006;-;2;11;5;2;3;11;4;1642;1
2023;4;14;502;502006;-;2;11;5;2;3;11;5;18600;1
2023;4;14;503;503003;-;2;5;5;2;3;11;2;1304337;1
2023;4;14;503;503003;-;2;5;5;2;3;11;4;1825;1
2023;4;14;503;503003;-;2;5;5;2;3;11;5;6000;1
2023;4;14;503;503004;-;1;5;5;2;3;11;2;315401;1
2023;4;14;503;503004;-;1;8;4;2;3;11;1;1583657;1
2023;4;14;503;503004;-;2;5;4;2;3;11;2;2828809;4
2023;4;14;503;503004;-;2;5;4;2;3;11;4;3160;3
2023;4;14;503;503004;-;2;5;4;2;3;11;5;12075;3
2023;4;14;503;503004;-;2;5;5;2;3;11;2;1555904;1
2023;4;14;503;503004;-;2;5;5;2;3;11;4;1300;1
2023;4;14;503;503004;-;2;5;5;2;3;11;5;21000;1
2023;4;14;503;503004;-;2;8;5;2;3;11;2;3036495;1
2023;4;14;503;503004;-;2;8;5;2;3;11;4;4000;1
2023;4;14;503;503004;-;2;8;5;2;3;11;5;75000;1
2023;4;14;503;503004;-;2;8;6;2;3;11;2;2608495;1
2023;4;14;503;503004;-;2;8;6;2;3;11;4;900;1
2023;4;14;503;503004;-;2;8;6;2;3;11;5;2500;1
2023;4;14;503;503004;-;2;11;2;2;3;11;3;167170;1
2023;4;14;503;503004;-;2;11;2;2;3;11;4;1095;1
2023;4;14;503;503004;-;2;11;2;2;3;11;5;14235;1
2023;4;14;503;503004;-;2;11;3;2;3;11;2;634487;1
2023;4;14;503;503004;-;2;11;3;2;3;11;4;400;1
2023;4;14;503;503004;-;2;11;3;2;3;11;5;9000;1
2023;4;14;503;503004;-;2;11;4;2;3;11;2;592078;1
2023;4;14;503;503004;-;3;2;5;2;3;11;2;530006;1
2023;4;14;503;503004;-;3;2;5;2;3;11;4;400;1
2023;4;14;503;503004;-;3;2;5;2;3;11;5;1200;1
2023;4;14;503;503004;-;3;5;4;2;3;11;2;150000;1
2023;4;14;503;503004;-;3;5;4;2;3;11;4;18000;1
2023;4;14;503;503004;-;3;5;4;2;3;11;5;75000;1
2023;4;14;504;504002;-;1;5;4;2;3;11;2;12776;1
2023;4;14;504;504002;-;2;5;2;2;3;11;2;306109;2
2023;4;14;504;504002;-;2;5;2;2;3;11;4;500;1
2023;4;14;504;504002;-;2;5;2;2;3;11;5;2000;1
2023;4;14;504;504002;-;2;5;3;2;3;11;1;528808;1
2023;4;14;504;504002;-;2;5;3;2;3;11;2;865228;4
2023;4;14;504;504002;-;2;5;3;2;3;11;4;4475;4
2023;4;14;504;504002;-;2;5;3;2;3;11;5;75140;5
2023;4;14;504;504002;-;2;5;4;2;3;11;2;4127022;8
2023;4;14;504;504002;-;2;5;4;2;3;11;4;11719;8
2023;4;14;504;504002;-;2;5;4;2;3;11;5;140660;8
2023;4;14;504;504002;-;2;5;5;2;3;11;2;5092703;3
2023;4;14;504;504002;-;2;5;5;2;3;11;4;4100;3
2023;4;14;504;504002;-;2;5;5;2;3;11;5;62800;3
2023;4;14;504;504002;-;2;5;6;2;3;11;2;1742150;1
2023;4;14;504;504002;-;2;5;6;2;3;11;4;1825;1
2023;4;14;504;504002;-;2;5;6;2;3;11;5;21900;1
2023;4;14;504;504002;-;2;8;4;2;3;11;2;980000;1
2023;4;14;504;504002;-;2;8;4;2;3;11;4;1500;1
2023;4;14;504;504002;-;2;8;4;2;3;11;5;13000;1
2023;4;14;504;504002;-;2;8;5;2;3;11;1;2388023;1
2023;4;14;504;504002;-;2;8;5;2;3;11;2;6416234;3
2023;4;14;504;504002;-;2;8;5;2;3;11;4;6777;3
2023;4;14;504;504002;-;2;8;5;2;3;11;5;131000;3
2023;4;14;504;504002;-;2;8;6;2;3;11;2;1674361;1
2023;4;14;504;504002;-;2;8;6;2;3;11;4;1800;1
2023;4;14;504;504002;-;2;8;6;2;3;11;5;32125;1
2023;4;14;504;504002;-;2;9;4;2;3;11;2;630000;1
2023;4;14;504;504002;-;2;9;4;2;3;11;4;1000;1
2023;4;14;504;504002;-;2;9;4;2;3;11;5;11500;1
2023;4;14;504;504002;-;2;9;5;2;3;11;2;460000;1
2023;4;14;504;504002;-;2;9;5;2;3;11;4;2000;1
2023;4;14;504;504002;-;2;9;5;2;3;11;5;12000;1
2023;4;14;504;504002;-;2;11;2;2;3;11;2;288000;1
2023;4;14;504;504002;-;2;11;2;2;3;11;3;205400;1
2023;4;14;504;504002;-;2;11;2;2;3;11;4;1340;2
2023;4;14;504;504002;-;2;11;2;2;3;11;5;5450;2
2023;4;14;504;504002;-;2;11;5;2;3;11;2;1713977;2
2023;4;14;504;504002;-;2;11;5;2;3;11;4;2500;2
2023;4;14;504;504002;-;2;11;5;2;3;11;5;60484;2
2023;4;14;504;504002;-;2;11;6;2;3;11;2;6989753;2
2023;4;14;504;504002;-;2;11;6;2;3;11;4;3025;1
2023;4;14;504;504002;-;2;11;6;2;3;11;5;21410;1
2023;4;14;504;504002;-;2;11;7;2;3;11;2;9370251;1
2023;4;14;504;504002;-;2;12;2;1;1;11;2;353232;1
2023;4;14;504;504002;-;2;12;2;1;1;11;4;730;1
2023;4;14;504;504002;-;2;12;2;1;1;11;5;2700;1
2023;4;14;504;504002;-;2;12;5;2;3;11;2;1299946;1
2023;4;14;504;504002;-;2;12;5;2;3;11;4;1825;1
2023;4;14;504;504002;-;2;12;5;2;3;11;5;21600;1
2023;4;14;504;504004;-;2;5;3;2;3;11;2;275000;1
2023;4;14;504;504004;-;2;5;3;2;3;11;4;4200;1
2023;4;14;504;504004;-;2;5;3;2;3;11;5;15000;1
2023;4;14;504;504004;-;2;5;4;2;3;11;2;469275;1
2023;4;14;504;504004;-;2;5;4;2;3;11;4;2190;1
2023;4;14;504;504004;-;2;5;4;2;3;11;5;5600;1
2023;4;14;504;504004;-;2;5;5;2;3;11;2;402054;1
2023;4;14;504;504004;-;2;5;5;2;3;11;4;1200;1
2023;4;14;504;504004;-;2;5;5;2;3;11;5;36000;1
2023;4;14;504;504004;-;2;11;2;2;3;11;2;57793;1
2023;4;14;504;504004;-;2;11;2;2;3;11;4;270;1
2023;4;14;504;504005;-;2;2;4;2;3;11;2;556949;1
2023;4;14;504;504005;-;2;2;4;2;3;11;4;730;1
2023;4;14;504;504005;-;2;2;4;2;3;11;5;13350;1
2023;4;14;504;504005;-;2;5;2;2;3;11;1;429971;1
2023;4;14;504;504005;-;2;5;2;2;3;11;4;1450;1
2023;4;14;504;504005;-;2;5;2;2;3;11;5;2500;1
2023;4;14;504;504005;-;2;5;3;2;3;11;2;2202594;5
2023;4;14;504;504005;-;2;5;3;2;3;11;4;2590;3
2023;4;14;504;504005;-;2;5;3;2;3;11;5;45125;2
2023;4;14;504;504005;-;2;5;4;2;3;11;2;248500;1
2023;4;14;504;504005;-;2;5;4;2;3;11;4;140;1
2023;4;14;504;504005;-;2;5;4;2;3;11;5;10500;1
2023;4;14;504;504005;-;2;5;5;2;3;11;1;1618443;1
2023;4;14;504;504005;-;2;5;5;2;3;11;2;2390063;2
2023;4;14;504;504005;-;2;5;5;2;3;11;4;1800;1
2023;4;14;504;504005;-;2;5;5;2;3;11;5;9600;1
2023;4;14;504;504005;-;2;8;4;2;3;11;2;1564000;2
2023;4;14;504;504005;-;2;8;4;2;3;11;4;3500;2
2023;4;14;504;504005;-;2;8;4;2;3;11;5;5000;1
2023;4;14;504;504005;-;2;8;5;2;3;11;2;889028;1
2023;4;14;504;504005;-;2;8;5;2;3;11;4;3000;1
2023;4;14;504;504005;-;2;8;5;2;3;11;5;49000;1
2023;4;14;504;504005;-;2;11;4;2;3;11;2;300548;1
2023;4;14;504;504005;-;2;11;4;2;3;11;4;1100;1
2023;4;14;504;504005;-;2;11;4;2;3;11;5;2500;1
2023;4;14;504;504005;-;2;11;5;2;3;11;3;110000;1
2023;4;14;504;504005;-;2;11;5;2;3;11;4;1825;1
2023;4;14;504;504005;-;2;11;5;2;3;11;5;5000;1
2023;4;14;504;504005;-;2;12;4;2;3;11;2;288500;1
2023;4;14;504;504005;-;2;12;4;2;3;11;5;1000;1
2023;4;14;504;504005;-;2;12;5;2;3;11;2;3318788;1
2023;4;14;504;504005;-;2;12;5;2;3;11;4;4380;1
2023;4;14;504;504005;-;2;12;5;2;3;11;5;31950;1
2023;4;14;506;506001;-;1;5;5;2;3;11;3;135000;1
2023;4;14;506;506001;-;1;5;5;2;3;11;4;5000;1
2023;4;14;506;506001;-;1;5;5;2;3;11;5;70000;1
2023;4;14;506;506001;-;2;5;2;2;3;11;3;36500;1
2023;4;14;506;506001;-;2;5;2;2;3;11;4;1460;1
2023;4;14;506;506001;-;2;5;3;2;3;11;2;973851;2
2023;4;14;506;506001;-;2;5;3;2;3;11;4;1095;1
2023;4;14;506;506001;-;2;5;4;2;3;11;3;248000;1
2023;4;14;506;506001;-;2;5;4;2;3;11;4;1420;1
2023;4;14;506;506001;-;2;5;4;2;3;11;5;9348;1
2023;4;14;506;506001;-;2;5;5;2;3;11;2;2404297;2
2023;4;14;506;506001;-;2;5;5;2;3;11;4;3190;2
2023;4;14;506;506001;-;2;5;5;2;3;11;5;52500;2
2023;4;14;506;506001;-;2;5;6;2;3;11;2;4667476;1
2023;4;14;506;506001;-;2;5;6;2;3;11;4;1095;1
2023;4;14;506;506001;-;2;5;6;2;3;11;5;56880;1
2023;4;14;506;506001;-;2;11;4;2;3;11;2;1833519;3
2023;4;14;506;506001;-;2;11;4;2;3;11;4;5195;3
2023;4;14;506;506001;-;2;11;4;2;3;11;5;44800;3
2023;4;14;506;506001;-;16;11;4;2;3;11;2;1357571;1
2023;4;15;504;504001;-;2;5;3;2;3;11;2;461634;1
2023;4;15;504;504001;-;2;5;3;2;3;11;4;890;1
2023;4;15;504;504001;-;2;5;3;2;3;11;5;14200;1
2023;4;15;504;504002;-;2;5;2;2;3;11;2;159375;1
2023;4;15;504;504002;-;2;5;2;2;3;11;4;825;1
2023;4;15;504;504002;-;2;5;5;2;3;11;1;3141852;1
2023;4;15;504;504002;-;2;5;5;2;3;11;2;7327529;4
2023;4;15;504;504002;-;2;5;5;2;3;11;4;17765;5
2023;4;15;504;504002;-;2;5;5;2;3;11;5;479800;5
2023;4;15;504;504002;-;2;12;4;2;3;11;1;673393;1
2023;4;15;504;504002;-;2;12;4;2;3;11;2;817653;1
2023;4;15;504;504002;-;2;12;4;2;3;11;4;2740;2
2023;4;15;504;504002;-;2;12;4;2;3;11;5;43404;2
2023;4;15;504;504002;-;3;5;4;2;3;11;2;72220;1
2023;4;15;504;504003;-;2;1;7;2;3;11;2;1947034;1
2023;4;15;504;504003;-;2;1;7;2;3;11;4;3000;1
2023;4;15;504;504003;-;2;1;7;2;3;11;5;2000;1
2023;4;15;504;504003;-;2;5;3;2;3;11;2;707128;1
2023;4;15;504;504003;-;2;5;3;2;3;11;4;1095;1
2023;4;15;504;504003;-;2;5;3;2;3;11;5;6120;1
2023;4;15;504;504003;-;2;5;4;2;3;11;2;146000;1
2023;4;15;504;504003;-;2;5;4;2;3;11;4;6000;1
2023;4;15;504;504003;-;2;5;4;2;3;11;5;12000;1
2023;4;15;504;504003;-;2;5;6;2;3;11;2;3756729;2
2023;4;15;504;504003;-;2;5;6;2;3;11;4;5110;2
2023;4;15;504;504003;-;2;5;6;2;3;11;5;103525;2
2023;4;15;504;504003;-;2;11;3;2;3;11;1;67300;1
2023;4;15;504;504003;-;2;11;3;2;3;11;4;2500;1
2023;4;15;504;504004;-;2;5;3;2;3;11;2;446755;1
2023;4;15;504;504004;-;2;5;3;2;3;11;4;1095;1
2023;4;15;504;504004;-;2;5;3;2;3;11;5;1500;1
2023;4;15;504;504004;-;2;5;4;2;3;11;2;4037332;8
2023;4;15;504;504004;-;2;5;4;2;3;11;4;27440;6
2023;4;15;504;504004;-;2;5;4;2;3;11;5;185680;6
2023;4;15;504;504004;-;2;5;5;2;3;11;1;398576;1
2023;4;15;504;504004;-;2;5;5;2;3;11;2;1621677;4
2023;4;15;504;504004;-;2;5;5;2;3;11;4;6500;4
2023;4;15;504;504004;-;2;5;5;2;3;11;5;76000;4
2023;4;15;504;504004;-;2;8;4;2;3;11;2;1453797;2
2023;4;15;504;504004;-;2;8;4;2;3;11;4;2360;2
2023;4;15;504;504004;-;2;8;4;2;3;11;5;46880;2
2023;4;15;504;504004;-;2;11;3;2;3;11;2;564216;1
2023;4;15;504;504004;-;2;11;3;2;3;11;4;8500;1
2023;4;15;504;504004;-;2;11;3;2;3;11;5;95000;1
2023;4;15;504;504004;-;2;11;4;2;3;11;2;745483;1
2023;4;15;504;504004;-;2;11;4;2;3;11;4;1095;1
2023;4;15;504;504004;-;2;11;4;2;3;11;5;18250;1
2023;4;15;504;504004;-;2;11;5;2;3;11;2;1267033;1
2023;4;15;504;504004;-;2;11;5;2;3;11;4;1460;1
2023;4;15;504;504004;-;2;11;5;2;3;11;5;45625;1
2023;4;15;504;504004;-;2;12;3;2;3;11;2;498844;1
2023;4;15;504;504004;-;2;12;3;2;3;11;4;2000;1
2023;4;15;504;504004;-;2;12;3;2;3;11;5;15000;1
2023;4;15;504;504005;-;2;5;3;2;3;11;2;317119;1
2023;4;15;504;504005;-;2;5;3;2;3;11;4;2190;1
2023;4;15;504;504005;-;2;5;3;2;3;11;5;12000;1
2023;4;15;504;504005;-;2;5;4;2;3;11;2;1242339;4
2023;4;15;504;504005;-;2;5;4;2;3;11;4;1560;4
2023;4;15;504;504005;-;2;5;4;2;3;11;5;33200;3
2023;4;15;504;504005;-;2;5;5;2;3;11;2;419700;1
2023;4;15;504;504005;-;2;5;5;2;3;11;4;4745;1
2023;4;15;504;504005;-;2;5;5;2;3;11;5;32550;1
2023;4;15;504;504005;-;2;5;6;2;3;11;2;4114995;1
2023;4;15;504;504005;-;2;5;6;2;3;11;4;1095;1
2023;4;15;504;504005;-;2;5;6;2;3;11;5;114090;1
2023;4;15;504;504005;-;2;11;3;2;3;11;2;114274;1
2023;4;15;504;504005;-;2;11;3;2;3;11;4;1095;1
2023;4;15;504;504005;-;2;11;3;2;3;11;5;3650;1
2023;4;15;504;504005;-;2;11;4;2;3;11;2;3453960;2
2023;4;15;504;504005;-;2;11;4;2;3;11;4;8970;2
2023;4;15;504;504005;-;2;11;4;2;3;11;5;48847;2
2023;4;15;504;504005;-;2;11;5;2;3;11;2;1041542;1
2023;4;15;504;504005;-;3;5;4;2;3;11;2;2289;1
2023;4;15;504;504005;-;3;5;4;2;3;11;4;80;1
2023;4;15;504;504005;-;3;5;4;2;3;11;5;220;1
2023;4;15;504;504007;-;2;5;2;2;3;11;2;796901;2
2023;4;15;504;504007;-;2;5;2;2;3;11;5;9000;2
2023;4;15;504;504007;-;2;5;5;2;3;11;2;1685689;2
2023;4;15;504;504007;-;2;5;5;2;3;11;4;2890;2
2023;4;15;504;504007;-;2;5;5;2;3;11;5;56000;2
2023;4;15;504;504007;-;2;5;6;2;3;11;2;5135405;2
2023;4;15;504;504007;-;2;5;6;2;3;11;4;5990;2
2023;4;15;504;504007;-;2;5;6;2;3;11;5;171160;2
2023;4;15;504;504007;-;2;8;2;2;3;11;2;238578;1
2023;4;15;504;504007;-;2;8;2;2;3;11;4;1500;1
2023;4;15;504;504007;-;2;8;2;2;3;11;5;8000;1
2023;4;15;504;504007;-;2;8;6;2;3;11;2;2006939;1
2023;4;15;504;504007;-;2;8;6;2;3;11;4;1800;1
2023;4;15;504;504007;-;2;8;6;2;3;11;5;86400;1
2023;4;15;504;504007;-;2;11;4;2;3;11;2;91254;1
2023;4;15;504;504007;-;2;11;4;2;3;11;4;2200;1
2023;4;15;504;504007;-;2;11;4;2;3;11;5;16500;1
2023;4;15;504;504007;-;2;12;4;2;3;11;2;515779;2
2023;4;15;504;504007;-;2;12;4;2;3;11;4;1460;2
2023;4;15;504;504007;-;2;12;4;2;3;11;5;27800;2
2023;4;15;504;504007;-;40;11;2;4;9;4;4;300;1
2023;4;15;504;504007;-;40;11;2;4;9;4;5;600;1
2023;4;16;501;501002;-;2;13;2;2;3;11;3;270500;1
2023;4;16;501;501002;-;2;13;2;2;3;11;4;1800;1
2023;4;16;501;501002;-;2;13;2;2;3;11;5;2500;1
2023;4;16;504;504006;-;1;5;2;2;3;11;3;155000;1
2023;4;16;504;504006;-;1;5;2;2;3;11;4;1200;1
2023;4;16;504;504006;-;1;5;2;2;3;11;5;5200;1
2023;4;16;504;504006;-;2;5;2;2;3;11;2;120000;1
2023;4;16;504;504006;-;2;5;3;2;3;11;2;187100;1
2023;4;16;504;504006;-;2;5;3;2;3;11;3;255000;1
2023;4;16;504;504006;-;2;5;3;2;3;11;4;8500;2
2023;4;16;504;504006;-;2;5;3;2;3;11;5;12500;2
2023;4;16;504;504006;-;2;5;4;2;3;11;2;2596997;5
2023;4;16;504;504006;-;2;5;4;2;3;11;3;389000;1
2023;4;16;504;504006;-;2;5;4;2;3;11;4;6115;6
2023;4;16;504;504006;-;2;5;4;2;3;11;5;67000;6
2023;4;16;504;504006;-;2;8;5;2;3;11;2;3202417;1
2023;4;16;504;504006;-;2;8;5;2;3;11;4;9000;1
2023;4;16;504;504006;-;2;8;5;2;3;11;5;180879;1
2023;4;16;504;504006;-;2;11;2;2;3;11;2;50000;1
2023;4;16;504;504006;-;2;11;2;2;3;11;5;10000;1
2023;4;16;504;504006;-;2;11;4;2;3;11;2;2105156;4
2023;4;16;504;504006;-;2;11;4;2;3;11;4;3980;4
2023;4;16;504;504006;-;2;11;4;2;3;11;5;45750;4
2023;4;16;504;504006;-;2;12;3;2;3;11;3;126510;1
2023;4;16;504;504006;-;2;12;3;2;3;11;4;1950;1
2023;4;16;504;504006;-;2;12;3;2;3;11;5;5260;1
2023;4;16;504;504006;-;2;12;5;2;3;11;2;1753135;1
2023;4;16;504;504006;-;2;12;5;2;3;11;4;1500;1
2023;4;16;504;504006;-;2;12;5;2;3;11;5;20000;1
2023;4;16;506;506001;-;1;5;3;2;3;11;3;36281;1
2023;4;16;506;506001;-;1;5;3;2;3;11;4;653;1
2023;4;16;506;506001;-;1;5;3;2;3;11;5;1563;1
2023;4;16;506;506001;-;2;5;4;2;3;4;4;1050;1
2023;4;16;506;506001;-;2;5;4;2;3;4;5;11500;1
2023;4;16;506;506001;-;2;5;4;2;3;4;10;262000;1
2023;4;16;506;506001;-;2;5;4;2;3;11;2;260000;1
2023;4;16;506;506001;-;2;5;4;2;3;11;4;1000;1
2023;4;16;506;506001;-;2;5;4;2;3;11;5;12500;1
2023;4;16;506;506001;-;2;11;5;2;3;11;2;530000;1
2023;4;16;506;506001;-;2;11;5;2;3;11;4;7000;1
2023;4;16;506;506001;-;2;11;5;2;3;11;5;50000;1
2023;4;16;506;506002;-;2;2;5;2;3;11;1;769535;1
2023;4;16;506;506002;-;2;2;5;2;3;11;2;3299689;1
2023;4;16;506;506002;-;2;2;5;2;3;11;4;4100;2
2023;4;16;506;506002;-;2;2;5;2;3;11;5;153160;2
2023;4;16;506;506002;-;2;5;2;2;3;11;2;70000;1
2023;4;16;506;506002;-;2;5;2;2;3;11;4;1000;1
2023;4;16;506;506002;-;2;5;2;2;3;11;5;2000;1
2023;4;16;506;506002;-;2;5;3;2;3;11;2;29179;1
2023;4;16;506;506002;-;2;5;3;2;3;11;4;2800;1
2023;4;16;506;506002;-;2;5;3;2;3;11;5;43800;1
2023;4;16;506;506002;-;2;5;4;2;3;11;1;943028;1
2023;4;16;506;506002;-;2;5;4;2;3;11;2;546687;1
2023;4;16;506;506002;-;2;5;4;2;3;11;4;2660;2
2023;4;16;506;506002;-;2;5;4;2;3;11;5;39885;2
2023;4;16;506;506002;-;2;5;5;2;3;11;2;803000;1
2023;4;16;506;506002;-;2;5;5;2;3;11;4;1150;1
2023;4;16;506;506002;-;2;5;5;2;3;11;5;22000;1
2023;4;16;506;506002;-;2;11;2;2;3;11;2;375023;1
2023;4;16;506;506002;-;2;11;2;2;3;11;4;2100;1
2023;4;16;506;506002;-;2;11;2;2;3;11;5;2000;1
2023;4;16;506;506002;-;2;11;3;2;3;11;2;100884;1
2023;4;16;506;506002;-;2;11;3;2;3;11;4;730;1
2023;4;16;506;506002;-;2;11;3;2;3;11;5;1460;1
2023;4;16;506;506002;-;2;11;4;2;3;11;2;1809600;1
2023;4;16;506;506002;-;2;11;4;2;3;11;4;1095;1
2023;4;16;506;506002;-;2;11;4;2;3;11;5;62050;1
2023;4;16;506;506002;-;2;11;5;2;3;11;2;3438345;2
2023;4;16;506;506002;-;2;11;5;2;3;11;3;310250;1
2023;4;16;506;506002;-;2;11;5;2;3;11;4;4365;3
2023;4;16;506;506002;-;2;11;5;2;3;11;5;183070;3
2023;4;16;506;506007;-;2;5;3;2;3;11;2;250655;1
2023;4;16;506;506007;-;2;5;3;2;3;11;4;1100;1
2023;4;16;506;506007;-;2;5;4;2;3;11;1;475000;1
2023;4;16;506;506007;-;2;5;4;2;3;11;4;1200;1
2023;4;16;506;506007;-;2;5;4;2;3;11;5;3000;1
2023;4;16;506;506007;-;2;8;2;2;3;11;2;2006153;1
2023;4;16;506;506007;-;2;11;2;2;3;11;2;194600;1
2023;4;16;506;506007;-;2;11;2;2;3;11;3;137800;2
2023;4;16;506;506007;-;2;11;2;2;3;11;4;2700;3
2023;4;16;506;506007;-;2;11;2;2;3;11;5;23000;3
2023;4;16;506;506007;-;2;11;3;2;3;11;1;414070;1
2023;4;16;506;506007;-;2;11;3;2;3;11;4;1400;1
2023;4;16;506;506007;-;2;11;3;2;3;11;5;10000;1
2023;4;16;506;506007;-;2;11;4;2;3;11;2;311548;1
2023;4;16;506;506007;-;2;11;4;2;3;11;3;440000;2
2023;4;16;506;506007;-;2;11;4;2;3;11;4;6650;2
2023;4;16;506;506007;-;2;11;4;2;3;11;5;51000;2
2023;4;16;506;506008;-;1;5;2;2;3;11;3;135000;1
2023;4;16;506;506008;-;1;5;2;2;3;11;4;800;1
2023;4;16;506;506008;-;2;5;2;2;3;11;2;411021;2
2023;4;16;506;506008;-;2;5;2;2;3;11;4;2000;1
2023;4;16;506;506008;-;2;5;2;2;3;11;5;22800;1
2023;4;16;506;506008;-;2;5;3;2;3;11;2;1680855;2
2023;4;16;506;506008;-;2;5;3;2;3;11;4;1900;2
2023;4;16;506;506008;-;2;5;3;2;3;11;5;52400;2
2023;4;16;506;506008;-;2;5;4;2;3;11;2;635000;2
2023;4;16;506;506008;-;2;5;4;2;3;11;4;2000;2
2023;4;16;506;506008;-;2;5;4;2;3;11;5;40000;2
2023;4;16;506;506008;-;2;5;5;2;3;11;2;2763809;2
2023;4;16;506;506008;-;2;5;5;2;3;11;4;3520;2
2023;4;16;506;506008;-;2;5;5;2;3;11;5;19850;2
2023;4;16;506;506008;-;2;8;5;2;3;11;2;810752;1
2023;4;16;506;506008;-;2;8;5;2;3;11;4;3000;1
2023;4;16;506;506008;-;2;8;5;2;3;11;5;25000;1
2023;4;16;506;506008;-;2;11;4;2;3;11;2;966877;1
2023;4;16;506;506008;-;2;11;4;2;3;11;4;2555;1
2023;4;16;506;506008;-;2;11;4;2;3;11;5;28800;1
2023;4;16;506;506008;-;2;11;5;2;3;11;1;480212;1
2023;4;16;506;506008;-;2;11;5;2;3;11;2;4249277;1
2023;4;16;506;506008;-;2;11;5;2;3;11;4;9500;2
2023;4;16;506;506008;-;2;11;5;2;3;11;5;87500;2
2023;4;16;506;506008;-;2;12;2;2;3;11;2;320141;1
2023;4;16;506;506008;-;2;14;4;2;3;11;2;904330;1
2023;4;16;506;506008;-;2;14;4;2;3;11;4;1000;1
2023;4;16;506;506008;-;2;14;4;2;3;11;5;30000;1
2023;4;16;506;506008;-;2;14;5;2;3;11;2;2564645;1
2023;4;16;506;506008;-;2;14;5;2;3;11;4;2320;1
2023;4;16;506;506008;-;2;14;5;2;3;11;5;18900;1
2023;4;17;503;503005;-;1;5;4;2;3;11;2;43800;1
2023;4;17;503;503005;-;1;5;4;2;3;11;4;1150;1
2023;4;17;503;503005;-;1;5;4;2;3;11;5;6100;1
2023;4;17;503;503005;-;1;5;5;2;3;11;1;34143;1
2023;4;17;503;503005;-;1;5;5;2;3;11;4;1000;1
2023;4;17;503;503005;-;1;5;5;2;3;11;5;3650;1
2023;4;17;503;503005;-;2;2;7;2;3;11;2;2527270;1
2023;4;17;503;503005;-;2;2;7;2;3;11;4;7300;1
2023;4;17;503;503005;-;2;2;7;2;3;11;5;122000;1
2023;4;17;503;503005;-;2;5;2;2;3;11;3;29200;1
2023;4;17;503;503005;-;2;5;2;2;3;11;4;800;1
2023;4;17;503;503005;-;2;5;2;2;3;11;5;2400;1
2023;4;17;503;503005;-;2;5;3;2;3;11;2;743989;1
2023;4;17;503;503005;-;2;5;3;2;3;11;3;243620;2
2023;4;17;503;503005;-;2;5;3;2;3;11;4;1900;2
2023;4;17;503;503005;-;2;5;3;2;3;11;5;73760;2
2023;4;17;503;503005;-;2;5;4;2;3;11;2;502425;2
2023;4;17;503;503005;-;2;5;4;2;3;11;4;4700;2
2023;4;17;503;503005;-;2;5;4;2;3;11;5;3500;1
2023;4;17;503;503005;-;2;11;2;2;3;11;3;36000;1
2023;4;17;503;503005;-;2;11;2;2;3;11;4;700;1
2023;4;17;503;503005;-;2;11;2;2;3;11;5;1800;1
2023;4;17;503;503005;-;2;11;6;2;3;11;2;2030059;1
2023;4;17;503;503005;-;2;11;6;2;3;11;4;1800;1
2023;4;17;503;503005;-;2;11;6;2;3;11;5;43000;1
2023;4;17;503;503006;-;1;5;2;2;3;11;3;146000;1
2023;4;17;503;503006;-;1;5;2;2;3;11;4;700;1
2023;4;17;503;503006;-;1;5;2;2;3;11;5;2300;1
2023;4;17;503;503006;-;1;5;3;2;3;11;2;79667;1
2023;4;17;503;503006;-;1;11;4;2;3;11;3;364000;1
2023;4;17;503;503006;-;1;11;4;2;3;11;4;1000;1
2023;4;17;503;503006;-;1;11;4;2;3;11;5;3000;1
2023;4;17;503;503006;-;1;11;7;2;3;11;2;567568;1
2023;4;17;503;503006;-;1;14;5;2;3;11;3;81760;1
2023;4;17;503;503006;-;1;14;5;2;3;11;4;1000;1
2023;4;17;503;503006;-;2;5;2;2;3;11;3;36500;1
2023;4;17;503;503006;-;2;5;2;2;3;11;4;360;1
2023;4;17;503;503006;-;2;5;2;2;3;11;5;1080;1
2023;4;17;503;503006;-;2;5;3;2;3;11;3;233600;1
2023;4;17;503;503006;-;2;5;3;2;3;11;4;2200;1
2023;4;17;503;503006;-;2;5;3;2;3;11;5;5700;1
2023;4;17;503;503006;-;2;5;4;2;3;11;1;237250;1
2023;4;17;503;503006;-;2;5;4;2;3;11;2;504824;2
2023;4;17;503;503006;-;2;5;4;2;3;11;3;505300;2
2023;4;17;503;503006;-;2;5;4;2;3;11;4;3565;5
2023;4;17;503;503006;-;2;5;4;2;3;11;5;33100;5
2023;4;17;503;503006;-;2;5;5;2;3;11;2;620225;1
2023;4;17;503;503006;-;2;5;5;2;3;11;4;1100;1
2023;4;17;503;503006;-;2;5;5;2;3;11;5;18000;1
2023;4;17;503;503006;-;2;5;6;2;3;11;1;5038212;1
2023;4;17;503;503006;-;2;5;6;2;3;11;4;1050;1
2023;4;17;503;503006;-;2;11;3;2;3;11;3;178200;1
2023;4;17;503;503006;-;2;11;3;2;3;11;4;1100;1
2023;4;17;503;503006;-;2;11;4;2;3;11;2;805500;2
2023;4;17;503;503006;-;2;11;4;2;3;11;4;1920;2
2023;4;17;503;503006;-;2;11;4;2;3;11;5;54600;2
2023;4;17;503;503006;-;2;11;5;2;3;11;2;2810586;2
2023;4;17;503;503006;-;2;11;5;2;3;11;4;1600;2
2023;4;17;503;503006;-;2;11;5;2;3;11;5;27200;2
2023;4;17;503;503006;-;2;14;6;2;3;11;2;5548234;1
2023;4;17;503;503006;-;2;14;6;2;3;11;4;8734;1
2023;4;17;503;503006;-;2;14;6;2;3;11;5;196049;1
2023;4;17;503;503007;-;2;5;2;2;3;11;3;40150;1
2023;4;17;503;503007;-;2;5;2;2;3;11;4;365;1
2023;4;17;503;503007;-;2;5;2;2;3;11;5;548;1
2023;4;17;503;503007;-;2;11;2;2;3;11;3;72000;1
2023;4;17;503;503007;-;2;11;2;2;3;11;4;400;1
2023;4;17;503;503007;-;2;11;2;2;3;11;5;3600;1
2023;4;17;503;503007;-;2;11;3;2;3;11;3;75000;1
2023;4;17;503;503007;-;2;11;3;2;3;11;4;1000;1
2023;4;17;503;503007;-;2;11;4;2;3;11;2;568028;1
2023;4;17;503;503007;-;2;11;4;2;3;11;4;4000;1
2023;4;17;503;503007;-;2;11;4;2;3;11;5;13000;1
2023;4;17;505;505001;-;1;5;5;2;3;11;2;41000;1
2023;4;17;505;505001;-;1;5;5;2;3;11;4;2500;1
2023;4;17;505;505001;-;1;5;5;2;3;11;5;20000;1
2023;4;17;505;505001;-;1;5;6;2;3;11;2;135000;1
2023;4;17;505;505001;-;1;5;6;2;3;11;3;135000;1
2023;4;17;505;505001;-;1;5;6;2;3;11;4;800;1
2023;4;17;505;505001;-;1;5;6;2;3;11;5;9000;1
2023;4;17;505;505001;-;2;5;5;2;3;11;3;255500;1
2023;4;17;505;505001;-;2;5;5;2;3;11;4;1150;1
2023;4;17;505;505001;-;2;5;5;2;3;11;5;25800;1
2023;4;17;505;505001;-;2;11;2;2;3;11;3;53000;1
2023;4;17;505;505001;-;2;11;2;2;3;11;4;730;1
2023;4;17;505;505001;-;2;11;2;2;3;11;5;840;1
2023;4;17;505;505001;-;2;11;4;2;3;11;2;62585;1
2023;4;17;505;505001;-;2;11;4;2;3;11;4;800;1
2023;4;17;505;505001;-;2;11;4;2;3;11;5;1600;1
2023;4;17;505;505001;-;2;14;4;2;3;11;2;384431;1
2023;4;17;505;505001;-;2;14;4;2;3;11;4;366;1
2023;4;17;505;505004;-;2;5;2;2;3;11;2;117237;1
2023;4;17;505;505004;-;2;5;2;2;3;11;4;3000;1
2023;4;17;505;505004;-;2;5;4;2;3;11;2;290256;1
2023;4;17;505;505004;-;2;5;4;2;3;11;3;328500;1
2023;4;17;505;505004;-;2;5;4;2;3;11;4;2300;2
2023;4;17;505;505004;-;2;5;4;2;3;11;5;15500;2
2023;4;17;505;505004;-;2;5;5;2;3;11;3;730000;1
2023;4;17;505;505004;-;2;5;5;2;3;11;4;1825;1
2023;4;17;505;505004;-;2;5;5;2;3;11;5;36000;1
2023;4;17;505;505004;-;2;11;3;2;3;11;2;173530;1
2023;4;17;505;505004;-;2;11;3;2;3;11;4;547;1
2023;4;17;505;505004;-;2;11;3;2;3;11;5;3650;1
2023;4;17;505;505004;-;2;11;4;2;3;11;2;570382;1
2023;4;17;505;505004;-;2;11;4;2;3;11;3;984000;2
2023;4;17;505;505004;-;2;11;4;2;3;11;4;5250;3
2023;4;17;505;505004;-;2;11;4;2;3;11;5;40000;1
2023;4;17;505;505006;-;2;5;3;2;3;11;2;109681;1
2023;4;17;505;505006;-;2;5;3;2;3;11;4;912;1
2023;4;17;505;505006;-;2;5;3;2;3;11;5;3285;1
2023;4;17;505;505006;-;2;5;5;2;3;11;3;610000;1
2023;4;17;505;505006;-;2;5;5;2;3;11;4;2500;1
2023;4;17;505;505006;-;2;5;5;2;3;11;5;5000;1
2023;4;17;505;505006;-;2;8;2;2;3;11;2;36159;1
2023;4;17;505;505006;-;2;8;2;2;3;11;5;12000;1
2023;4;17;505;505006;-;2;8;5;2;3;11;2;1769299;1
2023;4;17;505;505006;-;2;8;5;2;3;11;4;4000;1
2023;4;17;505;505006;-;2;8;5;2;3;11;5;22500;1
2023;4;17;505;505006;-;2;11;3;2;3;11;3;730000;1
2023;4;17;505;505006;-;2;11;3;2;3;11;4;1400;1
2023;4;17;505;505006;-;2;11;3;2;3;11;5;19000;1
2023;4;17;506;506001;-;1;11;4;2;3;11;1;45680;1
2023;4;17;506;506001;-;1;11;4;2;3;11;4;2600;1
2023;4;17;506;506001;-;1;11;4;2;3;11;5;98650;1
2023;4;17;506;506001;-;2;5;4;2;3;11;2;157000;1
2023;4;17;506;506001;-;2;5;4;2;3;11;4;600;1
2023;4;17;506;506001;-;2;5;4;2;3;11;5;36000;1
2023;4;17;506;506001;-;2;8;2;2;3;11;2;259139;1
2023;4;18;505;505001;-;1;5;3;2;3;11;3;109500;1
2023;4;18;505;505001;-;1;5;3;2;3;11;4;700;1
2023;4;18;505;505001;-;1;5;3;2;3;11;5;2500;1
2023;4;18;505;505001;-;1;11;2;2;3;11;3;115000;1
2023;4;18;505;505001;-;1;11;2;2;3;11;4;1000;1
2023;4;18;505;505001;-;1;11;2;2;3;11;5;10000;1
2023;4;18;505;505001;-;1;11;5;2;3;11;3;301000;2
2023;4;18;505;505001;-;1;11;5;2;3;11;4;3200;2
2023;4;18;505;505001;-;1;11;5;2;3;11;5;20000;2
2023;4;18;505;505001;-;2;5;2;2;3;11;2;80000;1
2023;4;18;505;505001;-;2;5;2;2;3;11;3;180000;1
2023;4;18;505;505001;-;2;5;2;2;3;11;4;1200;2
2023;4;18;505;505001;-;2;5;2;2;3;11;5;1000;1
2023;4;18;505;505001;-;2;5;4;2;3;11;2;70000;1
2023;4;18;505;505001;-;2;5;4;2;3;11;3;150000;1
2023;4;18;505;505001;-;2;5;4;2;3;11;4;2500;2
2023;4;18;505;505001;-;2;5;4;2;3;11;5;8000;1
2023;4;18;505;505001;-;2;11;5;2;3;11;3;338313;1
2023;4;18;505;505001;-;2;11;5;2;3;11;4;2500;1
2023;4;18;505;505001;-;2;11;5;2;3;11;5;8000;1
2023;4;18;505;505002;-;1;5;3;2;3;11;3;107000;1
2023;4;18;505;505002;-;1;5;3;2;3;11;4;1000;1
2023;4;18;505;505002;-;1;5;3;2;3;11;5;9500;1
2023;4;18;505;505002;-;1;11;3;2;3;11;3;737200;4
2023;4;18;505;505002;-;1;11;3;2;3;11;4;4000;4
2023;4;18;505;505002;-;1;11;3;2;3;11;5;38000;4
2023;4;18;505;505002;-;1;11;4;2;3;11;3;102000;1
2023;4;18;505;505002;-;1;11;4;2;3;11;4;1000;1
2023;4;18;505;505002;-;1;11;6;2;3;11;3;21600;1
2023;4;18;505;505002;-;1;11;6;2;3;11;4;3100;1
2023;4;18;505;505002;-;2;5;5;2;3;11;3;620500;1
2023;4;18;505;505002;-;2;5;5;2;3;11;4;1500;1
2023;4;18;505;505002;-;2;5;5;2;3;11;5;30000;1
2023;4;18;505;505002;-;2;8;5;2;3;11;2;494325;1
2023;4;18;505;505002;-;2;8;5;2;3;11;4;1000;1
2023;4;18;505;505002;-;2;8;5;2;3;11;5;29000;1
2023;4;18;505;505002;-;2;11;2;2;3;11;3;72000;1
2023;4;18;505;505002;-;2;11;2;2;3;11;4;800;1
2023;4;18;505;505002;-;2;11;2;2;3;11;5;10000;1
2023;4;18;505;505002;-;2;11;3;2;3;11;3;700;1
2023;4;18;505;505002;-;2;11;4;2;3;11;3;680000;1
2023;4;18;505;505002;-;2;11;4;2;3;11;4;300;1
2023;4;18;505;505002;-;2;11;4;2;3;11;5;12000;1
2023;4;18;505;505003;-;1;5;4;2;3;11;3;255500;2
2023;4;18;505;505003;-;1;5;4;2;3;11;4;2150;2
2023;4;18;505;505003;-;1;5;4;2;3;11;5;22500;2
2023;4;18;505;505003;-;2;5;2;2;3;11;2;124100;1
2023;4;18;505;505003;-;2;5;2;2;3;11;4;730;1
2023;4;18;505;505003;-;2;5;2;2;3;11;5;2920;1
2023;4;18;505;505003;-;2;5;3;2;3;11;2;74871;1
2023;4;18;505;505003;-;2;5;3;2;3;11;3;145000;1
2023;4;18;505;505003;-;2;5;3;2;3;11;4;700;1
2023;4;18;505;505003;-;2;5;3;2;3;11;5;7200;1
2023;4;18;505;505003;-;2;5;4;2;3;11;3;91250;1
2023;4;18;505;505003;-;2;5;4;2;3;11;4;1000;1
2023;4;18;505;505003;-;2;8;6;2;3;11;2;2553424;1
2023;4;18;505;505003;-;2;8;6;2;3;11;3;799532;1
2023;4;18;505;505003;-;2;8;6;2;3;11;4;3800;1
2023;4;18;505;505003;-;2;8;6;2;3;11;5;88000;1
2023;4;18;505;505003;-;2;11;4;2;3;11;3;411115;2
2023;4;18;505;505003;-;2;11;4;2;3;11;4;1540;2
2023;4;18;505;505003;-;2;11;4;2;3;11;5;16230;2
2023;4;18;505;505003;-;2;11;5;2;3;11;1;180000;1
2023;4;18;505;505003;-;2;11;5;2;3;11;3;72000;1
2023;4;18;505;505003;-;2;11;5;2;3;11;4;400;1
2023;4;18;505;505003;-;2;11;5;2;3;11;5;21000;1
2023;4;18;505;505003;-;2;14;4;2;3;11;2;195000;1
2023;4;18;505;505003;-;2;14;4;2;3;11;4;1300;1
2023;4;18;505;505003;-;2;14;4;2;3;11;5;20000;1
2023;4;18;505;505005;-;1;5;3;2;3;11;3;146000;1
2023;4;18;505;505005;-;1;5;3;2;3;11;4;600;1
2023;4;18;505;505005;-;1;5;3;2;3;11;5;8000;1
2023;4;18;505;505005;-;1;8;3;2;3;11;2;193200;1
2023;4;18;505;505005;-;1;8;3;2;3;11;4;1000;1
2023;4;18;505;505005;-;1;11;5;2;3;11;3;230000;1
2023;4;18;505;505005;-;1;11;5;2;3;11;4;2000;1
2023;4;18;505;505005;-;1;11;5;2;3;11;5;15000;1
2023;4;18;505;505005;-;2;5;2;2;3;11;2;220617;1
2023;4;18;505;505005;-;2;5;2;2;3;11;3;51200;1
2023;4;18;505;505005;-;2;5;2;2;3;11;4;1600;2
2023;4;18;505;505005;-;2;5;5;2;3;11;2;155454;1
2023;4;18;505;505005;-;2;5;5;2;3;11;4;2500;1
2023;4;18;505;505005;-;2;5;5;2;3;11;5;12000;1
2023;4;18;505;505005;-;2;11;2;2;3;11;3;182500;1
2023;4;18;505;505005;-;2;11;2;2;3;11;4;1150;1
2023;4;18;505;505005;-;2;11;2;2;3;11;5;11800;1
2023;4;18;505;505005;-;2;11;3;2;3;11;3;130000;1
2023;4;18;505;505005;-;2;11;3;2;3;11;4;3000;1
2023;4;18;505;505005;-;2;11;3;2;3;11;5;1500;1
2023;5;2;601;601004;-;2;1;3;2;3;11;2;120513;1
2023;5;2;601;601004;-;2;1;3;2;3;11;4;10600;1
2023;5;2;601;601004;-;2;1;3;2;3;11;5;10600;1
2023;5;2;601;601004;-;2;12;5;2;3;11;2;3064151;1
2023;5;2;601;601004;-;2;12;5;2;3;11;3;140150083;1
2023;5;2;601;601004;-;2;12;5;2;3;11;5;2500490;1
2023;5;2;601;601004;-;2;12;8;2;3;11;2;22211339;1
2023;5;2;601;601004;-;2;12;8;2;3;11;3;24506786;1
2023;5;2;601;601004;-;2;12;8;2;3;11;5;824366;1
2023;5;2;602;602002;-;2;5;2;2;3;11;3;78000;1
2023;5;2;602;602002;-;2;5;2;2;3;11;4;700;1
2023;5;3;601;601003;-;2;12;6;2;3;11;2;1972007;1
2023;5;3;601;601003;-;2;12;6;2;3;11;5;81540;1
2023;5;4;602;602005;-;2;5;7;2;3;11;2;5712746;1
2023;5;4;602;602005;-;2;5;7;2;3;11;4;3650;1
2023;5;4;602;602005;-;2;5;7;2;3;11;5;277000;1
2023;5;11;601;601007;-;2;5;4;2;3;11;2;438000;1
2023;5;11;601;601007;-;2;5;4;2;3;11;4;1825;1
2023;5;11;601;601007;-;2;5;4;2;3;11;5;14600;1
2023;5;11;601;601007;-;2;5;5;2;3;11;2;784795;1
2023;5;11;601;601007;-;2;5;5;2;3;11;4;3500;1
2023;5;11;601;601007;-;2;5;5;2;3;11;5;70000;1
2023;5;13;601;601006;-;1;5;2;2;3;11;2;35000;1
2023;5;13;601;601006;-;1;5;2;2;3;11;4;1500;1
2023;5;13;601;601006;-;1;5;2;2;3;11;5;3000;1
2023;5;13;601;601006;-;2;5;2;2;3;11;3;49000;1
2023;5;13;601;601006;-;2;5;2;2;3;11;4;700;1
2023;5;13;601;601006;-;2;5;2;2;3;11;5;3000;1
2023;5;13;601;601006;-;2;8;2;2;3;11;2;10500;1
2023;5;15;601;601005;-;2;8;6;2;3;11;2;1021500;1
2023;5;15;601;601005;-;2;8;6;2;3;11;4;3600;1
2023;5;15;601;601005;-;2;8;6;2;3;11;5;30000;1
2023;5;15;601;601005;-;2;11;2;2;3;11;2;146000;1
2023;5;15;601;601005;-;2;11;2;2;3;11;4;680;1
2023;5;15;601;601005;-;2;11;2;2;3;11;5;8150;1
2023;5;15;601;601005;-;2;12;4;2;3;11;2;477469;1
2023;5;15;601;601005;-;2;12;4;2;3;11;4;300;1
2023;5;15;601;601005;-;2;12;4;2;3;11;5;20000;1
2023;5;15;601;601005;-;2;12;6;2;3;11;1;2563739;1
2023;5;15;601;601005;-;2;12;6;2;3;11;4;2000;1
2023;5;15;601;601005;-;2;12;6;2;3;11;5;15000;1
2023;6;2;701;701001;-;2;5;3;2;3;11;2;155534;1
2023;6;2;701;701001;-;2;5;3;2;3;11;4;1200;1
2023;6;2;701;701001;-;2;5;3;2;3;11;5;7000;1
2023;6;2;702;702002;-;2;5;2;2;3;11;2;367692;1
2023;6;2;702;702002;-;2;5;2;2;3;11;4;1460;1
2023;6;2;702;702002;-;2;5;2;2;3;11;5;21761;1
2023;6;2;702;702002;-;2;5;3;2;3;11;2;110000;1
2023;6;2;702;702002;-;2;5;3;2;3;11;4;2000;1
2023;6;2;702;702002;-;2;5;3;2;3;11;5;18000;1
2023;6;2;702;702002;-;2;8;4;2;3;11;2;610000;1
2023;6;2;702;702002;-;2;8;4;2;3;11;4;1000;1
2023;6;2;702;702002;-;2;8;4;2;3;11;5;25000;1
2023;6;2;702;702002;-;2;11;4;2;3;11;1;327642;1
2023;6;2;702;702002;-;2;11;4;2;3;11;4;22500;1
2023;6;3;701;701002;-;1;5;3;2;3;11;2;109500;1
2023;6;3;701;701002;-;1;5;3;2;3;11;4;1000;1
2023;6;3;701;701002;-;1;5;3;2;3;11;5;1000;1
2023;6;3;701;701002;-;2;11;5;2;3;11;2;2783181;1
2023;6;3;701;701002;-;2;11;5;2;3;11;4;500;1
2023;6;3;701;701002;-;2;11;5;2;3;11;5;40000;1
2023;6;3;702;702001;-;1;11;4;2;3;11;3;80000;1
2023;6;3;702;702001;-;1;11;4;2;3;11;4;2100;1
2023;6;4;701;701003;-;1;11;3;2;3;11;3;23000;1
2023;6;4;701;701003;-;1;11;3;2;3;11;4;300;1
2023;6;4;701;701003;-;2;2;7;2;3;11;2;7545848;1
2023;6;4;701;701003;-;2;2;7;2;3;11;4;12000;1
2023;6;4;701;701003;-;2;2;7;2;3;11;5;350000;1
2023;6;4;701;701003;-;2;3;5;2;3;11;2;2969557;1
2023;6;4;701;701003;-;2;3;5;2;3;11;4;9000;1
2023;6;4;701;701003;-;2;3;5;2;3;11;5;50000;1
2023;6;4;701;701003;-;2;5;2;2;3;11;2;738598;2
2023;6;4;701;701003;-;2;5;2;2;3;11;3;95000;1
2023;6;4;701;701003;-;2;5;2;2;3;11;4;1550;3
2023;6;4;701;701003;-;2;5;2;2;3;11;5;10400;3
2023;6;4;701;701003;-;2;5;3;2;3;11;2;3851739;9
2023;6;4;701;701003;-;2;5;3;2;3;11;4;11163;9
2023;6;4;701;701003;-;2;5;3;2;3;11;5;174762;9
2023;6;4;701;701003;-;2;5;4;1;1;11;2;216000;1
2023;6;4;701;701003;-;2;5;4;2;3;11;2;3238707;2
2023;6;4;701;701003;-;2;5;4;2;3;11;4;2770;2
2023;6;4;701;701003;-;2;5;4;2;3;11;5;53100;2
2023;6;4;701;701003;-;2;5;5;2;3;11;2;543800;1
2023;6;4;701;701003;-;2;5;5;2;3;11;4;700;1
2023;6;4;701;701003;-;2;5;5;2;3;11;5;30000;1
2023;6;4;701;701003;-;2;8;4;2;3;11;2;117974;1
2023;6;4;701;701003;-;2;8;4;2;3;11;4;1400;1
2023;6;4;701;701003;-;2;8;4;2;3;11;5;4000;1
2023;6;4;701;701003;-;2;11;2;2;3;11;3;36000;1
2023;6;4;701;701003;-;2;11;2;2;3;11;5;300;1
2023;6;4;701;701003;-;2;11;6;2;3;11;2;4580000;1
2023;6;4;701;701003;-;2;11;6;2;3;11;4;6000;1
2023;6;4;701;701003;-;2;11;6;2;3;11;5;66500;1
2023;6;4;701;701004;-;1;5;4;2;3;11;2;498858;1
2023;6;4;701;701004;-;1;5;4;2;3;11;4;600;1
2023;6;4;701;701004;-;1;5;4;2;3;11;5;4000;1
2023;6;4;701;701004;-;2;5;4;2;3;11;3;600;1
2023;6;4;701;701004;-;2;5;4;2;3;11;5;20;1
2023;6;4;701;701005;-;1;11;3;2;3;11;2;187289;1
2023;6;4;701;701005;-;1;11;3;2;3;11;4;1900;1
2023;6;4;701;701005;-;1;11;3;2;3;11;5;13100;1
2023;6;4;701;701005;-;1;11;5;2;3;11;2;402570;1
2023;6;4;701;701005;-;1;11;5;2;3;11;4;2555;1
2023;6;4;701;701005;-;1;11;5;2;3;11;5;15960;1
2023;6;4;701;701005;-;2;5;3;2;3;11;2;1514345;5
2023;6;4;701;701005;-;2;5;3;2;3;11;3;241475;2
2023;6;4;701;701005;-;2;5;3;2;3;11;4;2300;4
2023;6;4;701;701005;-;2;5;3;2;3;11;5;8600;4
2023;6;4;701;701005;-;2;5;4;2;3;11;2;2713500;4
2023;6;4;701;701005;-;2;5;4;2;3;11;3;335000;1
2023;6;4;701;701005;-;2;5;4;2;3;11;4;4700;4
2023;6;4;701;701005;-;2;5;4;2;3;11;5;195750;5
2023;6;4;701;701005;-;2;5;5;2;3;11;2;1244704;2
2023;6;4;701;701005;-;2;5;5;2;3;11;3;52963;1
2023;6;4;701;701005;-;2;5;5;2;3;11;4;2749;3
2023;6;4;701;701005;-;2;5;5;2;3;11;5;79183;3
2023;6;4;701;701005;-;2;8;3;2;3;11;2;279887;1
2023;6;4;701;701005;-;2;8;3;2;3;11;4;568;1
2023;6;4;701;701005;-;2;8;3;2;3;11;5;863;1
2023;6;4;701;701005;-;2;11;3;2;3;11;2;615500;2
2023;6;4;701;701005;-;2;11;3;2;3;11;4;1340;2
2023;6;4;701;701005;-;2;11;3;2;3;11;5;350;1
2023;6;4;701;701005;-;2;11;4;2;3;11;2;1916007;3
2023;6;4;701;701005;-;2;11;4;2;3;11;4;3500;3
2023;6;4;701;701005;-;2;11;4;2;3;11;5;14000;2
2023;6;4;701;701005;-;16;5;3;2;3;11;2;70000;1
2023;6;4;701;701005;-;16;5;3;2;3;11;4;1000;1
2023;6;4;701;701005;-;16;5;3;2;3;11;5;2000;1
2023;6;4;702;702002;-;2;11;3;2;3;11;2;446222;1
2023;6;4;702;702002;-;2;11;3;2;3;11;5;10800;1
2023;6;5;702;702005;-;2;5;5;2;3;11;2;535914;1
2023;6;5;702;702005;-;2;5;5;2;3;11;4;1825;1
2023;6;5;702;702005;-;2;5;5;2;3;11;5;29200;1
2023;6;5;702;702005;-;2;13;5;2;3;11;2;693108;1
2023;6;5;702;702005;-;2;13;5;2;3;11;4;1500;1
2023;6;5;702;702005;-;2;13;5;2;3;11;5;14400;1
2023;6;5;702;702005;-;16;11;2;2;3;11;3;7000;1
2023;6;5;702;702005;-;16;11;2;2;3;11;4;1800;1
2023;6;5;702;702005;-;16;11;2;2;3;11;5;3000;1
2023;6;6;0;0;-;63;5;1;1;1;11;2;108000;1
2023;6;6;701;701006;-;2;5;3;2;3;11;2;344791;1
2023;6;6;701;701006;-;2;5;3;2;3;11;4;100;1
2023;6;6;701;701006;-;2;5;3;2;3;11;5;500;1
2023;6;6;701;701006;-;2;5;5;2;3;11;2;1040920;1
2023;6;6;701;701006;-;2;5;5;2;3;11;4;5900;1
2023;6;6;701;701006;-;2;5;5;2;3;11;5;45600;1
2023;6;6;702;702001;-;2;5;2;2;3;11;2;80000;1
2023;6;6;702;702001;-;2;5;2;2;3;11;4;500;1
2023;6;6;702;702001;-;2;5;2;2;3;11;5;650;1
2023;6;6;702;702001;-;2;5;5;2;3;11;2;900000;1
2023;6;6;702;702001;-;2;5;5;2;3;11;5;14400;1
2023;6;6;702;702001;-;2;8;3;2;3;11;2;355931;1
2023;6;6;702;702001;-;2;8;3;2;3;11;4;1270;1
2023;6;6;702;702001;-;2;8;3;2;3;11;5;11943;1
2023;6;6;702;702003;-;2;11;4;2;3;11;1;1132001;1
2023;6;6;702;702003;-;2;11;4;2;3;11;4;2800;1
2023;6;6;702;702003;-;2;11;4;2;3;11;5;36000;1
2023;6;6;702;702003;-;2;12;5;2;3;11;2;1109250;2
2023;6;6;702;702003;-;2;12;5;2;3;11;4;2000;2
2023;6;6;702;702003;-;2;12;5;2;3;11;5;25000;2
2023;6;7;702;702001;-;2;5;2;2;3;11;3;68796;1
2023;6;7;702;702001;-;2;5;2;2;3;11;4;8160;2
2023;6;7;702;702001;-;2;5;2;2;3;11;5;22463;2
2023;6;7;702;702001;-;2;5;3;2;3;11;2;610230;1
2023;6;7;702;702001;-;2;5;3;2;3;11;3;180;1
2023;6;7;702;702001;-;2;5;3;2;3;11;4;817;2
2023;6;7;702;702001;-;2;5;3;2;3;11;5;27420;2
2023;6;7;702;702001;-;2;6;3;2;3;11;3;54000;1
2023;6;7;702;702001;-;2;6;3;2;3;11;4;700;1
2023;6;7;702;702001;-;2;6;3;2;3;11;5;2000;1
2023;6;7;702;702001;-;2;8;5;2;3;11;1;332677;1
2023;6;7;702;702001;-;2;8;5;2;3;11;4;9600;1
2023;6;7;702;702001;-;2;8;5;2;3;11;5;43800;1
2023;6;7;702;702001;-;2;11;4;2;3;11;2;290480;1
2023;6;7;702;702001;-;2;11;4;2;3;11;4;750;1
2023;6;7;702;702001;-;2;12;6;2;3;11;2;3802965;1
2023;6;7;702;702001;-;2;12;6;2;3;11;4;4293;1
2023;6;7;702;702001;-;2;12;6;2;3;11;5;80462;1
2023;6;7;702;702002;-;1;11;2;2;3;11;1;9855;1
2023;6;7;702;702002;-;1;11;2;2;3;11;4;1095;1
2023;6;7;702;702002;-;1;11;2;2;3;11;5;3467;1
2023;6;7;702;702002;-;2;5;3;2;3;11;2;209429;1
2023;6;7;702;702002;-;2;5;3;2;3;11;4;2300;1
2023;6;7;702;702002;-;2;5;3;2;3;11;5;8300;1
2023;6;7;702;702002;-;2;11;2;2;3;11;1;36000;1
2023;6;7;702;702002;-;2;11;2;2;3;11;5;15000;1
2023;6;7;702;702002;-;2;11;3;2;3;11;2;500000;1
2023;6;7;702;702002;-;2;11;3;2;3;11;4;3600;1
2023;6;7;702;702002;-;2;11;3;2;3;11;5;30000;1
2023;6;8;702;702003;-;2;12;3;2;3;11;2;220000;1
2023;6;8;702;702003;-;2;12;3;2;3;11;4;600;1
2023;6;8;702;702003;-;2;12;3;2;3;11;5;600;1
2023;6;8;702;702004;-;2;5;2;2;3;11;2;243717;1
2023;6;8;702;702004;-;2;5;2;2;3;11;4;700;1
2023;6;8;702;702004;-;2;5;2;2;3;11;5;1250;1
2023;6;8;702;702004;-;2;5;6;2;3;11;2;4216481;1
2023;6;8;702;702004;-;2;5;6;2;3;11;4;3650;1
2023;6;8;702;702004;-;2;5;6;2;3;11;5;172350;1
2023;6;8;702;702004;-;2;11;4;2;3;11;2;1485065;1
2023;6;8;702;702004;-;2;11;4;2;3;11;4;4300;1
2023;6;8;702;702004;-;2;11;4;2;3;11;5;51000;1
2023;6;9;701;701004;-;2;5;2;2;3;11;2;110000;1
2023;6;9;701;701004;-;2;5;2;2;3;11;4;1500;1
2023;6;9;701;701004;-;2;5;2;2;3;11;5;10000;1
2023;6;9;701;701004;-;2;5;3;2;3;11;3;75000;1
2023;6;9;701;701004;-;2;5;3;2;3;11;4;1100;1
2023;6;9;701;701004;-;2;5;3;2;3;11;5;300;1
2023;6;9;701;701004;-;2;11;4;2;3;11;3;80000;1
2023;6;9;701;701004;-;2;11;4;2;3;11;4;500;1
2023;6;9;701;701004;-;2;11;4;2;3;11;5;1000;1
2023;6;9;701;701004;-;16;1;4;2;3;11;2;397388;1
2023;6;9;701;701004;-;16;1;4;2;3;11;4;6114;1
2023;6;9;701;701004;-;16;1;4;2;3;11;5;19101;1
2023;6;9;701;701005;-;2;5;2;2;3;11;2;6746;1
2023;6;9;701;701005;-;2;11;2;2;3;11;3;42000;1
2023;7;1;801;801005;-;2;1;2;2;3;11;4;7600;1
2023;7;2;803;803003;-;2;8;5;2;3;11;2;2156364;1
2023;7;2;803;803003;-;2;8;5;2;3;11;4;5110;1
2023;7;2;803;803003;-;2;8;5;2;3;11;5;108171;1
2023;7;2;803;803004;-;2;5;4;2;3;11;2;612173;2
2023;7;2;803;803004;-;2;5;4;2;3;11;4;2625;2
2023;7;2;803;803004;-;2;5;4;2;3;11;5;9300;2
2023;7;2;803;803005;-;2;3;6;2;3;11;1;7460867;1
2023;7;2;803;803005;-;2;3;6;2;3;11;4;3000;1
2023;7;2;803;803005;-;2;3;6;2;3;11;5;200000;1
2023;7;2;803;803005;-;2;5;6;2;3;11;2;266619;1
2023;7;2;803;803005;-;2;5;6;2;3;11;4;2400;1
2023;7;2;803;803005;-;2;5;6;2;3;11;5;15600;1
2023;7;2;803;803005;-;2;12;4;2;3;11;2;790296;1
2023;7;2;803;803005;-;2;12;4;2;3;11;4;5530;1
2023;7;2;803;803005;-;2;12;4;2;3;11;5;85000;1
2023;7;2;804;804003;-;2;5;3;2;3;11;2;180326;1
2023;7;2;804;804003;-;2;5;3;2;3;11;4;500;1
2023;7;2;804;804003;-;2;5;3;2;3;11;5;24250;1
2023;7;2;804;804003;-;2;5;5;2;3;11;2;849319;2
2023;7;2;804;804003;-;2;5;5;2;3;11;4;365;1
2023;7;2;804;804003;-;2;5;5;2;3;11;5;95000;1
2023;7;2;804;804003;-;2;11;4;2;3;11;2;302543;1
2023;7;2;804;804003;-;2;11;4;2;3;11;4;1220;1
2023;7;2;804;804003;-;2;11;4;2;3;11;5;11800;1
2023;7;2;804;804003;-;2;11;5;2;3;11;1;120000;1
2023;7;2;804;804003;-;2;11;5;2;3;11;3;300000;1
2023;7;2;804;804003;-;2;11;5;2;3;11;4;1000;1
2023;7;2;804;804003;-;2;11;5;2;3;11;5;1000;1
2023;7;2;804;804003;-;2;13;5;2;3;11;2;1129538;1
2023;7;2;804;804003;-;2;13;5;2;3;11;4;2500;1
2023;7;2;804;804003;-;2;13;5;2;3;11;5;42682;1
2023;7;2;804;804004;-;1;5;2;2;3;11;3;36500;1
2023;7;2;804;804004;-;1;5;2;2;3;11;4;370;1
2023;7;2;804;804004;-;1;5;2;2;3;11;5;4000;1
2023;7;2;804;804004;-;2;5;2;1;1;11;2;230000;1
2023;7;2;804;804004;-;2;5;2;2;3;11;2;897500;2
2023;7;2;804;804004;-;2;5;2;2;3;11;3;134500;1
2023;7;2;804;804004;-;2;5;2;2;3;11;4;750;1
2023;7;2;804;804004;-;2;5;2;2;3;11;5;16540;2
2023;7;2;804;804004;-;2;5;3;2;3;11;2;305342;1
2023;7;2;804;804004;-;2;5;3;2;3;11;3;201600;1
2023;7;2;804;804004;-;2;5;3;2;3;11;4;750;1
2023;7;2;804;804004;-;2;5;3;2;3;11;5;10000;1
2023;7;2;804;804004;-;2;5;4;2;3;11;2;2410822;3
2023;7;2;804;804004;-;2;5;4;2;3;11;4;5650;3
2023;7;2;804;804004;-;2;5;4;2;3;11;5;145700;3
2023;7;2;804;804004;-;2;5;5;2;3;11;1;2187607;1
2023;7;2;804;804004;-;2;5;5;2;3;11;2;1895926;1
2023;7;2;804;804004;-;2;5;5;2;3;11;4;5965;2
2023;7;2;804;804004;-;2;5;5;2;3;11;5;176800;2
2023;7;2;804;804004;-;2;8;4;2;3;11;3;370300;1
2023;7;2;804;804004;-;2;8;4;2;3;11;4;1460;1
2023;7;2;804;804004;-;2;8;4;2;3;11;5;43800;1
2023;7;2;804;804004;-;2;11;2;2;3;11;2;275822;2
2023;7;2;804;804004;-;2;11;2;2;3;11;4;720;2
2023;7;2;804;804004;-;2;11;2;2;3;11;5;8778;2
2023;7;2;804;804004;-;2;11;3;2;3;11;2;453640;2
2023;7;2;804;804004;-;2;11;3;2;3;11;4;2010;2
2023;7;2;804;804004;-;2;11;3;2;3;11;5;37500;2
2023;7;2;804;804004;-;2;11;4;2;3;11;3;294000;1
2023;7;2;804;804004;-;2;11;4;2;3;11;4;730;1
2023;7;2;804;804004;-;2;11;4;2;3;11;5;90000;1
2023;7;2;804;804004;-;2;11;5;2;3;11;2;151861;1
2023;7;2;804;804004;-;2;12;4;2;3;11;2;882958;1
2023;7;2;804;804004;-;2;12;4;2;3;11;4;1800;1
2023;7;2;804;804004;-;2;12;4;2;3;11;5;10000;1
2023;7;2;804;804005;-;1;5;3;2;3;11;2;72130;1
2023;7;2;804;804005;-;1;5;3;2;3;11;4;400;1
2023;7;2;804;804005;-;1;5;3;2;3;11;5;2500;1
2023;7;2;804;804005;-;2;5;3;2;3;11;2;251000;2
2023;7;2;804;804005;-;2;5;3;2;3;11;4;1900;2
2023;7;2;804;804005;-;2;5;3;2;3;11;5;3700;2
2023;7;2;804;804005;-;2;5;5;2;3;11;2;1574498;1
2023;7;2;804;804005;-;2;5;5;2;3;11;4;2900;1
2023;7;2;804;804005;-;2;5;5;2;3;11;5;4500;1
2023;7;2;804;804005;-;2;11;4;2;3;11;2;413742;1
2023;7;2;804;804005;-;2;11;4;2;3;11;4;1500;1
2023;7;2;804;804005;-;2;11;4;2;3;11;5;27400;1
2023;7;3;805;805002;-;2;5;3;2;3;11;2;347210;1
2023;7;3;805;805002;-;2;5;3;2;3;11;4;730;1
2023;7;3;805;805002;-;2;5;3;2;3;11;5;9000;1
2023;7;3;805;805002;-;2;8;3;2;3;11;2;412802;1
2023;7;3;805;805002;-;2;8;3;2;3;11;4;750;1
2023;7;3;805;805002;-;2;8;3;2;3;11;5;2500;1
2023;7;3;805;805002;-;2;8;5;2;3;11;2;3694665;1
2023;7;3;805;805002;-;2;8;5;2;3;11;4;1500;1
2023;7;3;805;805002;-;2;8;5;2;3;11;5;75600;1
2023;7;3;805;805002;-;2;11;4;2;3;11;2;659988;1
2023;7;3;805;805002;-;2;11;4;2;3;11;4;2000;1
2023;7;3;805;805002;-;2;11;4;2;3;11;5;40500;1
2023;7;3;805;805002;-;2;11;6;2;3;11;2;780849;1
2023;7;3;805;805002;-;2;11;6;2;3;11;4;5475;1
2023;7;3;805;805002;-;2;11;6;2;3;11;5;23000;1
2023;7;3;805;805002;-;2;13;6;2;3;11;2;6939162;1
2023;7;3;805;805002;-;2;13;6;2;3;11;4;3450;1
2023;7;3;805;805002;-;2;13;6;2;3;11;5;64000;1
2023;7;3;805;805006;-;2;5;2;1;1;11;2;330000;1
2023;7;3;805;805006;-;2;5;2;1;1;11;4;1500;1
2023;7;3;805;805006;-;2;5;2;1;1;11;5;30000;1
2023;7;3;805;805006;-;2;5;2;2;3;11;2;57229;1
2023;7;3;805;805006;-;2;5;2;2;3;11;4;700;1
2023;7;3;805;805006;-;2;5;3;2;3;11;2;490938;1
2023;7;3;805;805006;-;2;5;3;2;3;11;4;1825;1
2023;7;3;805;805006;-;2;5;3;2;3;11;5;15000;1
2023;7;3;805;805006;-;2;5;4;2;3;11;2;1651202;2
2023;7;3;805;805006;-;2;5;5;2;3;11;2;690489;1
2023;7;3;805;805006;-;2;5;5;2;3;11;4;3000;1
2023;7;3;805;805006;-;2;5;5;2;3;11;5;29000;1
2023;7;3;805;805006;-;2;5;6;2;3;11;2;2662974;1
2023;7;3;805;805006;-;2;5;6;2;3;11;4;7500;1
2023;7;3;805;805006;-;2;5;6;2;3;11;5;23879;1
2023;7;3;805;805006;-;2;8;4;2;3;11;2;619700;2
2023;7;3;805;805006;-;2;8;4;2;3;11;5;6000;1
2023;7;3;805;805006;-;2;8;5;2;3;11;2;3593021;2
2023;7;3;805;805006;-;2;8;5;2;3;11;4;4695;2
2023;7;3;805;805006;-;2;8;5;2;3;11;5;130922;2
2023;7;3;805;805006;-;2;8;6;2;3;11;2;6523939;3
2023;7;3;805;805006;-;2;8;6;2;3;11;4;18100;3
2023;7;3;805;805006;-;2;8;6;2;3;11;5;420950;3
2023;7;3;805;805006;-;2;9;4;2;3;11;2;790644;1
2023;7;3;805;805006;-;2;9;4;2;3;11;4;3000;1
2023;7;3;805;805006;-;2;9;5;2;3;11;2;1203129;2
2023;7;3;805;805006;-;2;9;5;2;3;11;3;210000;1
2023;7;3;805;805006;-;2;9;5;2;3;11;4;42000;2
2023;7;3;805;805006;-;2;9;5;2;3;11;5;195000;2
2023;7;3;805;805006;-;2;11;2;2;3;11;2;233165;1
2023;7;3;805;805006;-;2;11;2;2;3;11;4;1800;1
2023;7;3;805;805006;-;2;11;2;2;3;11;5;15000;1
2023;7;3;805;805006;-;2;11;3;2;3;11;2;385766;2
2023;7;3;805;805006;-;2;11;3;2;3;11;4;3095;2
2023;7;3;805;805006;-;2;11;3;2;3;11;5;42200;2
2023;7;3;805;805006;-;2;11;4;2;3;11;2;1264819;5
2023;7;3;805;805006;-;2;11;4;2;3;11;4;16250;4
2023;7;3;805;805006;-;2;11;4;2;3;11;5;107200;4
2023;7;3;805;805006;-;2;11;5;2;3;11;2;6823139;6
2023;7;3;805;805006;-;2;11;5;2;3;11;4;23180;6
2023;7;3;805;805006;-;2;11;5;2;3;11;5;530750;6
2023;7;3;805;805006;-;2;11;6;2;3;11;2;6334931;3
2023;7;3;805;805006;-;2;11;6;2;3;11;4;27775;3
2023;7;3;805;805006;-;2;11;6;2;3;11;5;201000;3
2023;7;3;805;805006;-;2;12;4;2;3;11;2;1117333;1
2023;7;3;805;805006;-;2;12;4;2;3;11;5;55780;1
2023;7;3;805;805006;-;2;12;5;2;3;11;2;2985686;4
2023;7;3;805;805006;-;2;12;5;2;3;11;4;11830;4
2023;7;3;805;805006;-;2;12;5;2;3;11;5;126000;4
2023;7;3;805;805006;-;2;12;6;2;3;11;2;11969187;2
2023;7;3;805;805006;-;2;12;6;2;3;11;4;28350;2
2023;7;3;805;805006;-;2;12;6;2;3;11;5;591850;2
2023;7;3;805;805006;-;2;12;7;2;3;11;1;7837465;1
2023;7;3;805;805006;-;2;12;7;2;3;11;2;5958802;1
2023;7;3;805;805006;-;2;12;7;2;3;11;4;35136;2
2023;7;3;805;805006;-;2;12;7;2;3;11;5;335600;2
2023;7;3;805;805006;-;2;13;5;2;3;11;2;3801683;1
2023;7;3;805;805006;-;2;13;5;2;3;11;4;5300;1
2023;7;3;805;805006;-;2;13;5;2;3;11;5;52530;1
2023;7;3;805;805006;-;2;13;6;2;3;11;2;16685409;2
2023;7;3;805;805006;-;2;13;6;2;3;11;4;11060;2
2023;7;3;805;805006;-;2;13;6;2;3;11;5;242794;2
2023;7;3;805;805007;-;2;11;6;2;3;11;2;2267025;1
2023;7;3;805;805007;-;2;11;6;2;3;11;4;730;1
2023;7;3;805;805007;-;2;11;6;2;3;11;5;73000;1
2023;7;3;805;805007;-;2;12;5;2;3;11;2;1579883;1
2023;7;3;805;805007;-;2;12;5;2;3;11;4;3500;1
2023;7;3;805;805007;-;2;12;5;2;3;11;5;34000;1
2023;7;4;801;801001;-;2;11;4;2;3;11;2;334462;1
2023;7;4;801;801001;-;2;11;4;2;3;11;4;2160;1
2023;7;4;801;801001;-;2;11;4;2;3;11;5;25200;1
2023;7;4;801;801002;-;2;2;7;2;3;11;2;4001539;1
2023;7;4;801;801002;-;2;2;7;2;3;11;4;5000;1
2023;7;4;801;801002;-;2;2;7;2;3;11;5;210000;1
2023;7;4;801;801002;-;2;9;7;2;3;11;2;7909433;1
2023;7;4;801;801002;-;2;9;7;2;3;11;5;353800;1
2023;7;4;801;801002;-;2;11;4;2;3;11;2;1275541;1
2023;7;4;801;801002;-;2;11;4;2;3;11;4;2800;1
2023;7;4;801;801002;-;2;11;4;2;3;11;5;31370;1
2023;7;4;801;801002;-;2;11;7;2;3;11;2;6605953;1
2023;7;4;801;801002;-;2;11;7;2;3;11;4;18000;1
2023;7;4;801;801002;-;2;11;7;2;3;11;5;373000;1
2023;7;4;801;801002;-;2;12;6;2;3;11;2;5937179;1
2023;7;4;801;801002;-;2;12;6;2;3;11;4;12000;1
2023;7;4;801;801002;-;2;12;6;2;3;11;5;246000;1
2023;7;4;801;801003;-;1;11;3;2;3;11;3;40000;1
2023;7;4;801;801003;-;1;11;3;2;3;11;4;1460;1
2023;7;4;801;801003;-;1;11;3;2;3;11;5;12500;1
2023;7;4;801;801003;-;2;5;2;2;3;11;1;100000;1
2023;7;4;801;801003;-;2;5;2;2;3;11;2;73000;1
2023;7;4;801;801003;-;2;5;2;2;3;11;4;1500;1
2023;7;4;801;801003;-;2;5;2;2;3;11;5;13950;2
2023;7;4;801;801003;-;2;5;3;2;3;11;2;605387;2
2023;7;4;801;801003;-;2;5;3;2;3;11;4;2495;2
2023;7;4;801;801003;-;2;5;3;2;3;11;5;21750;2
2023;7;4;801;801003;-;2;5;4;2;3;11;2;727840;1
2023;7;4;801;801003;-;2;5;4;2;3;11;4;3000;1
2023;7;4;801;801003;-;2;5;4;2;3;11;5;9300;1
2023;7;4;801;801003;-;2;5;6;2;3;11;2;2852829;1
2023;7;4;801;801003;-;2;5;6;2;3;11;4;65500;1
2023;7;4;801;801003;-;2;5;6;2;3;11;5;77000;1
2023;7;4;801;801003;-;2;8;3;2;3;11;2;577820;1
2023;7;4;801;801003;-;2;11;2;2;3;11;1;18000;1
2023;7;4;801;801003;-;2;11;2;2;3;11;2;384051;5
2023;7;4;801;801003;-;2;11;2;2;3;11;4;7380;5
2023;7;4;801;801003;-;2;11;2;2;3;11;5;20000;4
2023;7;4;801;801003;-;2;11;3;2;3;11;2;961799;3
2023;7;4;801;801003;-;2;11;3;2;3;11;4;5520;3
2023;7;4;801;801003;-;2;11;3;2;3;11;5;76900;3
2023;7;4;801;801003;-;2;11;4;2;3;11;2;464477;1
2023;7;4;801;801003;-;2;11;4;2;3;11;4;1500;1
2023;7;4;801;801003;-;2;11;4;2;3;11;5;15000;1
2023;7;4;801;801003;-;2;11;5;2;3;11;2;2862632;2
2023;7;4;801;801003;-;2;11;5;2;3;11;4;5100;2
2023;7;4;801;801003;-;2;11;5;2;3;11;5;56254;2
2023;7;4;801;801004;-;2;11;5;2;3;11;2;1756189;1
2023;7;4;801;801004;-;2;11;5;2;3;11;4;730;1
2023;7;4;801;801004;-;2;11;5;2;3;11;5;92000;1
2023;7;4;801;801005;-;2;1;4;2;3;11;2;151393;1
2023;7;4;801;801005;-;2;1;4;2;3;11;4;6000;1
2023;7;4;801;801005;-;2;1;4;2;3;11;5;8000;1
2023;7;4;801;801005;-;2;5;2;2;3;11;2;881418;4
2023;7;4;801;801005;-;2;5;2;2;3;11;4;3375;4
2023;7;4;801;801005;-;2;5;2;2;3;11;5;23800;4
2023;7;4;801;801005;-;2;5;3;2;3;11;1;67200;1
2023;7;4;801;801005;-;2;5;3;2;3;11;2;781102;2
2023;7;4;801;801005;-;2;5;3;2;3;11;4;4395;3
2023;7;4;801;801005;-;2;5;3;2;3;11;5;66500;3
2023;7;4;801;801005;-;2;5;4;2;3;11;2;863985;1
2023;7;4;801;801005;-;2;5;4;2;3;11;4;730;1
2023;7;4;801;801005;-;2;5;4;2;3;11;5;22750;1
2023;7;4;801;801005;-;2;5;6;2;3;11;2;10212843;2
2023;7;4;801;801005;-;2;5;6;2;3;11;4;20500;2
2023;7;4;801;801005;-;2;5;6;2;3;11;5;145000;2
2023;7;4;801;801005;-;2;8;4;2;3;11;2;1574062;1
2023;7;4;801;801005;-;2;8;4;2;3;11;4;730;1
2023;7;4;801;801005;-;2;8;4;2;3;11;5;9500;1
2023;7;4;801;801005;-;2;11;3;2;3;11;2;1595913;3
2023;7;4;801;801005;-;2;11;3;2;3;11;4;2460;3
2023;7;4;801;801005;-;2;11;3;2;3;11;5;8600;2
2023;7;4;801;801005;-;2;11;4;2;3;11;1;347756;1
2023;7;4;801;801005;-;2;11;4;2;3;11;2;675404;1
2023;7;4;801;801005;-;2;11;4;2;3;11;4;2430;2
2023;7;4;801;801005;-;2;11;4;2;3;11;5;30300;2
2023;7;4;801;801005;-;2;11;6;2;3;11;2;2337071;1
2023;7;4;801;801005;-;2;11;6;2;3;11;4;15000;1
2023;7;4;801;801005;-;2;11;6;2;3;11;5;85000;1
2023;7;4;801;801005;-;2;12;4;2;3;11;2;180000;1
2023;7;4;801;801005;-;2;12;4;2;3;11;4;1800;1
2023;7;4;801;801005;-;2;12;4;2;3;11;5;20000;1
2023;7;4;801;801005;-;2;12;6;2;3;11;2;3447744;1
2023;7;4;801;801005;-;2;12;6;2;3;11;4;3650;1
2023;7;4;801;801005;-;2;12;6;2;3;11;5;170600;1
2023;7;4;801;801006;-;2;11;2;2;3;11;2;575104;1
2023;7;4;801;801006;-;2;11;2;2;3;11;4;730;1
2023;7;4;801;801006;-;2;11;2;2;3;11;5;10000;1
2023;7;4;805;805002;-;2;5;7;2;3;11;2;7998099;1
2023;7;4;805;805002;-;2;5;7;2;3;11;4;18000;1
2023;7;4;805;805002;-;2;5;7;2;3;11;5;230000;1
2023;7;5;805;805002;-;2;5;2;2;3;11;3;42000;1
2023;7;5;805;805002;-;2;5;2;2;3;11;4;730;1
2023;7;5;805;805002;-;2;5;2;2;3;11;5;1800;1
2023;7;5;805;805007;-;2;5;4;1;1;11;2;987277;1
2023;7;5;805;805007;-;2;5;4;1;1;11;4;1460;1
2023;7;5;805;805007;-;2;5;4;1;1;11;5;21600;1
2023;7;5;805;805007;-;2;8;4;2;3;11;2;518747;1
2023;7;5;805;805007;-;2;8;4;2;3;11;4;1000;1
2023;7;5;805;805007;-;2;8;4;2;3;11;5;29200;1
2023;7;5;805;805007;-;2;9;3;2;3;11;2;51600;1
2023;7;5;805;805007;-;2;9;3;2;3;11;3;51600;1
2023;7;5;805;805007;-;2;9;3;2;3;11;4;460;1
2023;7;5;805;805007;-;2;9;3;2;3;11;5;3800;1
2023;7;5;805;805007;-;2;9;5;2;3;11;2;2187458;2
2023;7;5;805;805007;-;2;9;5;2;3;11;4;13000;2
2023;7;5;805;805007;-;2;9;5;2;3;11;5;326000;2
2023;7;5;805;805007;-;2;11;6;2;3;11;2;4437439;1
2023;7;5;805;805007;-;2;11;6;2;3;11;5;228450;1
2023;7;6;803;803001;-;1;2;7;2;3;11;2;2485884;1
2023;7;6;803;803001;-;1;2;7;2;3;11;4;4500;1
2023;7;6;803;803001;-;1;2;7;2;3;11;5;80000;1
2023;7;6;803;803003;-;2;11;5;2;3;11;2;198065;1
2023;7;6;803;803003;-;2;11;5;2;3;11;4;1000;1
2023;7;6;803;803003;-;2;11;5;2;3;11;5;1000;1
2023;7;7;805;805003;-;2;5;3;2;3;11;2;66718;1
2023;7;7;805;805003;-;2;5;3;2;3;11;4;1095;1
2023;7;7;805;805003;-;2;5;3;2;3;11;5;7300;1
2023;7;7;805;805003;-;2;8;5;2;3;11;2;967047;2
2023;7;7;805;805003;-;2;8;5;2;3;11;4;5450;2
2023;7;7;805;805003;-;2;8;5;2;3;11;5;48200;2
2023;7;7;805;805003;-;2;11;3;2;3;11;1;14500;1
2023;7;7;805;805003;-;2;11;3;2;3;11;4;365;1
2023;7;7;805;805003;-;2;11;3;2;3;11;5;1000;1
2023;7;7;805;805003;-;2;11;4;2;3;11;2;1466723;1
2023;7;7;805;805003;-;2;11;4;2;3;11;4;3000;1
2023;7;7;805;805003;-;2;11;4;2;3;11;5;57000;1
2023;7;7;805;805003;-;2;11;5;2;3;11;2;1097767;1
2023;7;7;805;805003;-;2;11;5;2;3;11;4;1500;1
2023;7;7;805;805003;-;2;11;5;2;3;11;5;32000;1
2023;7;7;805;805003;-;2;11;7;2;3;11;2;1985146;1
2023;7;7;805;805004;-;2;5;2;2;3;11;1;73000;1
2023;7;7;805;805004;-;2;5;2;2;3;11;2;159600;1
2023;7;7;805;805004;-;2;5;2;2;3;11;4;1645;2
2023;7;7;805;805004;-;2;5;2;2;3;11;5;7100;2
2023;7;7;805;805004;-;2;5;3;2;3;11;2;557524;1
2023;7;7;805;805004;-;2;5;3;2;3;11;4;730;1
2023;7;7;805;805004;-;2;5;3;2;3;11;5;25000;1
2023;7;7;805;805004;-;2;5;4;2;3;11;2;358999;1
2023;7;7;805;805004;-;2;5;4;2;3;11;4;750;1
2023;7;7;805;805004;-;2;5;4;2;3;11;5;27000;1
2023;7;7;805;805004;-;2;8;3;2;3;11;2;371519;1
2023;7;7;805;805004;-;2;8;3;2;3;11;4;1095;1
2023;7;7;805;805004;-;2;8;3;2;3;11;5;6900;1
2023;7;7;805;805004;-;2;8;4;2;3;11;2;527460;1
2023;7;7;805;805004;-;2;8;4;2;3;11;4;1000;1
2023;7;7;805;805004;-;2;8;4;2;3;11;5;15000;1
2023;7;7;805;805004;-;2;8;5;2;3;11;2;2884022;1
2023;7;7;805;805004;-;2;8;5;2;3;11;4;6000;1
2023;7;7;805;805004;-;2;8;5;2;3;11;5;80000;1
2023;7;7;805;805004;-;2;11;3;2;3;11;2;346564;1
2023;7;7;805;805004;-;2;11;3;2;3;11;4;1825;1
2023;7;7;805;805004;-;2;11;3;2;3;11;5;14600;1
2023;7;7;805;805004;-;2;11;4;2;3;11;2;635080;1
2023;7;7;805;805004;-;2;11;4;2;3;11;4;2000;1
2023;7;7;805;805004;-;2;11;4;2;3;11;5;52750;1
2023;7;7;805;805004;-;2;11;5;2;3;11;2;1892258;1
2023;7;7;805;805004;-;2;11;5;2;3;11;4;3650;1
2023;7;7;805;805004;-;2;11;5;2;3;11;5;260000;1
2023;7;7;805;805004;-;2;12;5;2;3;11;2;1460630;1
2023;7;7;805;805004;-;2;12;5;2;3;11;5;28000;1
2023;7;7;805;805004;-;2;13;4;2;3;11;2;1157586;1
2023;7;7;805;805004;-;2;13;4;2;3;11;4;4380;1
2023;7;7;805;805004;-;2;13;4;2;3;11;5;40000;1
2023;7;7;805;805005;-;2;1;2;2;3;11;2;268934;1
2023;7;7;805;805005;-;2;1;2;2;3;11;4;588;1
2023;7;7;805;805005;-;2;1;2;2;3;11;5;16200;1
2023;7;7;805;805005;-;2;5;2;2;3;11;2;172500;2
2023;7;7;805;805005;-;2;5;2;2;3;11;4;600;1
2023;7;7;805;805005;-;2;5;2;2;3;11;5;17800;2
2023;7;7;805;805005;-;2;5;4;2;3;11;2;1491177;3
2023;7;7;805;805005;-;2;5;4;2;3;11;4;6050;3
2023;7;7;805;805005;-;2;5;4;2;3;11;5;80900;3
2023;7;7;805;805005;-;2;5;6;2;3;11;2;2431057;1
2023;7;7;805;805005;-;2;5;6;2;3;11;4;3500;1
2023;7;7;805;805005;-;2;5;6;2;3;11;5;50000;1
2023;7;7;805;805005;-;2;8;4;2;3;11;2;297204;1
2023;7;7;805;805005;-;2;8;4;2;3;11;4;1095;1
2023;7;7;805;805005;-;2;9;4;2;3;11;2;874967;1
2023;7;7;805;805005;-;2;9;4;2;3;11;4;2200;1
2023;7;7;805;805005;-;2;9;4;2;3;11;5;48500;1
2023;7;7;805;805005;-;2;11;2;2;3;11;5;12500;1
2023;7;7;805;805005;-;2;11;3;2;3;11;2;629292;1
2023;7;7;805;805005;-;2;11;3;2;3;11;4;500;1
2023;7;7;805;805005;-;2;11;3;2;3;11;5;2400;1
2023;7;7;805;805005;-;2;11;5;2;3;11;2;1218823;2
2023;7;7;805;805005;-;2;11;5;2;3;11;4;22825;2
2023;7;7;805;805005;-;2;11;5;2;3;11;5;97750;2
2023;7;7;805;805005;-;2;13;7;2;3;11;2;11360055;1
2023;7;7;805;805005;-;2;13;7;2;3;11;5;64081;1
2023;7;8;804;804001;-;2;5;5;2;3;11;2;678652;1
2023;7;8;804;804001;-;2;5;5;2;3;11;4;730;1
2023;7;8;804;804001;-;2;5;5;2;3;11;5;36500;1
2023;7;8;804;804001;-;2;8;5;2;3;11;2;3290580;2
2023;7;8;804;804001;-;2;8;5;2;3;11;4;1825;1
2023;7;8;804;804001;-;2;8;5;2;3;11;5;112300;2
2023;7;8;804;804001;-;2;11;2;2;3;11;2;842968;3
2023;7;8;804;804001;-;2;11;2;2;3;11;4;5465;3
2023;7;8;804;804001;-;2;11;2;2;3;11;5;43500;3
2023;7;8;804;804001;-;2;11;3;2;3;11;2;550000;1
2023;7;8;804;804001;-;2;11;3;2;3;11;4;1800;1
2023;7;8;804;804001;-;2;11;3;2;3;11;5;22000;1
2023;7;8;804;804001;-;2;11;4;2;3;11;2;609097;1
2023;7;8;804;804001;-;2;11;4;2;3;11;4;750;1
2023;7;8;804;804001;-;2;11;4;2;3;11;5;71000;1
2023;7;8;804;804001;-;2;11;5;2;3;11;2;1435711;1
2023;7;8;804;804001;-;2;11;5;2;3;11;4;1000;1
2023;7;8;804;804001;-;2;11;5;2;3;11;5;35000;1
2023;7;8;804;804001;-;2;11;6;2;3;11;2;3556243;1
2023;7;8;804;804001;-;2;11;6;2;3;11;4;7300;1
2023;7;8;804;804001;-;2;11;6;2;3;11;5;111590;1
2023;7;8;804;804001;-;2;12;7;2;3;11;2;6455123;1
2023;7;8;804;804001;-;2;12;7;2;3;11;4;3650;1
2023;7;8;804;804001;-;2;12;7;2;3;11;5;283700;1
2023;7;8;804;804001;-;2;13;7;2;3;11;2;10959174;1
2023;7;8;804;804001;-;2;13;7;2;3;11;4;3500;1
2023;7;8;804;804001;-;2;13;7;2;3;11;5;190000;1
2023;7;8;804;804001;-;2;14;5;2;3;11;2;1963444;1
2023;7;8;804;804001;-;2;14;5;2;3;11;4;2950;1
2023;7;8;804;804001;-;2;14;5;2;3;11;5;86000;1
2023;7;8;805;805001;-;2;5;4;2;3;11;2;271396;1
2023;7;8;805;805001;-;2;5;4;2;3;11;4;2000;1
2023;7;8;805;805001;-;2;5;4;2;3;11;5;38600;1
2023;7;8;805;805001;-;2;5;5;2;3;11;2;843993;1
2023;7;8;805;805001;-;2;5;5;2;3;11;4;3600;1
2023;7;8;805;805001;-;2;5;5;2;3;11;5;38000;1
2023;7;8;805;805001;-;2;5;6;2;3;11;2;3140500;1
2023;7;8;805;805001;-;2;5;6;2;3;11;4;12000;1
2023;7;8;805;805001;-;2;5;6;2;3;11;5;76700;1
2023;7;8;805;805001;-;2;8;4;2;3;11;2;250342;1
2023;7;8;805;805001;-;2;8;4;2;3;11;4;1460;1
2023;7;8;805;805001;-;2;8;4;2;3;11;5;21900;1
2023;7;8;805;805001;-;2;8;5;2;3;11;2;685130;1
2023;7;8;805;805001;-;2;8;5;2;3;11;4;1500;1
2023;7;8;805;805001;-;2;8;5;2;3;11;5;36500;1
2023;7;8;805;805001;-;2;8;6;2;3;11;2;7509458;2
2023;7;8;805;805001;-;2;8;6;2;3;11;4;12300;2
2023;7;8;805;805001;-;2;8;6;2;3;11;5;206060;2
2023;7;8;805;805001;-;2;9;2;2;3;11;2;355465;1
2023;7;8;805;805001;-;2;9;2;2;3;11;4;4500;1
2023;7;8;805;805001;-;2;9;2;2;3;11;5;6200;1
2023;7;8;805;805001;-;2;9;5;2;3;11;2;483148;1
2023;7;8;805;805001;-;2;9;5;2;3;11;4;1800;1
2023;7;8;805;805001;-;2;9;5;2;3;11;5;50000;1
2023;7;8;805;805001;-;2;9;7;2;3;11;2;5130344;1
2023;7;8;805;805001;-;2;9;7;2;3;11;5;92500;1
2023;7;8;805;805001;-;2;11;3;2;3;11;2;170277;1
2023;7;8;805;805001;-;2;11;3;2;3;11;4;730;1
2023;7;8;805;805001;-;2;11;3;2;3;11;5;9720;1
2023;7;8;805;805001;-;2;11;4;2;3;11;2;942871;2
2023;7;8;805;805001;-;2;11;4;2;3;11;4;1825;2
2023;7;8;805;805001;-;2;11;4;2;3;11;5;9720;1
2023;7;8;805;805001;-;2;11;5;2;3;11;2;790897;1
2023;7;8;805;805001;-;2;11;5;2;3;11;4;15000;1
2023;7;8;805;805001;-;2;12;6;2;3;11;1;4446998;1
2023;7;8;805;805001;-;2;12;6;2;3;11;2;7152649;3
2023;7;8;805;805001;-;2;12;6;2;3;11;4;9492;2
2023;7;8;805;805001;-;2;12;6;2;3;11;5;745330;4
2023;7;8;805;805002;-;2;11;3;2;3;11;2;299763;1
2023;7;8;805;805002;-;2;11;3;2;3;11;4;730;1
2023;7;8;805;805002;-;2;11;3;2;3;11;5;7000;1
2023;7;8;805;805002;-;2;13;6;2;3;11;2;7921204;1
2023;7;8;805;805002;-;2;13;6;2;3;11;4;5400;1
2023;7;8;805;805002;-;2;13;6;2;3;11;5;203080;1
2023;7;9;803;803001;-;2;2;7;2;3;11;2;987277;1
2023;7;9;803;803001;-;2;2;7;2;3;11;4;7300;1
2023;7;9;803;803001;-;2;2;7;2;3;11;5;91800;1
2023;7;9;804;804002;-;2;5;7;2;3;11;2;4890946;1
2023;7;9;804;804002;-;2;5;7;2;3;11;4;12000;1
2023;7;9;804;804002;-;2;5;7;2;3;11;5;177030;1
2023;7;9;804;804002;-;2;8;5;2;3;11;2;1759062;2
2023;7;9;804;804002;-;2;8;5;2;3;11;5;46000;2
2023;7;9;804;804002;-;2;8;6;2;3;11;2;1574157;1
2023;7;9;804;804002;-;2;8;6;2;3;11;4;1500;1
2023;7;9;804;804002;-;2;8;6;2;3;11;5;9000;1
2023;7;9;804;804002;-;2;9;6;2;3;11;2;3392280;2
2023;7;9;804;804002;-;2;9;6;2;3;11;4;6650;2
2023;7;9;804;804002;-;2;9;6;2;3;11;5;184350;1
2023;7;9;804;804002;-;2;9;7;2;3;11;2;2698918;1
2023;7;9;804;804002;-;2;9;7;2;3;11;4;7300;1
2023;7;9;804;804002;-;2;9;7;2;3;11;5;292500;1
2023;7;9;804;804002;-;2;11;2;2;3;11;1;69000;1
2023;7;9;804;804002;-;2;11;2;2;3;11;4;790;1
2023;7;9;804;804002;-;2;11;2;2;3;11;5;2100;1
2023;7;9;804;804002;-;2;12;6;2;3;11;2;4227805;1
2023;7;9;804;804002;-;2;12;6;2;3;11;4;5400;1
2023;7;9;804;804002;-;2;12;6;2;3;11;5;223991;1
2023;7;9;804;804002;-;2;13;6;2;3;11;2;3951589;1
2023;7;9;804;804002;-;2;13;6;2;3;11;4;4200;1
2023;7;9;804;804002;-;2;13;6;2;3;11;5;86085;1
2023;7;9;804;804002;-;2;13;7;2;3;11;2;20668453;1
2023;7;9;804;804002;-;2;13;7;2;3;11;4;18250;1
2023;7;9;804;804002;-;2;13;7;2;3;11;5;155000;1
2023;7;9;804;804002;-;63;12;1;1;1;11;2;604039;1
2023;7;9;804;804002;-;63;12;1;1;1;11;4;1500;1
2023;7;9;804;804002;-;63;12;1;1;1;11;5;22000;1
2023;7;9;804;804003;-;1;9;7;2;3;11;2;3060043;1
2023;7;9;804;804003;-;1;9;7;2;3;11;4;10676;1
2023;7;9;804;804003;-;1;9;7;2;3;11;5;183965;1
2023;7;9;804;804003;-;1;11;8;2;3;11;2;680000;1
2023;7;9;804;804003;-;1;11;8;2;3;11;4;1100;1
2023;7;9;804;804003;-;1;11;8;2;3;11;5;4500;1
2023;7;9;804;804003;-;2;2;5;2;3;11;1;7469712;1
2023;7;9;804;804003;-;2;2;5;2;3;11;4;2500;1
2023;7;9;804;804003;-;2;2;5;2;3;11;5;50000;1
2023;7;9;804;804003;-;2;5;2;2;3;11;2;172227;1
2023;7;9;804;804003;-;2;5;2;2;3;11;4;730;1
2023;7;9;804;804003;-;2;5;2;2;3;11;5;4680;1
2023;7;9;804;804003;-;2;5;3;2;3;11;2;180902;1
2023;7;9;804;804003;-;2;5;3;2;3;11;4;1300;1
2023;7;9;804;804003;-;2;5;3;2;3;11;5;15000;1
2023;7;9;804;804003;-;2;5;4;2;3;11;2;4295236;12
2023;7;9;804;804003;-;2;5;4;2;3;11;4;5295;6
2023;7;9;804;804003;-;2;5;4;2;3;11;5;188560;10
2023;7;9;804;804003;-;2;5;5;2;3;11;2;2774402;3
2023;7;9;804;804003;-;2;5;5;2;3;11;4;6450;3
2023;7;9;804;804003;-;2;5;5;2;3;11;5;90600;3
2023;7;9;804;804003;-;2;8;4;2;3;11;2;2226335;4
2023;7;9;804;804003;-;2;8;4;2;3;11;4;1480;3
2023;7;9;804;804003;-;2;8;4;2;3;11;5;175150;4
2023;7;9;804;804003;-;2;8;5;2;3;11;2;2911329;3
2023;7;9;804;804003;-;2;8;5;2;3;11;4;4825;3
2023;7;9;804;804003;-;2;8;5;2;3;11;5;144200;2
2023;7;9;804;804003;-;2;8;6;2;3;11;2;3203970;1
2023;7;9;804;804003;-;2;8;6;2;3;11;4;3650;1
2023;7;9;804;804003;-;2;8;6;2;3;11;5;45000;1
2023;7;9;804;804003;-;2;9;5;2;3;11;2;1300000;1
2023;7;9;804;804003;-;2;9;5;2;3;11;4;3000;1
2023;7;9;804;804003;-;2;9;5;2;3;11;5;28000;1
2023;7;9;804;804003;-;2;11;3;1;1;11;2;430000;1
2023;7;9;804;804003;-;2;11;3;1;1;11;4;500;1
2023;7;9;804;804003;-;2;11;3;1;1;11;5;2000;1
2023;7;9;804;804003;-;2;11;3;2;3;11;2;577475;2
2023;7;9;804;804003;-;2;11;3;2;3;11;4;1500;1
2023;7;9;804;804003;-;2;11;3;2;3;11;5;26300;2
2023;7;9;804;804003;-;2;11;4;2;3;11;2;3707014;6
2023;7;9;804;804003;-;2;11;4;2;3;11;4;15245;6
2023;7;9;804;804003;-;2;11;4;2;3;11;5;211000;4
2023;7;9;804;804003;-;2;11;5;2;3;11;2;5310958;6
2023;7;9;804;804003;-;2;11;5;2;3;11;4;12105;6
2023;7;9;804;804003;-;2;11;5;2;3;11;5;312420;6
2023;7;9;804;804003;-;2;11;6;2;3;11;2;387640;1
2023;7;9;804;804003;-;2;11;6;2;3;11;4;1825;1
2023;7;9;804;804003;-;2;11;6;2;3;11;5;55000;1
2023;7;9;804;804003;-;2;12;4;2;3;11;2;856621;1
2023;7;9;804;804003;-;2;12;4;2;3;11;4;1000;1
2023;7;9;804;804003;-;2;12;4;2;3;11;5;12000;1
2023;7;9;804;804003;-;2;12;5;2;3;11;1;8198;1
2023;7;9;804;804003;-;2;12;5;2;3;11;2;1894957;1
2023;7;9;804;804003;-;2;12;5;2;3;11;4;3670;2
2023;7;9;804;804003;-;2;12;5;2;3;11;5;48000;1
2023;7;9;804;804004;-;2;11;4;2;3;11;2;1088024;1
2023;7;9;804;804004;-;2;11;4;2;3;11;4;2190;1
2023;7;9;804;804004;-;2;11;4;2;3;11;5;29200;1
2023;7;9;804;804006;-;2;5;3;2;3;11;2;180000;1
2023;7;9;804;804006;-;2;5;3;2;3;11;4;360;1
2023;7;9;804;804006;-;2;5;3;2;3;11;5;12000;1
2023;7;9;804;804006;-;2;8;5;2;3;11;2;1450858;1
2023;7;9;804;804006;-;2;8;5;2;3;11;4;2200;1
2023;7;9;804;804006;-;2;8;5;2;3;11;5;80000;1
2023;7;9;804;804006;-;2;11;2;2;3;11;1;45800;1
2023;7;9;804;804006;-;2;11;4;2;3;11;2;434611;1
2023;7;9;804;804006;-;2;11;4;2;3;11;4;3650;1
2023;7;9;804;804006;-;2;11;4;2;3;11;5;51100;1
2023;7;9;804;804006;-;2;12;7;2;3;11;1;3618527;1
2023;7;9;804;804006;-;2;12;7;2;3;11;4;14400;1
2023;7;9;804;804006;-;2;12;7;2;3;11;5;129900;1
2023;7;10;801;801004;-;2;5;4;2;3;11;2;1168966;1
2023;7;10;801;801004;-;2;5;4;2;3;11;4;1500;1
2023;7;10;801;801004;-;2;5;4;2;3;11;5;25200;1
2023;7;10;801;801004;-;2;9;5;2;3;11;2;1742733;1
2023;7;10;801;801004;-;2;9;5;2;3;11;4;4380;1
2023;7;10;801;801004;-;2;9;5;2;3;11;5;63360;1
2023;7;10;801;801004;-;2;12;6;2;3;11;2;5254550;1
2023;7;10;801;801004;-;2;12;6;2;3;11;4;4200;1
2023;7;10;801;801004;-;2;12;6;2;3;11;5;206000;1
2023;7;10;801;801007;-;1;11;5;2;3;11;4;1000;1
2023;7;10;801;801007;-;1;11;5;2;3;11;5;50000;1
2023;7;10;801;801007;-;2;5;4;2;3;11;2;580000;1
2023;7;10;801;801007;-;2;5;4;2;3;11;5;4320;1
2023;7;10;801;801007;-;2;8;4;2;3;11;2;508249;1
2023;7;10;801;801007;-;2;8;4;2;3;11;4;730;1
2023;7;10;801;801007;-;2;8;4;2;3;11;5;21900;1
2023;7;10;802;802005;-;2;2;7;2;3;11;2;5470410;1
2023;7;10;802;802005;-;2;2;7;2;3;11;4;19600;1
2023;7;10;802;802005;-;2;2;7;2;3;11;5;175565;1
2023;7;11;801;801007;-;2;5;4;2;3;11;2;896084;1
2023;7;11;801;801007;-;2;5;4;2;3;11;4;2200;1
2023;7;11;801;801007;-;2;5;4;2;3;11;5;102000;1
2023;7;11;802;802002;-;2;5;4;2;3;11;2;2163390;4
2023;7;11;802;802002;-;2;5;4;2;3;11;4;3390;4
2023;7;11;802;802002;-;2;5;4;2;3;11;5;108950;4
2023;7;11;802;802002;-;2;11;3;2;3;11;1;5000;1
2023;7;11;802;802002;-;2;11;3;2;3;11;2;21000;1
2023;7;11;802;802002;-;2;11;3;2;3;11;4;1200;1
2023;7;11;802;802002;-;2;11;3;2;3;11;5;5500;1
2023;7;11;802;802002;-;2;11;4;2;3;11;2;3782507;5
2023;7;11;802;802002;-;2;11;4;2;3;11;4;4085;5
2023;7;11;802;802002;-;2;11;4;2;3;11;5;163000;5
2023;7;11;802;802002;-;2;11;5;2;3;11;2;1953110;2
2023;7;11;802;802002;-;2;11;5;2;3;11;4;3000;1
2023;7;11;802;802002;-;2;11;5;2;3;11;5;14000;1
2023;7;13;801;801001;-;2;5;2;2;3;11;2;168000;1
2023;7;13;801;801001;-;2;5;2;2;3;11;4;730;1
2023;7;13;801;801001;-;2;5;2;2;3;11;5;29200;1
2023;7;13;801;801001;-;2;5;4;2;3;11;2;505370;1
2023;7;13;801;801001;-;2;5;4;2;3;11;4;1500;1
2023;7;13;801;801001;-;2;5;4;2;3;11;5;8000;1
2023;7;13;801;801001;-;2;5;5;2;3;11;2;2079908;1
2023;7;13;801;801001;-;2;5;5;2;3;11;4;3000;1
2023;7;13;801;801001;-;2;5;5;2;3;11;5;25000;1
2023;7;13;801;801001;-;2;8;4;2;3;11;2;1489583;1
2023;7;13;801;801001;-;2;8;4;2;3;11;5;54000;1
2023;7;13;801;801001;-;2;8;7;2;3;11;2;8757337;1
2023;7;13;801;801001;-;2;8;7;2;3;11;4;3650;1
2023;7;13;801;801001;-;2;8;7;2;3;11;5;236600;1
2023;7;13;801;801001;-;2;11;3;2;3;11;2;228648;1
2023;7;13;801;801001;-;2;11;3;2;3;11;4;800;1
2023;7;13;801;801001;-;2;11;3;2;3;11;5;18900;1
2023;7;13;801;801001;-;2;11;4;2;3;11;2;369461;2
2023;7;13;801;801001;-;2;11;4;2;3;11;4;15730;2
2023;7;13;801;801001;-;2;11;4;2;3;11;5;38000;2
2023;7;13;801;801001;-;2;11;5;2;3;11;2;534369;1
2023;7;13;801;801001;-;2;11;5;2;3;11;4;3000;1
2023;7;13;801;801001;-;2;11;5;2;3;11;5;35000;1
2023;7;13;801;801001;-;2;13;6;2;3;11;2;2150735;1
2023;7;13;801;801001;-;2;13;6;2;3;11;4;5500;1
2023;7;13;801;801001;-;2;13;6;2;3;11;5;55000;1
2023;7;13;801;801003;-;2;5;3;2;3;11;2;939123;2
2023;7;13;801;801003;-;2;5;3;2;3;11;4;2500;1
2023;7;13;801;801003;-;2;5;3;2;3;11;5;56800;2
2023;7;13;801;801003;-;2;5;4;2;3;11;2;772966;1
2023;7;13;801;801003;-;2;5;4;2;3;11;4;728;1
2023;7;13;801;801003;-;2;5;4;2;3;11;5;48662;1
2023;7;13;801;801003;-;2;5;5;2;3;11;2;295599;1
2023;7;13;801;801003;-;2;5;5;2;3;11;4;2500;1
2023;7;13;801;801003;-;2;5;5;2;3;11;5;33500;1
2023;7;13;801;801003;-;2;8;3;2;3;11;2;1299066;3
2023;7;13;801;801003;-;2;8;3;2;3;11;4;365;1
2023;7;13;801;801003;-;2;8;3;2;3;11;5;31073;3
2023;7;13;801;801003;-;2;11;3;2;3;11;2;607687;1
2023;7;13;801;801003;-;2;11;3;2;3;11;4;400;1
2023;7;13;801;801003;-;2;11;3;2;3;11;5;18000;1
2023;7;13;801;801003;-;2;11;5;2;3;11;2;2285179;2
2023;7;13;801;801003;-;2;11;5;2;3;11;4;3800;2
2023;7;13;801;801003;-;2;11;5;2;3;11;5;99700;2
2023;7;13;801;801003;-;2;12;7;2;3;11;2;4616503;1
2023;7;13;801;801003;-;2;12;7;2;3;11;4;8726;1
2023;7;13;801;801003;-;2;12;7;2;3;11;5;190360;1
2023;7;13;801;801006;-;2;5;3;2;3;11;2;2754118;5
2023;7;13;801;801006;-;2;5;3;2;3;11;4;5765;5
2023;7;13;801;801006;-;2;5;3;2;3;11;5;118460;5
2023;7;13;801;801006;-;2;8;3;2;3;11;2;840000;1
2023;7;13;801;801006;-;2;8;3;2;3;11;4;10000;1
2023;7;13;801;801006;-;2;8;3;2;3;11;5;28800;1
2023;7;13;801;801006;-;2;11;5;2;3;11;2;862748;1
2023;7;13;801;801006;-;2;11;5;2;3;11;3;70000;1
2023;7;13;801;801006;-;2;11;5;2;3;11;4;2700;2
2023;7;13;801;801006;-;2;11;5;2;3;11;5;24516;2
2023;7;13;802;802004;-;2;11;4;2;3;11;2;36500;1
2023;7;13;802;802004;-;2;11;4;2;3;11;4;700;1
2023;7;13;802;802004;-;2;11;4;2;3;11;5;2500;1
2023;7;14;802;802005;-;2;13;7;2;3;11;2;5103000;1
2023;7;14;802;802005;-;2;13;7;2;3;11;4;7300;1
2023;7;14;802;802005;-;2;13;7;2;3;11;5;38000;1
2023;7;14;802;802005;-;18;5;1;1;1;11;2;592010;1
2023;7;14;802;802005;-;18;5;1;1;1;11;4;100;1
2023;7;15;804;804006;-;2;5;2;2;3;11;2;17701;1
2023;7;15;804;804006;-;2;5;2;2;3;11;4;365;1
2023;7;15;804;804006;-;2;5;2;2;3;11;5;8760;1
2023;7;15;804;804006;-;2;5;3;2;3;11;2;308289;1
2023;7;15;804;804006;-;2;5;3;2;3;11;4;1095;1
2023;7;15;804;804006;-;2;5;3;2;3;11;5;9125;1
2023;7;15;804;804006;-;2;5;4;2;3;11;2;1602060;3
2023;7;15;804;804006;-;2;5;4;2;3;11;4;2190;2
2023;7;15;804;804006;-;2;5;4;2;3;11;5;45000;1
2023;7;15;804;804006;-;2;5;5;2;3;11;2;4846440;5
2023;7;15;804;804006;-;2;5;5;2;3;11;4;40214;4
2023;7;15;804;804006;-;2;5;5;2;3;11;5;152938;5
2023;7;15;804;804006;-;2;5;6;2;3;11;2;3519950;2
2023;7;15;804;804006;-;2;5;6;2;3;11;4;10200;2
2023;7;15;804;804006;-;2;5;6;2;3;11;5;140000;2
2023;7;15;804;804006;-;2;8;3;2;3;11;2;407647;2
2023;7;15;804;804006;-;2;8;3;2;3;11;4;1095;1
2023;7;15;804;804006;-;2;8;3;2;3;11;5;15540;2
2023;7;15;804;804006;-;2;8;5;2;3;11;2;3636520;1
2023;7;15;804;804006;-;2;8;5;2;3;11;4;3650;1
2023;7;15;804;804006;-;2;8;5;2;3;11;5;34800;1
2023;7;15;804;804006;-;2;8;6;2;3;11;2;1305151;1
2023;7;15;804;804006;-;2;8;6;2;3;11;4;3650;1
2023;7;15;804;804006;-;2;8;6;2;3;11;5;67350;1
2023;7;15;804;804006;-;2;8;7;2;3;11;2;15283013;2
2023;7;15;804;804006;-;2;8;7;2;3;11;4;25000;1
2023;7;15;804;804006;-;2;8;7;2;3;11;5;492500;2
2023;7;15;804;804006;-;2;9;3;2;3;11;2;302950;1
2023;7;15;804;804006;-;2;9;3;2;3;11;4;1800;1
2023;7;15;804;804006;-;2;9;3;2;3;11;5;28000;1
2023;7;15;804;804006;-;2;9;4;2;3;11;2;449994;1
2023;7;15;804;804006;-;2;9;4;2;3;11;4;730;1
2023;7;15;804;804006;-;2;9;4;2;3;11;5;94500;1
2023;7;15;804;804006;-;2;9;5;2;3;11;2;1018591;1
2023;7;15;804;804006;-;2;9;6;2;3;11;2;5145152;2
2023;7;15;804;804006;-;2;9;6;2;3;11;4;10190;2
2023;7;15;804;804006;-;2;9;6;2;3;11;5;256700;2
2023;7;15;804;804006;-;2;11;2;2;3;11;2;268685;1
2023;7;15;804;804006;-;2;11;2;2;3;11;4;3000;1
2023;7;15;804;804006;-;2;11;2;2;3;11;5;7000;1
2023;7;15;804;804006;-;2;11;3;2;3;11;2;1891213;4
2023;7;15;804;804006;-;2;11;3;2;3;11;4;2915;3
2023;7;15;804;804006;-;2;11;3;2;3;11;5;22300;3
2023;7;15;804;804006;-;2;11;4;2;3;11;2;1467259;2
2023;7;15;804;804006;-;2;11;4;2;3;11;4;3720;2
2023;7;15;804;804006;-;2;11;4;2;3;11;5;104300;2
2023;7;15;804;804006;-;2;11;5;2;3;11;2;3540582;2
2023;7;15;804;804006;-;2;11;5;2;3;11;4;13650;2
2023;7;15;804;804006;-;2;11;5;2;3;11;5;201000;2
2023;7;15;804;804006;-;2;11;6;2;3;11;2;4516257;2
2023;7;15;804;804006;-;2;11;6;2;3;11;4;33000;2
2023;7;15;804;804006;-;2;11;6;2;3;11;5;168000;2
2023;7;15;804;804006;-;2;12;4;2;3;11;2;962183;1
2023;7;15;804;804006;-;2;12;4;2;3;11;4;3650;1
2023;7;15;804;804006;-;2;12;4;2;3;11;5;69350;1
2023;7;15;804;804006;-;2;12;5;2;3;11;2;9543186;3
2023;7;15;804;804006;-;2;12;5;2;3;11;4;13000;2
2023;7;15;804;804006;-;2;12;5;2;3;11;5;170000;2
2023;7;15;804;804006;-;2;12;6;2;3;11;2;3696019;2
2023;7;15;804;804006;-;2;12;6;2;3;11;4;22920;2
2023;7;15;804;804006;-;2;12;6;2;3;11;5;150000;2
2023;7;15;804;804006;-;2;12;7;2;3;11;2;1440523;1
2023;7;15;804;804006;-;2;12;7;2;3;11;4;38000;1
2023;7;15;804;804006;-;2;12;7;2;3;11;5;130000;1
2023;7;16;805;805007;-;2;2;7;2;3;11;2;3716603;1
2023;7;16;805;805007;-;2;2;7;2;3;11;4;7300;1
2023;7;16;805;805007;-;2;2;7;2;3;11;5;53280;1
2023;7;16;805;805007;-;2;5;2;2;3;11;2;392163;1
2023;7;16;805;805007;-;2;5;2;2;3;11;5;36000;1
2023;7;16;805;805007;-;2;5;3;2;3;11;2;593216;2
2023;7;16;805;805007;-;2;5;3;2;3;11;4;2000;1
2023;7;16;805;805007;-;2;5;3;2;3;11;5;35000;1
2023;7;16;805;805007;-;2;5;4;2;3;11;2;2236177;3
2023;7;16;805;805007;-;2;5;4;2;3;11;4;2410;3
2023;7;16;805;805007;-;2;5;4;2;3;11;5;49370;3
2023;7;16;805;805007;-;2;5;5;1;1;11;2;987277;1
2023;7;16;805;805007;-;2;5;5;1;1;11;4;3650;1
2023;7;16;805;805007;-;2;5;5;1;1;11;5;28800;1
2023;7;16;805;805007;-;2;5;5;2;3;11;2;2815459;2
2023;7;16;805;805007;-;2;5;5;2;3;11;4;9125;2
2023;7;16;805;805007;-;2;5;5;2;3;11;5;64014;2
2023;7;16;805;805007;-;2;5;6;2;3;11;2;3148988;1
2023;7;16;805;805007;-;2;5;6;2;3;11;4;7300;1
2023;7;16;805;805007;-;2;5;6;2;3;11;5;69000;1
2023;7;16;805;805007;-;2;8;3;2;3;11;2;824226;2
2023;7;16;805;805007;-;2;8;3;2;3;11;4;1350;1
2023;7;16;805;805007;-;2;8;3;2;3;11;5;12800;1
2023;7;16;805;805007;-;2;8;4;2;3;11;2;1052841;1
2023;7;16;805;805007;-;2;8;4;2;3;11;4;4000;1
2023;7;16;805;805007;-;2;8;4;2;3;11;5;50000;1
2023;7;16;805;805007;-;2;8;5;2;3;11;2;1237685;1
2023;7;16;805;805007;-;2;8;5;2;3;11;4;2100;1
2023;7;16;805;805007;-;2;8;5;2;3;11;5;55800;1
2023;7;16;805;805007;-;2;8;6;2;3;11;2;3108872;1
2023;7;16;805;805007;-;2;8;6;2;3;11;5;8560;1
2023;7;16;805;805007;-;2;9;5;2;3;11;2;5677250;3
2023;7;16;805;805007;-;2;9;5;2;3;11;4;14575;3
2023;7;16;805;805007;-;2;9;5;2;3;11;5;155300;3
2023;7;16;805;805007;-;2;11;3;2;3;11;2;1244224;2
2023;7;16;805;805007;-;2;11;3;2;3;11;4;4016;2
2023;7;16;805;805007;-;2;11;4;2;3;11;2;1556393;3
2023;7;16;805;805007;-;2;11;4;2;3;11;4;17775;3
2023;7;16;805;805007;-;2;11;4;2;3;11;5;77900;3
2023;7;16;805;805007;-;2;11;5;1;1;11;1;987277;1
2023;7;16;805;805007;-;2;11;5;1;1;11;4;1460;1
2023;7;16;805;805007;-;2;11;5;1;1;11;5;14014;1
2023;7;16;805;805007;-;2;11;5;2;3;11;1;1226875;1
2023;7;16;805;805007;-;2;11;5;2;3;11;2;943011;2
2023;7;16;805;805007;-;2;11;5;2;3;11;4;17000;2
2023;7;16;805;805007;-;2;11;5;2;3;11;5;192740;3
2023;7;16;805;805007;-;2;11;6;2;3;11;2;1650444;1
2023;7;16;805;805007;-;2;11;6;2;3;11;4;5500;1
2023;7;16;805;805007;-;2;11;6;2;3;11;5;78000;1
2023;7;16;805;805007;-;2;13;5;2;3;11;2;330689;1
2023;7;16;805;805007;-;2;13;5;2;3;11;4;730;1
2023;7;16;805;805007;-;2;13;5;2;3;11;5;16500;1
2023;7;16;805;805007;-;2;13;6;2;3;11;2;3361633;1
2023;7;16;805;805007;-;2;13;6;2;3;11;4;5200;1
2023;7;16;805;805007;-;2;13;6;2;3;11;5;20000;1
2023;8;2;0;0;-;18;11;1;1;1;11;3;5100;1
2023;8;2;0;0;-;18;11;1;1;1;11;4;700;1
2023;8;2;0;0;-;18;11;1;1;1;11;5;1000;1
2023;8;2;907;907001;-;2;5;2;2;3;11;1;380000;1
2023;8;2;907;907001;-;2;5;2;2;3;11;4;10000;1
2023;8;2;907;907001;-;2;5;2;2;3;11;5;15000;1
2023;8;2;907;907001;-;2;5;3;2;3;11;2;1034317;1
2023;8;2;907;907001;-;2;5;3;2;3;11;4;1700;1
2023;8;2;907;907001;-;2;5;3;2;3;11;5;30000;1
2023;8;2;907;907001;-;2;5;4;2;3;11;1;380000;1
2023;8;2;907;907001;-;2;5;4;2;3;11;2;1400000;2
2023;8;2;907;907001;-;2;5;4;2;3;11;4;5200;3
2023;8;2;907;907001;-;2;5;4;2;3;11;5;120000;3
2023;8;2;907;907001;-;2;11;2;2;3;11;1;386428;1
2023;8;2;907;907001;-;2;11;2;2;3;11;4;2000;1
2023;8;2;907;907001;-;2;11;2;2;3;11;5;20000;1
2023;8;2;907;907004;-;2;14;5;2;3;11;2;451237;1
2023;8;2;907;907004;-;2;14;5;2;3;11;4;720;1
2023;8;2;907;907004;-;2;14;5;2;3;11;5;36500;1
2023;8;3;904;904003;-;1;5;2;2;3;11;3;40050;2
2023;8;3;905;905001;-;2;5;5;2;3;11;2;1415239;2
2023;8;3;905;905001;-;2;5;5;2;3;11;4;4250;2
2023;8;3;905;905001;-;2;5;5;2;3;11;5;56400;2
2023;8;3;905;905002;-;2;5;4;2;3;11;2;2122705;1
2023;8;3;905;905002;-;2;5;4;2;3;11;4;2100;1
2023;8;3;905;905002;-;2;5;4;2;3;11;5;55000;1
2023;8;3;905;905003;-;2;5;2;2;3;11;3;50000;1
2023;8;3;905;905003;-;2;5;2;2;3;11;4;2000;1
2023;8;3;905;905003;-;2;5;2;2;3;11;5;2000;1
2023;8;3;905;905003;-;2;5;6;2;3;11;2;1902571;1
2023;8;3;905;905003;-;2;5;6;2;3;11;4;10000;1
2023;8;3;905;905003;-;2;5;6;2;3;11;5;75000;1
2023;8;3;905;905003;-;2;11;5;2;3;11;2;1062000;1
2023;8;3;905;905003;-;2;11;5;2;3;11;4;2400;1
2023;8;3;905;905003;-;2;11;5;2;3;11;5;43000;1
2023;8;4;903;903005;-;64;13;5;3;4;11;3;79619;1
2023;8;4;903;903005;-;64;13;5;3;4;11;4;54190;1
2023;8;4;903;903005;-;64;13;5;3;4;11;5;29286;1
2023;8;4;905;905001;-;2;5;2;2;3;11;1;24000;1
2023;8;4;905;905001;-;2;5;2;2;3;11;4;1000;1
2023;8;4;905;905001;-;2;5;2;2;3;11;5;500;1
2023;8;4;906;906004;-;2;5;4;2;3;11;2;5000;1
2023;8;4;906;906004;-;2;5;4;2;3;11;4;900;1
2023;8;4;906;906004;-;2;5;4;2;3;11;5;3650;1
2023;8;8;902;902005;-;2;5;6;2;3;11;2;360718;1
2023;8;8;902;902005;-;2;5;6;2;3;11;4;1550;1
2023;8;8;902;902005;-;2;5;6;2;3;11;5;23500;1
2023;8;9;902;902004;-;1;1;6;2;3;11;4;4260;1
2023;8;9;902;902004;-;1;1;6;2;3;11;5;10860;1
2023;8;13;905;905004;-;1;5;3;2;3;11;1;200;1
2023;8;13;905;905004;-;2;5;2;2;3;11;2;37000;1
2023;8;13;905;905004;-;2;5;2;2;3;11;4;715;1
2023;8;13;905;905004;-;2;5;2;2;3;11;5;3650;1
2023;8;13;905;905004;-;2;5;5;2;3;11;2;222699;1
2023;8;13;905;905004;-;2;5;5;2;3;11;4;900;1
2023;8;13;905;905004;-;2;5;5;2;3;11;5;4340;1
2023;8;13;905;905004;-;2;8;2;2;3;11;2;100719;1
2023;8;13;905;905004;-;2;8;2;2;3;11;4;1400;1
2023;8;13;905;905004;-;2;8;2;2;3;11;5;8000;1
2023;8;13;905;905005;-;2;8;2;2;3;11;3;64000;1
2023;8;13;905;905005;-;2;8;2;2;3;11;4;3000;1
2023;8;13;905;905005;-;2;8;2;2;3;11;5;6000;1
2023;8;13;905;905005;-;2;11;3;2;3;11;2;603734;1
2023;8;13;905;905005;-;2;11;3;2;3;11;4;1065;1
2023;8;13;905;905005;-;2;11;3;2;3;11;5;25920;1
2023;8;13;906;906001;-;1;11;3;4;4;4;3;8000;1
2023;8;13;906;906001;-;1;11;3;4;4;4;4;2000;1
2023;8;13;906;906001;-;2;5;2;2;3;11;1;43200;1
2023;8;13;906;906001;-;2;5;2;2;3;11;2;285000;3
2023;8;13;906;906001;-;2;5;2;2;3;11;4;4300;4
2023;8;13;906;906001;-;2;5;2;2;3;11;5;15200;3
2023;8;13;906;906001;-;2;5;3;2;3;11;1;110;1
2023;8;13;906;906001;-;2;5;3;2;3;11;2;314725;1
2023;8;13;906;906001;-;2;5;3;2;3;11;4;503;2
2023;8;13;906;906001;-;2;5;3;2;3;11;5;9015;2
2023;8;13;906;906003;-;2;5;3;2;3;11;2;154465;1
2023;8;13;906;906003;-;2;5;3;2;3;11;4;200;1
2023;9;2;1002;1002001;-;2;11;5;2;3;11;2;483674;1
2023;9;2;1002;1002001;-;2;11;5;2;3;11;4;3600;1
2023;9;2;1002;1002001;-;2;11;5;2;3;11;5;27000;1
2023;9;2;1002;1002005;-;2;11;5;2;3;11;2;246239;1
2023;9;2;1002;1002005;-;2;11;5;2;3;11;4;700;1
2023;9;2;1002;1002005;-;2;11;5;2;3;11;5;15000;1
2023;9;2;1002;1002007;-;2;5;3;2;3;11;1;22000;1
2023;9;2;1002;1002007;-;2;5;3;2;3;11;2;214500;2
2023;9;2;1002;1002007;-;2;5;3;2;3;11;4;2550;2
2023;9;2;1002;1002007;-;2;5;3;2;3;11;5;4000;2
2023;9;2;1002;1002007;-;2;5;4;2;3;11;2;529237;1
2023;9;2;1002;1002007;-;2;5;4;2;3;11;4;1200;1
2023;9;2;1002;1002007;-;2;5;4;2;3;11;5;10000;1
2023;9;2;1002;1002007;-;2;8;3;2;3;11;2;255000;1
2023;9;2;1002;1002007;-;2;8;3;2;3;11;4;170;1
2023;9;2;1002;1002007;-;2;8;3;2;3;11;5;14600;1
2023;9;2;1003;1003004;-;2;5;2;2;3;11;2;38950;1
2023;9;2;1003;1003004;-;2;5;2;2;3;11;4;510;1
2023;9;2;1003;1003004;-;2;5;2;2;3;11;5;3000;1
2023;9;2;1003;1003004;-;2;5;3;2;3;4;3;3200;1
2023;9;2;1003;1003004;-;2;5;3;2;3;4;4;200;1
2023;9;2;1003;1003004;-;2;5;3;2;3;4;5;350;1
2023;9;2;1003;1003004;-;2;5;3;2;3;4;10;3200;1
2023;9;5;1004;1004001;-;2;5;3;2;3;11;2;789968;3
2023;9;5;1004;1004001;-;2;5;3;2;3;11;4;3570;3
2023;9;5;1004;1004001;-;2;5;3;2;3;11;5;30600;3
2023;9;5;1004;1004001;-;2;5;6;2;3;11;1;1131477;1
2023;9;5;1004;1004001;-;2;5;6;2;3;11;4;10200;1
2023;9;5;1004;1004001;-;2;5;6;2;3;11;5;102550;1
2023;9;5;1004;1004001;-;2;8;4;2;3;11;2;362228;1
2023;9;5;1004;1004001;-;2;8;4;2;3;11;4;950;1
2023;9;5;1004;1004001;-;2;8;4;2;3;11;5;10000;1
2023;9;5;1004;1004001;-;2;11;3;2;3;11;2;644771;2
2023;9;5;1004;1004001;-;2;11;3;2;3;11;4;1565;2
2023;9;5;1004;1004001;-;2;11;3;2;3;11;5;30250;2
2023;9;5;1004;1004001;-;2;11;4;2;3;11;2;832808;2
2023;9;5;1004;1004001;-;2;11;4;2;3;11;4;2555;2
2023;9;5;1004;1004001;-;2;11;4;2;3;11;5;46100;2
2023;9;6;1003;1003006;-;2;2;5;2;3;11;1;31320;1
2023;9;6;1003;1003006;-;2;2;5;2;3;11;3;3398608;1
2023;9;6;1003;1003006;-;2;2;5;2;3;11;4;9427;1
2023;9;6;1003;1003006;-;2;8;4;2;3;11;2;132682;1
2023;9;6;1003;1003006;-;2;8;4;2;3;11;4;2200;1
2023;9;6;1003;1003006;-;2;8;4;2;3;11;5;22170;1
2023;9;8;1001;1001001;-;2;5;4;2;3;11;1;260500;1
2023;9;8;1001;1001001;-;2;5;4;2;3;11;4;600;1
2023;9;8;1001;1001001;-;2;5;4;2;3;11;5;13000;1
2023;9;8;1001;1001002;-;2;5;5;2;3;11;2;293211;1
2023;9;8;1001;1001002;-;2;5;5;2;3;11;5;50000;1
2023;9;12;1002;1002005;-;2;11;2;2;3;11;2;123000;1
2023;9;12;1002;1002005;-;2;11;2;2;3;11;4;747;1
2023;9;12;1002;1002005;-;2;11;2;2;3;11;5;10010;1
2023;9;12;1002;1002005;-;2;11;6;2;3;11;2;870427;1
2023;9;12;1002;1002005;-;2;11;6;2;3;11;4;2500;1
2023;9;12;1002;1002005;-;2;11;6;2;3;11;5;55000;1
2023;9;12;1002;1002006;-;2;5;2;2;3;11;3;5000;1
2023;9;12;1002;1002006;-;2;5;4;2;3;11;2;1905342;1
2023;9;12;1002;1002006;-;2;5;4;2;3;11;4;3000;1
2023;9;12;1002;1002006;-;2;5;4;2;3;11;5;100000;1
2023;10;18;101;101002;-;2;5;2;2;3;11;3;36000;1
2023;10;18;101;101002;-;2;5;2;2;3;11;4;3000;1
2023;10;24;102;102006;-;2;5;2;2;3;11;2;105708;1
2023;10;24;102;102006;-;2;5;2;2;3;11;4;2360;1
2023;10;24;102;102006;-;2;5;2;2;3;11;5;2640;1
2023;11;3;1101;1101006;-;2;11;2;2;3;11;2;256000;1
2023;11;3;1101;1101006;-;2;11;2;2;3;11;4;730;1
2023;11;3;1101;1101006;-;2;11;2;2;3;11;5;12500;1
2023;11;3;1102;1102005;-;1;2;2;2;3;11;2;589463;1
2023;11;3;1102;1102005;-;1;2;2;2;3;11;4;830;1
2023;11;3;1102;1102005;-;1;2;2;2;3;11;5;6800;1
2023;11;3;1102;1102005;-;2;5;2;2;3;11;2;100000;1
2023;11;3;1102;1102005;-;2;5;2;2;3;11;5;5000;1
2023;11;3;1104;1104002;-;2;5;2;2;3;11;2;110000;1
2023;11;3;1104;1104002;-;2;5;2;2;3;11;4;365;1
2023;11;4;0;0;-;63;5;1;1;1;11;2;18000;1
2023;11;4;0;0;-;63;5;1;1;1;11;4;500;1
2023;11;4;0;0;-;63;5;1;1;1;11;5;500;1
2023;11;4;1103;1103004;-;2;5;4;2;3;11;2;100000;1
2023;11;4;1103;1103005;-;2;12;5;2;3;11;2;1984524;1
2023;11;4;1103;1103005;-;2;12;5;2;3;11;5;36000;1
2023;11;4;1104;1104005;-;2;2;7;2;3;11;2;2183778;1
2023;11;4;1104;1104005;-;2;2;7;2;3;11;4;4080;1
2023;11;4;1104;1104005;-;2;2;7;2;3;11;5;290830;1
2023;11;4;1104;1104005;-;2;5;5;2;3;11;2;1091608;1
2023;11;4;1104;1104005;-;2;5;5;2;3;11;4;250;1
2023;11;4;1104;1104005;-;2;5;5;2;3;11;5;14300;1
2023;11;4;1104;1104005;-;2;11;3;2;3;11;2;91042;1
2023;11;4;1104;1104005;-;2;11;3;2;3;11;5;200;1
2023;11;4;1104;1104006;-;2;5;2;2;3;11;2;55000;1
2023;11;4;1104;1104006;-;2;5;2;2;3;11;4;280;1
2023;11;4;1104;1104006;-;2;5;2;2;3;11;5;6500;1
2023;11;4;1104;1104006;-;2;5;4;2;3;11;2;1740880;1
2023;11;4;1104;1104006;-;2;5;4;2;3;11;4;1650;1
2023;11;4;1104;1104006;-;2;5;4;2;3;11;5;50000;1
2023;11;4;1104;1104006;-;2;5;5;2;3;11;2;861079;1
2023;11;4;1104;1104006;-;2;5;5;2;3;11;4;1200;1
2023;11;4;1104;1104006;-;2;5;5;2;3;11;5;40000;1
2023;11;4;1104;1104006;-;2;8;7;2;3;11;2;2637966;1
2023;11;4;1104;1104006;-;2;8;7;2;3;11;4;9269;1
2023;11;4;1104;1104006;-;2;8;7;2;3;11;5;58730;1
2023;11;4;1104;1104006;-;2;12;5;2;3;11;2;1211000;1
2023;11;4;1104;1104006;-;2;12;5;2;3;11;4;1825;1
2023;11;4;1105;1105001;-;1;1;7;2;3;11;2;1004510;1
2023;11;4;1105;1105001;-;1;1;7;2;3;11;5;35000;1
2023;11;4;1105;1105001;-;2;1;3;2;3;11;2;59792;1
2023;11;4;1105;1105001;-;2;5;2;2;3;11;2;110000;1
2023;11;4;1105;1105001;-;2;5;2;2;3;11;4;3500;1
2023;11;4;1105;1105001;-;2;5;2;2;3;11;5;1000;1
2023;11;4;1105;1105001;-;2;5;3;2;3;11;2;525000;2
2023;11;4;1105;1105001;-;2;5;3;2;3;11;4;665;2
2023;11;4;1105;1105001;-;2;5;3;2;3;11;5;14100;2
2023;11;4;1105;1105001;-;2;5;4;2;3;11;2;1497507;4
2023;11;4;1105;1105001;-;2;5;4;2;3;11;4;4660;4
2023;11;4;1105;1105001;-;2;5;4;2;3;11;5;22625;4
2023;11;4;1105;1105001;-;2;11;3;2;3;11;2;60000;1
2023;11;4;1105;1105001;-;2;11;3;2;3;11;4;1000;1
2023;11;4;1105;1105001;-;2;11;3;2;3;11;5;400;1
2023;11;4;1105;1105001;-;2;11;4;2;3;11;2;657000;1
2023;11;4;1105;1105001;-;2;11;4;2;3;11;4;1500;1
2023;11;4;1105;1105001;-;2;11;4;2;3;11;5;25000;1
2023;11;4;1105;1105001;-;2;12;4;2;3;11;2;293748;1
2023;11;4;1105;1105001;-;2;12;4;2;3;11;4;800;1
2023;11;4;1105;1105001;-;2;12;4;2;3;11;5;1000;1
2023;11;4;1105;1105002;-;2;5;3;2;3;11;2;220000;1
2023;11;4;1105;1105002;-;2;5;3;2;3;11;4;200;1
2023;11;4;1105;1105002;-;2;5;3;2;3;11;5;21000;1
2023;11;4;1105;1105002;-;2;5;4;2;3;11;2;188000;1
2023;11;4;1105;1105002;-;2;5;4;2;3;11;4;1700;1
2023;11;4;1105;1105002;-;2;5;4;2;3;11;5;400;1
2023;11;4;1105;1105002;-;2;8;2;2;3;11;2;54700;1
2023;11;4;1105;1105002;-;2;8;2;2;3;11;5;3600;1
2023;11;4;1105;1105002;-;2;8;3;2;3;11;2;462973;1
2023;11;4;1105;1105002;-;2;8;3;2;3;11;4;730;1
2023;11;4;1105;1105002;-;2;11;2;2;3;11;1;54000;1
2023;11;4;1105;1105002;-;2;11;2;2;3;11;2;146160;1
2023;11;4;1105;1105002;-;2;11;2;2;3;11;4;1220;2
2023;11;4;1105;1105002;-;2;11;2;2;3;11;5;8000;2
2023;11;4;1105;1105002;-;2;11;3;2;3;11;2;420000;1
2023;11;4;1105;1105002;-;2;11;3;2;3;11;4;1865;1
2023;11;4;1105;1105002;-;2;11;3;2;3;11;5;15000;1
2023;11;4;1105;1105002;-;2;14;3;2;3;11;2;310000;1
2023;11;4;1105;1105002;-;2;14;3;2;3;11;4;1100;1
2023;11;4;1105;1105002;-;2;14;3;2;3;11;5;10000;1
2023;11;4;1105;1105002;-;2;14;4;2;3;11;2;336755;1
2023;11;4;1105;1105002;-;2;14;4;2;3;11;4;850;1
2023;11;4;1105;1105002;-;2;14;4;2;3;11;5;14470;1
2023;11;5;1102;1102002;-;2;5;5;2;3;11;2;840000;1
2023;11;5;1102;1102002;-;2;5;5;2;3;11;4;1300;1
2023;11;5;1102;1102002;-;2;5;5;2;3;11;5;20000;1
2023;11;5;1103;1103004;-;1;5;3;2;3;11;2;62000;1
2023;11;5;1103;1103004;-;1;5;3;2;3;11;4;730;1
2023;11;5;1104;1104001;-;2;5;4;2;3;11;2;1794458;1
2023;11;5;1104;1104001;-;2;5;4;2;3;11;4;2500;1
2023;11;5;1104;1104001;-;2;5;4;2;3;11;5;60000;1
2023;11;5;1104;1104001;-;2;13;5;2;3;11;2;1700;1
2023;11;5;1104;1104001;-;2;13;5;2;3;11;4;10;1
2023;11;5;1104;1104001;-;2;13;5;2;3;11;5;40;1
2023;11;5;1104;1104002;-;2;5;3;2;3;11;2;150000;1
2023;11;5;1104;1104002;-;2;5;3;2;3;11;4;365;1
2023;11;5;1104;1104002;-;2;5;3;2;3;11;5;14000;1
2023;11;5;1104;1104002;-;2;5;4;2;3;11;2;1556944;3
2023;11;5;1104;1104002;-;2;5;4;2;3;11;4;2705;3
2023;11;5;1104;1104002;-;2;5;4;2;3;11;5;99500;3
2023;11;5;1104;1104002;-;2;11;3;2;3;11;2;285318;1
2023;11;5;1104;1104002;-;2;11;3;2;3;11;5;7300;1
2023;11;5;1104;1104002;-;2;11;4;2;3;11;2;1498755;3
2023;11;5;1104;1104002;-;2;11;4;2;3;11;4;2000;3
2023;11;5;1104;1104002;-;2;11;4;2;3;11;5;39000;3
2023;11;5;1104;1104002;-;2;11;6;2;3;11;2;4583188;1
2023;11;5;1104;1104002;-;2;11;6;2;3;11;4;5000;1
2023;11;5;1104;1104002;-;2;11;6;2;3;11;5;174700;1
2023;11;5;1104;1104002;-;2;12;5;2;3;11;2;1486760;1
2023;11;5;1104;1104002;-;2;12;5;2;3;11;5;24000;1
2023;11;5;1104;1104002;-;2;14;5;2;3;11;2;944693;1
2023;11;5;1104;1104002;-;2;14;5;2;3;11;4;2000;1
2023;11;5;1104;1104002;-;2;14;5;2;3;11;5;27000;1
2023;11;5;1105;1105001;-;2;5;3;2;3;11;1;405000;1
2023;11;5;1105;1105001;-;2;5;3;2;3;11;4;1800;1
2023;11;5;1105;1105001;-;2;5;3;2;3;11;5;4000;1
2023;11;5;1105;1105002;-;2;5;2;2;3;11;2;34000;1
2023;11;5;1105;1105002;-;2;5;4;2;3;11;1;455000;1
2023;11;5;1105;1105002;-;2;5;4;2;3;11;2;885416;1
2023;11;5;1105;1105002;-;2;5;4;2;3;11;4;4450;2
2023;11;5;1105;1105002;-;2;5;4;2;3;11;5;26000;1
2023;11;5;1105;1105002;-;2;11;3;2;3;11;2;168000;1
2023;11;5;1105;1105002;-;2;11;3;2;3;11;4;380;1
2023;11;5;1105;1105002;-;2;11;3;2;3;11;5;6700;1
2023;11;5;1105;1105002;-;2;14;5;2;3;11;2;933187;1
2023;11;5;1105;1105002;-;2;14;5;2;3;11;4;2200;1
2023;11;5;1105;1105002;-;2;14;5;2;3;11;5;29000;1
2023;11;6;1101;1101004;-;1;1;3;2;3;11;4;4000;1
2023;11;6;1101;1101004;-;1;1;3;2;3;11;5;810;1
2023;11;6;1101;1101004;-;1;5;2;2;3;11;3;52000;1
2023;11;6;1101;1101004;-;1;5;2;2;3;11;5;2000;1
2023;11;6;1101;1101004;-;1;5;5;1;1;11;3;182500;1
2023;11;6;1101;1101004;-;1;5;5;1;1;11;4;200;1
2023;11;6;1101;1101004;-;1;5;5;1;1;11;5;73000;1
2023;11;6;1101;1101004;-;1;5;5;2;3;4;3;146000;1
2023;11;6;1101;1101004;-;1;5;5;2;3;4;4;365;1
2023;11;6;1101;1101004;-;1;5;5;2;3;4;5;300;1
2023;11;6;1101;1101004;-;1;5;5;2;3;11;3;146000;1
2023;11;6;1101;1101004;-;1;5;5;2;3;11;4;365;1
2023;11;6;1101;1101004;-;1;5;5;2;3;11;5;300;1
2023;11;6;1101;1101004;-;1;8;6;2;3;11;2;1175874;1
2023;11;6;1101;1101004;-;1;8;6;2;3;11;4;2800;1
2023;11;6;1101;1101004;-;1;8;6;2;3;11;5;22200;1
2023;11;6;1101;1101004;-;2;5;3;2;3;11;3;216000;1
2023;11;6;1101;1101004;-;2;5;3;2;3;11;4;2000;1
2023;11;6;1101;1101004;-;2;5;4;2;3;11;2;205913;1
2023;11;6;1101;1101004;-;2;5;4;2;3;11;4;730;1
2023;11;6;1101;1101004;-;2;5;5;2;3;11;2;78000;1
2023;11;6;1101;1101004;-;2;5;5;2;3;11;4;365;1
2023;11;6;1101;1101004;-;2;5;5;2;3;11;5;18250;1
2023;11;6;1101;1101004;-;2;11;4;2;3;11;2;300000;1
2023;11;6;1101;1101004;-;2;11;4;2;3;11;4;2000;1
2023;11;6;1101;1101004;-;2;11;4;2;3;11;5;15000;1
2023;11;6;1101;1101005;-;1;2;9;2;3;11;2;4577869;1
2023;11;6;1101;1101005;-;1;2;9;2;3;11;4;9625;1
2023;11;6;1101;1101005;-;1;2;9;2;3;11;5;177108;1
2023;11;6;1101;1101005;-;1;11;5;2;3;11;3;219000;1
2023;11;6;1101;1101005;-;1;11;5;2;3;11;4;200;1
2023;11;6;1101;1101005;-;1;11;5;2;3;11;5;2200;1
2023;11;6;1101;1101005;-;2;5;3;2;3;11;2;154561;1
2023;11;6;1101;1101005;-;2;5;3;2;3;11;4;3300;1
2023;11;6;1101;1101005;-;2;5;3;2;3;11;5;25000;1
2023;11;6;1101;1101005;-;2;5;5;2;3;11;2;330000;1
2023;11;6;1101;1101005;-;2;5;5;2;3;11;4;1100;1
2023;11;6;1101;1101005;-;2;5;5;2;3;11;5;18250;1
2023;11;6;1101;1101005;-;2;11;5;2;3;11;2;783913;1
2023;11;6;1101;1101005;-;2;11;5;2;3;11;4;280;1
2023;11;6;1101;1101006;-;1;5;5;2;3;11;1;86700;1
2023;11;6;1101;1101006;-;1;5;5;2;3;11;4;1000;1
2023;11;6;1101;1101006;-;1;5;5;2;3;11;5;4500;1
2023;11;6;1101;1101006;-;1;8;5;2;3;11;2;85000;1
2023;11;6;1101;1101006;-;1;8;5;2;3;11;4;1000;1
2023;11;6;1101;1101006;-;1;8;5;2;3;11;5;9000;1
2023;11;6;1101;1101006;-;2;5;4;2;3;11;2;255500;1
2023;11;6;1101;1101006;-;2;5;4;2;3;11;4;1100;1
2023;11;6;1101;1101006;-;2;5;4;2;3;11;5;20000;1
2023;11;6;1101;1101006;-;2;5;6;2;3;11;2;690000;1
2023;11;6;1101;1101006;-;2;5;6;2;3;11;4;1100;1
2023;11;6;1101;1101006;-;2;5;6;2;3;11;5;19000;1
2023;11;6;1101;1101006;-;2;8;4;2;3;11;2;252000;1
2023;11;6;1101;1101006;-;2;8;4;2;3;11;4;720;1
2023;11;6;1101;1101006;-;2;8;4;2;3;11;5;14400;1
2023;11;6;1101;1101006;-;2;11;4;2;3;11;2;429156;2
2023;11;6;1101;1101006;-;2;11;4;2;3;11;4;1200;2
2023;11;6;1101;1101006;-;2;11;4;2;3;11;5;73000;1
2023;11;6;1102;1102002;-;1;1;4;2;3;11;2;21972;1
2023;11;6;1102;1102002;-;1;1;4;2;3;11;4;3000;1
2023;11;6;1102;1102002;-;2;5;2;2;3;11;2;302288;1
2023;11;6;1102;1102002;-;2;5;2;2;3;11;4;6000;1
2023;11;6;1102;1102002;-;2;5;2;2;3;11;5;6000;1
2023;11;6;1102;1102002;-;2;11;3;2;3;11;2;180702;1
2023;11;6;1102;1102002;-;2;11;3;2;3;11;4;730;1
2023;11;6;1102;1102002;-;2;11;3;2;3;11;5;12775;1
2023;11;6;1103;1103003;-;2;5;4;2;3;11;2;49841;1
2023;11;6;1103;1103003;-;2;5;4;2;3;11;4;750;1
2023;11;6;1103;1103003;-;2;5;4;2;3;11;5;7200;1
2023;11;7;1101;1101001;-;1;9;7;2;3;11;2;1440000;1
2023;11;7;1101;1101001;-;1;9;7;2;3;11;4;45000;1
2023;11;7;1101;1101001;-;1;9;7;2;3;11;5;144000;1
2023;11;7;1101;1101001;-;1;14;5;2;3;11;2;282633;1
2023;11;7;1101;1101001;-;1;14;5;2;3;11;4;2007;1
2023;11;7;1101;1101001;-;1;14;5;2;3;11;5;18000;1
2023;11;7;1101;1101001;-;2;5;4;2;3;11;2;176740;2
2023;11;7;1101;1101001;-;2;5;4;2;3;11;4;2500;2
2023;11;7;1101;1101001;-;2;5;4;2;3;11;5;10000;1
2023;11;7;1101;1101002;-;1;5;3;2;3;11;2;423126;1
2023;11;7;1101;1101002;-;1;5;3;2;3;11;4;1200;1
2023;11;7;1101;1101002;-;1;5;3;2;3;11;5;2400;1
2023;11;7;1101;1101002;-;1;5;4;2;3;11;2;58000;1
2023;11;7;1101;1101002;-;1;5;4;2;3;11;4;1000;1
2023;11;7;1101;1101002;-;1;5;4;2;3;11;5;4000;1
2023;11;7;1101;1101002;-;1;5;5;2;3;11;2;170000;1
2023;11;7;1101;1101002;-;1;5;5;2;3;11;4;1500;1
2023;11;7;1101;1101002;-;1;11;3;2;3;11;1;23725;1
2023;11;7;1101;1101002;-;1;11;3;2;3;11;2;21000;1
2023;11;7;1101;1101002;-;1;11;3;2;3;11;4;715;1
2023;11;7;1101;1101002;-;2;5;2;2;3;4;4;1000;1
2023;11;7;1101;1101002;-;2;5;2;2;3;4;5;2100;1
2023;11;7;1101;1101002;-;2;5;3;2;3;11;2;273000;2
2023;11;7;1101;1101002;-;2;5;3;2;3;11;4;1365;2
2023;11;7;1101;1101002;-;2;11;5;2;3;11;1;360000;1
2023;11;7;1101;1101002;-;2;11;5;2;3;11;4;2000;1
2023;11;7;1101;1101002;-;2;11;5;2;3;11;5;5000;1
2023;11;7;1101;1101002;-;63;2;1;1;1;11;1;21000;1
2023;11;7;1101;1101002;-;63;2;1;1;1;11;2;270000;1
2023;11;7;1101;1101002;-;63;2;1;1;1;11;4;1500;1
2023;11;7;1101;1101002;-;63;2;1;1;1;11;5;15000;1
2023;11;8;1101;1101002;-;2;11;5;2;3;11;2;2209048;1
2023;11;8;1101;1101002;-;2;11;5;2;3;11;4;1500;1
2023;11;8;1101;1101002;-;2;11;5;2;3;11;5;60548;1
2023;11;8;1102;1102007;-;16;5;6;2;3;11;2;60000;1
2023;11;9;1102;1102007;-;2;13;6;2;3;11;2;1018491;1
2023;11;9;1102;1102007;-;2;13;6;2;3;11;4;5475;1
2023;11;9;1102;1102007;-;2;13;6;2;3;11;5;69691;1
2023;11;10;1103;1103003;-;2;5;3;2;3;11;1;22600;1
2023;11;10;1103;1103003;-;2;5;3;2;3;11;4;800;1
2023;11;11;1102;1102008;-;1;5;5;2;3;11;3;6300;1
2023;11;11;1102;1102008;-;1;5;5;2;3;11;4;45;1
2023;11;12;1105;1105002;-;1;5;3;2;3;11;1;215000;1
2023;11;12;1105;1105002;-;1;5;3;2;3;11;4;2000;1
2023;11;12;1105;1105002;-;1;5;3;2;3;11;5;18500;1
2023;11;12;1105;1105002;-;1;5;5;2;3;11;2;221300;1
2023;11;12;1105;1105002;-;1;5;5;2;3;11;4;1450;1
2023;11;12;1105;1105002;-;1;5;5;2;3;11;5;25400;1
2023;11;12;1105;1105002;-;2;5;3;2;3;11;2;149480;1
2023;11;12;1105;1105002;-;2;5;3;2;3;11;4;970;1
2023;11;12;1105;1105002;-;2;5;3;2;3;11;5;4320;1
2023;11;12;1105;1105002;-;2;5;4;2;3;11;2;132000;1
2023;11;12;1105;1105002;-;2;5;4;2;3;11;4;365;1
2023;11;12;1105;1105002;-;2;5;4;2;3;11;5;1200;1
2023;11;12;1105;1105002;-;2;5;6;2;3;11;2;1091608;1
2023;11;12;1105;1105002;-;2;5;6;2;3;11;4;300;1
2023;11;12;1105;1105002;-;2;5;6;2;3;11;5;14200;1
2023;11;12;1105;1105002;-;2;11;2;2;3;11;2;388440;2
2023;11;12;1105;1105002;-;2;11;2;2;3;11;4;840;2
2023;11;12;1105;1105002;-;2;11;2;2;3;11;5;39840;2
2023;12;3;1201;1201005;-;2;5;4;2;3;11;1;300000;1
2023;12;3;1201;1201005;-;2;5;4;2;3;11;2;1160000;1
2023;12;3;1201;1201005;-;2;5;4;2;3;11;4;3500;1
2023;12;3;1201;1201005;-;2;5;4;2;3;11;5;96000;1
2023;12;3;1203;1203003;-;2;5;3;2;3;11;2;161392;1
2023;12;3;1203;1203003;-;2;5;3;2;3;11;4;200;1
2023;12;3;1203;1203003;-;2;5;3;2;3;11;5;1700;1
2023;12;3;1203;1203003;-;2;5;5;2;3;11;2;349400;1
2023;12;3;1203;1203003;-;2;5;5;2;3;11;4;6000;1
2023;12;3;1203;1203003;-;2;5;5;2;3;11;5;35000;1
2023;12;3;1203;1203003;-;63;5;1;1;1;11;2;164250;1
2023;12;3;1203;1203003;-;63;5;1;1;1;11;4;1280;1
2023;12;3;1203;1203003;-;63;5;1;1;1;11;5;4800;1
2023;12;3;1203;1203004;-;1;5;3;2;3;11;2;61795;1
2023;12;3;1203;1203004;-;1;5;3;2;3;11;4;730;1
2023;12;3;1203;1203004;-;1;5;3;2;3;11;5;4800;1
2023;12;3;1203;1203004;-;2;5;3;2;3;11;3;50500;1
2023;12;3;1203;1203004;-;2;5;3;2;3;11;4;730;1
2023;12;3;1203;1203004;-;2;5;3;2;3;11;5;1800;1
2023;12;3;1203;1203004;-;2;5;4;2;3;11;2;245290;1
2023;12;3;1203;1203004;-;2;5;4;2;3;11;4;583;1
2023;12;3;1203;1203004;-;2;5;4;2;3;11;5;20730;1
2023;12;3;1203;1203004;-;2;8;4;2;3;11;2;240360;1
2023;12;3;1203;1203004;-;2;8;4;2;3;11;4;720;1
2023;12;3;1203;1203004;-;2;8;4;2;3;11;5;25000;1
2023;12;3;1203;1203004;-;2;11;3;2;3;11;2;30400;1
2023;12;3;1203;1203004;-;2;11;3;2;3;11;4;700;1
2023;12;3;1203;1203004;-;2;11;3;2;3;11;5;4000;1
2023;12;3;1203;1203004;-;2;11;4;2;3;11;3;106500;1
2023;12;3;1203;1203004;-;2;11;4;2;3;11;4;3200;1
2023;12;3;1203;1203004;-;2;11;4;2;3;11;5;10500;1
2023;12;3;1203;1203004;-;2;11;7;2;3;11;2;2606212;1
2023;12;3;1203;1203004;-;2;11;7;2;3;11;4;16425;1
2023;12;3;1203;1203004;-;2;11;7;2;3;11;5;159335;1
2023;12;3;1203;1203004;-;2;12;5;2;3;11;2;1057895;1
2023;12;3;1203;1203004;-;2;12;5;2;3;11;4;7120;1
2023;12;3;1203;1203004;-;2;12;5;2;3;11;5;35640;1
2023;12;3;1203;1203004;-;3;5;5;2;3;11;2;140000;1
2023;12;3;1203;1203004;-;3;5;5;2;3;11;4;1500;1
2023;12;3;1203;1203004;-;3;5;5;2;3;11;5;22000;1
2023;12;3;1203;1203005;-;2;1;5;2;3;11;2;194277;1
2023;12;3;1203;1203005;-;2;1;5;2;3;11;4;2525;1
2023;12;3;1203;1203005;-;2;1;5;2;3;11;5;14865;1
2023;12;3;1203;1203005;-;2;5;2;2;3;11;1;73000;1
2023;12;3;1203;1203005;-;2;5;2;2;3;11;2;67525;1
2023;12;3;1203;1203005;-;2;5;2;2;3;11;4;1460;2
2023;12;3;1203;1203005;-;2;5;2;2;3;11;5;4320;1
2023;12;3;1203;1203005;-;2;5;3;2;3;11;1;153270;3
2023;12;3;1203;1203005;-;2;5;3;2;3;11;2;1256250;7
2023;12;3;1203;1203005;-;2;5;3;2;3;11;3;28800;1
2023;12;3;1203;1203005;-;2;5;3;2;3;11;4;7695;7
2023;12;3;1203;1203005;-;2;5;3;2;3;11;5;114179;7
2023;12;3;1203;1203005;-;2;5;4;2;3;11;1;1787337;1
2023;12;3;1203;1203005;-;2;5;4;2;3;11;2;1547364;7
2023;12;3;1203;1203005;-;2;5;4;2;3;11;4;9415;8
2023;12;3;1203;1203005;-;2;5;4;2;3;11;5;56703;7
2023;12;3;1203;1203005;-;2;8;2;2;3;4;4;1500;1
2023;12;3;1203;1203005;-;2;8;2;2;3;4;5;10000;1
2023;12;3;1203;1203005;-;2;8;2;2;3;11;2;254750;2
2023;12;3;1203;1203005;-;2;8;2;2;3;11;4;2190;2
2023;12;3;1203;1203005;-;2;8;2;2;3;11;5;15760;2
2023;12;3;1203;1203005;-;2;8;3;1;1;11;2;375767;1
2023;12;3;1203;1203005;-;2;8;3;1;1;11;4;2000;1
2023;12;3;1203;1203005;-;2;8;3;1;1;11;5;1890;1
2023;12;3;1203;1203005;-;2;8;3;2;3;11;2;341694;2
2023;12;3;1203;1203005;-;2;8;3;2;3;11;4;360;1
2023;12;3;1203;1203005;-;2;8;3;2;3;11;5;13000;2
2023;12;3;1203;1203005;-;2;8;4;2;3;11;2;1228112;2
2023;12;3;1203;1203005;-;2;8;4;2;3;11;4;4095;2
2023;12;3;1203;1203005;-;2;8;4;2;3;11;5;53800;2
2023;12;3;1203;1203005;-;2;11;3;2;3;11;2;599327;2
2023;12;3;1203;1203005;-;2;11;3;2;3;11;3;93600;1
2023;12;3;1203;1203005;-;2;11;3;2;3;11;4;3550;3
2023;12;3;1203;1203005;-;2;11;3;2;3;11;5;41080;3
2023;12;3;1203;1203005;-;2;11;4;2;3;11;2;559022;1
2023;12;3;1203;1203005;-;2;11;4;2;3;11;4;10720;2
2023;12;3;1203;1203005;-;2;11;4;2;3;11;5;85000;2
2023;12;3;1203;1203005;-;2;12;4;2;3;11;2;292520;1
2023;12;3;1203;1203005;-;2;12;4;2;3;11;4;1830;1
2023;12;3;1203;1203005;-;2;12;4;2;3;11;5;19686;1
2023;12;4;0;0;-;63;5;1;1;1;11;3;67045;1
2023;12;4;0;0;-;63;5;1;1;1;11;4;700;1
2023;12;4;0;0;-;63;5;1;1;1;11;5;6700;1
2023;12;4;1203;1203001;-;1;5;2;2;3;11;1;30;1
2023;12;4;1203;1203003;-;2;14;7;2;3;11;2;4372842;1
2023;12;4;1203;1203003;-;2;14;7;2;3;11;4;6000;1
2023;12;4;1203;1203003;-;2;14;7;2;3;11;5;75000;1
2023;12;4;1203;1203004;-;2;11;7;2;3;11;2;3837782;1
2023;12;4;1203;1203004;-;2;11;7;2;3;11;4;10950;1
2023;12;4;1203;1203004;-;2;11;7;2;3;11;5;87000;1
2023;12;5;1201;1201001;-;1;11;3;2;3;11;3;43290;2
2023;12;5;1201;1201001;-;1;11;3;2;3;11;4;360;2
2023;12;5;1201;1201001;-;1;11;3;2;3;11;5;1420;2
2023;12;5;1201;1201001;-;2;5;2;2;3;11;2;904800;3
2023;12;5;1201;1201001;-;2;5;2;2;3;11;4;1440;2
2023;12;5;1201;1201001;-;2;5;2;2;3;11;5;11880;2
2023;12;5;1201;1201001;-;2;5;3;2;3;11;2;290000;1
2023;12;5;1201;1201001;-;2;5;3;2;3;11;4;1000;1
2023;12;5;1201;1201001;-;2;5;3;2;3;11;5;16000;1
2023;12;5;1201;1201001;-;2;5;4;2;3;11;1;611554;1
2023;12;5;1201;1201001;-;2;5;4;2;3;11;4;324;1
2023;12;5;1201;1201001;-;2;5;4;2;3;11;5;15870;1
2023;12;5;1201;1201001;-;2;8;4;2;3;11;2;285334;1
2023;12;5;1201;1201001;-;2;8;4;2;3;11;4;800;1
2023;12;5;1201;1201001;-;2;8;4;2;3;11;5;43200;1
2023;12;5;1201;1201001;-;2;11;3;2;3;11;2;233353;1
2023;12;5;1201;1201001;-;2;11;3;2;3;11;4;900;1
2023;12;5;1201;1201001;-;2;11;3;2;3;11;5;6900;1
2023;12;5;1201;1201002;-;1;5;4;2;3;11;1;90000;1
2023;12;5;1201;1201002;-;1;5;4;2;3;11;2;141690;1
2023;12;5;1201;1201002;-;1;5;4;2;3;11;4;2620;2
2023;12;5;1201;1201002;-;1;5;4;2;3;11;5;11100;2
2023;12;5;1201;1201002;-;1;11;6;2;3;11;2;2076131;1
2023;12;5;1201;1201002;-;1;11;6;2;3;11;4;2000;1
2023;12;5;1201;1201002;-;1;11;6;2;3;11;5;17000;1
2023;12;5;1201;1201002;-;2;5;3;2;3;11;2;205505;1
2023;12;5;1201;1201002;-;2;5;3;2;3;11;4;870;1
2023;12;5;1201;1201002;-;2;5;3;2;3;11;5;25295;1
2023;12;5;1201;1201002;-;2;5;4;2;3;11;2;4198540;5
2023;12;5;1201;1201002;-;2;5;4;2;3;11;4;6500;4
2023;12;5;1201;1201002;-;2;5;4;2;3;11;5;75000;4
2023;12;5;1201;1201002;-;2;5;5;2;3;11;1;2066000;1
2023;12;5;1201;1201002;-;2;5;5;2;3;11;2;1524875;1
2023;12;5;1201;1201002;-;2;5;5;2;3;11;4;5555;2
2023;12;5;1201;1201002;-;2;5;5;2;3;11;5;71248;2
2023;12;5;1201;1201002;-;2;11;4;2;3;11;2;749448;2
2023;12;5;1201;1201002;-;2;11;4;2;3;11;4;2220;2
2023;12;5;1201;1201002;-;2;11;4;2;3;11;5;34800;2
2023;12;5;1201;1201002;-;63;5;1;1;1;11;2;216000;1
2023;12;5;1201;1201002;-;63;5;1;1;1;11;4;250;1
2023;12;5;1201;1201002;-;63;5;1;1;1;11;5;8500;1
2023;12;5;1201;1201002;-;63;11;1;1;1;11;3;244700;1
2023;12;5;1201;1201002;-;63;11;1;1;1;11;4;700;1
2023;12;5;1201;1201002;-;63;11;1;1;1;11;5;24470;1
2023;12;5;1201;1201003;-;2;2;5;2;3;11;2;2814515;1
2023;12;5;1201;1201003;-;2;2;5;2;3;11;4;9100;1
2023;12;5;1201;1201003;-;2;2;5;2;3;11;5;40800;1
2023;12;5;1201;1201003;-;2;5;3;2;3;11;1;233420;1
2023;12;5;1201;1201003;-;2;5;3;2;3;11;4;7500;1
2023;12;5;1201;1201003;-;2;5;3;2;3;11;5;1000;1
2023;12;5;1201;1201003;-;2;5;4;2;3;11;2;3286184;2
2023;12;5;1201;1201003;-;2;5;4;2;3;11;4;5575;2
2023;12;5;1201;1201003;-;2;5;4;2;3;11;5;80070;2
2023;12;5;1201;1201003;-;2;5;5;2;3;11;1;1168187;1
2023;12;5;1201;1201003;-;2;5;5;2;3;11;2;2339349;2
2023;12;5;1201;1201003;-;2;5;5;2;3;11;4;8180;3
2023;12;5;1201;1201003;-;2;5;5;2;3;11;5;155800;3
2023;12;5;1201;1201003;-;2;9;6;2;3;11;2;4552387;1
2023;12;5;1201;1201003;-;2;9;6;2;3;11;4;4140;1
2023;12;5;1201;1201003;-;2;9;6;2;3;11;5;163255;1
2023;12;5;1201;1201003;-;2;11;2;2;3;11;3;177660;1
2023;12;5;1201;1201003;-;2;11;2;2;3;11;4;700;1
2023;12;5;1201;1201003;-;2;11;2;2;3;11;5;17760;1
2023;12;5;1201;1201003;-;2;11;3;2;3;11;2;511000;1
2023;12;5;1201;1201003;-;2;11;3;2;3;11;5;5000;1
2023;12;5;1201;1201003;-;2;12;2;1;1;11;1;1054569;1
2023;12;5;1201;1201003;-;2;12;2;1;1;11;4;1800;1
2023;12;5;1201;1201003;-;18;5;1;1;1;11;2;140900;1
2023;12;5;1201;1201003;-;18;5;1;1;1;11;4;720;1
2023;12;5;1201;1201003;-;18;5;1;1;1;11;5;13700;1
2023;12;5;1203;1203003;-;2;5;3;2;3;11;2;114000;1
2023;12;5;1203;1203003;-;2;5;3;2;3;11;5;1200;1
2023;12;6;1201;1201004;-;2;5;4;2;3;11;1;300000;1
2023;12;6;1201;1201004;-;2;5;4;2;3;11;4;1200;1
2023;12;6;1201;1201004;-;2;5;4;2;3;11;5;12000;1
2023;12;6;1201;1201004;-;2;8;3;2;3;11;2;705016;1
2023;12;6;1201;1201004;-;2;8;3;2;3;11;4;1200;1
2023;12;6;1201;1201004;-;2;8;3;2;3;11;5;20880;1
2023;12;6;1201;1201005;-;1;5;2;2;3;11;1;107405;1
2023;12;6;1201;1201005;-;1;5;2;2;3;11;4;2000;1
2023;12;6;1201;1201005;-;1;5;2;2;3;11;5;10000;1
2023;12;6;1201;1201005;-;2;3;7;2;3;11;2;3605039;1
2023;12;6;1201;1201005;-;2;3;7;2;3;11;4;2000;1
2023;12;6;1201;1201005;-;2;3;7;2;3;11;5;160242;1
2023;12;6;1201;1201005;-;2;12;5;2;3;11;2;1937453;1
2023;12;6;1201;1201005;-;2;12;5;2;3;11;4;3326;1
2023;12;6;1201;1201005;-;2;12;5;2;3;11;5;65762;1
2023;12;6;1202;1202004;-;2;11;6;2;3;11;2;925521;1
2023;12;6;1202;1202004;-;2;11;6;2;3;11;4;3500;1
2023;12;6;1202;1202004;-;2;11;6;2;3;11;5;86000;1
2023;12;7;1201;1201004;-;2;5;6;2;3;11;2;2229508;1
2023;12;7;1201;1201004;-;2;5;6;2;3;11;4;3720;1
2023;12;7;1201;1201004;-;2;5;6;2;3;11;5;144997;1
2023;12;7;1201;1201004;-;2;13;4;2;3;11;2;175236;1
2023;12;7;1201;1201004;-;2;13;4;2;3;11;4;2000;1
2023;12;7;1201;1201004;-;2;13;4;2;3;11;5;1000;1
2023;12;11;1202;1202004;-;1;5;4;2;3;11;2;15019;1
2023;12;11;1202;1202004;-;1;5;4;2;3;11;4;450;1
2023;12;11;1202;1202004;-;1;11;5;2;3;11;2;15021;1
2023;12;11;1202;1202004;-;1;11;5;2;3;11;4;450;1
2023;12;11;1202;1202004;-;2;3;5;2;3;11;2;1573128;1
2023;12;11;1202;1202004;-;2;3;5;2;3;11;4;7000;1
2023;12;11;1202;1202004;-;2;3;5;2;3;11;5;81500;1
2023;12;11;1202;1202004;-;2;5;3;2;3;11;2;802437;2
2023;12;11;1202;1202004;-;2;5;3;2;3;11;4;968;2
2023;12;11;1202;1202004;-;2;5;3;2;3;11;5;11450;2
2023;12;11;1202;1202004;-;2;5;4;2;3;11;1;879325;1
2023;12;11;1202;1202004;-;2;5;4;2;3;11;2;2160414;4
2023;12;11;1202;1202004;-;2;5;4;2;3;11;4;4920;4
2023;12;11;1202;1202004;-;2;5;4;2;3;11;5;96600;5
2023;12;11;1202;1202004;-;2;5;5;2;3;11;2;1453764;1
2023;12;11;1202;1202004;-;2;5;5;2;3;11;4;730;1
2023;12;11;1202;1202004;-;2;5;5;2;3;11;5;24000;1
2023;12;11;1202;1202004;-;2;8;4;2;3;11;2;3338176;2
2023;12;11;1202;1202004;-;2;8;4;2;3;11;4;6205;2
2023;12;11;1202;1202004;-;2;8;4;2;3;11;5;73526;2
2023;12;11;1202;1202004;-;2;8;5;2;3;11;2;653379;1
2023;12;11;1202;1202004;-;2;8;5;2;3;11;4;5668;1
2023;12;11;1202;1202004;-;2;8;5;2;3;11;5;62351;1
2023;12;11;1202;1202004;-;2;11;4;2;3;11;2;4842958;5
2023;12;11;1202;1202004;-;2;11;4;2;3;11;4;6126;5
2023;12;11;1202;1202004;-;2;11;4;2;3;11;5;236872;5
2023;12;12;1203;1203001;-;2;5;3;2;3;11;2;1197312;3
2023;12;12;1203;1203001;-;2;5;3;2;3;11;4;2225;3
2023;12;12;1203;1203001;-;2;5;3;2;3;11;5;36920;2
2023;12;12;1203;1203001;-;2;5;4;2;3;11;2;545321;1
2023;12;12;1203;1203001;-;2;5;4;2;3;11;4;1000;1
2023;12;12;1203;1203001;-;2;5;4;2;3;11;5;6500;1
2023;12;12;1203;1203001;-;2;5;5;2;3;11;2;394337;1
2023;12;12;1203;1203001;-;2;5;5;2;3;11;4;2500;1
2023;12;12;1203;1203001;-;2;5;5;2;3;11;5;6000;1
2023;12;12;1203;1203002;-;2;5;5;2;3;11;2;2087342;2
2023;12;12;1203;1203002;-;2;5;5;2;3;11;4;7125;2
2023;12;12;1203;1203002;-;2;5;5;2;3;11;5;76300;2
2023;12;12;1203;1203002;-;2;12;3;2;3;11;2;500585;1
2023;12;12;1203;1203002;-;2;12;3;2;3;11;4;1500;1
2023;12;12;1203;1203002;-;2;12;3;2;3;11;5;9500;1
2023;13;2;1301;1301005;-;1;5;5;2;3;11;4;1900;1
2023;13;2;1301;1301005;-;1;5;5;2;3;11;5;3200;1
2023;13;2;1301;1301005;-;2;5;2;2;3;11;1;31200;1
2023;13;2;1301;1301005;-;2;5;2;2;3;11;2;12800;1
2023;13;2;1301;1301005;-;2;5;2;2;3;11;4;1400;1
2023;13;2;1301;1301005;-;2;5;2;2;3;11;5;3000;1
2023;13;2;1301;1301005;-;2;5;4;2;3;11;2;430000;1
2023;13;2;1301;1301005;-;2;5;4;2;3;11;4;3000;1
2023;13;2;1301;1301005;-;2;5;4;2;3;11;5;20000;1
2023;13;2;1301;1301006;-;2;5;3;2;3;11;1;151804;1
2023;13;2;1301;1301006;-;2;5;3;2;3;11;4;730;1
2023;13;2;1301;1301006;-;2;5;3;2;3;11;5;6570;1
2023;13;4;1303;1303002;-;2;9;2;2;3;11;2;138000;1
2023;13;4;1303;1303002;-;2;12;5;1;1;11;2;552000;1
2023;13;6;1303;1303006;-;2;5;7;2;3;11;2;2997251;1
2023;13;6;1303;1303006;-;2;5;7;2;3;11;4;1825;1
2023;13;6;1303;1303006;-;2;5;7;2;3;11;5;87600;1
2023;13;7;1303;1303005;-;1;14;7;2;3;11;2;96529;1
2023;13;7;1303;1303005;-;2;5;5;2;3;11;2;560000;1
2023;13;7;1303;1303005;-;2;5;5;2;3;11;4;1825;1
2023;13;7;1303;1303005;-;2;5;5;2;3;11;5;35000;1
2023;13;9;1301;1301002;-;1;5;2;2;3;11;2;5000;1
2023;13;9;1301;1301002;-;1;5;2;2;3;11;4;1000;1
2023;13;9;1301;1301002;-;1;5;2;2;3;11;5;1000;1
2023;13;9;1301;1301003;-;2;11;2;2;3;11;4;2000;1
2023;13;9;1301;1301003;-;2;11;2;2;3;11;5;6000;1
2023;14;3;1401;1401006;-;2;5;3;2;3;11;2;220000;1
2023;14;3;1401;1401006;-;2;5;3;2;3;11;3;36000;1
2023;14;3;1401;1401006;-;2;5;3;2;3;11;4;500;1
2023;14;3;1401;1401006;-;2;5;3;2;3;11;5;1000;1
2023;14;3;1401;1401006;-;2;14;5;2;3;11;2;618011;1
2023;14;3;1401;1401006;-;2;14;5;2;3;11;4;4330;1
2023;14;3;1401;1401006;-;2;14;5;2;3;11;5;30900;1
2023;14;3;1403;1403001;-;1;5;5;2;3;11;2;1524055;1
2023;14;3;1403;1403001;-;1;5;5;2;3;11;4;1400;1
2023;14;3;1403;1403001;-;1;5;5;2;3;11;5;32800;1
2023;14;3;1403;1403002;-;1;5;6;2;3;11;1;691650;1
2023;14;3;1403;1403002;-;1;5;6;2;3;11;4;4500;1
2023;14;3;1403;1403002;-;1;5;6;2;3;11;5;29000;1
2023;14;3;1403;1403002;-;2;12;4;2;3;11;2;590750;1
2023;14;3;1403;1403002;-;2;12;4;2;3;11;4;1500;1
2023;14;3;1403;1403002;-;2;12;4;2;3;11;5;58400;1
2023;14;4;1402;1402006;-;1;5;2;2;3;11;3;153600;3
2023;14;4;1402;1402006;-;1;5;2;2;3;11;4;2860;3
2023;14;4;1402;1402006;-;1;5;2;2;3;11;5;17800;2
2023;14;4;1402;1402006;-;2;5;2;2;3;11;2;26000;1
2023;14;4;1402;1402006;-;2;5;2;2;3;11;3;26000;1
2023;14;4;1402;1402006;-;2;5;4;2;3;11;1;65000;2
2023;14;4;1402;1402006;-;2;5;4;2;3;11;2;50000;1
2023;14;4;1402;1402006;-;2;5;4;2;3;11;3;50000;1
2023;14;4;1402;1402006;-;2;5;4;2;3;11;4;4720;2
2023;14;4;1402;1402006;-;2;5;4;2;3;11;5;3700;2
2023;14;4;1404;1404003;-;1;11;3;2;3;11;3;54000;1
2023;14;4;1404;1404003;-;1;11;3;2;3;11;4;700;1
2023;14;4;1404;1404003;-;1;11;3;2;3;11;5;5400;1
2023;14;4;1404;1404007;-;1;5;4;2;3;11;3;42500;1
2023;14;4;1404;1404007;-;1;5;4;2;3;11;4;950;1
2023;14;4;1404;1404007;-;1;5;4;2;3;11;5;7800;1
2023;14;7;1405;1405007;-;2;5;5;2;3;11;2;1483577;1
2023;14;7;1405;1405007;-;2;5;5;2;3;11;4;3000;1
2023;14;7;1405;1405007;-;2;5;5;2;3;11;5;68700;1
2023;14;8;1403;1403007;-;2;5;2;2;3;11;2;7000;1
2023;14;8;1403;1403007;-;2;5;2;2;3;11;4;20;1
2023;14;8;1403;1403007;-;2;5;2;2;3;11;5;20;1
2023;14;8;1404;1404005;-;2;5;3;2;3;11;3;127750;1
2023;14;8;1404;1404005;-;2;5;3;2;3;11;4;730;1
2023;14;8;1405;1405002;-;1;5;5;2;3;11;3;73000;1
2023;14;10;1403;1403006;-;2;5;5;2;3;11;1;80000;1
2023;14;10;1403;1403006;-;2;5;5;2;3;11;2;850000;1
2023;14;10;1403;1403006;-;2;5;5;2;3;11;4;10800;1
2023;14;10;1403;1403006;-;2;5;5;2;3;11;5;90000;1
2023;14;10;1403;1403007;-;1;8;5;2;3;11;3;190000;1
2023;14;10;1403;1403007;-;2;5;4;2;3;11;2;87600;1
2023;14;10;1403;1403007;-;2;5;4;2;3;11;4;1200;1
2023;14;10;1403;1403007;-;2;5;4;2;3;11;5;1200;1
2023;14;10;1403;1403007;-;2;5;6;2;3;11;2;1579268;2
2023;14;10;1403;1403007;-;2;5;6;2;3;11;4;3427;2
2023;14;10;1403;1403007;-;2;5;6;2;3;11;5;140716;2
2023;14;10;1405;1405006;-;63;5;1;1;1;11;1;480000;1
2023;14;10;1405;1405006;-;63;5;1;1;1;11;4;1500;1
2023;14;10;1405;1405006;-;63;5;1;1;1;11;5;30000;1
2023;14;11;1405;1405006;-;2;8;5;2;3;11;1;480000;1
2023;14;11;1405;1405006;-;2;8;5;2;3;11;4;1500;1
2023;14;11;1405;1405006;-;2;8;5;2;3;11;5;30000;1
2023;14;11;1405;1405006;-;2;12;6;2;3;11;2;1521562;1
2023;14;12;1405;1405001;-;2;5;4;2;3;11;3;109500;1
2023;14;12;1405;1405001;-;2;5;4;2;3;11;4;730;1
2023;14;12;1405;1405001;-;2;5;4;2;3;11;5;1000;1
2023;14;12;1405;1405002;-;2;14;2;2;3;11;2;120000;1
2023;14;12;1405;1405002;-;2;14;2;2;3;11;4;100;1
2023;14;12;1405;1405002;-;2;14;2;2;3;11;5;20000;1
2023;14;12;1405;1405004;-;1;5;2;2;3;11;2;27000;1
2023;14;12;1405;1405004;-;1;5;2;2;3;11;4;1800;1
2023;14;12;1405;1405004;-;1;5;2;2;3;11;5;7200;1
2023;14;12;1405;1405004;-;2;5;2;2;3;11;1;10000;1
2023;14;12;1405;1405004;-;2;5;2;2;3;11;5;4000;1
2023;14;12;1405;1405005;-;1;1;4;2;3;11;2;47364;1
2023;14;12;1405;1405005;-;1;1;4;2;3;11;4;6614;1
2023;14;12;1405;1405005;-;1;1;4;2;3;11;5;6291;1
2023;14;12;1405;1405005;-;1;11;4;2;3;11;1;504000;1
2023;14;12;1405;1405005;-;1;11;4;2;3;11;4;300;1
2023;14;12;1405;1405005;-;1;11;4;2;3;11;5;500;1
2023;14;12;1405;1405005;-;2;5;2;2;3;11;1;25550;1
2023;14;12;1405;1405005;-;2;5;2;2;3;11;4;365;1
2023;14;12;1405;1405005;-;2;5;2;2;3;11;5;6570;1
2023;14;12;1405;1405005;-;2;5;3;2;3;11;1;167200;1
2023;14;12;1405;1405005;-;2;5;3;2;3;11;4;710;1
2023;15;1;0;0;-;63;5;1;1;1;11;2;113000;2
2023;15;1;0;0;-;63;5;1;1;1;11;4;10;1
2023;15;1;0;0;-;63;5;1;1;1;11;5;15;1
2023;15;3;1505;1505006;-;2;5;4;2;3;11;1;105000;1
2023;15;3;1505;1505006;-;2;5;4;2;3;11;4;4000;1
2023;15;3;1505;1505006;-;2;5;4;2;3;11;5;15000;1
2023;15;3;1505;1505007;-;2;11;2;2;3;11;2;18000;1
2023;15;3;1505;1505007;-;2;11;2;2;3;11;4;500;1
2023;15;3;1505;1505007;-;2;11;2;2;3;11;5;2000;1
2023;15;3;1505;1505007;-;2;11;5;2;3;11;1;20000;1
2023;15;3;1505;1505008;-;2;11;2;2;3;11;2;80000;1
2023;15;3;1505;1505008;-;2;11;2;2;3;11;4;8000;1
2023;15;3;1505;1505008;-;2;11;2;2;3;11;5;1000;1
2023;15;4;1504;1504004;-;1;5;5;2;3;11;2;18250;1
2023;15;4;1504;1504004;-;2;5;2;2;3;11;2;58880;1
2023;15;4;1504;1504004;-;2;5;2;2;3;11;4;720;1
2023;15;4;1505;1505003;-;1;14;2;2;3;11;1;9360;1
2023;15;4;1505;1505003;-;1;14;2;2;3;11;2;12720;1
2023;15;4;1505;1505003;-;1;14;2;2;3;11;3;12720;1
2023;15;4;1505;1505003;-;1;14;2;2;3;11;4;1825;1
2023;15;4;1505;1505003;-;1;14;2;2;3;11;5;14600;1
2023;15;4;1505;1505003;-;2;11;2;2;3;11;2;80000;1
2023;15;4;1505;1505003;-;2;11;2;2;3;11;4;400;1
2023;15;4;1505;1505003;-;2;11;2;2;3;11;5;1200;1
2023;15;4;1505;1505006;-;2;5;3;2;3;11;1;160000;2
2023;15;4;1505;1505006;-;2;5;3;2;3;11;4;4000;1
2023;15;4;1505;1505006;-;2;5;3;2;3;11;5;2000;1
2023;15;6;1504;1504001;-;1;5;5;2;3;11;2;800000;1
2023;15;6;1504;1504001;-;1;5;5;2;3;11;4;2000;1
2023;15;6;1504;1504001;-;1;5;5;2;3;11;5;30000;1
2023;15;6;1504;1504005;-;2;5;6;2;3;11;3;40000;1
2023;15;6;1504;1504005;-;2;5;6;2;3;11;4;600;1
2023;15;6;1504;1504005;-;2;5;6;2;3;11;5;1400;1
2023;15;6;1505;1505003;-;2;11;3;2;3;11;2;144000;1
2023;15;6;1505;1505003;-;2;11;3;2;3;11;4;3600;1
2023;15;6;1505;1505003;-;2;11;3;2;3;11;5;8000;1
2023;15;6;1505;1505004;-;1;1;7;2;3;11;2;407532;1
2023;15;6;1505;1505004;-;1;1;7;2;3;11;4;2136;1
2023;15;6;1505;1505004;-;1;1;7;2;3;11;5;5930;1
2023;15;6;1505;1505004;-;2;5;2;2;3;11;2;21000;1
2023;15;6;1505;1505004;-;2;5;2;2;3;11;5;300;1
2023;15;6;1505;1505004;-;2;5;4;2;3;11;2;195000;1
2023;15;6;1505;1505004;-;2;5;4;2;3;11;4;1000;1
2023;15;6;1505;1505004;-;2;5;4;2;3;11;5;12000;1
2023;15;6;1505;1505004;-;2;8;4;2;3;11;2;120000;1
2023;15;6;1505;1505004;-;2;8;4;2;3;11;4;3000;1
2023;15;6;1505;1505004;-;2;8;4;2;3;11;5;12000;1
2023;15;7;1503;1503004;-;1;5;5;2;3;11;2;500000;1
2023;15;7;1503;1503004;-;1;5;5;2;3;11;4;720;1
2023;15;7;1503;1503004;-;1;5;5;2;3;11;5;2300;1
2023;15;7;1503;1503004;-;2;5;5;2;3;11;3;128000;1
2023;15;7;1503;1503004;-;2;5;5;2;3;11;4;1450;1
2023;15;7;1503;1503004;-;2;5;5;2;3;11;5;1520;1
2023;15;7;1503;1503004;-;2;8;6;2;3;11;2;898454;1
2023;15;7;1503;1503004;-;2;8;6;2;3;11;4;20000;1
2023;15;7;1503;1503004;-;2;8;6;2;3;11;5;43200;1
2023;15;7;1503;1503004;-;2;13;5;2;3;11;2;6000;1
2023;15;7;1503;1503004;-;2;13;5;2;3;11;4;75;1
2023;15;7;1504;1504003;-;2;9;7;2;3;11;2;7280699;1
2023;15;7;1504;1504003;-;2;9;7;2;3;11;4;14640;1
2023;15;7;1504;1504003;-;2;9;7;2;3;11;5;328500;1
2023;15;7;1504;1504006;-;2;5;5;2;3;11;1;886000;1
2023;15;7;1504;1504006;-;2;5;5;2;3;11;4;3600;1
2023;15;7;1504;1504006;-;2;5;5;2;3;11;5;90000;1
2023;15;9;0;0;-;18;11;1;1;1;11;2;89000;1
2023;15;9;1503;1503005;-;1;5;5;2;3;11;2;300000;1
2023;15;9;1503;1503005;-;1;5;5;2;3;11;4;1500;1
2023;15;9;1503;1503005;-;1;5;5;2;3;11;5;30000;1
2023;15;9;1503;1503005;-;2;5;4;2;3;11;1;87837;1
2023;15;9;1503;1503005;-;2;5;4;2;3;11;4;1500;1
2023;15;9;1503;1503005;-;2;5;4;2;3;11;5;7100;1
2023;15;9;1503;1503005;-;2;5;5;2;3;11;2;310000;1
2023;15;9;1503;1503005;-;2;5;5;2;3;11;4;100;1
2023;15;9;1503;1503005;-;2;5;5;2;3;11;5;12500;1
2023;15;9;1503;1503005;-;2;5;6;2;3;11;2;1248295;1
2023;15;9;1503;1503005;-;2;5;6;2;3;11;4;2370;1
2023;15;9;1503;1503005;-;2;5;6;2;3;11;5;40800;1
2023;15;9;1503;1503005;-;2;8;3;2;3;11;1;6610;1
2023;15;9;1503;1503005;-;2;8;3;2;3;11;4;270;1
2023;15;9;1503;1503005;-;2;8;5;2;3;11;2;546000;1
2023;15;9;1503;1503005;-;2;8;5;2;3;11;4;2000;1
2023;15;9;1503;1503005;-;2;8;5;2;3;11;5;2000;1
2023;15;9;1503;1503005;-;2;11;4;2;3;11;2;485218;3
2023;15;9;1503;1503005;-;2;11;4;2;3;11;4;9925;3
2023;15;9;1503;1503005;-;2;11;4;2;3;11;5;8300;3
2023;15;9;1503;1503005;-;2;11;5;2;3;11;2;173500;2
2023;15;9;1503;1503005;-;2;11;5;2;3;11;4;500;2
2023;15;9;1503;1503005;-;2;11;5;2;3;11;5;16580;2
2023;15;9;1504;1504001;-;1;5;5;2;3;11;2;269200;2
2023;15;9;1504;1504001;-;1;5;5;2;3;11;4;800;2
2023;15;9;1504;1504001;-;1;5;5;2;3;11;5;75000;1
2023;15;9;1504;1504001;-;2;8;4;2;3;11;2;199000;1
2023;15;9;1504;1504001;-;2;8;4;2;3;11;4;720;1
2023;15;9;1504;1504001;-;2;8;4;2;3;11;5;16000;1
2023;15;16;1502;1502004;-;2;5;4;2;3;11;2;90000;1
2023;15;16;1502;1502004;-;2;5;4;2;3;11;4;1000;1
2023;15;16;1502;1502004;-;2;5;4;2;3;11;5;5000;1
2023;15;16;1502;1502004;-;2;12;5;2;3;11;2;1431309;1
2023;15;16;1502;1502004;-;2;12;5;2;3;11;4;1095;1
2023;15;16;1502;1502004;-;2;12;5;2;3;11;5;30000;1
2023;16;1;1605;1605001;-;2;11;3;2;3;11;2;353533;1
2023;16;1;1605;1605001;-;2;11;3;2;3;11;3;158000;1
2023;16;1;1605;1605001;-;2;11;3;2;3;11;4;10150;1
2023;16;1;1605;1605001;-;2;11;3;2;3;11;5;94200;1
2023;16;1;1605;1605002;-;1;5;2;2;3;11;3;32000;1
2023;16;1;1605;1605002;-;1;5;2;2;3;11;4;500;1
2023;16;1;1605;1605002;-;1;5;2;2;3;11;5;1500;1
2023;16;1;1605;1605002;-;2;2;5;2;3;11;2;290700;1
2023;16;1;1605;1605002;-;2;2;5;2;3;11;4;3650;1
2023;16;1;1605;1605002;-;2;2;5;2;3;11;5;18250;1
2023;16;1;1605;1605002;-;2;5;2;2;3;11;1;2500;1
2023;16;1;1605;1605002;-;2;5;2;2;3;11;2;338500;3
2023;16;1;1605;1605002;-;2;5;2;2;3;11;3;12000;1
2023;16;1;1605;1605002;-;2;5;2;2;3;11;4;2450;3
2023;16;1;1605;1605002;-;2;5;2;2;3;11;5;8100;3
2023;16;1;1605;1605002;-;2;5;4;2;3;11;2;226897;1
2023;16;1;1605;1605002;-;2;5;4;2;3;11;4;360;1
2023;16;1;1605;1605002;-;2;5;4;2;3;11;5;14400;1
2023;16;1;1605;1605002;-;2;11;2;2;3;11;3;24000;1
2023;16;1;1605;1605002;-;2;11;2;2;3;11;4;900;1
2023;16;1;1605;1605002;-;2;11;2;2;3;11;5;1500;1
2023;16;1;1605;1605002;-;2;12;5;2;3;11;2;507088;1
2023;16;1;1605;1605002;-;2;12;5;2;3;11;4;3920;1
2023;16;1;1605;1605002;-;2;12;5;2;3;11;5;11960;1
2023;16;2;0;0;-;63;5;1;1;1;11;2;304000;1
2023;16;2;0;0;-;63;5;1;1;1;11;5;41000;1
2023;16;3;1601;1601001;-;2;5;3;2;3;11;3;130000;1
2023;16;3;1601;1601001;-;2;5;3;2;3;11;4;800;1
2023;16;3;1601;1601001;-;2;5;3;2;3;11;5;14000;1
2023;16;3;1601;1601002;-;2;5;4;2;3;11;2;180000;1
2023;16;3;1601;1601002;-;2;5;4;2;3;11;3;180000;1
2023;16;3;1601;1601002;-;2;5;4;2;3;11;4;1000;1
2023;16;3;1601;1601002;-;2;5;4;2;3;11;5;20000;1
2023;16;3;1601;1601003;-;2;2;4;2;3;11;3;170000;1
2023;16;3;1601;1601003;-;2;2;4;2;3;11;4;1200;1
2023;16;3;1601;1601003;-;2;2;4;2;3;11;5;9000;1
2023;16;3;1601;1601003;-;2;5;2;2;3;11;1;90000;1
2023;16;3;1601;1601003;-;2;5;2;2;3;11;2;699125;4
2023;16;3;1601;1601003;-;2;5;2;2;3;11;3;565300;2
2023;16;3;1601;1601003;-;2;5;2;2;3;11;4;5830;6
2023;16;3;1601;1601003;-;2;5;2;2;3;11;5;42500;6
2023;16;3;1601;1601003;-;2;5;3;2;3;11;2;213160;2
2023;16;3;1601;1601003;-;2;5;3;2;3;11;3;1950825;6
2023;16;3;1601;1601003;-;2;5;3;2;3;11;4;9030;7
2023;16;3;1601;1601003;-;2;5;3;2;3;11;5;52700;7
2023;16;3;1601;1601003;-;2;5;4;2;3;11;2;1432462;2
2023;16;3;1601;1601003;-;2;5;4;2;3;11;3;911650;2
2023;16;3;1601;1601003;-;2;5;4;2;3;11;4;5690;4
2023;16;3;1601;1601003;-;2;5;4;2;3;11;5;85800;4
2023;16;3;1601;1601003;-;2;5;5;2;3;11;2;279225;1
2023;16;3;1601;1601003;-;2;5;5;2;3;11;3;270830;1
2023;16;3;1601;1601003;-;2;5;5;2;3;11;4;1300;1
2023;16;3;1601;1601003;-;2;5;5;2;3;11;5;19200;1
2023;16;3;1601;1601003;-;2;11;2;2;3;11;2;55000;1
2023;16;3;1601;1601003;-;2;11;2;2;3;11;3;70000;1
2023;16;3;1601;1601003;-;2;11;2;2;3;11;4;1900;2
2023;16;3;1601;1601003;-;2;11;2;2;3;11;5;19000;2
2023;16;3;1601;1601003;-;2;11;3;2;3;11;3;446370;2
2023;16;3;1601;1601003;-;2;11;3;2;3;11;4;1700;2
2023;16;3;1601;1601003;-;2;11;3;2;3;11;5;14400;2
2023;16;3;1601;1601003;-;2;11;4;2;3;11;2;401867;2
2023;16;3;1601;1601003;-;2;11;4;2;3;11;4;1200;1
2023;16;3;1601;1601003;-;2;11;4;2;3;11;5;22500;2
2023;16;3;1601;1601003;-;2;11;5;2;3;11;2;1240858;1
2023;16;3;1601;1601003;-;2;11;5;2;3;11;4;800;1
2023;16;3;1601;1601003;-;2;11;5;2;3;11;5;60000;1
2023;16;3;1601;1601004;-;1;12;6;2;3;11;4;720;1
2023;16;3;1601;1601004;-;1;12;6;2;3;11;5;35280;1
2023;16;3;1601;1601004;-;2;5;2;2;3;11;2;100000;1
2023;16;3;1601;1601004;-;2;5;2;2;3;11;3;81760;1
2023;16;3;1601;1601004;-;2;5;2;2;3;11;4;1700;2
2023;16;3;1601;1601004;-;2;5;2;2;3;11;5;4200;2
2023;16;3;1601;1601004;-;2;5;3;2;3;11;1;21900;1
2023;16;3;1601;1601004;-;2;5;3;2;3;11;2;303600;3
2023;16;3;1601;1601004;-;2;5;3;2;3;11;3;816000;3
2023;16;3;1601;1601004;-;2;5;3;2;3;11;4;2760;4
2023;16;3;1601;1601004;-;2;5;3;2;3;11;5;23200;4
2023;16;3;1601;1601004;-;2;5;4;2;3;11;2;172280;1
2023;16;3;1601;1601004;-;2;5;4;2;3;11;4;1800;1
2023;16;3;1601;1601004;-;2;5;4;2;3;11;5;10600;1
2023;16;3;1601;1601004;-;2;11;2;2;3;11;3;180920;2
2023;16;3;1601;1601004;-;2;11;2;2;3;11;4;2000;2
2023;16;3;1601;1601004;-;2;11;2;2;3;11;5;7600;2
2023;16;3;1601;1601004;-;2;11;5;2;3;11;2;2360008;1
2023;16;3;1601;1601004;-;2;11;5;2;3;11;4;3650;1
2023;16;3;1601;1601004;-;2;11;5;2;3;11;5;9100;1
2023;16;3;1601;1601005;-;2;5;2;2;3;11;3;249988;2
2023;16;3;1601;1601005;-;2;5;2;2;3;11;4;2100;2
2023;16;3;1601;1601005;-;2;5;2;2;3;11;5;5000;2
2023;16;3;1601;1601005;-;2;5;3;2;3;11;2;146000;1
2023;16;3;1601;1601005;-;2;5;3;2;3;11;4;1100;1
2023;16;3;1601;1601005;-;2;5;3;2;3;11;5;12800;1
2023;16;3;1601;1601005;-;2;5;4;2;3;11;1;513126;1
2023;16;3;1601;1601005;-;2;5;4;2;3;11;2;1742964;2
2023;16;3;1601;1601005;-;2;5;4;2;3;11;3;175200;1
2023;16;3;1601;1601005;-;2;5;4;2;3;11;4;5000;4
2023;16;3;1601;1601005;-;2;5;4;2;3;11;5;47800;3
2023;16;3;1601;1601005;-;2;8;2;2;3;11;3;44895;1
2023;16;3;1601;1601005;-;2;8;2;2;3;11;4;1100;1
2023;16;3;1601;1601005;-;2;8;2;2;3;11;5;2600;1
2023;16;3;1601;1601005;-;2;11;2;2;3;11;2;130966;1
2023;16;3;1601;1601005;-;2;11;2;2;3;11;3;36000;1
2023;16;3;1601;1601005;-;2;11;2;2;3;11;4;1700;2
2023;16;3;1601;1601005;-;2;11;2;2;3;11;5;2160;1
2023;16;3;1601;1601005;-;2;11;5;2;3;11;1;454423;1
2023;16;3;1601;1601005;-;2;11;5;2;3;11;4;3650;1
2023;16;3;1601;1601005;-;2;11;5;2;3;11;5;25000;1
2023;16;3;1601;1601005;-;2;14;4;2;3;11;3;328500;1
2023;16;3;1601;1601005;-;2;14;4;2;3;11;4;1800;1
2023;16;3;1601;1601005;-;2;14;4;2;3;11;5;5000;1
2023;16;3;1601;1601006;-;2;5;2;2;3;11;1;22000;1
2023;16;3;1601;1601006;-;2;5;2;2;3;11;2;320254;3
2023;16;3;1601;1601006;-;2;5;2;2;3;11;3;22995;1
2023;16;3;1601;1601006;-;2;5;2;2;3;11;4;2800;4
2023;16;3;1601;1601006;-;2;5;2;2;3;11;5;22500;4
2023;16;3;1601;1601006;-;2;5;3;2;3;11;2;454924;2
2023;16;3;1601;1601006;-;2;5;3;2;3;11;3;326880;2
2023;16;3;1601;1601006;-;2;5;3;2;3;11;4;4350;4
2023;16;3;1601;1601006;-;2;5;3;2;3;11;5;36500;4
2023;16;3;1601;1601006;-;2;5;5;2;3;11;2;513193;1
2023;16;3;1601;1601006;-;2;5;5;2;3;11;4;2400;1
2023;16;3;1601;1601006;-;2;5;5;2;3;11;5;29100;1
2023;16;3;1601;1601006;-;2;11;2;2;3;11;3;127020;2
2023;16;3;1601;1601006;-;2;11;2;2;3;11;4;1470;2
2023;16;3;1601;1601006;-;2;11;2;2;3;11;5;5800;1
2023;16;3;1601;1601006;-;2;11;3;2;3;11;2;1087804;2
2023;16;3;1601;1601006;-;2;11;3;2;3;11;3;438500;2
2023;16;3;1601;1601006;-;2;11;3;2;3;11;4;1660;3
2023;16;3;1601;1601006;-;2;11;3;2;3;11;5;34360;3
2023;16;3;1601;1601006;-;2;11;4;2;3;11;1;910431;1
2023;16;3;1601;1601006;-;2;11;4;2;3;11;2;949420;2
2023;16;3;1601;1601006;-;2;11;4;2;3;11;4;4500;3
2023;16;3;1601;1601006;-;2;11;4;2;3;11;5;58000;3
2023;16;3;1601;1601006;-;2;12;5;2;3;11;2;480000;1
2023;16;3;1602;1602004;-;1;5;3;2;3;11;2;176295;1
2023;16;3;1602;1602004;-;1;5;3;2;3;11;4;1100;1
2023;16;3;1602;1602004;-;1;5;3;2;3;11;5;12000;1
2023;16;3;1602;1602004;-;1;11;2;2;3;11;3;50000;1
2023;16;3;1602;1602004;-;1;11;2;2;3;11;5;600;1
2023;16;3;1602;1602004;-;2;5;2;2;3;11;2;90600;1
2023;16;3;1602;1602004;-;2;5;2;2;3;11;3;625630;9
2023;16;3;1602;1602004;-;2;5;2;2;3;11;4;6930;9
2023;16;3;1602;1602004;-;2;5;2;2;3;11;5;27200;7
2023;16;3;1602;1602004;-;2;5;3;1;1;11;2;1026077;1
2023;16;3;1602;1602004;-;2;5;3;1;1;11;4;2500;1
2023;16;3;1602;1602004;-;2;5;3;1;1;11;5;48700;1
2023;16;3;1602;1602004;-;2;5;3;2;3;11;1;222780;1
2023;16;3;1602;1602004;-;2;5;3;2;3;11;2;559108;3
2023;16;3;1602;1602004;-;2;5;3;2;3;11;3;319740;1
2023;16;3;1602;1602004;-;2;5;3;2;3;11;4;5533;5
2023;16;3;1602;1602004;-;2;5;3;2;3;11;5;40100;5
2023;16;3;1602;1602004;-;2;5;4;2;3;11;2;1908679;4
2023;16;3;1602;1602004;-;2;5;4;2;3;11;3;754820;2
2023;16;3;1602;1602004;-;2;5;4;2;3;11;4;7700;5
2023;16;3;1602;1602004;-;2;5;4;2;3;11;5;80600;5
2023;16;3;1602;1602004;-;2;5;5;2;3;11;2;1063308;1
2023;16;3;1602;1602004;-;2;5;5;2;3;11;3;250000;1
2023;16;3;1602;1602004;-;2;5;5;2;3;11;4;14600;2
2023;16;3;1602;1602004;-;2;5;5;2;3;11;5;75200;2
2023;16;3;1602;1602004;-;2;8;5;2;3;11;2;2234486;1
2023;16;3;1602;1602004;-;2;8;5;2;3;11;4;2000;1
2023;16;3;1602;1602004;-;2;8;5;2;3;11;5;36000;1
2023;16;3;1602;1602004;-;2;11;2;2;3;11;2;129575;1
2023;16;3;1602;1602004;-;2;11;2;2;3;11;3;443740;4
2023;16;3;1602;1602004;-;2;11;2;2;3;11;4;5100;5
2023;16;3;1602;1602004;-;2;11;2;2;3;11;5;26700;5
2023;16;3;1602;1602004;-;2;11;3;2;3;11;2;192965;1
2023;16;3;1602;1602004;-;2;11;3;2;3;11;4;1095;1
2023;16;3;1602;1602004;-;2;11;3;2;3;11;5;14600;1
2023;16;3;1602;1602004;-;2;11;4;2;3;11;2;567642;1
2023;16;3;1602;1602004;-;2;11;4;2;3;11;4;450;1
2023;16;3;1605;1605001;-;2;11;2;2;3;11;1;880;1
2023;16;3;1605;1605001;-;2;11;2;2;3;11;2;144000;1
2023;16;3;1605;1605001;-;2;11;2;2;3;11;4;720;1
2023;16;3;1605;1605001;-;2;11;2;2;3;11;5;3200;1
2023;16;3;1605;1605004;-;2;5;2;2;3;11;3;85000;1
2023;16;3;1605;1605004;-;2;11;2;2;3;11;3;96360;1
2023;16;3;1605;1605004;-;2;11;2;2;3;11;4;1100;1
2023;16;3;1605;1605004;-;2;11;2;2;3;11;5;3500;1
2023;16;4;1601;1601001;-;1;5;2;2;3;11;3;212065;2
2023;16;4;1601;1601001;-;1;5;2;2;3;11;4;2300;2
2023;16;4;1601;1601001;-;1;5;2;2;3;11;5;9000;2
2023;16;4;1601;1601001;-;2;5;2;2;3;11;2;227880;2
2023;16;4;1601;1601001;-;2;5;2;2;3;11;3;284320;5
2023;16;4;1601;1601001;-;2;5;2;2;3;11;4;3900;5
2023;16;4;1601;1601001;-;2;5;2;2;3;11;5;18000;5
2023;16;4;1601;1601001;-;2;5;3;2;3;11;2;109500;1
2023;16;4;1601;1601001;-;2;5;3;2;3;11;3;509070;5
2023;16;4;1601;1601001;-;2;5;3;2;3;11;4;4275;6
2023;16;4;1601;1601001;-;2;5;3;2;3;11;5;24510;6
2023;16;4;1601;1601001;-;2;5;4;2;3;11;2;1512460;3
2023;16;4;1601;1601001;-;2;5;4;2;3;11;3;551250;2
2023;16;4;1601;1601001;-;2;5;4;2;3;11;4;2595;3
2023;16;4;1601;1601001;-;2;5;4;2;3;11;5;91650;3
2023;16;4;1601;1601001;-;2;5;5;2;3;11;2;394606;1
2023;16;4;1601;1601001;-;2;5;5;2;3;11;4;1460;1
2023;16;4;1601;1601001;-;2;5;5;2;3;11;5;15000;1
2023;16;4;1601;1601001;-;2;8;2;2;3;11;3;22000;1
2023;16;4;1601;1601001;-;2;8;2;2;3;11;4;1500;1
2023;16;4;1601;1601001;-;2;8;2;2;3;11;5;1800;1
2023;16;4;1601;1601001;-;2;8;5;2;3;11;2;680030;1
2023;16;4;1601;1601001;-;2;8;5;2;3;11;4;1100;1
2023;16;4;1601;1601001;-;2;8;5;2;3;11;5;14200;1
2023;16;4;1601;1601001;-;2;11;2;1;1;11;2;120000;1
2023;16;4;1601;1601001;-;2;11;3;2;3;11;3;105840;1
2023;16;4;1601;1601001;-;2;11;4;2;3;11;3;844000;3
2023;16;4;1601;1601001;-;2;11;4;2;3;11;4;7000;3
2023;16;4;1601;1601001;-;2;11;4;2;3;11;5;133000;3
2023;16;4;1601;1601001;-;2;11;5;2;3;11;2;1194998;1
2023;16;4;1601;1601001;-;2;11;5;2;3;11;4;1000;1
2023;16;4;1601;1601001;-;2;11;5;2;3;11;5;50000;1
2023;16;4;1601;1601001;-;2;12;6;2;3;11;2;3809879;1
2023;16;4;1601;1601001;-;2;12;6;2;3;11;4;3500;1
2023;16;4;1601;1601001;-;2;12;6;2;3;11;5;150000;1
2023;16;4;1601;1601002;-;2;2;5;2;3;11;2;437414;1
2023;16;4;1601;1601002;-;2;2;5;2;3;11;4;1000;1
2023;16;4;1601;1601002;-;2;2;5;2;3;11;5;18000;1
2023;16;4;1601;1601002;-;2;5;2;2;3;11;2;266783;2
2023;16;4;1601;1601002;-;2;5;2;2;3;11;3;445670;6
2023;16;4;1601;1601002;-;2;5;2;2;3;11;4;9265;8
2023;16;4;1601;1601002;-;2;5;2;2;3;11;5;21850;8
2023;16;4;1601;1601002;-;2;5;3;2;3;11;2;853031;3
2023;16;4;1601;1601002;-;2;5;3;2;3;11;3;165345;2
2023;16;4;1601;1601002;-;2;5;3;2;3;11;4;5900;5
2023;16;4;1601;1601002;-;2;5;3;2;3;11;5;41420;5
2023;16;4;1601;1601002;-;2;5;4;2;3;11;2;2635053;5
2023;16;4;1601;1601002;-;2;5;4;2;3;11;3;39420;1
2023;16;4;1601;1601002;-;2;5;4;2;3;11;4;5260;5
2023;16;4;1601;1601002;-;2;5;4;2;3;11;5;107700;5
2023;16;4;1601;1601002;-;2;5;5;2;3;11;2;794315;1
2023;16;4;1601;1601002;-;2;5;5;2;3;11;4;1300;1
2023;16;4;1601;1601002;-;2;5;5;2;3;11;5;49500;1
2023;16;4;1601;1601002;-;2;8;3;2;3;11;3;215350;1
2023;16;4;1601;1601002;-;2;8;3;2;3;11;4;800;1
2023;16;4;1601;1601002;-;2;8;3;2;3;11;5;7500;1
2023;16;4;1601;1601002;-;2;11;2;2;3;4;3;14900;1
2023;16;4;1601;1601002;-;2;11;2;2;3;4;4;220;1
2023;16;4;1601;1601002;-;2;11;2;2;3;11;3;28450;1
2023;16;4;1601;1601002;-;2;11;2;2;3;11;4;250;1
2023;16;4;1601;1601002;-;2;11;2;2;3;11;5;250;1
2023;16;4;1601;1601002;-;2;11;3;2;3;11;2;1354136;3
2023;16;4;1601;1601002;-;2;11;3;2;3;11;3;481210;2
2023;16;4;1601;1601002;-;2;11;3;2;3;11;4;4230;4
2023;16;4;1601;1601002;-;2;11;3;2;3;11;5;92760;4
2023;16;4;1601;1601002;-;2;11;4;2;3;11;3;95000;1
2023;16;4;1601;1601002;-;2;11;4;2;3;11;4;1000;1
2023;16;4;1601;1601002;-;2;11;4;2;3;11;5;3000;1
2023;16;4;1601;1601003;-;2;5;3;2;3;11;2;259880;1
2023;16;4;1601;1601003;-;2;5;3;2;3;11;4;1200;1
2023;16;4;1601;1601003;-;2;5;3;2;3;11;5;14400;1
2023;16;4;1601;1601003;-;2;5;5;2;3;11;2;389882;1
2023;16;4;1601;1601003;-;2;5;5;2;3;11;4;1700;1
2023;16;4;1601;1601003;-;2;5;5;2;3;11;5;30000;1
2023;16;4;1601;1601003;-;2;11;3;2;3;11;3;237250;1
2023;16;4;1601;1601003;-;2;11;3;2;3;11;4;1000;1
2023;16;4;1601;1601003;-;2;11;5;2;3;11;2;550547;2
2023;16;4;1601;1601003;-;2;11;5;2;3;11;4;2500;1
2023;16;4;1601;1601003;-;2;11;5;2;3;11;5;93000;2
2023;16;4;1602;1602004;-;2;5;2;2;3;11;2;48950;1
2023;16;4;1602;1602004;-;2;5;2;2;3;11;3;184800;1
2023;16;4;1602;1602004;-;2;5;2;2;3;11;4;1250;1
2023;16;4;1602;1602004;-;2;5;2;2;3;11;5;10800;1
2023;16;4;1604;1604001;-;2;11;4;2;3;11;2;183770;1
2023;16;4;1604;1604001;-;2;11;4;2;3;11;4;1200;1
2023;16;4;1604;1604001;-;2;11;4;2;3;11;5;15000;1
2023;16;5;1601;1601003;-;2;5;2;2;3;11;3;26000;1
2023;16;5;1601;1601003;-;2;5;2;2;3;11;4;1000;1
2023;16;5;1601;1601003;-;2;5;2;2;3;11;5;1000;1
2023;16;5;1604;1604001;-;1;5;5;2;3;11;3;530323;2
2023;16;5;1604;1604001;-;1;5;5;2;3;11;4;3000;2
2023;16;5;1604;1604001;-;1;5;5;2;3;11;5;33500;2
2023;16;5;1604;1604001;-;1;11;2;2;3;11;3;154000;2
2023;16;5;1604;1604001;-;1;11;2;2;3;11;4;2500;2
2023;16;5;1604;1604001;-;1;11;2;2;3;11;5;15500;2
2023;16;5;1604;1604001;-;1;11;4;2;3;11;3;148500;1
2023;16;5;1604;1604001;-;1;11;4;2;3;11;4;1000;1
2023;16;5;1604;1604001;-;1;11;5;2;3;11;2;13800;1
2023;16;5;1604;1604001;-;1;11;5;2;3;11;3;1059000;2
2023;16;5;1604;1604001;-;1;11;5;2;3;11;4;4420;3
2023;16;5;1604;1604001;-;1;11;5;2;3;11;5;63500;3
2023;16;5;1604;1604001;-;2;5;2;2;3;11;1;681425;1
2023;16;5;1604;1604001;-;2;5;2;2;3;11;2;1353667;2
2023;16;5;1604;1604001;-;2;5;2;2;3;11;3;748250;2
2023;16;5;1604;1604001;-;2;5;2;2;3;11;4;5060;4
2023;16;5;1604;1604001;-;2;5;2;2;3;11;5;124300;5
2023;16;5;1604;1604001;-;2;5;3;2;3;11;2;1145183;3
2023;16;5;1604;1604001;-;2;5;3;2;3;11;3;380000;1
2023;16;5;1604;1604001;-;2;5;3;2;3;11;4;5650;4
2023;16;5;1604;1604001;-;2;5;3;2;3;11;5;56900;4
2023;16;5;1604;1604001;-;2;5;4;2;3;11;3;130000;1
2023;16;5;1604;1604001;-;2;5;4;2;3;11;4;1000;1
2023;16;5;1604;1604001;-;2;5;4;2;3;11;5;1000;1
2023;16;5;1604;1604001;-;2;5;5;2;3;11;2;3666132;2
2023;16;5;1604;1604001;-;2;5;5;2;3;11;4;2700;2
2023;16;5;1604;1604001;-;2;5;5;2;3;11;5;61050;2
2023;16;5;1604;1604001;-;2;11;2;2;3;11;3;18000;1
2023;16;5;1604;1604001;-;2;11;2;2;3;11;4;2000;1
2023;16;5;1604;1604001;-;2;11;2;2;3;11;5;1500;1
2023;16;5;1604;1604001;-;2;11;3;2;3;11;2;341000;1
2023;16;5;1604;1604001;-;2;11;3;2;3;11;3;269200;2
2023;16;5;1604;1604001;-;2;11;3;2;3;11;4;3365;3
2023;16;5;1604;1604001;-;2;11;3;2;3;11;5;22800;2
2023;16;5;1604;1604001;-;2;11;4;2;3;11;1;530000;1
2023;16;5;1604;1604001;-;2;11;4;2;3;11;2;494426;2
2023;16;5;1604;1604001;-;2;11;4;2;3;11;4;3100;3
2023;16;5;1604;1604001;-;2;11;4;2;3;11;5;67300;3
2023;16;5;1604;1604001;-;2;12;5;2;3;11;2;45000;2
2023;16;5;1604;1604001;-;2;12;5;2;3;11;3;145000;1
2023;16;5;1604;1604001;-;2;12;5;2;3;11;4;400;1
2023;16;5;1604;1604001;-;2;12;5;2;3;11;5;25000;2
2023;16;5;1604;1604001;-;16;5;3;2;3;11;3;102000;1
2023;16;5;1604;1604001;-;16;5;3;2;3;11;4;1000;1
2023;16;5;1604;1604002;-;2;5;2;2;3;11;3;479070;6
2023;16;5;1604;1604002;-;2;5;2;2;3;11;4;6520;6
2023;16;5;1604;1604002;-;2;5;2;2;3;11;5;16840;5
2023;16;5;1604;1604002;-;2;5;3;2;3;11;2;599098;2
2023;16;5;1604;1604002;-;2;5;3;2;3;11;3;919300;5
2023;16;5;1604;1604002;-;2;5;3;2;3;11;4;7535;7
2023;16;5;1604;1604002;-;2;5;3;2;3;11;5;39000;6
2023;16;5;1604;1604002;-;2;5;4;2;3;11;2;400040;2
2023;16;5;1604;1604002;-;2;5;4;2;3;11;3;534510;2
2023;16;5;1604;1604002;-;2;5;4;2;3;11;4;5000;4
2023;16;5;1604;1604002;-;2;5;4;2;3;11;5;41700;4
2023;16;5;1604;1604002;-;2;8;4;2;3;11;3;85000;1
2023;16;5;1604;1604002;-;2;8;4;2;3;11;4;1000;1
2023;16;5;1604;1604002;-;2;8;4;2;3;11;5;10000;1
2023;16;5;1604;1604002;-;2;11;2;2;3;11;3;171300;2
2023;16;5;1604;1604002;-;2;11;2;2;3;11;4;900;2
2023;16;5;1604;1604002;-;2;11;2;2;3;11;5;7300;2
2023;16;5;1604;1604002;-;2;11;3;2;3;11;2;137443;1
2023;16;5;1604;1604002;-;2;11;3;2;3;11;3;576895;2
2023;16;5;1604;1604002;-;2;11;3;2;3;11;4;3000;2
2023;16;5;1604;1604002;-;2;11;3;2;3;11;5;13500;2
2023;16;5;1604;1604002;-;2;11;4;2;3;11;2;838625;1
2023;16;5;1604;1604002;-;2;11;4;2;3;11;4;800;1
2023;16;5;1604;1604002;-;2;11;4;2;3;11;5;30000;1
2023;16;5;1604;1604003;-;1;5;2;2;3;11;3;53800;1
2023;16;5;1604;1604003;-;1;5;2;2;3;11;4;950;1
2023;16;5;1604;1604003;-;2;2;4;2;3;11;3;795000;1
2023;16;5;1604;1604003;-;2;2;4;2;3;11;4;3000;1
2023;16;5;1604;1604003;-;2;2;4;2;3;11;5;15000;1
2023;16;5;1604;1604003;-;2;5;2;2;3;11;3;532060;7
2023;16;5;1604;1604003;-;2;5;2;2;3;11;4;3350;4
2023;16;5;1604;1604003;-;2;5;2;2;3;11;5;20815;6
2023;16;5;1604;1604003;-;2;5;3;2;3;11;2;70000;1
2023;16;5;1604;1604003;-;2;5;3;2;3;11;3;96000;1
2023;16;5;1604;1604003;-;2;5;3;2;3;11;4;2000;2
2023;16;5;1604;1604003;-;2;5;3;2;3;11;5;7500;2
2023;16;5;1604;1604003;-;2;5;4;2;3;11;2;242400;2
2023;16;5;1604;1604003;-;2;5;4;2;3;11;3;395000;2
2023;16;5;1604;1604003;-;2;5;4;2;3;11;4;2825;2
2023;16;5;1604;1604003;-;2;5;4;2;3;11;5;14200;2
2023;16;5;1604;1604003;-;2;8;5;2;3;11;3;874500;1
2023;16;5;1604;1604003;-;2;8;5;2;3;11;4;2000;1
2023;16;5;1604;1604003;-;2;8;5;2;3;11;5;36000;1
2023;16;5;1604;1604003;-;2;11;3;2;3;11;2;100000;1
2023;16;5;1604;1604003;-;2;11;3;2;3;11;3;900000;2
2023;16;5;1604;1604003;-;2;11;3;2;3;11;4;3840;3
2023;16;5;1604;1604003;-;2;11;3;2;3;11;5;13100;3
2023;16;5;1604;1604003;-;2;11;5;2;3;11;3;342735;2
2023;16;5;1604;1604003;-;2;11;5;2;3;11;4;1100;2
2023;16;5;1604;1604003;-;2;11;5;2;3;11;5;700;1
2023;16;5;1604;1604003;-;2;12;4;2;3;11;2;434165;1
2023;16;5;1604;1604003;-;2;12;4;2;3;11;4;1825;1
2023;16;5;1604;1604003;-;2;12;4;2;3;11;5;55000;1
2023;16;5;1604;1604004;-;1;5;4;2;3;11;3;80000;1
2023;16;5;1604;1604004;-;1;5;4;2;3;11;4;400;1
2023;16;5;1604;1604004;-;1;5;4;2;3;11;5;500;1
2023;16;5;1604;1604004;-;1;5;7;2;3;11;2;1016511;1
2023;16;5;1604;1604004;-;1;5;7;2;3;11;4;3400;1
2023;16;5;1604;1604004;-;1;5;7;2;3;11;5;66700;1
2023;16;5;1604;1604004;-;1;11;3;2;3;11;3;1600000;1
2023;16;5;1604;1604004;-;1;11;3;2;3;11;4;3000;1
2023;16;5;1604;1604004;-;1;11;3;2;3;11;5;50000;1
2023;16;5;1604;1604004;-;2;5;2;2;3;11;2;354001;3
2023;16;5;1604;1604004;-;2;5;2;2;3;11;3;347400;4
2023;16;5;1604;1604004;-;2;5;2;2;3;11;4;8970;7
2023;16;5;1604;1604004;-;2;5;2;2;3;11;5;35992;7
2023;16;5;1604;1604004;-;2;5;3;2;3;11;3;140000;1
2023;16;5;1604;1604004;-;2;5;3;2;3;11;4;500;1
2023;16;5;1604;1604004;-;2;5;3;2;3;11;5;2599;1
2023;16;5;1604;1604004;-;2;5;4;2;3;11;1;374959;1
2023;16;5;1604;1604004;-;2;5;4;2;3;11;3;380000;1
2023;16;5;1604;1604004;-;2;5;4;2;3;11;4;1836;2
2023;16;5;1604;1604004;-;2;5;4;2;3;11;5;17000;2
2023;16;5;1604;1604004;-;2;5;5;2;3;11;2;6199477;1
2023;16;5;1604;1604004;-;2;5;5;2;3;11;3;826417;2
2023;16;5;1604;1604004;-;2;5;5;2;3;11;4;20300;2
2023;16;5;1604;1604004;-;2;5;5;2;3;11;5;387590;2
2023;16;5;1604;1604004;-;2;11;2;2;3;11;2;437500;3
2023;16;5;1604;1604004;-;2;11;2;2;3;11;3;90520;1
2023;16;5;1604;1604004;-;2;11;2;2;3;11;4;4530;4
2023;16;5;1604;1604004;-;2;11;2;2;3;11;5;14000;4
2023;16;5;1604;1604004;-;2;11;3;2;3;11;2;1278244;3
2023;16;5;1604;1604004;-;2;11;3;2;3;11;3;1532244;2
2023;16;5;1604;1604004;-;2;11;3;2;3;11;4;4948;3
2023;16;5;1604;1604004;-;2;11;3;2;3;11;5;78470;3
2023;16;5;1604;1604004;-;2;11;5;2;3;11;2;390000;1
2023;16;5;1604;1604004;-;2;11;5;2;3;11;5;35000;1
2023;16;5;1604;1604004;-;2;11;6;2;3;11;2;2140000;1
2023;16;5;1604;1604004;-;2;11;6;2;3;11;4;2000;1
2023;16;5;1604;1604004;-;2;11;6;2;3;11;5;50000;1
2023;16;5;1604;1604004;-;2;12;3;2;3;11;2;267821;1
2023;16;5;1604;1604004;-;2;12;3;2;3;11;4;3500;1
2023;16;5;1604;1604004;-;2;12;3;2;3;11;5;20000;1
2023;16;5;1604;1604004;-;2;12;4;2;3;11;2;230000;1
2023;16;5;1604;1604004;-;2;12;4;2;3;11;4;360;1
2023;16;5;1604;1604004;-;2;12;4;2;3;11;5;10000;1
2023;16;5;1604;1604004;-;2;14;3;2;3;11;1;194522;1
2023;16;5;1604;1604004;-;2;14;3;2;3;11;4;550;1
2023;16;5;1604;1604004;-;2;14;3;2;3;11;5;4000;1
2023;16;5;1604;1604005;-;1;5;5;2;3;11;2;63500;1
2023;16;5;1604;1604005;-;1;5;5;2;3;11;4;2000;1
2023;16;5;1604;1604005;-;1;5;5;2;3;11;5;14000;1
2023;16;5;1604;1604005;-;2;2;4;2;3;11;2;742791;1
2023;16;5;1604;1604005;-;2;2;4;2;3;11;4;900;1
2023;16;5;1604;1604005;-;2;2;4;2;3;11;5;28975;1
2023;16;5;1604;1604005;-;2;5;2;2;3;11;2;306128;3
2023;16;5;1604;1604005;-;2;5;2;2;3;11;3;398795;3
2023;16;5;1604;1604005;-;2;5;2;2;3;11;4;3250;4
2023;16;5;1604;1604005;-;2;5;2;2;3;11;5;10150;4
2023;16;5;1604;1604005;-;2;5;3;2;3;11;3;146000;1
2023;16;5;1604;1604005;-;2;5;3;2;3;11;4;750;1
2023;16;5;1604;1604005;-;2;5;3;2;3;11;5;1200;1
2023;16;5;1604;1604005;-;2;5;4;2;3;11;2;372000;1
2023;16;5;1604;1604005;-;2;5;4;2;3;11;3;432155;1
2023;16;5;1604;1604005;-;2;5;4;2;3;11;4;1095;1
2023;16;5;1604;1604005;-;2;5;4;2;3;11;5;2350;1
2023;16;5;1604;1604005;-;2;5;5;2;3;11;2;2805054;3
2023;16;5;1604;1604005;-;2;5;5;2;3;11;3;215000;1
2023;16;5;1604;1604005;-;2;5;5;2;3;11;4;5190;4
2023;16;5;1604;1604005;-;2;5;5;2;3;11;5;91000;4
2023;16;5;1604;1604005;-;2;8;6;2;3;11;2;2452496;1
2023;16;5;1604;1604005;-;2;8;6;2;3;11;4;5200;1
2023;16;5;1604;1604005;-;2;8;6;2;3;11;5;15000;1
2023;16;5;1604;1604005;-;2;9;5;2;3;11;2;2060112;1
2023;16;5;1604;1604005;-;2;9;5;2;3;11;4;6700;1
2023;16;5;1604;1604005;-;2;9;5;2;3;11;5;76800;1
2023;16;5;1604;1604005;-;2;11;2;2;3;11;2;415230;3
2023;16;5;1604;1604005;-;2;11;2;2;3;11;3;73500;1
2023;16;5;1604;1604005;-;2;11;2;2;3;11;4;2550;3
2023;16;5;1604;1604005;-;2;11;2;2;3;11;5;11440;4
2023;16;5;1604;1604005;-;2;11;3;1;1;11;2;38114;1
2023;16;5;1604;1604005;-;2;11;3;1;1;11;4;370;1
2023;16;5;1604;1604005;-;2;11;3;1;1;11;5;5000;1
2023;16;5;1604;1604005;-;2;11;3;2;3;11;2;594432;1
2023;16;5;1604;1604005;-;2;11;3;2;3;11;3;491000;4
2023;16;5;1604;1604005;-;2;11;3;2;3;11;4;2850;5
2023;16;5;1604;1604005;-;2;11;3;2;3;11;5;5600;4
2023;16;5;1604;1604005;-;2;11;4;2;3;11;2;493922;1
2023;16;5;1604;1604005;-;2;11;4;2;3;11;3;105000;1
2023;16;5;1604;1604005;-;2;11;4;2;3;11;4;2500;2
2023;16;5;1604;1604005;-;2;11;4;2;3;11;5;4500;1
2023;16;5;1604;1604005;-;2;11;5;2;3;11;2;378929;1
2023;16;5;1604;1604005;-;2;11;5;2;3;11;4;3600;1
2023;16;5;1604;1604005;-;2;11;5;2;3;11;5;12000;1
2023;16;5;1604;1604005;-;2;12;5;2;3;11;2;2720165;1
2023;16;5;1604;1604005;-;2;12;5;2;3;11;4;3820;1
2023;16;5;1604;1604005;-;2;12;5;2;3;11;5;90230;1
2023;16;5;1604;1604005;-;3;5;5;2;3;11;2;10850;1
2023;16;5;1604;1604005;-;3;5;5;2;3;11;5;50;1
2023;16;5;1604;1604006;-;1;5;5;2;3;11;3;1672795;1
2023;16;5;1604;1604006;-;1;5;5;2;3;11;4;1200;1
2023;16;5;1604;1604006;-;1;5;5;2;3;11;5;60800;1
2023;16;5;1604;1604006;-;1;11;2;2;3;11;2;21600;1
2023;16;5;1604;1604006;-;1;11;2;2;3;11;3;21600;1
2023;16;5;1604;1604006;-;1;11;2;2;3;11;4;300;1
2023;16;5;1604;1604006;-;2;5;2;2;3;11;2;235000;1
2023;16;5;1604;1604006;-;2;5;2;2;3;11;3;715000;4
2023;16;5;1604;1604006;-;2;5;2;2;3;11;4;6400;5
2023;16;5;1604;1604006;-;2;5;2;2;3;11;5;8270;5
2023;16;5;1604;1604006;-;2;5;3;2;3;11;3;73000;1
2023;16;5;1604;1604006;-;2;5;3;2;3;11;4;1000;1
2023;16;5;1604;1604006;-;2;5;3;2;3;11;5;1000;1
2023;16;5;1604;1604006;-;2;5;4;2;3;11;1;376740;1
2023;16;5;1604;1604006;-;2;5;4;2;3;11;2;1415000;2
2023;16;5;1604;1604006;-;2;5;4;2;3;11;3;1460787;3
2023;16;5;1604;1604006;-;2;5;4;2;3;11;4;15550;5
2023;16;5;1604;1604006;-;2;5;4;2;3;11;5;76100;5
2023;16;5;1604;1604006;-;2;5;5;2;3;11;2;1108064;1
2023;16;5;1604;1604006;-;2;5;5;2;3;11;3;1800000;1
2023;16;5;1604;1604006;-;2;5;5;2;3;11;4;4190;2
2023;16;5;1604;1604006;-;2;5;5;2;3;11;5;89600;2
2023;16;5;1604;1604006;-;2;11;2;2;3;11;3;25200;1
2023;16;5;1604;1604006;-;2;11;3;2;3;11;2;233212;1
2023;16;5;1604;1604006;-;2;11;3;2;3;11;3;99500;2
2023;16;5;1604;1604006;-;2;11;3;2;3;11;4;4560;3
2023;16;5;1604;1604006;-;2;11;3;2;3;11;5;17300;3
2023;16;5;1604;1604006;-;2;11;4;2;3;11;2;320000;1
2023;16;5;1604;1604006;-;2;11;4;2;3;11;4;500;1
2023;16;5;1604;1604006;-;2;11;4;2;3;11;5;10000;1
2023;16;5;1604;1604006;-;2;13;5;2;3;11;2;1019349;1
2023;16;5;1604;1604007;-;1;5;4;2;3;11;4;3100;1
2023;16;5;1604;1604007;-;1;5;4;2;3;11;5;25000;1
2023;16;5;1604;1604007;-;1;11;2;2;3;11;3;272160;1
2023;16;5;1604;1604007;-;1;11;2;2;3;11;4;1200;1
2023;16;5;1604;1604007;-;1;11;2;2;3;11;5;8000;1
2023;16;5;1604;1604007;-;2;5;2;2;3;11;2;743672;5
2023;16;5;1604;1604007;-;2;5;2;2;3;11;3;329340;5
2023;16;5;1604;1604007;-;2;5;2;2;3;11;4;6075;8
2023;16;5;1604;1604007;-;2;5;2;2;3;11;5;28620;9
2023;16;5;1604;1604007;-;2;5;3;2;3;4;3;185000;1
2023;16;5;1604;1604007;-;2;5;3;2;3;4;4;1000;1
2023;16;5;1604;1604007;-;2;5;3;2;3;4;5;3000;1
2023;16;5;1604;1604007;-;2;5;3;2;3;11;2;2099198;7
2023;16;5;1604;1604007;-;2;5;3;2;3;11;3;714042;4
2023;16;5;1604;1604007;-;2;5;3;2;3;11;4;9890;10
2023;16;5;1604;1604007;-;2;5;3;2;3;11;5;79680;10
2023;16;5;1604;1604007;-;2;5;4;2;3;11;2;2867946;6
2023;16;5;1604;1604007;-;2;5;4;2;3;11;3;794000;2
2023;16;5;1604;1604007;-;2;5;4;2;3;11;4;13914;8
2023;16;5;1604;1604007;-;2;5;4;2;3;11;5;152170;8
2023;16;5;1604;1604007;-;2;5;5;2;3;11;1;45000;1
2023;16;5;1604;1604007;-;2;5;5;2;3;11;2;2347681;2
2023;16;5;1604;1604007;-;2;5;5;2;3;11;4;4620;2
2023;16;5;1604;1604007;-;2;5;5;2;3;11;5;12000;2
2023;16;5;1604;1604007;-;2;8;2;2;3;11;3;700000;1
2023;16;5;1604;1604007;-;2;8;2;2;3;11;4;200;1
2023;16;5;1604;1604007;-;2;8;2;2;3;11;5;7000;1
2023;16;5;1604;1604007;-;2;8;7;2;3;11;2;4000000;1
2023;16;5;1604;1604007;-;2;8;7;2;3;11;4;1500;1
2023;16;5;1604;1604007;-;2;8;7;2;3;11;5;25000;1
2023;16;5;1604;1604007;-;2;11;2;2;3;11;2;122000;1
2023;16;5;1604;1604007;-;2;11;2;2;3;11;3;206300;3
2023;16;5;1604;1604007;-;2;11;2;2;3;11;4;2900;3
2023;16;5;1604;1604007;-;2;11;2;2;3;11;5;22000;3
2023;16;5;1604;1604007;-;2;11;3;2;3;11;2;1077142;6
2023;16;5;1604;1604007;-;2;11;3;2;3;11;3;874720;5
2023;16;5;1604;1604007;-;2;11;3;2;3;11;4;5740;8
2023;16;5;1604;1604007;-;2;11;3;2;3;11;5;49720;7
2023;16;5;1604;1604007;-;2;11;4;2;3;11;2;570000;1
2023;16;5;1604;1604007;-;2;11;4;2;3;11;4;1000;1
2023;16;5;1604;1604007;-;2;11;4;2;3;11;5;3500;1
2023;16;5;1604;1604007;-;2;11;5;2;3;11;2;1200880;1
2023;16;5;1604;1604007;-;2;11;5;2;3;11;4;2400;1
2023;16;5;1604;1604007;-;2;11;5;2;3;11;5;2760;1
2023;16;5;1604;1604007;-;2;12;4;2;3;11;2;4200000;1
2023;16;5;1604;1604007;-;2;12;4;2;3;11;4;1500;1
2023;16;5;1604;1604007;-;2;12;4;2;3;11;5;40000;1
2023;16;5;1604;1604007;-;2;14;5;2;3;11;3;275000;1
2023;16;5;1604;1604007;-;2;14;5;2;3;11;4;1500;1
2023;16;5;1604;1604007;-;2;14;5;2;3;11;5;10000;1
2023;16;5;1607;1607004;-;2;5;2;2;3;11;3;32000;1
2023;16;5;1607;1607004;-;2;5;2;2;3;11;4;1000;1
2023;16;5;1607;1607004;-;2;5;2;2;3;11;5;1000;1
2023;16;6;0;0;-;63;5;1;1;1;11;2;250000;1
2023;16;6;0;0;-;63;5;1;1;1;11;4;1000;1
2023;16;6;0;0;-;63;5;1;1;1;11;5;40000;1
2023;16;6;1601;1601004;-;2;11;5;2;3;11;2;1160700;1
2023;16;6;1601;1601004;-;2;11;5;2;3;11;4;1300;1
2023;16;6;1601;1601004;-;2;11;5;2;3;11;5;27000;1
2023;16;6;1601;1601006;-;2;5;4;2;3;11;2;906890;1
2023;16;6;1601;1601006;-;2;5;4;2;3;11;4;550;1
2023;16;6;1601;1601006;-;2;5;4;2;3;11;5;18700;1
2023;16;6;1601;1601006;-;2;11;3;2;3;11;2;160000;1
2023;16;6;1601;1601006;-;2;11;3;2;3;11;4;700;1
2023;16;6;1601;1601006;-;2;11;3;2;3;11;5;1500;1
2023;16;6;1605;1605001;-;2;5;2;2;3;11;3;68985;1
2023;16;6;1605;1605001;-;2;5;2;2;3;11;4;1300;1
2023;16;6;1605;1605001;-;2;5;2;2;3;11;5;4200;1
2023;16;6;1605;1605001;-;2;5;3;2;3;11;2;943200;3
2023;16;6;1605;1605001;-;2;5;3;2;3;11;3;61200;1
2023;16;6;1605;1605001;-;2;5;3;2;3;11;4;2595;3
2023;16;6;1605;1605001;-;2;5;3;2;3;11;5;62100;3
2023;16;6;1605;1605001;-;2;5;5;2;3;11;2;884442;1
2023;16;6;1605;1605001;-;2;5;5;2;3;11;4;4100;1
2023;16;6;1605;1605001;-;2;5;5;2;3;11;5;63000;1
2023;16;6;1605;1605001;-;2;8;6;2;3;11;2;6557430;1
2023;16;6;1605;1605001;-;2;8;6;2;3;11;4;18920;1
2023;16;6;1605;1605001;-;2;8;6;2;3;11;5;225787;1
2023;16;6;1605;1605001;-;2;11;2;2;3;11;2;195600;1
2023;16;6;1605;1605001;-;2;11;2;2;3;11;4;750;1
2023;16;6;1605;1605001;-;2;11;2;2;3;11;5;6000;1
2023;16;6;1605;1605001;-;2;11;3;2;3;11;2;396149;2
2023;16;6;1605;1605001;-;2;11;3;2;3;11;4;1600;2
2023;16;6;1605;1605001;-;2;11;3;2;3;11;5;42000;2
2023;16;6;1605;1605001;-;2;11;4;2;3;11;2;2220739;3
2023;16;6;1605;1605001;-;2;11;4;2;3;11;4;4100;3
2023;16;6;1605;1605001;-;2;11;4;2;3;11;5;72000;3
2023;16;6;1605;1605001;-;63;5;1;1;1;11;3;19500;1
2023;16;6;1605;1605001;-;63;5;1;1;1;11;4;700;1
2023;16;6;1605;1605002;-;2;5;2;2;3;11;2;255868;1
2023;16;6;1605;1605002;-;2;5;2;2;3;11;3;15000;1
2023;16;6;1605;1605002;-;2;5;2;2;3;11;4;1150;2
2023;16;6;1605;1605002;-;2;5;2;2;3;11;5;17100;2
2023;16;6;1605;1605002;-;2;5;4;2;3;11;2;486738;1
2023;16;6;1605;1605002;-;2;5;4;2;3;11;5;14000;1
2023;16;6;1605;1605002;-;2;11;2;2;3;11;2;457303;2
2023;16;6;1605;1605002;-;2;11;2;2;3;11;3;20000;1
2023;16;6;1605;1605002;-;2;11;2;2;3;11;4;2700;3
2023;16;6;1605;1605002;-;2;11;2;2;3;11;5;19100;3
2023;16;6;1605;1605003;-;1;5;2;2;3;11;3;484800;2
2023;16;6;1605;1605003;-;1;5;2;2;3;11;4;1440;2
2023;16;6;1605;1605003;-;1;5;2;2;3;11;5;11550;2
2023;16;6;1605;1605003;-;1;8;2;2;3;11;3;18000;1
2023;16;6;1605;1605003;-;1;8;2;2;3;11;4;800;1
2023;16;6;1605;1605003;-;2;3;7;2;3;11;2;11712108;1
2023;16;6;1605;1605003;-;2;3;7;2;3;11;4;14600;1
2023;16;6;1605;1605003;-;2;3;7;2;3;11;5;517440;1
2023;16;6;1605;1605003;-;2;5;2;2;3;11;2;392778;1
2023;16;6;1605;1605003;-;2;5;2;2;3;11;3;95700;2
2023;16;6;1605;1605003;-;2;5;2;2;3;11;4;2295;3
2023;16;6;1605;1605003;-;2;5;2;2;3;11;5;48050;2
2023;16;6;1605;1605003;-;2;5;3;2;3;11;2;609000;1
2023;16;6;1605;1605003;-;2;5;3;2;3;11;4;700;1
2023;16;6;1605;1605003;-;2;5;3;2;3;11;5;15000;1
2023;16;6;1605;1605003;-;2;5;4;2;3;11;2;630000;1
2023;16;6;1605;1605003;-;2;5;4;2;3;11;4;55000;1
2023;16;6;1605;1605003;-;2;5;4;2;3;11;5;168000;1
2023;16;6;1605;1605003;-;2;11;3;2;3;11;2;100000;1
2023;16;6;1605;1605003;-;2;11;3;2;3;11;4;300;1
2023;16;6;1605;1605003;-;2;11;3;2;3;11;5;8500;1
2023;16;6;1605;1605003;-;2;11;6;2;3;11;2;2284609;1
2023;16;6;1605;1605003;-;2;11;6;2;3;11;4;10500;1
2023;16;6;1605;1605003;-;2;11;6;2;3;11;5;200000;1
2023;16;6;1605;1605004;-;2;5;2;2;3;11;2;762883;2
2023;16;6;1605;1605004;-;2;5;2;2;3;11;3;36000;1
2023;16;6;1605;1605004;-;2;5;2;2;3;11;4;2645;3
2023;16;6;1605;1605004;-;2;5;2;2;3;11;5;34400;2
2023;16;6;1605;1605004;-;2;5;3;2;3;11;3;59000;1
2023;16;6;1605;1605004;-;2;5;3;2;3;11;4;1000;1
2023;16;6;1605;1605004;-;2;5;4;2;3;11;2;50000;1
2023;16;6;1605;1605004;-;2;5;4;2;3;11;4;400;1
2023;16;6;1605;1605004;-;2;5;4;2;3;11;5;300;1
2023;16;6;1605;1605004;-;2;8;2;1;1;11;2;4984860;1
2023;16;6;1605;1605004;-;2;8;2;1;1;11;4;3240;1
2023;16;6;1605;1605004;-;2;8;2;1;1;11;5;84000;1
2023;16;6;1605;1605004;-;2;11;2;2;3;11;2;204868;1
2023;16;6;1605;1605004;-;2;11;2;2;3;11;4;1850;1
2023;16;6;1605;1605004;-;2;11;2;2;3;11;5;7500;1
2023;16;6;1605;1605004;-;2;11;4;2;3;11;2;294000;2
2023;16;6;1605;1605004;-;2;11;4;2;3;11;4;1180;2
2023;16;6;1605;1605004;-;2;11;4;2;3;11;5;27350;2
2023;16;6;1605;1605005;-;2;5;2;2;3;11;2;280000;1
2023;16;6;1605;1605005;-;2;5;2;2;3;11;4;800;1
2023;16;6;1605;1605005;-;2;5;2;2;3;11;5;2500;1
2023;16;6;1605;1605005;-;2;5;4;2;3;11;2;1733698;2
2023;16;6;1605;1605005;-;2;5;4;2;3;11;4;2820;2
2023;16;6;1605;1605005;-;2;5;4;2;3;11;5;50350;2
2023;16;6;1605;1605005;-;2;9;5;2;3;11;2;859375;1
2023;16;6;1605;1605005;-;2;9;5;2;3;11;4;2500;1
2023;16;6;1605;1605005;-;2;9;5;2;3;11;5;60000;1
2023;16;6;1605;1605005;-;2;11;2;2;3;11;2;147291;1
2023;16;6;1605;1605005;-;2;11;2;2;3;11;4;700;1
2023;16;6;1605;1605005;-;2;11;2;2;3;11;5;1975;1
2023;16;6;1605;1605005;-;2;11;4;2;3;11;1;568303;1
2023;16;6;1605;1605005;-;2;11;4;2;3;11;4;500;1
2023;16;6;1605;1605005;-;2;11;4;2;3;11;5;1200;1
2023;16;6;1605;1605006;-;1;5;2;2;3;11;2;120000;1
2023;16;6;1605;1605006;-;1;5;2;2;3;11;4;1600;1
2023;16;6;1605;1605006;-;1;5;2;2;3;11;5;1500;1
2023;16;6;1605;1605006;-;2;5;2;2;3;11;2;553000;2
2023;16;6;1605;1605006;-;2;5;2;2;3;11;3;178063;2
2023;16;6;1605;1605006;-;2;5;2;2;3;11;4;2495;4
2023;16;6;1605;1605006;-;2;5;2;2;3;11;5;24485;4
2023;16;6;1605;1605006;-;2;5;3;2;3;11;2;1838189;4
2023;16;6;1605;1605006;-;2;5;3;2;3;11;4;7600;4
2023;16;6;1605;1605006;-;2;5;3;2;3;11;5;100300;4
2023;16;6;1605;1605006;-;2;5;4;2;3;11;2;1141551;2
2023;16;6;1605;1605006;-;2;5;4;2;3;11;3;850000;1
2023;16;6;1605;1605006;-;2;5;4;2;3;11;4;3150;3
2023;16;6;1605;1605006;-;2;5;4;2;3;11;5;110350;3
2023;16;6;1605;1605006;-;2;11;3;2;3;11;2;59724;1
2023;16;6;1605;1605006;-;2;11;3;2;3;11;3;109500;1
2023;16;6;1605;1605006;-;2;11;3;2;3;11;4;965;2
2023;16;6;1605;1605006;-;2;11;3;2;3;11;5;885;2
2023;16;6;1605;1605006;-;2;11;4;2;3;11;2;541239;1
2023;16;6;1605;1605006;-;2;11;4;2;3;11;4;730;1
2023;16;6;1605;1605006;-;2;11;4;2;3;11;5;16920;1
2023;16;6;1606;1606003;-;2;5;2;2;3;11;2;10967;1
2023;16;6;1606;1606003;-;2;5;2;2;3;11;4;285;1
2023;16;6;1606;1606003;-;2;5;2;2;3;11;5;1485;1
2023;16;6;1606;1606003;-;2;8;7;2;3;11;2;6822639;1
2023;16;6;1606;1606003;-;2;8;7;2;3;11;4;13870;1
2023;16;6;1606;1606003;-;2;8;7;2;3;11;5;362080;1
2023;16;6;1606;1606004;-;2;5;2;2;3;11;2;110308;2
2023;16;6;1606;1606004;-;2;5;2;2;3;11;4;2700;2
2023;16;6;1606;1606004;-;2;5;2;2;3;11;5;43860;2
2023;16;6;1606;1606004;-;2;5;4;2;3;11;2;949843;2
2023;16;6;1606;1606004;-;2;5;4;2;3;11;4;2060;2
2023;16;6;1606;1606004;-;2;5;4;2;3;11;5;17300;2
2023;16;6;1606;1606004;-;2;8;2;2;3;11;1;200;1
2023;16;6;1606;1606004;-;2;8;2;2;3;11;2;10000;1
2023;16;6;1606;1606004;-;2;8;2;2;3;11;4;150;1
2023;16;6;1606;1606004;-;2;8;2;2;3;11;5;500;1
2023;16;6;1606;1606005;-;1;5;2;2;3;11;3;222400;2
2023;16;6;1606;1606005;-;1;5;2;2;3;11;4;1500;2
2023;16;6;1606;1606005;-;1;5;2;2;3;11;5;3200;1
2023;16;6;1606;1606005;-;1;5;4;2;3;11;2;127000;1
2023;16;6;1606;1606005;-;1;5;4;2;3;11;4;361;1
2023;16;6;1606;1606005;-;1;5;4;2;3;11;5;13000;1
2023;16;6;1606;1606005;-;2;5;2;2;3;11;2;254320;3
2023;16;6;1606;1606005;-;2;5;2;2;3;11;3;201780;2
2023;16;6;1606;1606005;-;2;5;2;2;3;11;4;3270;5
2023;16;6;1606;1606005;-;2;5;2;2;3;11;5;25400;4
2023;16;6;1606;1606005;-;2;5;3;2;3;11;2;706000;2
2023;16;6;1606;1606005;-;2;5;3;2;3;11;3;285000;1
2023;16;6;1606;1606005;-;2;5;3;2;3;11;4;2950;3
2023;16;6;1606;1606005;-;2;5;3;2;3;11;5;41700;3
2023;16;6;1606;1606005;-;2;5;4;2;3;11;2;1613367;2
2023;16;6;1606;1606005;-;2;5;4;2;3;11;4;10400;2
2023;16;6;1606;1606005;-;2;5;4;2;3;11;5;147000;2
2023;16;6;1606;1606005;-;2;11;2;2;3;11;2;34000;1
2023;16;6;1606;1606005;-;2;11;2;2;3;11;3;55000;1
2023;16;6;1606;1606005;-;2;11;2;2;3;11;4;260;2
2023;16;6;1606;1606005;-;2;11;2;2;3;11;5;5400;2
2023;16;6;1606;1606005;-;2;11;3;2;3;11;1;320000;1
2023;16;6;1606;1606005;-;2;11;3;2;3;11;2;958721;3
2023;16;6;1606;1606005;-;2;11;3;2;3;11;3;200000;1
2023;16;6;1606;1606005;-;2;11;3;2;3;11;4;4500;4
2023;16;6;1606;1606005;-;2;11;3;2;3;11;5;52600;4
2023;16;6;1606;1606005;-;2;14;3;1;1;11;3;275000;1
2023;16;6;1606;1606005;-;2;14;3;1;1;11;4;1500;1
2023;16;6;1606;1606005;-;2;14;3;1;1;11;5;10000;1
2023;16;6;1606;1606005;-;2;14;3;2;3;11;1;292500;1
2023;16;6;1606;1606005;-;2;14;3;2;3;11;3;700000;1
2023;16;6;1606;1606005;-;2;14;3;2;3;11;4;1100;2
2023;16;6;1606;1606005;-;2;14;3;2;3;11;5;88000;2
2023;16;6;1607;1607001;-;2;5;2;2;3;11;3;252600;1
2023;16;6;1607;1607001;-;2;5;2;2;3;11;4;500;1
2023;16;6;1607;1607001;-;2;5;2;2;3;11;5;8500;1
2023;16;6;1607;1607003;-;2;5;3;2;3;11;2;544563;2
2023;16;6;1607;1607003;-;2;5;3;2;3;11;4;1520;2
2023;16;6;1607;1607003;-;2;5;3;2;3;11;5;25275;2
2023;16;7;1605;1605004;-;2;5;3;2;3;11;2;93382;1
2023;16;7;1605;1605004;-;2;5;3;2;3;11;4;1000;1
2023;16;7;1605;1605004;-;2;5;3;2;3;11;5;3875;1
2023;16;7;1605;1605004;-;2;5;4;2;3;11;2;1793237;1
2023;16;7;1605;1605004;-;2;5;4;2;3;11;4;4270;1
2023;16;7;1605;1605004;-;2;5;4;2;3;11;5;46895;1
2023;16;7;1605;1605006;-;2;5;2;2;3;11;2;587862;1
2023;16;7;1605;1605006;-;2;5;2;2;3;11;4;500;1
2023;16;7;1605;1605006;-;2;5;2;2;3;11;5;14000;1
2023;16;7;1605;1605006;-;2;12;5;2;3;11;2;2568237;1
2023;16;7;1605;1605006;-;2;12;5;2;3;11;4;2160;1
2023;16;7;1605;1605006;-;2;12;5;2;3;11;5;62700;1
2023;16;7;1605;1605006;-;18;5;1;1;1;11;2;250420;1
2023;16;7;1605;1605006;-;18;5;1;1;1;11;4;400;1
2023;16;7;1605;1605006;-;18;5;1;1;1;11;5;8200;1
2023;16;7;1606;1606003;-;2;5;2;2;3;11;1;8000;1
2023;16;7;1606;1606003;-;2;5;2;2;3;11;2;566219;2
2023;16;7;1606;1606003;-;2;5;2;2;3;11;4;4600;3
2023;16;7;1606;1606003;-;2;5;2;2;3;11;5;13000;3
2023;16;7;1606;1606003;-;2;5;3;2;3;11;2;687174;2
2023;16;7;1606;1606003;-;2;5;3;2;3;11;4;4015;2
2023;16;7;1606;1606003;-;2;5;3;2;3;11;5;21900;2
2023;16;7;1606;1606003;-;2;5;4;2;3;11;2;354601;1
2023;16;7;1606;1606003;-;2;5;4;2;3;11;4;720;1
2023;16;7;1606;1606003;-;2;5;4;2;3;11;5;15875;1
2023;16;7;1606;1606003;-;2;5;5;2;3;11;2;814201;1
2023;16;7;1606;1606003;-;2;5;5;2;3;11;4;735;1
2023;16;7;1606;1606003;-;2;5;5;2;3;11;5;21350;1
2023;16;7;1606;1606003;-;2;8;4;2;3;11;2;1232955;2
2023;16;7;1606;1606003;-;2;8;4;2;3;11;4;5775;2
2023;16;7;1606;1606003;-;2;8;4;2;3;11;5;65200;2
2023;16;7;1606;1606003;-;2;11;2;2;3;11;2;118607;1
2023;16;7;1606;1606003;-;2;11;2;2;3;11;4;700;1
2023;16;7;1606;1606003;-;2;11;2;2;3;11;5;3825;1
2023;16;7;1606;1606003;-;2;11;3;2;3;11;2;81900;1
2023;16;7;1606;1606003;-;2;11;3;2;3;11;4;365;1
2023;16;7;1606;1606003;-;2;11;3;2;3;11;5;2500;1
2023;16;7;1606;1606003;-;2;11;5;2;3;11;2;278057;1
2023;16;7;1606;1606003;-;2;11;5;2;3;11;4;5475;1
2023;16;7;1606;1606003;-;2;11;5;2;3;11;5;41580;1
2023;16;7;1606;1606004;-;2;5;2;2;3;11;2;1915322;10
2023;16;7;1606;1606004;-;2;5;2;2;3;11;4;7995;9
2023;16;7;1606;1606004;-;2;5;2;2;3;11;5;93295;9
2023;16;7;1606;1606004;-;2;5;3;2;3;11;2;1277265;3
2023;16;7;1606;1606004;-;2;5;3;2;3;11;3;54700;1
2023;16;7;1606;1606004;-;2;5;3;2;3;11;4;3775;3
2023;16;7;1606;1606004;-;2;5;3;2;3;11;5;67025;3
2023;16;7;1606;1606004;-;2;5;4;2;3;11;2;757122;2
2023;16;7;1606;1606004;-;2;5;4;2;3;11;4;10000;2
2023;16;7;1606;1606004;-;2;5;4;2;3;11;5;72000;1
2023;16;7;1606;1606004;-;2;14;3;2;3;11;2;242624;1
2023;16;7;1606;1606004;-;2;14;3;2;3;11;4;730;1
2023;16;7;1606;1606004;-;2;14;3;2;3;11;5;7300;1
2023;16;7;1607;1607001;-;2;1;5;2;3;11;2;1031959;1
2023;16;7;1607;1607001;-;2;1;5;2;3;11;4;1800;1
2023;16;7;1607;1607001;-;2;1;5;2;3;11;5;38000;1
2023;16;7;1607;1607001;-;2;3;4;2;3;4;3;142060;1
2023;16;7;1607;1607001;-;2;3;5;2;3;11;2;3176306;1
2023;16;7;1607;1607001;-;2;3;5;2;3;11;4;6000;1
2023;16;7;1607;1607001;-;2;3;5;2;3;11;5;141000;1
2023;16;7;1607;1607001;-;2;5;2;1;1;11;2;151478;1
2023;16;7;1607;1607001;-;2;5;2;1;1;11;4;20;1
2023;16;7;1607;1607001;-;2;5;4;2;3;11;2;860699;1
2023;16;7;1607;1607001;-;2;5;4;2;3;11;4;2500;1
2023;16;7;1607;1607001;-;2;5;4;2;3;11;5;30000;1
2023;16;7;1607;1607001;-;2;5;5;2;3;11;2;25000;1
2023;16;7;1607;1607003;-;1;5;3;2;3;11;2;390658;1
2023;16;7;1607;1607003;-;1;5;3;2;3;11;4;400;1
2023;16;7;1607;1607003;-;1;5;3;2;3;11;5;9875;1
2023;16;7;1607;1607003;-;2;1;5;2;3;11;2;205738;1
2023;16;7;1607;1607003;-;2;1;5;2;3;11;4;15000;1
2023;16;7;1607;1607003;-;2;1;5;2;3;11;5;6000;1
2023;16;7;1607;1607003;-;2;2;2;2;3;11;2;18250;1
2023;16;7;1607;1607003;-;2;2;2;2;3;11;4;1800;1
2023;16;7;1607;1607003;-;2;2;2;2;3;11;5;5000;1
2023;16;7;1607;1607003;-;2;5;2;1;1;11;2;73000;1
2023;16;7;1607;1607003;-;2;5;2;1;1;11;4;730;1
2023;16;7;1607;1607003;-;2;5;2;1;1;11;5;7300;1
2023;16;7;1607;1607003;-;2;5;2;2;3;11;2;767091;3
2023;16;7;1607;1607003;-;2;5;2;2;3;11;4;2050;3
2023;16;7;1607;1607003;-;2;5;2;2;3;11;5;20800;3
2023;16;7;1607;1607003;-;2;5;3;2;3;11;2;4592465;13
2023;16;7;1607;1607003;-;2;5;3;2;3;11;3;119600;1
2023;16;7;1607;1607003;-;2;5;3;2;3;11;4;6615;13
2023;16;7;1607;1607003;-;2;5;3;2;3;11;5;116880;13
2023;16;7;1607;1607003;-;2;5;4;2;3;11;2;2972733;2
2023;16;7;1607;1607003;-;2;5;4;2;3;11;4;1350;2
2023;16;7;1607;1607003;-;2;5;4;2;3;11;5;106850;2
2023;16;7;1607;1607003;-;2;5;5;2;3;11;2;2956978;2
2023;16;7;1607;1607003;-;2;5;5;2;3;11;4;10300;2
2023;16;7;1607;1607003;-;2;5;5;2;3;11;5;132500;2
2023;16;7;1607;1607003;-;2;8;2;2;3;11;2;50760;1
2023;16;7;1607;1607003;-;2;8;2;2;3;11;4;1250;1
2023;16;7;1607;1607003;-;2;8;2;2;3;11;5;3285;1
2023;16;7;1607;1607003;-;2;8;3;2;3;4;3;3540;1
2023;16;7;1607;1607003;-;2;8;3;2;3;4;5;60;1
2023;16;7;1607;1607003;-;2;8;3;2;3;11;2;551418;1
2023;16;7;1607;1607003;-;2;8;3;2;3;11;3;427535;1
2023;16;7;1607;1607003;-;2;8;3;2;3;11;4;680;2
2023;16;7;1607;1607003;-;2;8;3;2;3;11;5;44700;2
2023;16;7;1607;1607003;-;2;11;2;2;3;11;2;120600;1
2023;16;7;1607;1607003;-;2;11;2;2;3;11;5;6000;1
2023;16;7;1607;1607003;-;2;11;3;2;3;11;3;233620;1
2023;16;7;1607;1607003;-;2;11;3;2;3;11;4;600;1
2023;16;7;1607;1607003;-;2;11;3;2;3;11;5;17300;1
2023;16;7;1607;1607003;-;2;11;6;2;3;11;1;902729;1
2023;16;7;1607;1607003;-;2;11;6;2;3;11;4;4000;1
2023;16;7;1607;1607003;-;2;11;6;2;3;11;5;21600;1
2023;16;7;1607;1607004;-;2;5;2;2;3;11;2;230450;1
2023;16;7;1607;1607004;-;2;5;2;2;3;11;4;725;1
2023;16;7;1607;1607004;-;2;5;2;2;3;11;5;9500;1
2023;16;7;1607;1607004;-;2;14;5;2;3;11;1;289612;1
2023;16;7;1607;1607004;-;2;14;5;2;3;11;4;4000;1
2023;16;7;1607;1607004;-;2;14;5;2;3;11;5;50000;1
2023;16;8;1602;1602001;-;2;5;2;2;3;11;3;21600;1
2023;16;8;1602;1602001;-;2;5;2;2;3;11;4;1000;1
2023;16;8;1602;1602001;-;2;5;2;2;3;11;5;1000;1
2023;16;8;1603;1603001;-;1;5;2;2;3;11;2;144000;1
2023;16;8;1603;1603001;-;1;5;2;2;3;11;4;365;1
2023;16;8;1603;1603001;-;2;3;5;2;3;11;2;1853352;1
2023;16;8;1603;1603001;-;2;3;5;2;3;11;4;7300;1
2023;16;8;1603;1603001;-;2;3;5;2;3;11;5;27720;1
2023;16;8;1603;1603001;-;2;5;2;2;3;11;3;428000;1
2023;16;8;1603;1603001;-;2;5;2;2;3;11;4;1800;1
2023;16;8;1603;1603001;-;2;5;2;2;3;11;5;4400;1
2023;16;8;1603;1603001;-;2;5;3;2;3;11;2;705845;3
2023;16;8;1603;1603001;-;2;5;3;2;3;11;4;4390;3
2023;16;8;1603;1603001;-;2;5;3;2;3;11;5;24500;3
2023;16;8;1603;1603001;-;2;5;4;2;3;11;2;1341073;2
2023;16;8;1603;1603001;-;2;5;4;2;3;11;4;4325;2
2023;16;8;1603;1603001;-;2;5;4;2;3;11;5;91000;2
2023;16;8;1603;1603001;-;2;5;5;2;3;11;2;1019231;1
2023;16;8;1603;1603001;-;2;5;5;2;3;11;4;1095;1
2023;16;8;1603;1603001;-;2;5;5;2;3;11;5;29200;1
2023;16;8;1603;1603001;-;2;9;5;2;3;11;2;3601666;1
2023;16;8;1603;1603001;-;2;9;5;2;3;11;4;1550;1
2023;16;8;1603;1603001;-;2;9;5;2;3;11;5;86500;1
2023;16;8;1603;1603001;-;2;11;5;2;3;11;2;2010092;1
2023;16;8;1603;1603001;-;2;11;5;2;3;11;4;730;1
2023;16;8;1603;1603001;-;2;11;5;2;3;11;5;40000;1
2023;16;8;1603;1603001;-;2;12;3;2;3;11;2;1075148;1
2023;16;8;1603;1603001;-;2;12;3;2;3;11;4;728;1
2023;16;8;1603;1603001;-;2;12;3;2;3;11;5;24000;1
2023;16;8;1603;1603002;-;1;11;2;2;3;11;3;186880;1
2023;16;8;1603;1603002;-;1;11;2;2;3;11;4;900;1
2023;16;8;1603;1603002;-;1;11;2;2;3;11;5;6000;1
2023;16;8;1603;1603002;-;2;5;2;2;3;11;2;420001;1
2023;16;8;1603;1603002;-;2;5;2;2;3;11;4;1600;1
2023;16;8;1603;1603002;-;2;5;2;2;3;11;5;19200;1
2023;16;8;1603;1603002;-;2;5;3;2;3;11;2;178100;1
2023;16;8;1603;1603002;-;2;5;3;2;3;11;4;10500;1
2023;16;8;1603;1603002;-;2;5;3;2;3;11;5;100000;1
2023;16;8;1603;1603002;-;2;5;4;2;3;11;2;591139;1
2023;16;8;1603;1603002;-;2;5;4;2;3;11;4;1200;1
2023;16;8;1603;1603002;-;2;5;4;2;3;11;5;10000;1
2023;16;8;1603;1603002;-;2;5;5;2;3;11;1;2529956;1
2023;16;8;1603;1603002;-;2;5;5;2;3;11;2;363900;1
2023;16;8;1603;1603002;-;2;5;5;2;3;11;4;10300;2
2023;16;8;1603;1603002;-;2;5;5;2;3;11;5;103500;2
2023;16;8;1603;1603002;-;2;8;4;2;3;11;1;731614;1
2023;16;8;1603;1603002;-;2;8;4;2;3;11;4;1000;1
2023;16;8;1603;1603002;-;2;8;4;2;3;11;5;11000;1
2023;16;8;1603;1603002;-;2;8;5;2;3;11;2;2637000;2
2023;16;8;1603;1603002;-;2;8;5;2;3;11;4;4800;2
2023;16;8;1603;1603002;-;2;8;5;2;3;11;5;69000;2
2023;16;8;1603;1603002;-;2;9;8;2;3;11;1;991216;1
2023;16;8;1603;1603002;-;2;9;8;2;3;11;2;3728859;1
2023;16;8;1603;1603002;-;2;9;8;2;3;11;4;6205;1
2023;16;8;1603;1603002;-;2;9;8;2;3;11;5;79800;1
2023;16;8;1603;1603002;-;2;11;3;2;3;11;2;90000;1
2023;16;8;1603;1603002;-;2;11;3;2;3;11;5;200;1
2023;16;8;1603;1603002;-;2;11;5;2;3;11;2;2079495;1
2023;16;8;1603;1603002;-;2;11;5;2;3;11;4;3500;1
2023;16;8;1603;1603002;-;2;11;5;2;3;11;5;76800;1
2023;16;8;1603;1603003;-;1;5;3;2;3;11;3;14000;1
2023;16;8;1603;1603003;-;1;5;3;2;3;11;4;730;1
2023;16;8;1603;1603003;-;1;5;3;2;3;11;5;9000;1
2023;16;8;1603;1603003;-;2;5;2;2;3;11;2;173219;1
2023;16;8;1603;1603003;-;2;5;2;2;3;11;3;296604;2
2023;16;8;1603;1603003;-;2;5;2;2;3;11;4;2155;3
2023;16;8;1603;1603003;-;2;5;2;2;3;11;5;4350;3
2023;16;8;1603;1603003;-;2;5;3;2;3;11;2;1174599;4
2023;16;8;1603;1603003;-;2;5;3;2;3;11;4;1650;4
2023;16;8;1603;1603003;-;2;5;3;2;3;11;5;55000;4
2023;16;8;1603;1603003;-;2;5;4;2;3;11;2;1347387;3
2023;16;8;1603;1603003;-;2;5;4;2;3;11;4;1785;3
2023;16;8;1603;1603003;-;2;5;4;2;3;11;5;102700;3
2023;16;8;1603;1603003;-;2;5;6;2;3;11;2;5127078;1
2023;16;8;1603;1603003;-;2;5;6;2;3;11;4;740;1
2023;16;8;1603;1603003;-;2;5;6;2;3;11;5;22000;1
2023;16;8;1603;1603003;-;2;8;2;2;3;11;2;30500;1
2023;16;8;1603;1603003;-;2;8;2;2;3;11;4;900;1
2023;16;8;1603;1603003;-;2;8;2;2;3;11;5;1800;1
2023;16;8;1603;1603003;-;2;8;5;2;3;11;2;421045;1
2023;16;8;1603;1603003;-;2;8;5;2;3;11;4;365;1
2023;16;8;1603;1603003;-;2;8;5;2;3;11;5;21850;1
2023;16;8;1603;1603003;-;2;11;2;2;3;11;3;147410;1
2023;16;8;1603;1603003;-;2;11;2;2;3;11;4;900;1
2023;16;8;1603;1603003;-;2;11;2;2;3;11;5;2800;1
2023;16;8;1603;1603003;-;2;11;5;2;3;11;2;2909226;3
2023;16;8;1603;1603003;-;2;11;5;2;3;11;4;11380;3
2023;16;8;1603;1603003;-;2;11;5;2;3;11;5;143630;3
2023;16;8;1603;1603003;-;2;11;6;2;3;11;2;2718213;1
2023;16;8;1603;1603003;-;2;11;6;2;3;11;4;7380;1
2023;16;8;1603;1603003;-;2;11;6;2;3;11;5;54750;1
2023;16;8;1603;1603003;-;2;14;3;2;3;11;2;446400;1
2023;16;8;1603;1603003;-;2;14;3;2;3;11;4;730;1
2023;16;8;1603;1603003;-;40;5;2;4;6;11;3;83000;1
2023;16;8;1603;1603003;-;40;5;2;4;6;11;4;300;1
2023;16;8;1603;1603003;-;40;5;2;4;6;11;5;1000;1
2023;16;8;1603;1603004;-;1;5;3;2;3;11;3;230970;1
2023;16;8;1603;1603004;-;1;5;3;2;3;11;4;730;1
2023;16;8;1603;1603004;-;1;5;3;2;3;11;5;28900;1
2023;16;8;1603;1603004;-;2;5;2;2;3;11;2;506310;2
2023;16;8;1603;1603004;-;2;5;2;2;3;11;4;1600;1
2023;16;8;1603;1603004;-;2;5;2;2;3;11;5;17000;2
2023;16;8;1603;1603004;-;2;5;3;2;3;11;2;1359538;5
2023;16;8;1603;1603004;-;2;5;3;2;3;11;4;3095;5
2023;16;8;1603;1603004;-;2;5;3;2;3;11;5;53900;5
2023;16;8;1603;1603004;-;2;5;4;2;3;11;2;1669448;3
2023;16;8;1603;1603004;-;2;5;4;2;3;11;4;1930;2
2023;16;8;1603;1603004;-;2;5;4;2;3;11;5;55200;3
2023;16;8;1603;1603004;-;2;8;2;2;3;11;2;470000;1
2023;16;8;1603;1603004;-;2;8;4;2;3;11;2;1399474;2
2023;16;8;1603;1603004;-;2;8;4;2;3;11;4;3700;2
2023;16;8;1603;1603004;-;2;8;4;2;3;11;5;78500;2
2023;16;8;1603;1603004;-;2;8;5;2;3;11;2;4525486;3
2023;16;8;1603;1603004;-;2;8;5;2;3;11;4;8270;3
2023;16;8;1603;1603004;-;2;8;5;2;3;11;5;497050;3
2023;16;8;1603;1603004;-;2;8;6;2;3;11;2;4764056;2
2023;16;8;1603;1603004;-;2;8;6;2;3;11;4;7780;2
2023;16;8;1603;1603004;-;2;8;6;2;3;11;5;142572;2
2023;16;8;1603;1603004;-;2;9;5;2;3;11;2;1831808;1
2023;16;8;1603;1603004;-;2;9;5;2;3;11;4;7200;1
2023;16;8;1603;1603004;-;2;9;5;2;3;11;5;170000;1
2023;16;8;1603;1603004;-;2;9;6;2;3;11;2;5210419;2
2023;16;8;1603;1603004;-;2;9;6;2;3;11;4;9855;2
2023;16;8;1603;1603004;-;2;9;6;2;3;11;5;277140;2
2023;16;8;1603;1603004;-;2;9;7;2;3;11;2;7723611;1
2023;16;8;1603;1603004;-;2;9;7;2;3;11;4;16560;1
2023;16;8;1603;1603004;-;2;9;7;2;3;11;5;600000;1
2023;16;8;1603;1603004;-;2;11;3;2;3;11;2;98600;1
2023;16;8;1603;1603004;-;2;11;3;2;3;11;4;730;1
2023;16;8;1603;1603004;-;2;11;3;2;3;11;5;7300;1
2023;16;8;1603;1603004;-;2;11;4;2;3;11;2;590950;1
2023;16;8;1603;1603004;-;2;11;4;2;3;11;4;1825;1
2023;16;8;1603;1603004;-;2;11;4;2;3;11;5;53900;1
2023;16;8;1603;1603004;-;2;11;5;2;3;11;2;4061286;3
2023;16;8;1603;1603004;-;2;11;5;2;3;11;4;8790;3
2023;16;8;1603;1603004;-;2;11;5;2;3;11;5;83900;3
2023;16;8;1603;1603004;-;2;11;6;2;3;11;2;4928409;2
2023;16;8;1603;1603004;-;2;11;6;2;3;11;4;33665;2
2023;16;8;1603;1603004;-;2;11;6;2;3;11;5;170815;2
2023;16;8;1603;1603004;-;2;12;4;2;3;11;2;2357649;1
2023;16;8;1603;1603004;-;2;12;4;2;3;11;4;250;1
2023;16;8;1603;1603004;-;2;12;4;2;3;11;5;108000;1
2023;16;8;1603;1603004;-;2;12;5;2;3;11;2;2090125;2
2023;16;8;1603;1603004;-;2;12;5;2;3;11;4;2160;2
2023;16;8;1603;1603004;-;2;12;5;2;3;11;5;115240;2
2023;16;8;1603;1603004;-;2;12;6;2;3;11;2;3474209;1
2023;16;8;1603;1603004;-;2;12;6;2;3;11;4;11000;1
2023;16;8;1603;1603004;-;2;12;6;2;3;11;5;131988;1
2023;16;8;1603;1603004;-;2;13;4;2;3;11;2;684400;1
2023;16;8;1603;1603004;-;2;13;4;2;3;11;4;600;1
2023;16;8;1603;1603004;-;2;14;6;2;3;11;2;1927372;1
2023;16;8;1603;1603004;-;2;14;6;2;3;11;4;1800;1
2023;16;8;1603;1603004;-;2;14;6;2;3;11;5;57000;1
2023;16;8;1603;1603005;-;1;5;2;2;3;11;3;70000;1
2023;16;8;1603;1603005;-;1;5;2;2;3;11;4;300;1
2023;16;8;1603;1603005;-;1;5;2;2;3;11;5;2000;1
2023;16;8;1603;1603005;-;2;5;2;2;3;11;2;50000;1
2023;16;8;1603;1603005;-;2;5;2;2;3;11;4;730;1
2023;16;8;1603;1603005;-;2;5;2;2;3;11;5;6300;1
2023;16;8;1603;1603005;-;2;5;3;2;3;11;2;434472;3
2023;16;8;1603;1603005;-;2;5;3;2;3;11;3;63220;1
2023;16;8;1603;1603005;-;2;5;3;2;3;11;4;4280;4
2023;16;8;1603;1603005;-;2;5;3;2;3;11;5;51700;3
2023;16;8;1603;1603005;-;2;5;4;2;3;11;2;1301159;1
2023;16;8;1603;1603005;-;2;5;4;2;3;11;4;4380;1
2023;16;8;1603;1603005;-;2;5;4;2;3;11;5;43800;1
2023;16;8;1603;1603005;-;2;5;5;2;3;11;2;1927998;2
2023;16;8;1603;1603005;-;2;5;5;2;3;11;4;4850;2
2023;16;8;1603;1603005;-;2;5;5;2;3;11;5;27000;1
2023;16;8;1603;1603005;-;2;8;3;2;3;11;2;622994;1
2023;16;8;1603;1603005;-;2;8;3;2;3;11;5;24000;1
2023;16;8;1603;1603005;-;2;8;4;2;3;11;2;273661;1
2023;16;8;1603;1603005;-;2;8;4;2;3;11;4;2630;1
2023;16;8;1603;1603005;-;2;8;4;2;3;11;5;12590;1
2023;16;8;1603;1603005;-;2;8;5;2;3;11;2;4551350;2
2023;16;8;1603;1603005;-;2;8;5;2;3;11;4;11000;2
2023;16;8;1603;1603005;-;2;8;5;2;3;11;5;91750;2
2023;16;8;1603;1603005;-;2;8;6;2;3;11;2;3195372;1
2023;16;8;1603;1603005;-;2;8;6;2;3;11;4;13400;1
2023;16;8;1603;1603005;-;2;8;6;2;3;11;5;146000;1
2023;16;8;1603;1603005;-;2;11;3;2;3;11;2;728126;2
2023;16;8;1603;1603005;-;2;11;3;2;3;11;4;1278;2
2023;16;8;1603;1603005;-;2;11;3;2;3;11;5;28900;2
2023;16;8;1603;1603005;-;2;11;5;2;3;11;1;841736;1
2023;16;8;1603;1603005;-;2;11;5;2;3;11;2;2923453;1
2023;16;8;1603;1603005;-;2;11;5;2;3;11;4;3750;2
2023;16;8;1603;1603005;-;2;11;5;2;3;11;5;63450;2
2023;16;8;1603;1603005;-;2;12;5;2;3;11;2;3125382;1
2023;16;8;1603;1603005;-;2;12;5;2;3;11;4;720;1
2023;16;8;1603;1603005;-;2;12;5;2;3;11;5;28750;1
2023;16;8;1603;1603006;-;1;5;2;2;3;11;2;200000;1
2023;16;8;1603;1603006;-;1;5;2;2;3;11;4;400;1
2023;16;8;1603;1603006;-;1;5;2;2;3;11;5;9000;1
2023;16;8;1603;1603006;-;2;1;3;2;3;11;2;98500;1
2023;16;8;1603;1603006;-;2;1;3;2;3;11;4;7000;1
2023;16;8;1603;1603006;-;2;1;3;2;3;11;5;12000;1
2023;16;8;1603;1603006;-;2;2;4;2;3;11;2;285526;1
2023;16;8;1603;1603006;-;2;2;4;2;3;11;4;2400;1
2023;16;8;1603;1603006;-;2;2;4;2;3;11;5;65000;1
2023;16;8;1603;1603006;-;2;2;5;2;3;11;2;2251322;1
2023;16;8;1603;1603006;-;2;2;5;2;3;11;4;1000;1
2023;16;8;1603;1603006;-;2;2;5;2;3;11;5;79000;1
2023;16;8;1603;1603006;-;2;5;2;2;3;11;2;1520531;7
2023;16;8;1603;1603006;-;2;5;2;2;3;11;3;40615;2
2023;16;8;1603;1603006;-;2;5;2;2;3;11;4;5450;8
2023;16;8;1603;1603006;-;2;5;2;2;3;11;5;54345;7
2023;16;8;1603;1603006;-;2;5;3;1;1;11;2;540000;1
2023;16;8;1603;1603006;-;2;5;3;2;3;11;2;1219515;4
2023;16;8;1603;1603006;-;2;5;3;2;3;11;4;4485;4
2023;16;8;1603;1603006;-;2;5;3;2;3;11;5;37920;4
2023;16;8;1603;1603006;-;2;5;4;2;3;11;1;469593;1
2023;16;8;1603;1603006;-;2;5;4;2;3;11;2;5213783;5
2023;16;8;1603;1603006;-;2;5;4;2;3;11;4;20795;6
2023;16;8;1603;1603006;-;2;5;4;2;3;11;5;231570;6
2023;16;8;1603;1603006;-;2;5;5;2;3;11;2;2005000;1
2023;16;8;1603;1603006;-;2;5;5;2;3;11;4;3650;1
2023;16;8;1603;1603006;-;2;5;5;2;3;11;5;74200;1
2023;16;8;1603;1603006;-;2;5;6;2;3;11;2;5581127;1
2023;16;8;1603;1603006;-;2;5;6;2;3;11;4;8400;1
2023;16;8;1603;1603006;-;2;5;6;2;3;11;5;374650;1
2023;16;8;1603;1603006;-;2;5;7;2;3;11;2;9582932;1
2023;16;8;1603;1603006;-;2;5;7;2;3;11;4;5000;1
2023;16;8;1603;1603006;-;2;5;7;2;3;11;5;231120;1
2023;16;8;1603;1603006;-;2;8;4;2;3;11;2;542337;2
2023;16;8;1603;1603006;-;2;8;4;2;3;11;4;3500;1
2023;16;8;1603;1603006;-;2;8;4;2;3;11;5;32000;1
2023;16;8;1603;1603006;-;2;8;6;2;3;11;2;6188810;2
2023;16;8;1603;1603006;-;2;8;6;2;3;11;4;5450;2
2023;16;8;1603;1603006;-;2;8;6;2;3;11;5;158480;2
2023;16;8;1603;1603006;-;2;9;4;2;3;11;2;467200;1
2023;16;8;1603;1603006;-;2;9;4;2;3;11;4;1350;1
2023;16;8;1603;1603006;-;2;9;4;2;3;11;5;9200;1
2023;16;8;1603;1603006;-;2;11;2;2;3;11;3;29200;1
2023;16;8;1603;1603006;-;2;11;2;2;3;11;4;1100;1
2023;16;8;1603;1603006;-;2;11;2;2;3;11;5;2000;1
2023;16;8;1603;1603006;-;2;11;3;1;1;11;2;45712;1
2023;16;8;1603;1603006;-;2;11;3;2;3;11;2;999741;3
2023;16;8;1603;1603006;-;2;11;3;2;3;11;4;3440;3
2023;16;8;1603;1603006;-;2;11;3;2;3;11;5;25600;3
2023;16;8;1603;1603006;-;2;11;4;2;3;11;2;2695662;3
2023;16;8;1603;1603006;-;2;11;4;2;3;11;4;13800;3
2023;16;8;1603;1603006;-;2;11;4;2;3;11;5;107200;3
2023;16;8;1603;1603006;-;2;11;5;2;3;11;2;1616406;1
2023;16;8;1603;1603006;-;2;11;5;2;3;11;4;2350;1
2023;16;8;1603;1603006;-;2;11;5;2;3;11;5;28200;1
2023;16;8;1603;1603006;-;2;11;6;2;3;11;2;1681959;1
2023;16;8;1603;1603006;-;2;11;6;2;3;11;4;5500;1
2023;16;8;1603;1603006;-;2;11;6;2;3;11;5;54750;1
2023;16;8;1603;1603006;-;2;12;6;2;3;11;2;5857810;1
2023;16;8;1603;1603006;-;2;12;6;2;3;11;4;2190;1
2023;16;8;1603;1603006;-;2;13;5;2;3;11;2;6748205;1
2023;16;8;1603;1603006;-;2;13;5;2;3;11;4;5110;1
2023;16;8;1603;1603006;-;2;13;5;2;3;11;5;74214;1
2023;16;8;1606;1606001;-;2;2;6;2;3;11;2;3710340;1
2023;16;8;1606;1606001;-;2;2;6;2;3;11;4;3820;1
2023;16;8;1606;1606001;-;2;2;6;2;3;11;5;77380;1
2023;16;8;1606;1606001;-;2;3;6;2;3;11;2;1135196;1
2023;16;8;1606;1606001;-;2;3;6;2;3;11;4;5690;1
2023;16;8;1606;1606001;-;2;3;6;2;3;11;5;27040;1
2023;16;8;1606;1606001;-;2;5;2;2;3;11;2;256774;1
2023;16;8;1606;1606001;-;2;5;2;2;3;11;3;36500;1
2023;16;8;1606;1606001;-;2;5;2;2;3;11;4;1000;1
2023;16;8;1606;1606001;-;2;5;2;2;3;11;5;1000;1
2023;16;8;1606;1606001;-;2;5;3;2;3;11;2;139989;1
2023;16;8;1606;1606001;-;2;5;3;2;3;11;4;365;1
2023;16;8;1606;1606001;-;2;5;3;2;3;11;5;3600;1
2023;16;8;1606;1606001;-;2;5;4;2;3;11;2;459552;2
2023;16;8;1606;1606001;-;2;5;4;2;3;11;4;800;1
2023;16;8;1606;1606001;-;2;5;4;2;3;11;5;5000;1
2023;16;8;1606;1606001;-;2;5;5;2;3;11;2;273661;1
2023;16;8;1606;1606001;-;2;5;5;2;3;11;4;2630;1
2023;16;8;1606;1606001;-;2;5;5;2;3;11;5;12590;1
2023;16;8;1606;1606001;-;2;8;3;2;3;11;3;270000;1
2023;16;8;1606;1606001;-;2;8;3;2;3;11;4;1000;1
2023;16;8;1606;1606001;-;2;8;3;2;3;11;5;5000;1
2023;16;8;1606;1606001;-;2;8;4;2;3;11;2;1702122;2
2023;16;8;1606;1606001;-;2;8;4;2;3;11;4;12675;2
2023;16;8;1606;1606001;-;2;8;4;2;3;11;5;43400;2
2023;16;8;1606;1606001;-;2;8;7;2;3;11;2;8186952;1
2023;16;8;1606;1606001;-;2;8;7;2;3;11;4;11000;1
2023;16;8;1606;1606001;-;2;8;7;2;3;11;5;198648;1
2023;16;8;1606;1606001;-;2;9;5;2;3;11;2;2352427;1
2023;16;8;1606;1606001;-;2;9;5;2;3;11;4;6200;1
2023;16;8;1606;1606001;-;2;9;5;2;3;11;5;22000;1
2023;16;8;1606;1606001;-;2;11;2;2;3;11;2;242396;1
2023;16;8;1606;1606001;-;2;11;2;2;3;11;4;1800;1
2023;16;8;1606;1606001;-;2;11;2;2;3;11;5;14400;1
2023;16;8;1606;1606001;-;2;11;3;2;3;11;2;358966;1
2023;16;8;1606;1606001;-;2;11;3;2;3;11;4;1425;1
2023;16;8;1606;1606001;-;2;11;3;2;3;11;5;30000;1
2023;16;8;1606;1606001;-;2;11;4;2;3;11;2;949000;1
2023;16;8;1606;1606001;-;2;11;4;2;3;11;4;2555;1
2023;16;8;1606;1606001;-;2;11;4;2;3;11;5;29510;1
2023;16;8;1606;1606001;-;2;11;5;2;3;11;2;2653388;2
2023;16;8;1606;1606001;-;2;11;5;2;3;11;4;7280;2
2023;16;8;1606;1606001;-;2;11;5;2;3;11;5;126680;2
2023;16;8;1606;1606001;-;2;12;4;2;3;11;2;805194;1
2023;16;8;1606;1606001;-;2;12;4;2;3;11;4;2400;1
2023;16;8;1606;1606001;-;2;12;4;2;3;11;5;26000;1
2023;16;8;1606;1606001;-;2;13;3;2;3;11;2;113864;1
2023;16;8;1606;1606001;-;2;13;3;2;3;11;4;180;1
2023;16;8;1606;1606001;-;2;13;3;2;3;11;5;4500;1
2023;16;8;1606;1606002;-;2;5;2;2;3;11;2;152634;1
2023;16;8;1606;1606002;-;2;5;2;2;3;11;3;64000;2
2023;16;8;1606;1606002;-;2;5;2;2;3;11;4;565;2
2023;16;8;1606;1606002;-;2;5;2;2;3;11;5;8120;3
2023;16;8;1606;1606002;-;2;5;3;2;3;11;2;54000;1
2023;16;8;1606;1606002;-;2;5;3;2;3;11;4;1460;1
2023;16;8;1606;1606002;-;2;5;3;2;3;11;5;5475;1
2023;16;8;1606;1606002;-;2;5;4;2;3;11;2;689000;1
2023;16;8;1606;1606002;-;2;5;4;2;3;11;4;1250;1
2023;16;8;1606;1606002;-;2;5;4;2;3;11;5;16500;1
2023;16;8;1606;1606002;-;2;5;5;2;3;11;2;3517279;2
2023;16;8;1606;1606002;-;2;5;5;2;3;11;4;4150;2
2023;16;8;1606;1606002;-;2;5;5;2;3;11;5;50125;2
2023;16;8;1606;1606002;-;2;6;6;2;3;11;2;2371723;1
2023;16;8;1606;1606002;-;2;6;6;2;3;11;4;7300;1
2023;16;8;1606;1606002;-;2;6;6;2;3;11;5;70000;1
2023;16;8;1606;1606002;-;2;8;4;2;3;11;2;890006;1
2023;16;8;1606;1606002;-;2;8;4;2;3;11;4;850;1
2023;16;8;1606;1606002;-;2;8;4;2;3;11;5;9824;1
2023;16;8;1606;1606002;-;2;8;6;2;3;11;2;2632085;1
2023;16;8;1606;1606002;-;2;8;6;2;3;11;4;10950;1
2023;16;8;1606;1606002;-;2;8;6;2;3;11;5;73000;1
2023;16;8;1606;1606002;-;2;11;6;2;3;11;2;654457;1
2023;16;8;1606;1606002;-;2;11;6;2;3;11;4;2190;1
2023;16;8;1606;1606002;-;2;11;6;2;3;11;5;35000;1
2023;16;9;1602;1602001;-;1;5;7;2;3;11;3;292000;1
2023;16;9;1602;1602001;-;1;5;7;2;3;11;4;6000;1
2023;16;9;1602;1602001;-;1;5;7;2;3;11;5;30000;1
2023;16;9;1602;1602001;-;1;11;4;2;3;11;2;328500;1
2023;16;9;1602;1602001;-;1;11;4;2;3;11;4;2800;1
2023;16;9;1602;1602001;-;1;11;4;2;3;11;5;10500;1
2023;16;9;1602;1602001;-;2;5;2;2;3;11;2;125000;2
2023;16;9;1602;1602001;-;2;5;2;2;3;11;4;1700;2
2023;16;9;1602;1602001;-;2;5;2;2;3;11;5;1900;2
2023;16;9;1602;1602001;-;2;5;3;2;3;11;2;393200;2
2023;16;9;1602;1602001;-;2;5;3;2;3;11;3;776000;4
2023;16;9;1602;1602001;-;2;5;3;2;3;11;4;2920;4
2023;16;9;1602;1602001;-;2;5;3;2;3;11;5;52600;4
2023;16;9;1602;1602001;-;2;5;4;2;3;11;2;1218439;2
2023;16;9;1602;1602001;-;2;5;4;2;3;11;4;1925;2
2023;16;9;1602;1602001;-;2;5;4;2;3;11;5;50250;2
2023;16;9;1602;1602001;-;2;5;5;2;3;11;2;1239582;1
2023;16;9;1602;1602001;-;2;5;5;2;3;11;4;1825;1
2023;16;9;1602;1602001;-;2;5;5;2;3;11;5;64055;1
2023;16;9;1602;1602001;-;2;8;5;2;3;11;2;195783;1
2023;16;9;1602;1602001;-;2;8;5;2;3;11;3;265017;1
2023;16;9;1602;1602001;-;2;8;5;2;3;11;4;730;1
2023;16;9;1602;1602001;-;2;8;5;2;3;11;5;15000;1
2023;16;9;1602;1602001;-;2;9;6;2;3;11;2;1424766;1
2023;16;9;1602;1602001;-;2;9;6;2;3;11;4;5500;1
2023;16;9;1602;1602001;-;2;9;6;2;3;11;5;5000;1
2023;16;9;1602;1602001;-;2;11;4;2;3;11;2;587397;2
2023;16;9;1602;1602001;-;2;11;4;2;3;11;3;357700;1
2023;16;9;1602;1602001;-;2;11;4;2;3;11;4;2530;3
2023;16;9;1602;1602001;-;2;11;4;2;3;11;5;17800;3
2023;16;9;1602;1602001;-;2;11;5;2;3;11;2;432000;1
2023;16;9;1602;1602001;-;2;11;5;2;3;11;4;32000;1
2023;16;9;1602;1602001;-;2;11;5;2;3;11;5;27000;1
2023;16;9;1602;1602001;-;2;11;6;2;3;11;2;3675874;1
2023;16;9;1602;1602001;-;2;11;6;2;3;11;4;7900;1
2023;16;9;1602;1602001;-;2;11;6;2;3;11;5;60000;1
2023;16;9;1602;1602001;-;2;14;4;2;3;11;2;381540;1
2023;16;9;1602;1602001;-;2;14;4;2;3;11;4;300;1
2023;16;9;1602;1602001;-;2;14;4;2;3;11;5;650;1
2023;16;9;1602;1602002;-;1;5;2;2;3;11;4;360;1
2023;16;9;1602;1602002;-;1;5;2;2;3;11;5;400;1
2023;16;9;1602;1602002;-;1;5;5;2;3;11;2;10000;1
2023;16;9;1602;1602002;-;1;9;7;2;3;11;2;1584179;1
2023;16;9;1602;1602002;-;1;9;7;2;3;11;4;11800;1
2023;16;9;1602;1602002;-;1;9;7;2;3;11;5;73000;1
2023;16;9;1602;1602002;-;2;2;7;2;3;11;2;5456744;1
2023;16;9;1602;1602002;-;2;2;7;2;3;11;4;7300;1
2023;16;9;1602;1602002;-;2;2;7;2;3;11;5;172700;1
2023;16;9;1602;1602002;-;2;5;4;2;3;11;2;31750;1
2023;16;9;1602;1602002;-;2;5;4;2;3;11;3;31750;1
2023;16;9;1602;1602002;-;2;5;4;2;3;11;4;3750;1
2023;16;9;1602;1602002;-;2;5;4;2;3;11;5;13600;1
2023;16;9;1602;1602002;-;2;5;5;2;3;11;2;2535465;3
2023;16;9;1602;1602002;-;2;5;5;2;3;11;4;18700;3
2023;16;9;1602;1602002;-;2;5;5;2;3;11;5;82440;3
2023;16;9;1602;1602002;-;2;5;6;2;3;11;2;2648001;1
2023;16;9;1602;1602002;-;2;5;6;2;3;11;4;3000;1
2023;16;9;1602;1602002;-;2;5;6;2;3;11;5;21000;1
2023;16;9;1602;1602002;-;2;8;6;2;3;11;2;1325802;1
2023;16;9;1602;1602002;-;2;8;6;2;3;11;4;2075;1
2023;16;9;1602;1602002;-;2;8;6;2;3;11;5;112800;1
2023;16;9;1602;1602002;-;2;11;4;2;3;11;2;145288;1
2023;16;9;1602;1602002;-;2;11;4;2;3;11;4;1825;1
2023;16;9;1602;1602002;-;2;11;5;2;3;11;2;292584;1
2023;16;9;1602;1602003;-;1;11;3;2;3;11;3;75000;1
2023;16;9;1602;1602003;-;1;11;3;2;3;11;4;750;1
2023;16;9;1602;1602003;-;1;11;3;2;3;11;5;5000;1
2023;16;9;1602;1602003;-;2;5;2;2;3;11;2;623527;1
2023;16;9;1602;1602003;-;2;5;2;2;3;11;3;174420;2
2023;16;9;1602;1602003;-;2;5;2;2;3;11;4;2960;3
2023;16;9;1602;1602003;-;2;5;2;2;3;11;5;20800;3
2023;16;9;1602;1602003;-;2;5;3;2;3;11;2;2353975;7
2023;16;9;1602;1602003;-;2;5;3;2;3;11;3;548695;3
2023;16;9;1602;1602003;-;2;5;3;2;3;11;4;10400;7
2023;16;9;1602;1602003;-;2;5;3;2;3;11;5;96500;7
2023;16;9;1602;1602003;-;2;5;4;2;3;11;1;120000;1
2023;16;9;1602;1602003;-;2;5;4;2;3;11;2;3422905;5
2023;16;9;1602;1602003;-;2;5;4;2;3;11;4;11130;6
2023;16;9;1602;1602003;-;2;5;4;2;3;11;5;130900;6
2023;16;9;1602;1602003;-;2;5;5;2;3;11;2;5406539;3
2023;16;9;1602;1602003;-;2;5;5;2;3;11;4;6110;3
2023;16;9;1602;1602003;-;2;5;5;2;3;11;5;172020;3
2023;16;9;1602;1602003;-;2;8;2;2;3;11;3;60960;1
2023;16;9;1602;1602003;-;2;8;2;2;3;11;4;360;1
2023;16;9;1602;1602003;-;2;11;2;2;3;11;2;11700;2
2023;16;9;1602;1602003;-;2;11;2;2;3;11;3;180000;1
2023;16;9;1602;1602003;-;2;11;2;2;3;11;4;665;3
2023;16;9;1602;1602003;-;2;11;2;2;3;11;5;7500;3
2023;16;9;1602;1602003;-;2;11;3;1;1;11;2;240000;1
2023;16;9;1602;1602003;-;2;11;3;2;3;11;1;1;1
2023;16;9;1602;1602003;-;2;11;3;2;3;11;2;874284;5
2023;16;9;1602;1602003;-;2;11;3;2;3;11;3;432500;2
2023;16;9;1602;1602003;-;2;11;3;2;3;11;4;7591;6
2023;16;9;1602;1602003;-;2;11;3;2;3;11;5;40476;5
2023;16;9;1602;1602003;-;2;11;4;2;3;11;2;966884;1
2023;16;9;1602;1602003;-;2;11;4;2;3;11;4;600;1
2023;16;9;1602;1602003;-;2;11;4;2;3;11;5;80000;1
2023;16;9;1602;1602003;-;2;11;5;2;3;11;2;1622882;2
2023;16;9;1602;1602003;-;2;11;5;2;3;11;4;2800;2
2023;16;9;1602;1602003;-;2;11;5;2;3;11;5;92500;2
2023;16;10;0;0;-;63;5;1;1;1;11;3;366080;1
2023;16;10;0;0;-;63;5;1;1;1;11;4;150;1
2023;16;10;0;0;-;63;5;1;1;1;11;5;7500;1
2023;16;10;1607;1607005;-;2;5;2;2;3;11;2;173040;1
2023;16;10;1607;1607005;-;2;5;2;2;3;11;4;580;1
2023;16;10;1607;1607005;-;2;5;2;2;3;11;5;4200;1
2023;16;10;1607;1607005;-;63;5;1;1;1;11;2;126480;1
2023;17;1;0;0;-;63;5;1;1;1;11;2;755100;1
2023;17;1;0;0;-;63;5;1;1;1;11;4;500;1
2023;17;1;0;0;-;63;5;1;1;1;11;5;21900;1
2023;17;2;1701;1701004;-;63;5;1;1;1;11;2;72000;1
2023;17;2;1701;1701004;-;63;5;1;1;1;11;4;700;1
2023;17;3;1701;1701001;-;2;3;6;2;3;11;2;2565797;1
2023;17;3;1701;1701001;-;2;3;6;2;3;11;4;3650;1
2023;17;3;1701;1701001;-;2;3;6;2;3;11;5;60000;1
2023;17;3;1701;1701001;-;2;11;4;2;3;11;2;180000;1
2023;17;3;1701;1701001;-;2;11;4;2;3;11;4;1000;1
2023;17;3;1701;1701001;-;2;11;4;2;3;11;5;13000;1
2023;17;3;1701;1701003;-;2;5;3;2;3;11;2;130799;1
2023;17;3;1701;1701003;-;2;5;3;2;3;11;4;360;1
2023;17;3;1701;1701003;-;2;5;7;2;3;11;2;790000;1
2023;17;3;1701;1701003;-;2;5;7;2;3;11;4;700;1
2023;17;3;1701;1701003;-;2;5;7;2;3;11;5;1400;1
2023;17;3;1701;1701004;-;2;5;4;2;3;11;3;510000;1
2023;17;3;1701;1701004;-;2;5;4;2;3;11;4;4500;1
2023;17;3;1701;1701004;-;2;5;4;2;3;11;5;24000;1
2023;17;3;1701;1701005;-;2;2;5;2;3;11;1;5063702;1
2023;17;3;1701;1701005;-;2;2;5;2;3;11;5;5000;1
2023;17;3;1701;1701005;-;2;2;6;2;3;11;2;165573;1
2023;17;3;1701;1701005;-;2;5;2;2;3;11;2;77614;1
2023;17;3;1701;1701005;-;2;5;2;2;3;11;4;400;1
2023;17;3;1701;1701005;-;2;5;3;2;3;11;2;1259218;1
2023;17;3;1701;1701005;-;2;5;3;2;3;11;4;2000;1
2023;17;3;1701;1701005;-;2;5;3;2;3;11;5;18000;1
2023;17;3;1701;1701005;-;2;14;6;2;3;11;2;3959131;1
2023;17;3;1701;1701005;-;2;14;6;2;3;11;4;1000;1
2023;17;3;1701;1701005;-;2;14;6;2;3;11;5;40000;1
2023;17;4;1703;1703001;-;2;5;5;2;3;11;2;264884;1
2023;17;4;1703;1703001;-;2;5;5;2;3;11;4;730;1
2023;17;4;1703;1703001;-;2;5;5;2;3;11;5;36500;1
2023;17;4;1703;1703001;-;2;11;5;2;3;11;2;450000;1
2023;17;4;1703;1703001;-;2;11;5;2;3;11;4;1600;1
2023;17;4;1703;1703001;-;2;11;5;2;3;11;5;15000;1
2023;17;4;1703;1703002;-;1;5;3;2;3;11;2;690538;1
2023;17;4;1703;1703002;-;1;5;3;2;3;11;4;789;1
2023;17;4;1703;1703002;-;1;5;3;2;3;11;5;15415;1
2023;17;4;1703;1703002;-;2;5;4;2;3;11;2;253591;1
2023;17;4;1703;1703002;-;2;5;4;2;3;11;4;480;1
2023;17;4;1703;1703002;-;2;5;4;2;3;11;5;19680;1
2023;17;4;1703;1703002;-;2;5;5;2;3;11;1;1473212;1
2023;17;4;1703;1703002;-;2;5;5;2;3;11;4;700;1
2023;17;4;1703;1703002;-;2;5;5;2;3;11;5;33840;1
2023;17;4;1703;1703002;-;2;9;5;2;3;11;2;144000;1
2023;17;4;1703;1703002;-;2;9;5;2;3;11;4;370;1
2023;17;4;1703;1703002;-;2;9;5;2;3;11;5;18250;1
2023;17;4;1703;1703002;-;2;12;6;2;3;11;2;4595555;1
2023;17;4;1703;1703002;-;2;12;6;2;3;11;4;20000;1
2023;17;4;1703;1703002;-;2;12;6;2;3;11;5;100400;1
2023;17;4;1703;1703004;-;3;11;6;2;3;11;1;859589;1
2023;17;4;1703;1703004;-;3;11;6;2;3;11;4;1830;1
2023;17;4;1703;1703004;-;3;11;6;2;3;11;5;75000;1
2023;17;4;1703;1703006;-;2;5;5;2;3;11;2;2240993;1
2023;17;4;1703;1703006;-;2;5;5;2;3;11;4;3650;1
2023;17;4;1703;1703006;-;2;5;5;2;3;11;5;45000;1
2023;17;4;1703;1703006;-;2;9;4;2;3;11;2;653615;1
2023;17;4;1703;1703006;-;2;9;4;2;3;11;4;3650;1
2023;17;4;1703;1703006;-;2;9;4;2;3;11;5;58400;1
2023;17;4;1704;1704001;-;2;5;2;2;3;11;2;55699;1
2023;17;4;1704;1704001;-;2;5;2;2;3;11;4;600;1
2023;17;4;1704;1704001;-;2;5;2;2;3;11;5;2500;1
2023;17;5;1704;1704001;-;1;5;2;2;3;11;1;36730;1
2023;17;5;1704;1704001;-;1;5;2;2;3;11;4;1460;1
2023;17;5;1704;1704001;-;1;5;2;2;3;11;5;1325;1
2023;17;5;1704;1704001;-;2;5;2;2;3;11;1;691544;2
2023;17;5;1704;1704001;-;2;5;2;2;3;11;2;594793;2
2023;17;5;1704;1704001;-;2;5;2;2;3;11;4;3750;4
2023;17;5;1704;1704001;-;2;5;2;2;3;11;5;19520;3
2023;17;5;1704;1704001;-;2;5;4;2;3;11;2;376618;1
2023;17;5;1704;1704001;-;2;5;4;2;3;11;4;900;1
2023;17;5;1704;1704001;-;2;5;4;2;3;11;5;33500;1
2023;17;5;1704;1704001;-;2;11;4;2;3;11;2;200000;1
2023;17;5;1704;1704001;-;2;11;4;2;3;11;4;1000;1
2023;17;5;1704;1704001;-;2;11;4;2;3;11;5;10000;1
2023;17;5;1704;1704002;-;2;5;4;2;3;11;1;467911;1
2023;17;5;1704;1704002;-;2;5;4;2;3;11;4;1220;1
2023;17;5;1704;1704002;-;2;5;4;2;3;11;5;19564;1
2023;17;5;1704;1704002;-;2;11;4;2;3;11;3;112430;1
2023;17;5;1704;1704002;-;2;11;4;2;3;11;4;1120;1
2023;17;5;1704;1704002;-;2;11;4;2;3;11;5;19620;1
2023;17;5;1704;1704004;-;2;8;2;2;3;11;2;211217;1
2023;17;5;1704;1704004;-;2;8;2;2;3;11;4;800;1
2023;17;5;1704;1704004;-;2;8;2;2;3;11;5;2000;1
2023;17;6;1702;1702006;-;1;5;2;2;3;11;1;3500;1
2023;17;6;1702;1702006;-;1;5;2;2;3;11;4;300;1
2023;17;6;1702;1702006;-;1;5;2;2;3;11;5;800;1
2023;17;6;1702;1702006;-;2;5;2;2;3;11;1;4000;1
2023;17;6;1702;1702006;-;2;5;2;2;3;11;2;62618;1
2023;17;6;1702;1702006;-;2;5;2;2;3;11;3;4800;1
2023;17;6;1702;1702006;-;2;5;2;2;3;11;4;1000;1
2023;17;6;1702;1702006;-;2;5;2;2;3;11;5;15000;2
2023;17;6;1702;1702006;-;2;5;4;2;3;11;2;621278;1
2023;17;6;1702;1702006;-;2;5;4;2;3;11;4;3700;1
2023;17;6;1702;1702006;-;2;5;4;2;3;11;5;16500;1
2023;17;6;1702;1702006;-;2;11;4;2;3;11;2;687456;1
2023;17;6;1702;1702006;-;2;11;4;2;3;11;4;720;1
2023;17;6;1702;1702006;-;2;11;4;2;3;11;5;5000;1
2023;17;6;1703;1703001;-;2;5;4;2;3;11;2;420000;1
2023;17;6;1703;1703001;-;2;5;4;2;3;11;4;1550;1
2023;17;6;1703;1703001;-;2;5;4;2;3;11;5;10500;1
2023;17;6;1703;1703003;-;2;5;2;2;3;11;2;416130;1
2023;17;6;1703;1703003;-;2;5;2;2;3;11;4;200;1
2023;17;6;1703;1703003;-;2;5;3;2;3;11;2;422501;1
2023;17;6;1703;1703003;-;2;5;3;2;3;11;4;600;1
2023;17;6;1703;1703003;-;2;5;3;2;3;11;5;1200;1
2023;17;6;1703;1703003;-;2;5;4;2;3;11;2;821821;3
2023;17;6;1703;1703003;-;2;5;4;2;3;11;4;2655;3
2023;17;6;1703;1703003;-;2;5;4;2;3;11;5;51200;3
2023;17;6;1703;1703003;-;2;8;3;2;3;11;2;105000;1
2023;17;6;1703;1703003;-;2;8;3;2;3;11;4;1000;1
2023;17;6;1703;1703003;-;2;8;3;2;3;11;5;2000;1
2023;17;6;1703;1703003;-;2;11;3;2;3;11;2;930674;1
2023;17;6;1703;1703003;-;2;11;3;2;3;11;4;3500;1
2023;17;6;1703;1703003;-;2;11;3;2;3;11;5;48000;1
2023;17;6;1703;1703003;-;2;11;4;2;3;11;2;247638;1
2023;17;6;1703;1703003;-;2;11;4;2;3;11;4;730;1
2023;17;6;1703;1703003;-;2;11;4;2;3;11;5;4380;1
2023;17;6;1703;1703003;-;2;13;5;2;3;11;2;2358066;1
2023;17;6;1703;1703003;-;2;13;5;2;3;11;4;5500;1
2023;17;6;1703;1703003;-;2;13;5;2;3;11;5;53000;1
2023;17;6;1703;1703004;-;2;5;4;2;3;11;2;284941;2
2023;17;6;1703;1703004;-;2;5;4;2;3;11;4;4850;2
2023;17;6;1703;1703004;-;2;5;4;2;3;11;5;39200;2
2023;17;6;1703;1703004;-;2;11;3;2;3;11;2;359922;1
2023;17;6;1703;1703004;-;2;11;3;2;3;11;4;1095;1
2023;17;6;1703;1703004;-;2;11;3;2;3;11;5;29200;1
2023;17;6;1703;1703006;-;2;5;3;2;3;11;2;434832;1
2023;17;6;1703;1703006;-;2;5;3;2;3;11;4;1850;1
2023;17;6;1703;1703006;-;2;5;3;2;3;11;5;11800;1
2023;17;6;1703;1703006;-;2;5;5;2;3;11;2;1318220;1
2023;17;6;1703;1703006;-;2;5;5;2;3;11;4;3650;1
2023;17;6;1703;1703006;-;2;5;5;2;3;11;5;72000;1
2023;17;6;1703;1703006;-;2;11;3;2;3;11;2;342950;1
2023;17;6;1703;1703006;-;2;11;3;2;3;11;4;400;1
2023;17;6;1703;1703006;-;2;11;3;2;3;11;5;20000;1
2023;17;6;1703;1703006;-;2;12;2;2;3;11;2;329654;1
2023;17;6;1703;1703006;-;2;12;2;2;3;11;4;730;1
2023;17;6;1703;1703006;-;2;12;2;2;3;11;5;1200;1
2023;17;7;1701;1701001;-;3;4;6;2;3;11;1;879014;1
2023;17;7;1701;1701001;-;3;4;6;2;3;11;3;178408;1
2023;17;7;1701;1701001;-;3;4;6;2;3;11;4;7300;1
2023;17;7;1701;1701001;-;3;4;6;2;3;11;5;10000;1
2023;17;7;1701;1701002;-;2;5;3;2;3;11;1;100000;1
2023;17;7;1701;1701002;-;2;5;3;2;3;11;2;580910;2
2023;17;7;1701;1701002;-;2;5;3;2;3;11;4;2730;2
2023;17;7;1701;1701002;-;2;5;3;2;3;11;5;25459;1
2023;17;7;1701;1701002;-;2;5;4;2;3;11;2;2326196;4
2023;17;7;1701;1701002;-;2;5;4;2;3;11;4;27925;4
2023;17;7;1701;1701002;-;2;5;4;2;3;11;5;315100;4
2023;17;7;1701;1701002;-;2;11;3;2;3;11;2;1207000;3
2023;17;7;1701;1701002;-;2;11;3;2;3;11;4;2620;3
2023;17;7;1701;1701002;-;2;11;3;2;3;11;5;99900;3
2023;17;7;1701;1701002;-;2;11;4;2;3;11;2;1525990;2
2023;17;7;1701;1701002;-;2;11;4;2;3;11;4;5430;3
2023;17;7;1701;1701002;-;2;11;4;2;3;11;5;151000;3
2023;17;7;1701;1701003;-;2;11;2;2;3;11;4;500;1
2023;17;7;1701;1701003;-;2;11;5;2;3;11;2;713277;1
2023;17;7;1701;1701003;-;2;11;5;2;3;11;4;1825;1
2023;17;7;1701;1701003;-;2;11;5;2;3;11;5;115000;1
2023;17;7;1703;1703006;-;2;11;4;2;3;11;2;270882;1
2023;17;7;1703;1703006;-;2;11;4;2;3;11;4;500;1
2023;17;7;1703;1703006;-;2;11;4;2;3;11;5;27800;1
2023;17;8;1702;1702002;-;1;5;2;2;3;11;3;55000;1
2023;17;8;1702;1702002;-;1;5;2;2;3;11;4;1000;1
2023;17;8;1702;1702002;-;1;5;2;2;3;11;5;1500;1
2023;17;8;1702;1702002;-;2;8;5;2;3;11;2;434127;1
2023;17;8;1702;1702002;-;2;8;5;2;3;11;4;2500;1
2023;17;8;1702;1702002;-;2;8;5;2;3;11;5;20000;1
2023;17;8;1702;1702005;-;1;0;2;2;3;11;3;17000;1
2023;17;8;1702;1702005;-;1;0;2;2;3;11;4;1100;1
2023;17;8;1702;1702005;-;1;5;3;2;3;11;3;182500;1
2023;17;8;1702;1702005;-;1;5;3;2;3;11;4;700;1
2023;17;8;1702;1702005;-;1;5;3;2;3;11;5;1500;1
2023;17;8;1702;1702005;-;1;8;4;2;3;11;2;155000;1
2023;17;8;1702;1702005;-;1;8;4;2;3;11;4;730;1
2023;17;8;1702;1702005;-;1;8;4;2;3;11;5;7000;1
2023;17;8;1702;1702005;-;1;11;2;2;3;11;3;146960;1
2023;17;8;1702;1702005;-;1;11;3;2;3;11;3;40000;1
2023;17;8;1702;1702005;-;1;11;3;2;3;11;4;1500;1
2023;17;8;1702;1702005;-;1;11;3;2;3;11;5;3000;1
2023;17;8;1702;1702005;-;2;5;2;2;3;11;2;863183;5
2023;17;8;1702;1702005;-;2;5;2;2;3;11;3;93590;3
2023;17;8;1702;1702005;-;2;5;2;2;3;11;4;4621;6
2023;17;8;1702;1702005;-;2;5;2;2;3;11;5;5752;3
2023;17;8;1702;1702005;-;2;5;3;2;3;11;3;130000;1
2023;17;8;1702;1702005;-;2;5;4;2;3;11;2;831183;2
2023;17;8;1702;1702005;-;2;5;4;2;3;11;3;110000;1
2023;17;8;1702;1702005;-;2;5;4;2;3;11;4;1200;3
2023;17;8;1702;1702005;-;2;5;4;2;3;11;5;10000;3
2023;17;8;1702;1702005;-;2;8;3;2;3;11;2;290000;1
2023;17;8;1702;1702005;-;2;8;3;2;3;11;5;10000;1
2023;17;8;1702;1702005;-;2;8;4;2;3;11;2;45028;1
2023;17;8;1702;1702005;-;2;8;4;2;3;11;4;500;1
2023;17;8;1702;1702005;-;2;8;4;2;3;11;5;6750;1
2023;17;8;1702;1702005;-;2;8;5;2;3;11;2;1878285;1
2023;17;8;1702;1702005;-;2;8;5;2;3;11;4;1500;1
2023;17;8;1702;1702005;-;2;8;5;2;3;11;5;3000;1
2023;17;8;1702;1702005;-;2;9;5;2;3;11;1;1098204;1
2023;17;8;1702;1702005;-;2;9;5;2;3;11;4;2015;1
2023;17;8;1702;1702005;-;2;9;5;2;3;11;5;35210;1
2023;17;8;1702;1702005;-;2;11;2;2;3;11;2;1132813;3
2023;17;8;1702;1702005;-;2;11;2;2;3;11;3;3000;1
2023;17;8;1702;1702005;-;2;11;2;2;3;11;4;3625;4
2023;17;8;1702;1702005;-;2;11;2;2;3;11;5;60345;4
2023;17;8;1702;1702005;-;2;11;3;2;3;11;2;1165290;3
2023;17;8;1702;1702005;-;2;11;3;2;3;11;4;4750;3
2023;17;8;1702;1702005;-;2;11;3;2;3;11;5;51000;3
2023;17;8;1702;1702005;-;2;11;4;2;3;11;2;800900;1
2023;17;8;1702;1702005;-;2;11;4;2;3;11;4;1000;1
2023;17;8;1702;1702005;-;2;11;4;2;3;11;5;30000;1
2023;17;8;1702;1702005;-;2;11;5;2;3;11;2;2178443;2
2023;17;8;1702;1702005;-;2;11;5;2;3;11;3;915000;1
2023;17;8;1702;1702005;-;2;11;5;2;3;11;4;1460;2
2023;17;8;1702;1702005;-;2;11;5;2;3;11;5;121750;3
2023;17;8;1702;1702005;-;2;12;5;2;3;11;2;2279211;1
2023;17;8;1702;1702005;-;2;12;5;2;3;11;5;85800;1
2023;17;8;1702;1702005;-;2;14;7;2;3;11;2;12055000;1
2023;17;8;1702;1702005;-;2;14;7;2;3;11;4;7300;1
2023;17;8;1702;1702005;-;2;14;7;2;3;11;5;60000;1
2023;17;8;1702;1702006;-;2;5;3;2;3;11;1;1500;1
2023;17;8;1702;1702006;-;2;5;3;2;3;11;3;1920;1
2023;17;8;1702;1702006;-;2;5;3;2;3;11;4;730;1
2023;17;8;1702;1702006;-;2;5;3;2;3;11;5;500;1
2023;17;8;1703;1703004;-;2;5;5;2;3;11;2;96000;1
2023;17;8;1703;1703005;-;2;5;2;2;3;11;2;127000;1
2023;17;8;1703;1703005;-;2;5;2;2;3;11;4;400;1
2023;17;8;1703;1703005;-;2;5;2;2;3;11;5;2000;1
2023;17;8;1703;1703005;-;2;5;3;2;3;11;2;33328;1
2023;17;8;1703;1703005;-;2;5;3;2;3;11;4;8000;1
2023;17;8;1703;1703005;-;2;5;3;2;3;11;5;22000;1
2023;17;9;1704;1704003;-;2;5;4;2;3;11;2;1876165;2
2023;17;9;1704;1704003;-;2;5;4;2;3;11;3;751301;1
2023;17;9;1704;1704003;-;2;5;4;2;3;11;4;6224;2
2023;17;9;1704;1704003;-;2;5;4;2;3;11;5;85080;2
2023;17;9;1704;1704003;-;3;8;6;2;3;11;2;3268320;1
2023;17;9;1704;1704003;-;3;8;6;2;3;11;4;750;1
2023;17;9;1704;1704003;-;3;8;6;2;3;11;5;35000;1
2023;17;9;1704;1704004;-;1;5;2;1;1;11;3;321985;1
2023;17;9;1704;1704004;-;1;5;2;1;1;11;4;1650;1
2023;17;9;1704;1704004;-;1;5;2;1;1;11;5;21150;1
2023;17;9;1704;1704004;-;2;1;3;2;3;11;1;130928;1
2023;17;9;1704;1704004;-;2;1;3;2;3;11;4;7150;1
2023;17;9;1704;1704004;-;2;1;3;2;3;11;5;8400;1
2023;17;9;1704;1704004;-;2;5;4;2;3;11;2;532448;1
2023;17;9;1704;1704004;-;2;5;4;2;3;11;4;750;1
2023;17;9;1704;1704004;-;2;5;4;2;3;11;5;3000;1
2023;17;9;1704;1704005;-;1;5;2;2;3;11;2;13209;1
2023;17;9;1704;1704005;-;1;5;4;2;3;11;2;58027;1
2023;17;9;1704;1704005;-;1;5;4;2;3;11;4;200;1
2023;17;9;1704;1704005;-;1;5;4;2;3;11;5;200;1
2023;17;9;1704;1704005;-;1;11;2;2;3;11;2;260618;1
2023;17;9;1704;1704005;-;2;5;3;2;3;11;2;1402762;3
2023;17;9;1704;1704005;-;2;5;3;2;3;11;3;970000;1
2023;17;9;1704;1704005;-;2;5;3;2;3;11;4;1500;2
2023;17;9;1704;1704005;-;2;5;3;2;3;11;5;11500;1
2023;17;9;1704;1704005;-;2;8;2;2;3;11;2;93800;1
2023;17;9;1704;1704005;-;2;11;3;2;3;11;2;285902;1
2023;17;9;1704;1704005;-;2;12;3;2;3;11;2;484198;1
2023;17;9;1704;1704005;-;2;12;3;2;3;11;4;100;1
2023;17;9;1704;1704006;-;1;11;3;2;3;11;2;42000;1
2023;17;9;1704;1704006;-;1;11;3;2;3;11;3;438000;1
2023;17;9;1704;1704006;-;1;11;3;2;3;11;4;32500;1
2023;17;9;1704;1704006;-;2;5;3;2;3;11;2;100000;1
2023;17;9;1704;1704006;-;2;5;3;2;3;11;4;720;1
2023;17;9;1704;1704006;-;2;11;3;2;3;11;2;439098;1
2023;17;10;0;0;-;63;5;1;1;1;11;2;66800;1
2023;17;10;0;0;-;63;5;1;1;1;11;3;1345343;1
2023;17;10;0;0;-;63;5;1;1;1;11;4;1800;1
2023;17;10;1701;1701006;-;1;5;3;2;3;11;1;229000;1
2023;17;10;1701;1701006;-;1;5;3;2;3;11;3;36500;1
2023;17;10;1701;1701006;-;1;5;3;2;3;11;4;1500;1
2023;17;10;1701;1701006;-;1;5;3;2;3;11;5;20000;1
2023;17;10;1702;1702002;-;1;5;4;2;3;11;1;780000;1
2023;17;10;1702;1702002;-;1;5;4;2;3;11;4;2500;1
2023;17;10;1702;1702002;-;1;5;4;2;3;11;5;20000;1
2023;17;10;1702;1702002;-;2;5;2;2;3;11;2;233935;1
2023;17;10;1702;1702002;-;2;5;2;2;3;11;4;900;1
2023;17;10;1702;1702002;-;2;5;2;2;3;11;5;14400;1
2023;17;10;1702;1702002;-;2;5;3;2;3;11;2;24426;1
2023;17;10;1702;1702002;-;2;5;3;2;3;11;4;1460;1
2023;17;10;1702;1702002;-;2;5;3;2;3;11;5;3600;1
2023;17;10;1702;1702002;-;2;5;4;2;3;11;2;364603;1
2023;17;10;1702;1702002;-;2;5;5;2;3;11;2;2347526;3
2023;17;10;1702;1702002;-;2;5;5;2;3;11;4;3440;2
2023;17;10;1702;1702002;-;2;5;5;2;3;11;5;21300;2
2023;17;10;1702;1702002;-;2;11;2;2;3;11;2;499695;1
2023;17;10;1702;1702002;-;2;11;2;2;3;11;4;1460;1
2023;17;10;1702;1702002;-;2;11;2;2;3;11;5;156220;1
2023;17;10;1702;1702002;-;2;11;3;2;3;11;3;108000;1
2023;17;10;1702;1702002;-;2;11;3;2;3;11;4;1200;1
2023;17;10;1702;1702002;-;2;11;3;2;3;11;5;10500;1
2023;17;10;1702;1702002;-;2;11;4;2;3;11;2;610658;1
2023;17;10;1702;1702002;-;2;11;4;2;3;11;4;1460;1
2023;17;10;1702;1702002;-;2;11;4;2;3;11;5;36000;1
2023;17;10;1702;1702002;-;2;12;6;2;3;11;2;2173795;1
2023;17;10;1702;1702002;-;2;12;6;2;3;11;4;1095;1
2023;17;10;1702;1702002;-;2;12;6;2;3;11;5;90250;1
2023;17;10;1702;1702005;-;2;11;4;2;3;11;3;95000;1
2023;17;10;1702;1702005;-;2;11;4;2;3;11;4;1000;1
2023;17;10;1702;1702005;-;2;11;4;2;3;11;5;3000;1
2023;17;10;1702;1702006;-;1;11;2;2;3;11;2;20000;1
2023;17;10;1702;1702006;-;1;11;2;2;3;11;4;80;1
2023;17;10;1702;1702006;-;2;5;2;2;3;11;1;95053;1
2023;17;10;1702;1702006;-;2;5;2;2;3;11;2;798624;2
2023;17;10;1702;1702006;-;2;5;2;2;3;11;4;2570;3
2023;17;10;1702;1702006;-;2;5;2;2;3;11;5;6260;3
2023;17;10;1702;1702006;-;2;5;3;2;3;11;1;30200;1
2023;17;10;1702;1702006;-;2;5;3;2;3;11;2;617735;2
2023;17;10;1702;1702006;-;2;5;3;2;3;11;4;2625;2
2023;17;10;1702;1702006;-;2;5;3;2;3;11;5;21400;3
2023;17;10;1702;1702006;-;2;5;4;2;3;11;2;4339858;6
2023;17;10;1702;1702006;-;2;5;4;2;3;11;4;6250;4
2023;17;10;1702;1702006;-;2;5;4;2;3;11;5;93100;5
2023;17;10;1702;1702006;-;2;5;5;2;3;11;2;1359936;1
2023;17;10;1702;1702006;-;2;5;5;2;3;11;4;560;1
2023;17;10;1702;1702006;-;2;5;5;2;3;11;5;67000;1
2023;17;10;1702;1702006;-;2;11;2;2;3;11;2;345430;2
2023;17;10;1702;1702006;-;2;11;2;2;3;11;4;1450;2
2023;17;10;1702;1702006;-;2;11;2;2;3;11;5;10600;2
2023;17;10;1702;1702006;-;2;11;3;2;3;11;2;425864;1
2023;17;10;1702;1702006;-;2;11;3;2;3;11;4;720;1
2023;17;10;1702;1702006;-;2;11;3;2;3;11;5;8000;1
2023;17;10;1702;1702006;-;2;11;6;2;3;11;2;914323;1
2023;17;10;1702;1702006;-;2;11;6;2;3;11;3;896893;1
2023;17;10;1702;1702006;-;2;11;6;2;3;11;4;1800;1
2023;17;10;1702;1702006;-;2;11;6;2;3;11;5;30000;1
2023;17;10;1702;1702006;-;2;14;5;2;3;11;2;1100000;1
2023;17;10;1702;1702006;-;2;14;5;2;3;11;4;2500;1
2023;17;10;1702;1702006;-;2;14;5;2;3;11;5;35000;1
2023;17;10;1702;1702006;-;3;5;3;2;3;11;2;120000;1
2023;17;10;1702;1702007;-;2;11;4;2;3;11;2;474500;1
2023;17;10;1702;1702007;-;2;11;4;2;3;11;4;700;1
2023;17;10;1702;1702007;-;2;11;4;2;3;11;5;18000;1
2023;17;11;1702;1702003;-;2;5;2;2;3;11;1;18000;1
2023;17;11;1702;1702003;-;2;5;2;2;3;11;2;150000;1
2023;17;11;1702;1702003;-;2;5;2;2;3;11;3;80000;1
2023;17;11;1702;1702003;-;2;5;2;2;3;11;4;900;1
2023;17;11;1702;1702003;-;2;5;2;2;3;11;5;8000;1
2023;17;11;1702;1702003;-;2;5;3;2;3;11;2;1901675;4
2023;17;11;1702;1702003;-;2;5;3;2;3;11;4;6645;4
2023;17;11;1702;1702003;-;2;5;3;2;3;11;5;38000;3
2023;17;11;1702;1702003;-;2;5;4;2;3;11;2;1118295;3
2023;17;11;1702;1702003;-;2;5;4;2;3;11;4;7950;3
2023;17;11;1702;1702003;-;2;5;4;2;3;11;5;53000;3
2023;17;11;1702;1702003;-;2;9;6;2;3;11;2;2944667;1
2023;17;11;1702;1702003;-;2;9;6;2;3;11;4;2000;1
2023;17;11;1702;1702003;-;2;9;6;2;3;11;5;60000;1
2023;17;11;1702;1702003;-;2;11;2;2;3;11;3;39500;1
2023;17;11;1702;1702003;-;2;11;2;2;3;11;4;725;1
2023;17;11;1702;1702003;-;2;11;2;2;3;11;5;1440;1
2023;17;11;1702;1702003;-;2;11;4;2;3;11;2;578919;1
2023;17;11;1702;1702003;-;2;11;4;2;3;11;3;60000;1
2023;17;11;1702;1702003;-;2;11;4;2;3;11;4;100;1
2023;17;11;1702;1702004;-;1;5;4;2;3;11;3;63000;1
2023;17;11;1702;1702004;-;1;5;4;2;3;11;4;780;1
2023;17;11;1702;1702004;-;1;5;4;2;3;11;5;7400;1
2023;17;11;1702;1702004;-;2;5;3;2;3;11;1;332500;1
2023;17;11;1702;1702004;-;2;5;3;2;3;11;3;312075;1
2023;17;11;1702;1702004;-;2;5;3;2;3;11;4;3825;2
2023;17;11;1702;1702004;-;2;5;3;2;3;11;5;23600;2
2023;17;11;1702;1702004;-;2;5;4;2;3;11;1;320000;1
2023;17;11;1702;1702004;-;2;5;4;2;3;11;2;620500;1
2023;17;11;1702;1702004;-;2;5;4;2;3;11;4;2000;2
2023;17;11;1702;1702004;-;2;5;4;2;3;11;5;40000;2
2023;17;11;1702;1702004;-;2;5;5;2;3;11;2;520980;1
2023;17;11;1702;1702004;-;2;5;5;2;3;11;4;500;1
2023;17;11;1702;1702004;-;2;5;5;2;3;11;5;45000;1
2023;17;11;1702;1702004;-;2;5;6;2;3;11;2;6024500;1
2023;17;11;1702;1702004;-;2;5;6;2;3;11;4;600;1
2023;17;11;1702;1702004;-;2;5;6;2;3;11;5;70000;1
2023;17;11;1702;1702004;-;2;11;3;2;3;11;1;500000;1
2023;17;11;1702;1702004;-;2;11;3;2;3;11;3;50000;1
2023;17;11;1702;1702004;-;2;11;3;2;3;11;5;2500;1
2023;17;11;1702;1702005;-;2;11;5;2;3;11;2;650000;1
2023;17;11;1702;1702005;-;2;11;5;2;3;11;4;230;1
2023;17;11;1702;1702007;-;2;5;4;2;3;11;1;88375;1
2023;17;11;1702;1702007;-;2;5;4;2;3;11;2;525937;1
2023;17;11;1702;1702007;-;2;5;4;2;3;11;4;2100;2
2023;17;11;1702;1702007;-;2;5;4;2;3;11;5;33460;2
2023;17;11;1702;1702007;-;2;11;2;2;3;11;2;128992;1
2023;17;11;1702;1702007;-;2;11;2;2;3;11;4;130;1
2023;17;11;1702;1702007;-;2;11;2;2;3;11;5;1000;1
2023;17;11;1702;1702007;-;2;11;5;2;3;11;2;1183867;1
2023;17;11;1702;1702007;-;2;11;5;2;3;11;4;1500;1
2023;17;11;1702;1702007;-;2;11;5;2;3;11;5;32900;1
2023;17;11;1702;1702008;-;1;3;5;2;3;11;2;230452;1
2023;17;11;1702;1702008;-;2;5;4;2;3;11;2;115993;1
2023;17;11;1702;1702008;-;2;5;4;2;3;11;3;225540;1
2023;17;11;1702;1702008;-;2;5;4;2;3;11;4;2000;1
2023;17;11;1702;1702008;-;2;5;4;2;3;11;5;15000;1
2023;17;12;1701;1701002;-;2;2;8;2;3;11;2;4289193;1
2023;17;12;1701;1701002;-;2;2;8;2;3;11;4;12775;1
2023;17;12;1701;1701002;-;2;2;8;2;3;11;5;248870;1
2023;18;1;1801;1801004;-;1;1;5;2;3;11;4;4729;1
2023;18;1;1801;1801004;-;1;1;5;2;3;11;5;18501;1
2023;18;2;1802;1802003;-;1;5;2;2;3;11;1;23000;1
2023;18;2;1802;1802003;-;1;5;2;2;3;11;4;600;1
2023;18;2;1806;1806004;-;1;5;2;2;3;11;1;3600;1
2023;18;2;1806;1806004;-;1;5;2;2;3;11;4;1200;1
2023;18;2;1806;1806004;-;1;5;2;2;3;11;5;600;1
2023;18;3;1806;1806002;-;2;13;3;2;3;11;4;1380;1
2023;18;3;1806;1806002;-;2;13;3;2;3;11;5;3500;1
2023;18;4;1806;1806004;-;2;12;5;2;3;11;2;1285181;1
2023;18;4;1806;1806004;-;2;12;5;2;3;11;4;1090;1
2023;18;4;1806;1806004;-;2;12;5;2;3;11;5;36500;1
2023;18;6;0;0;-;63;5;1;1;1;11;1;11000;1
2023;18;6;0;0;-;63;5;1;1;1;11;3;8000;1
2023;18;6;0;0;-;63;5;1;1;1;11;4;2000;1
2023;18;6;0;0;-;63;5;1;1;1;11;5;11095;2
2023;18;6;1801;1801005;-;2;5;2;2;3;11;1;37000;1
2023;18;6;1801;1801005;-;2;5;2;2;3;11;2;35000;1
2023;18;6;1801;1801005;-;2;5;2;2;3;11;4;1200;1
2023;18;6;1802;1802001;-;1;5;2;2;3;11;1;43000;1
2023;18;6;1802;1802001;-;1;5;2;2;3;11;4;1500;1
2023;18;6;1802;1802001;-;1;5;2;2;3;11;5;4500;1
2023;18;6;1802;1802001;-;2;5;2;2;3;11;3;20000;1
2023;18;6;1802;1802001;-;2;5;2;2;3;11;4;700;1
2023;18;6;1802;1802002;-;2;5;2;2;3;11;2;113150;1
2023;18;6;1802;1802002;-;2;5;2;2;3;11;3;27540;1
2023;18;6;1802;1802002;-;2;5;2;2;3;11;4;3365;2
2023;18;6;1802;1802002;-;2;5;2;2;3;11;5;5475;1
2023;18;7;1803;1803001;-;1;5;5;2;3;11;2;150000;1
2023;18;7;1803;1803001;-;1;5;5;2;3;11;4;300;1
2023;18;7;1803;1803001;-;1;5;5;2;3;11;5;7000;1
2023;18;7;1803;1803001;-;2;8;5;2;3;11;1;395639;1
2023;18;7;1803;1803001;-;2;8;5;2;3;11;4;1300;1
2023;18;7;1803;1803001;-;2;8;5;2;3;11;5;18000;1
2023;18;7;1803;1803001;-;2;11;4;2;3;11;2;190000;1
2023;18;7;1803;1803001;-;2;11;4;2;3;11;4;720;1
2023;18;7;1803;1803001;-;2;11;4;2;3;11;5;720;1
2023;18;7;1804;1804001;-;2;8;5;2;3;11;2;704611;1
2023;18;7;1804;1804001;-;2;8;5;2;3;11;4;3600;1
2023;18;7;1804;1804001;-;2;8;5;2;3;11;5;40000;1
2023;18;7;1804;1804001;-;2;11;4;2;3;11;1;2500;1
2023;18;7;1804;1804002;-;2;5;5;2;3;11;2;55435;1
2023;18;7;1804;1804002;-;2;5;5;2;3;11;4;1345;1
2023;18;7;1804;1804002;-;2;5;5;2;3;11;5;53543;1
2023;18;8;1803;1803005;-;1;9;7;2;3;11;1;160000;1
2023;18;8;1803;1803005;-;1;9;7;2;3;11;4;2000;1
2023;18;8;1803;1803005;-;1;9;7;2;3;11;5;5000;1
2023;18;8;1803;1803005;-;2;11;5;2;3;11;3;585700;1
2023;18;8;1803;1803005;-;2;11;5;2;3;11;4;2500;1
2023;18;8;1803;1803005;-;2;11;5;2;3;11;5;24960;1
2023;18;10;1805;1805005;-;1;5;2;2;3;11;1;18550;1
2023;18;10;1805;1805005;-;1;5;2;2;3;11;4;700;1
2023;18;11;1805;1805005;-;1;5;4;2;3;11;2;279372;1
2023;18;11;1805;1805005;-;1;5;4;2;3;11;4;1400;1
2023;18;11;1805;1805005;-;1;5;4;2;3;11;5;12000;1
2023;18;16;1806;1806001;-;1;5;7;2;3;11;2;536655;1
2023;18;16;1806;1806001;-;1;5;7;2;3;11;4;4000;1
2023;18;16;1806;1806001;-;1;5;7;2;3;11;5;30000;1
2023;19;5;1902;1902007;-;2;11;6;2;3;11;2;1948551;1
2023;19;5;1902;1902007;-;2;11;6;2;3;11;4;9950;1
2023;19;5;1902;1902007;-;2;11;6;2;3;11;5;64000;1
2023;19;7;1901;1901005;-;1;5;2;2;3;11;1;10500;1
2023;19;7;1901;1901005;-;1;5;2;2;3;11;4;720;1
2023;19;7;1901;1901005;-;1;11;2;2;3;11;3;53000;1
2023;19;7;1901;1901005;-;1;11;2;2;3;11;4;300;1
2023;19;7;1901;1901005;-;1;11;2;2;3;11;5;900;1
2023;19;7;1903;1903004;-;2;9;5;2;3;11;2;1956258;1
2023;19;7;1903;1903004;-;2;9;5;2;3;11;4;4380;1
2023;19;7;1903;1903004;-;2;9;5;2;3;11;5;95000;1
2023;19;10;1903;1903001;-;1;5;2;2;3;11;3;73000;1
2023;19;10;1903;1903001;-;1;5;2;2;3;11;4;700;1
2023;19;10;1903;1903002;-;1;8;2;2;3;11;3;90000;1
