ns1:Ejercicio;ns1:DepartamentoCodigo;ns1:SeccionalPolicialCodigo;ns1:AreaSupervision;ns1:AreaEnumeracion;ns1:ActividadCodigo;ns1:GiroCodigo;ns1:NaturalezaJuridicaCodigo;ns1:EstratoCodigo;ns1:EspecieCodigo;ns1:TipoProduccionCodigo;ns1:Litros;ns1:CantidadTenedoresPorProduccionLeche
2021;1;2;204;204001;-;02;1;3;11;4;10500;1
2021;1;2;204;204001;-;02;1;3;11;5;3000;1
2021;1;3;0;0;-;18;5;1;11;1;16920;1
2021;1;3;0;0;-;18;5;1;11;4;1080;1
2021;1;12;203;203003;-;01;11;2;11;1;90000;1
2021;1;12;203;203003;-;01;11;2;11;4;750;1
2021;1;12;203;203003;-;01;11;2;11;5;10500;1
2021;1;12;203;203003;-;01;11;5;11;1;75000;1
2021;1;12;203;203003;-;01;11;5;11;4;600;1
2021;1;12;203;203004;-;01;11;2;11;1;113000;2
2021;1;12;203;203004;-;01;11;2;11;4;1600;2
2021;1;12;203;203004;-;01;11;2;11;5;7500;2
2021;1;12;203;203004;-;02;11;2;11;1;40500;1
2021;1;12;203;203004;-;02;11;2;11;4;300;1
2021;1;12;203;203004;-;02;11;2;11;5;2000;1
2021;2;1;302;302002;-;01;5;5;11;1;49000;1
2021;2;1;302;302002;-;01;5;5;11;4;2400;1
2021;2;1;302;302002;-;01;5;5;11;5;15000;1
2021;2;1;302;302002;-;02;5;2;11;2;3000;1
2021;2;1;302;302002;-;02;5;5;11;1;1048130;1
2021;2;1;302;302002;-;02;5;5;11;4;2524;1
2021;2;1;302;302002;-;02;5;5;11;5;50380;1
2021;2;1;302;302003;-;02;2;4;11;2;549470;1
2021;2;1;302;302003;-;02;2;4;11;4;1000;1
2021;2;1;302;302003;-;02;2;4;11;5;65000;1
2021;2;1;302;302003;-;02;5;2;11;1;17000;1
2021;2;1;302;302003;-;02;5;2;11;4;500;1
2021;2;1;302;302003;-;02;5;2;11;5;1500;1
2021;2;1;302;302003;-;02;5;3;11;1;45625;1
2021;2;1;302;302003;-;02;5;3;11;2;706776;2
2021;2;1;302;302003;-;02;5;3;11;4;1660;2
2021;2;1;302;302003;-;02;5;3;11;5;46100;2
2021;2;1;302;302003;-;02;5;4;11;1;28800;1
2021;2;1;302;302003;-;02;11;4;11;1;360000;1
2021;2;1;302;302003;-;02;11;4;11;5;18000;1
2021;2;1;302;302003;-;02;14;5;11;2;1090000;1
2021;2;1;302;302003;-;02;14;5;11;4;4500;1
2021;2;1;302;302003;-;02;14;5;11;5;43600;1
2021;2;1;302;302005;-;02;5;2;11;2;69600;1
2021;2;1;302;302005;-;02;5;3;11;2;754479;2
2021;2;1;302;302005;-;02;5;3;11;4;4300;2
2021;2;1;302;302005;-;02;5;3;11;5;63600;2
2021;2;1;302;302006;-;02;5;2;11;2;77241;1
2021;2;1;302;302006;-;02;5;2;11;4;2000;1
2021;2;1;302;302006;-;02;5;2;11;5;10000;1
2021;2;1;304;304005;-;02;5;3;11;2;800000;1
2021;2;1;304;304005;-;02;5;3;11;4;3600;1
2021;2;1;304;304005;-;02;5;3;11;5;25000;1
2021;2;1;304;304006;-;02;5;2;11;2;141200;2
2021;2;1;304;304006;-;02;5;2;11;4;1060;2
2021;2;1;304;304006;-;02;5;2;11;5;7500;2
2021;2;1;304;304006;-;02;5;4;11;2;438000;1
2021;2;1;304;304006;-;02;5;4;11;4;1500;1
2021;2;1;304;304006;-;02;5;4;11;5;7000;1
2021;2;1;304;304006;-;02;11;3;11;2;181912;1
2021;2;1;304;304006;-;02;11;3;11;4;5400;1
2021;2;1;304;304006;-;02;11;3;11;5;9000;1
2021;2;2;301;301001;-;02;5;6;11;2;2101292;1
2021;2;2;301;301001;-;02;5;6;11;4;3110;1
2021;2;2;301;301001;-;02;5;6;11;5;47801;1
2021;2;2;301;301001;-;02;8;2;11;2;220974;1
2021;2;2;301;301001;-;02;8;2;11;4;365;1
2021;2;2;301;301001;-;02;8;2;11;5;2500;1
2021;2;2;301;301001;-;02;11;3;11;2;216599;1
2021;2;2;301;301001;-;02;11;3;11;4;1000;1
2021;2;2;301;301001;-;02;11;3;11;5;3700;1
2021;2;2;301;301002;-;02;2;6;11;2;1010701;1
2021;2;2;301;301002;-;02;2;6;11;4;2300;1
2021;2;2;301;301002;-;02;2;6;11;5;110000;1
2021;2;2;301;301002;-;02;5;2;11;2;48000;1
2021;2;2;301;301002;-;02;5;4;11;2;1070078;1
2021;2;2;301;301002;-;02;5;4;11;4;1095;1
2021;2;2;301;301002;-;02;5;4;11;5;10900;1
2021;2;2;301;301002;-;02;5;5;11;1;1536008;1
2021;2;2;301;301002;-;02;5;5;11;2;1052781;1
2021;2;2;301;301002;-;02;5;5;11;4;5150;2
2021;2;2;301;301002;-;02;5;5;11;5;56000;2
2021;2;2;301;301002;-;02;11;3;11;1;47085;1
2021;2;2;301;301002;-;02;11;3;11;2;288350;1
2021;2;2;301;301002;-;02;11;3;11;4;2200;1
2021;2;2;301;301002;-;02;11;3;11;5;7500;1
2021;2;2;301;301002;-;02;11;5;11;2;737287;1
2021;2;2;301;301002;-;02;11;5;11;4;3650;1
2021;2;2;301;301002;-;02;11;5;11;5;32700;1
2021;2;2;301;301003;-;02;5;2;11;2;323725;2
2021;2;2;301;301003;-;02;5;2;11;4;2460;2
2021;2;2;301;301003;-;02;5;2;11;5;30200;2
2021;2;2;301;301003;-;02;8;3;11;2;146005;1
2021;2;2;301;301003;-;02;8;3;11;4;730;1
2021;2;2;301;301003;-;02;8;3;11;5;7300;1
2021;2;2;301;301003;-;02;11;3;11;2;110018;1
2021;2;2;301;301003;-;02;11;3;11;4;1500;1
2021;2;2;301;301003;-;02;11;3;11;5;18500;1
2021;2;2;301;301003;-;02;11;4;11;2;262151;1
2021;2;2;301;301003;-;02;11;4;11;4;730;1
2021;2;2;301;301003;-;02;11;4;11;5;21900;1
2021;2;2;301;301004;-;02;5;2;11;2;141724;2
2021;2;2;301;301004;-;02;5;2;11;4;1095;1
2021;2;2;301;301004;-;02;5;2;11;5;10000;1
2021;2;2;301;301004;-;02;5;3;11;2;380171;2
2021;2;2;301;301004;-;02;5;3;11;4;1795;2
2021;2;2;301;301004;-;02;11;5;11;1;1163489;1
2021;2;2;301;301004;-;02;11;5;11;4;5000;1
2021;2;2;301;301004;-;02;11;5;11;5;40000;1
2021;2;2;301;301005;-;02;5;4;11;2;529501;2
2021;2;2;301;301005;-;02;5;4;11;4;4400;2
2021;2;2;301;301005;-;02;5;4;11;5;10000;1
2021;2;2;301;301005;-;02;8;5;11;2;2041692;2
2021;2;2;301;301005;-;02;8;5;11;4;2745;2
2021;2;2;301;301005;-;02;8;5;11;5;96600;2
2021;2;2;301;301005;-;02;9;4;11;2;1089751;1
2021;2;2;301;301005;-;02;9;4;11;4;5475;1
2021;2;2;301;301005;-;02;9;4;11;5;43800;1
2021;2;2;301;301006;-;02;5;2;11;2;145248;1
2021;2;2;301;301006;-;02;5;2;11;4;1500;1
2021;2;2;301;301006;-;02;5;2;11;5;16425;1
2021;2;2;301;301006;-;02;5;3;11;4;4000;1
2021;2;2;301;301006;-;02;5;3;11;5;95000;1
2021;2;2;301;301006;-;02;5;4;11;2;263054;1
2021;2;2;301;301006;-;02;5;4;11;4;900;1
2021;2;2;301;301006;-;02;5;4;11;5;10000;1
2021;2;2;301;301006;-;02;5;5;11;2;661406;1
2021;2;2;301;301006;-;02;5;5;11;4;12000;1
2021;2;2;301;301006;-;02;5;5;11;5;55000;1
2021;2;2;301;301007;-;02;5;2;11;1;216000;1
2021;2;2;301;301007;-;02;5;2;11;5;15000;1
2021;2;2;301;301007;-;02;5;4;11;2;843309;1
2021;2;2;301;301007;-;02;5;4;11;4;2500;1
2021;2;2;301;301007;-;02;5;4;11;5;48000;1
2021;2;2;306;306003;-;02;5;3;11;2;521275;1
2021;2;2;306;306003;-;02;5;3;11;4;1000;1
2021;2;2;306;306003;-;02;5;3;11;5;25000;1
2021;2;2;1606;1606001;-;02;5;2;11;4;150;1
2021;2;2;1606;1606001;-;02;5;2;11;5;700;1
2021;2;3;302;302001;-;01;5;3;11;1;48000;1
2021;2;3;302;302001;-;02;11;2;11;2;188239;1
2021;2;3;302;302001;-;02;11;2;11;4;1200;1
2021;2;3;302;302001;-;02;11;2;11;5;13000;1
2021;2;3;302;302001;-;02;11;4;11;1;1030135;1
2021;2;3;302;302001;-;02;11;4;11;4;2600;1
2021;2;3;302;302001;-;02;11;4;11;5;55056;1
2021;2;3;302;302002;-;02;5;4;11;1;158650;1
2021;2;3;302;302002;-;02;5;4;11;4;2500;1
2021;2;3;302;302002;-;02;5;4;11;5;18000;1
2021;2;3;302;302002;-;02;8;2;11;2;195028;1
2021;2;3;302;302002;-;02;8;2;11;4;730;1
2021;2;3;302;302002;-;02;8;2;11;5;14600;1
2021;2;3;303;303001;-;02;12;4;11;1;2015006;1
2021;2;3;303;303001;-;02;12;4;11;4;3000;1
2021;2;3;303;303001;-;02;12;4;11;5;73320;1
2021;2;3;303;303002;-;02;5;3;11;2;148830;1
2021;2;3;303;303002;-;02;5;3;11;4;1500;1
2021;2;3;303;303002;-;02;5;3;11;5;10000;1
2021;2;3;303;303003;-;02;5;2;11;2;360000;1
2021;2;3;303;303003;-;02;5;2;11;4;2000;1
2021;2;3;303;303003;-;02;5;2;11;5;15000;1
2021;2;3;303;303003;-;02;11;2;11;2;330000;1
2021;2;3;303;303003;-;02;11;2;11;4;2000;1
2021;2;3;303;303003;-;02;11;2;11;5;11000;1
2021;2;3;303;303003;-;02;11;3;11;2;843369;1
2021;2;3;303;303003;-;02;11;3;11;4;3500;1
2021;2;3;303;303003;-;02;11;3;11;5;19500;1
2021;2;3;303;303004;-;02;5;2;11;2;43230;1
2021;2;3;303;303004;-;02;5;2;11;3;5000;1
2021;2;3;303;303004;-;02;5;2;11;4;1100;2
2021;2;3;303;303004;-;02;5;2;11;5;19735;2
2021;2;3;303;303004;-;02;11;5;11;2;908816;1
2021;2;3;303;303004;-;02;11;5;11;4;1500;1
2021;2;3;303;303004;-;02;11;5;11;5;20000;1
2021;2;3;304;304001;-;01;11;2;11;2;8000;1
2021;2;3;304;304001;-;01;11;2;11;4;400;1
2021;2;3;304;304002;-;02;5;2;11;2;145000;1
2021;2;3;304;304002;-;02;5;2;11;4;500;1
2021;2;3;304;304002;-;02;5;2;11;5;6000;1
2021;2;3;304;304002;-;40;11;2;4;3;45000;1
2021;2;3;304;304002;-;40;11;2;4;4;300;1
2021;2;3;304;304002;-;40;11;2;4;5;8000;1
2021;2;5;305;305004;-;01;2;6;11;2;343108;1
2021;2;5;305;305004;-;01;2;6;11;4;2944;1
2021;2;5;305;305004;-;01;2;6;11;5;37098;1
2021;2;6;310;310008;-;02;5;4;11;2;311180;1
2021;2;6;317;317006;-;02;5;2;11;1;50;1
2021;2;6;317;317006;-;02;5;2;11;4;10;1
2021;2;6;317;317006;-;02;5;2;11;5;4;1
2021;2;6;317;317006;-;02;11;4;11;2;305977;1
2021;2;6;317;317006;-;02;11;4;11;4;2600;1
2021;2;6;317;317006;-;02;11;4;11;5;15000;1
2021;2;6;317;317007;-;02;11;3;11;1;18250;1
2021;2;6;317;317007;-;02;11;3;11;3;73000;1
2021;2;6;317;317007;-;02;11;3;11;4;1200;1
2021;2;6;317;317007;-;02;11;3;11;5;1500;1
2021;2;6;318;318003;-;01;5;2;4;3;250;1
2021;2;6;318;318003;-;01;5;2;4;4;300;1
2021;2;6;318;318003;-;01;5;2;4;5;100;1
2021;2;6;318;318005;-;02;5;3;11;2;637662;1
2021;2;6;318;318005;-;02;5;3;11;4;1825;1
2021;2;6;318;318005;-;02;5;3;11;5;25500;1
2021;2;6;319;319004;-;40;5;2;4;4;720;1
2021;2;6;319;319004;-;40;5;2;4;5;4080;1
2021;2;7;315;315004;-;02;8;6;11;1;851545;1
2021;2;7;315;315004;-;02;8;6;11;4;1000;1
2021;2;7;315;315004;-;02;8;6;11;5;91250;1
2021;2;7;315;315007;-;02;5;3;11;2;300000;1
2021;2;7;315;315007;-;02;5;3;11;4;2500;1
2021;2;7;315;315007;-;02;5;3;11;5;30000;1
2021;2;7;316;316001;-;02;11;5;11;1;2378273;1
2021;2;7;316;316001;-;02;11;5;11;4;15000;1
2021;2;7;316;316001;-;02;11;5;11;5;65000;1
2021;2;7;317;317004;-;02;1;5;11;5;24500;1
2021;2;8;314;314001;-;01;5;2;11;3;4000;1
2021;2;8;314;314001;-;01;5;2;11;5;1000;1
2021;2;8;314;314001;-;01;5;3;11;3;2000;1
2021;2;8;314;314001;-;01;5;3;11;4;200;1
2021;2;8;314;314001;-;01;5;3;11;5;500;1
2021;2;8;314;314001;-;02;5;3;11;2;367073;1
2021;2;8;314;314001;-;02;5;3;11;4;745;1
2021;2;8;314;314001;-;02;5;3;11;5;14600;1
2021;2;8;314;314001;-;02;5;6;11;1;196734;1
2021;2;8;314;314001;-;02;5;6;11;4;1050;1
2021;2;8;314;314001;-;02;5;6;11;5;2000;1
2021;2;8;314;314001;-;02;8;4;11;2;383970;1
2021;2;8;314;314001;-;02;8;4;11;4;1460;1
2021;2;8;314;314001;-;02;8;4;11;5;25000;1
2021;2;8;314;314008;-;02;5;2;11;3;32400;1
2021;2;8;314;314008;-;02;5;2;11;5;3240;1
2021;2;8;314;314008;-;02;11;2;11;2;72000;1
2021;2;8;314;314008;-;02;11;2;11;5;7000;1
2021;2;8;314;314008;-;02;14;6;11;2;647475;1
2021;2;8;314;314008;-;02;14;6;11;4;3600;1
2021;2;8;314;314008;-;02;14;6;11;5;43200;1
2021;2;8;315;315006;-;02;5;4;11;1;21600;1
2021;2;8;315;315006;-;02;5;4;11;2;591368;2
2021;2;8;315;315006;-;02;5;4;11;4;545;1
2021;2;8;315;315006;-;02;5;4;11;5;32638;2
2021;2;8;315;315006;-;02;8;5;11;2;800159;1
2021;2;8;315;315006;-;02;8;5;11;4;5400;1
2021;2;8;315;315006;-;02;8;5;11;5;82000;1
2021;2;9;303;303004;-;02;5;4;11;2;299190;1
2021;2;9;303;303004;-;02;5;4;11;4;1800;1
2021;2;9;313;313003;-;02;5;4;11;2;459916;1
2021;2;9;313;313003;-;02;5;4;11;4;1000;1
2021;2;9;313;313003;-;02;11;2;11;1;24800;1
2021;2;9;313;313003;-;02;11;2;11;4;500;1
2021;2;9;313;313003;-;02;11;2;11;5;450;1
2021;2;9;313;313006;-;02;11;4;11;2;250000;1
2021;2;9;313;313006;-;02;11;4;11;4;2200;1
2021;2;9;313;313006;-;02;11;4;11;5;10000;1
2021;2;9;314;314006;-;02;5;3;11;2;312983;1
2021;2;9;314;314006;-;02;5;3;11;4;900;1
2021;2;10;307;307002;-;02;5;2;11;2;121207;2
2021;2;10;307;307002;-;02;5;2;11;4;565;2
2021;2;10;307;307002;-;02;5;2;11;5;9140;2
2021;2;10;307;307002;-;02;5;3;11;1;70000;1
2021;2;10;307;307002;-;02;5;3;11;2;608082;4
2021;2;10;307;307002;-;02;5;3;11;4;11450;4
2021;2;10;307;307002;-;02;5;3;11;5;16150;3
2021;2;10;307;307002;-;02;5;4;11;1;620706;3
2021;2;10;307;307002;-;02;5;4;11;2;1603760;4
2021;2;10;307;307002;-;02;5;4;11;4;9895;5
2021;2;10;307;307002;-;02;5;4;11;5;103900;4
2021;2;10;307;307002;-;02;5;5;11;1;400000;1
2021;2;10;307;307002;-;02;5;5;11;2;514132;2
2021;2;10;307;307002;-;02;5;5;11;4;4350;3
2021;2;10;307;307002;-;02;5;5;11;5;47920;3
2021;2;10;307;307002;-;02;8;5;11;2;1042866;1
2021;2;10;307;307002;-;02;8;5;11;4;1100;1
2021;2;10;307;307002;-;02;8;5;11;5;60000;1
2021;2;10;307;307002;-;02;11;2;11;2;75500;1
2021;2;10;307;307002;-;02;11;2;11;4;370;1
2021;2;10;307;307002;-;02;11;2;11;5;2160;1
2021;2;10;307;307002;-;02;11;3;11;3;30000;1
2021;2;10;307;307002;-;02;11;3;11;4;600;1
2021;2;10;307;307002;-;02;11;3;11;5;2000;1
2021;2;10;307;307002;-;02;11;4;11;2;575163;1
2021;2;10;307;307002;-;02;11;4;11;4;1000;1
2021;2;10;307;307002;-;02;11;4;11;5;20000;1
2021;2;10;307;307002;-;02;14;4;11;2;220349;1
2021;2;10;307;307002;-;02;14;4;11;4;370;1
2021;2;10;307;307002;-;02;14;4;11;5;9360;1
2021;2;10;307;307004;-;02;8;3;11;2;1379339;1
2021;2;10;307;307004;-;02;8;3;11;4;3000;1
2021;2;10;307;307004;-;02;8;3;11;5;120000;1
2021;2;10;308;308001;-;02;5;2;11;1;21900;1
2021;2;10;308;308001;-;02;5;2;11;2;40920;1
2021;2;10;308;308001;-;02;5;2;11;4;1100;1
2021;2;10;308;308001;-;02;5;2;11;5;2900;1
2021;2;10;308;308001;-;02;8;2;11;2;355286;1
2021;2;10;308;308001;-;02;8;2;11;4;1500;1
2021;2;10;308;308001;-;02;8;2;11;5;10800;1
2021;2;10;308;308001;-;02;11;4;11;2;516383;1
2021;2;10;308;308001;-;02;11;4;11;4;700;1
2021;2;10;308;308001;-;02;11;4;11;5;15000;1
2021;2;10;308;308002;-;01;5;2;11;3;80000;1
2021;2;10;308;308002;-;01;5;2;11;4;1000;1
2021;2;10;308;308002;-;01;5;2;11;5;2000;1
2021;2;10;308;308004;-;02;5;3;11;2;167740;1
2021;2;10;308;308004;-;02;5;3;11;4;370;1
2021;2;10;308;308004;-;02;5;3;11;5;3360;1
2021;2;10;308;308005;-;01;5;4;11;1;54850;1
2021;2;10;308;308005;-;01;5;4;11;2;54850;1
2021;2;10;308;308005;-;01;5;4;11;4;2800;1
2021;2;10;308;308005;-;01;5;4;11;5;9280;1
2021;2;10;308;308005;-;02;11;2;11;1;2500000;1
2021;2;10;308;308005;-;02;11;2;11;3;250000;1
2021;2;10;308;308005;-;02;11;2;11;4;550;1
2021;2;10;308;308005;-;02;11;2;11;5;5475;1
2021;2;10;308;308005;-;02;11;3;11;3;230850;1
2021;2;10;308;308005;-;02;11;3;11;4;400;1
2021;2;10;308;308005;-;02;11;3;11;5;6000;1
2021;2;10;308;308006;-;01;5;3;11;1;23700;1
2021;2;10;308;308006;-;01;5;3;11;2;346750;1
2021;2;10;308;308006;-;01;5;3;11;4;1000;1
2021;2;10;308;308006;-;01;5;3;11;5;14600;1
2021;2;10;308;308006;-;02;11;2;11;2;331448;2
2021;2;10;308;308006;-;02;11;2;11;4;1800;2
2021;2;10;308;308006;-;02;11;2;11;5;8000;2
2021;2;10;309;309001;-;02;5;2;11;3;21550;1
2021;2;10;309;309001;-;02;5;2;11;4;2000;1
2021;2;10;309;309001;-;02;5;2;11;5;2000;1
2021;2;10;309;309001;-;02;5;4;11;2;162300;1
2021;2;10;309;309001;-;02;5;4;11;4;350;1
2021;2;10;309;309001;-;02;12;5;11;2;651013;1
2021;2;10;309;309001;-;02;12;5;11;4;2000;1
2021;2;10;309;309001;-;02;12;5;11;5;6500;1
2021;2;10;309;309002;-;02;5;3;11;2;90762;1
2021;2;10;309;309002;-;02;5;3;11;4;370;1
2021;2;10;309;309002;-;02;5;3;11;5;5040;1
2021;2;10;309;309003;-;01;5;2;11;2;60000;1
2021;2;10;309;309003;-;01;5;2;11;4;360;1
2021;2;10;309;309003;-;01;5;2;11;5;4500;1
2021;2;10;309;309003;-;02;5;2;11;2;380000;1
2021;2;10;309;309003;-;02;5;2;11;3;21600;1
2021;2;10;309;309003;-;02;5;2;11;4;1830;2
2021;2;10;309;309003;-;02;5;2;11;5;4300;2
2021;2;10;309;309003;-;02;5;3;11;2;198000;1
2021;2;10;309;309003;-;02;5;3;11;4;230;1
2021;2;10;309;309003;-;02;5;3;11;5;2100;1
2021;2;10;309;309003;-;02;11;3;11;2;271466;1
2021;2;10;309;309003;-;02;11;3;11;4;500;1
2021;2;10;309;309003;-;02;11;3;11;5;20000;1
2021;2;10;309;309004;-;01;11;2;11;2;63000;2
2021;2;10;309;309004;-;01;11;2;11;3;70000;1
2021;2;10;309;309004;-;01;11;2;11;4;365;1
2021;2;10;309;309004;-;01;11;2;11;5;6595;2
2021;2;10;309;309004;-;02;5;2;11;2;208050;1
2021;2;10;309;309004;-;02;5;2;11;4;380;1
2021;2;10;309;309004;-;02;5;2;11;5;8120;1
2021;2;10;312;312001;-;01;5;3;11;2;163885;1
2021;2;10;312;312001;-;01;5;3;11;4;365;1
2021;2;10;312;312001;-;01;5;3;11;5;18250;1
2021;2;10;312;312001;-;02;5;3;11;1;21900;1
2021;2;10;312;312001;-;02;5;3;11;2;86000;2
2021;2;10;312;312001;-;02;5;3;11;4;1000;1
2021;2;10;312;312001;-;02;5;3;11;5;1000;1
2021;2;10;312;312001;-;02;8;3;11;1;609660;1
2021;2;10;312;312001;-;02;8;3;11;4;1000;1
2021;2;10;312;312001;-;02;8;3;11;5;12000;1
2021;2;10;312;312002;-;02;8;2;11;3;3900;1
2021;2;10;312;312002;-;02;8;2;11;4;1700;1
2021;2;10;312;312002;-;02;8;2;11;5;2500;1
2021;2;10;312;312002;-;02;11;4;11;2;566140;1
2021;2;10;312;312002;-;02;11;4;11;4;1825;1
2021;2;10;312;312002;-;02;11;4;11;5;14400;1
2021;2;10;313;313004;-;02;5;3;11;1;420000;1
2021;2;10;313;313004;-;02;5;3;11;4;800;1
2021;2;10;313;313004;-;02;5;3;11;5;10000;1
2021;2;11;306;306001;-;02;5;2;11;2;216435;1
2021;2;11;306;306001;-;02;5;2;11;4;400;1
2021;2;11;306;306001;-;02;5;2;11;5;3500;1
2021;2;11;306;306001;-;02;5;3;11;2;364432;1
2021;2;11;306;306001;-;02;5;3;11;4;900;1
2021;2;11;306;306001;-;02;5;3;11;5;17230;1
2021;2;11;306;306001;-;02;5;4;11;2;101488;1
2021;2;11;306;306001;-;02;5;4;11;4;600;1
2021;2;11;306;306001;-;02;5;4;11;5;1200;1
2021;2;11;306;306001;-;02;11;5;11;2;800000;1
2021;2;11;306;306001;-;02;11;5;11;4;1000;1
2021;2;11;306;306001;-;02;11;5;11;5;10000;1
2021;2;11;306;306001;-;02;12;5;11;2;1704108;1
2021;2;11;306;306001;-;02;12;5;11;4;3300;1
2021;2;11;306;306001;-;02;12;5;11;5;54000;1
2021;2;11;306;306002;-;02;5;2;11;2;281856;1
2021;2;11;306;306002;-;02;5;2;11;5;7200;1
2021;2;11;306;306002;-;02;5;3;11;2;1086277;1
2021;2;11;306;306002;-;02;5;3;11;4;550;1
2021;2;11;306;306002;-;02;5;3;11;5;12960;1
2021;2;11;306;306002;-;02;5;4;11;2;2169294;4
2021;2;11;306;306002;-;02;5;4;11;4;2065;4
2021;2;11;306;306002;-;02;5;4;11;5;77700;4
2021;2;11;306;306002;-;02;5;5;11;2;2783586;2
2021;2;11;306;306002;-;02;5;5;11;4;1230;2
2021;2;11;306;306002;-;02;5;5;11;5;67100;2
2021;2;11;306;306002;-;02;12;5;11;1;416502;1
2021;2;11;306;306002;-;02;12;5;11;4;800;1
2021;2;11;306;306002;-;02;12;5;11;5;40000;1
2021;2;11;306;306002;-;02;14;6;11;2;1239948;1
2021;2;11;306;306002;-;02;14;6;11;4;3600;1
2021;2;11;306;306002;-;02;14;6;11;5;36500;1
2021;2;11;306;306003;-;01;5;2;11;2;102972;1
2021;2;11;306;306003;-;01;5;2;11;4;370;1
2021;2;11;306;306003;-;01;5;2;11;5;10320;1
2021;2;11;306;306003;-;02;1;4;11;2;236009;1
2021;2;11;306;306003;-;02;1;4;11;3;600;1
2021;2;11;306;306003;-;02;1;4;11;4;7000;1
2021;2;11;306;306003;-;02;1;4;11;5;28000;1
2021;2;11;306;306003;-;02;5;2;11;1;28500;1
2021;2;11;306;306003;-;02;5;2;11;2;259616;3
2021;2;11;306;306003;-;02;5;2;11;4;3100;3
2021;2;11;306;306003;-;02;5;2;11;5;11000;3
2021;2;11;306;306003;-;02;5;3;11;2;177343;2
2021;2;11;306;306003;-;02;5;3;11;4;1365;2
2021;2;11;306;306003;-;02;5;3;11;5;3800;1
2021;2;11;306;306003;-;02;5;4;11;2;963938;2
2021;2;11;306;306003;-;02;5;4;11;4;1700;2
2021;2;11;306;306003;-;02;5;4;11;5;39800;2
2021;2;11;306;306003;-;02;11;3;11;2;104960;1
2021;2;11;306;306003;-;02;11;3;11;4;730;1
2021;2;11;306;306003;-;02;11;3;11;5;4800;1
2021;2;11;306;306003;-;02;11;4;11;2;1160465;3
2021;2;11;306;306003;-;02;11;4;11;4;2730;3
2021;2;11;306;306003;-;02;11;4;11;5;46040;3
2021;2;11;306;306004;-;02;5;3;11;2;200100;1
2021;2;11;306;306004;-;02;5;3;11;4;730;1
2021;2;11;306;306004;-;02;5;3;11;5;7200;1
2021;2;11;306;306004;-;02;5;4;11;2;702611;1
2021;2;11;306;306004;-;02;5;4;11;4;2000;1
2021;2;11;306;306004;-;02;5;4;11;5;45000;1
2021;2;11;306;306004;-;02;5;5;11;2;280256;1
2021;2;11;306;306004;-;02;5;5;11;4;1095;1
2021;2;11;306;306004;-;02;5;5;11;5;35100;1
2021;2;11;307;307001;-;02;5;2;11;2;68158;1
2021;2;11;307;307001;-;02;5;2;11;3;8500;1
2021;2;11;307;307001;-;02;5;2;11;4;4000;2
2021;2;11;307;307001;-;02;5;2;11;5;3300;2
2021;2;11;307;307001;-;02;5;3;11;2;1412949;2
2021;2;11;307;307001;-;02;5;3;11;4;1460;2
2021;2;11;307;307001;-;02;5;3;11;5;37000;2
2021;2;11;307;307001;-;02;5;4;11;1;160674;1
2021;2;11;307;307001;-;02;5;4;11;2;210000;1
2021;2;11;307;307001;-;02;5;4;11;5;36000;2
2021;2;11;307;307001;-;02;5;5;11;2;1030766;3
2021;2;11;307;307001;-;02;5;5;11;4;4195;3
2021;2;11;307;307001;-;02;5;5;11;5;31900;2
2021;2;11;307;307001;-;02;9;5;11;2;763769;1
2021;2;11;307;307001;-;02;9;5;11;4;1500;1
2021;2;11;307;307001;-;02;9;5;11;5;19000;1
2021;2;11;307;307001;-;02;11;2;11;2;1054413;1
2021;2;11;307;307001;-;02;11;2;11;4;750;1
2021;2;11;307;307001;-;02;11;2;11;5;12000;1
2021;2;11;307;307001;-;02;11;3;11;1;68400;1
2021;2;11;307;307001;-;02;11;3;11;2;600000;1
2021;2;11;307;307001;-;02;11;3;11;4;2000;1
2021;2;11;307;307001;-;02;11;3;11;5;5000;1
2021;2;11;307;307001;-;02;11;4;11;2;693645;1
2021;2;11;307;307001;-;02;11;4;11;4;730;1
2021;2;11;307;307001;-;02;11;4;11;5;12000;1
2021;2;11;307;307001;-;02;11;5;11;2;564632;1
2021;2;11;307;307001;-;02;11;5;11;4;4000;1
2021;2;11;307;307001;-;02;11;5;11;5;51186;1
2021;2;11;307;307004;-;02;5;2;11;2;43550;1
2021;2;11;307;307004;-;02;5;2;11;4;728;1
2021;2;11;307;307004;-;02;5;2;11;5;9280;1
2021;2;12;306;306004;-;01;5;4;11;2;110000;1
2021;2;12;306;306004;-;01;5;4;11;4;365;1
2021;2;12;306;306004;-;01;5;4;11;5;1200;1
2021;2;12;306;306004;-;02;5;2;11;2;180329;1
2021;2;12;306;306004;-;02;5;2;11;4;365;1
2021;2;12;306;306004;-;02;5;2;11;5;4320;1
2021;2;12;306;306004;-;02;5;4;11;2;111069;2
2021;2;12;306;306004;-;02;5;4;11;4;815;2
2021;2;12;306;306004;-;02;5;4;11;5;6000;2
2021;2;12;306;306004;-;02;14;3;11;2;127750;1
2021;2;12;306;306004;-;02;14;3;11;4;900;1
2021;2;12;306;306004;-;02;14;3;11;5;3000;1
2021;2;12;307;307003;-;02;11;2;11;1;185000;1
2021;2;12;307;307003;-;02;11;2;11;4;400;1
2021;2;12;307;307003;-;02;11;2;11;5;1800;1
2021;2;12;307;307004;-;02;5;2;11;2;31143;1
2021;2;12;307;307004;-;02;5;2;11;4;365;1
2021;2;12;307;307004;-;02;5;2;11;5;1920;1
2021;2;12;307;307004;-;02;5;4;11;1;22500;1
2021;2;12;307;307004;-;02;5;4;11;2;2087841;4
2021;2;12;307;307004;-;02;5;4;11;4;3450;4
2021;2;12;307;307004;-;02;5;4;11;5;34300;3
2021;2;12;307;307005;-;02;11;4;11;2;716285;1
2021;2;12;307;307005;-;02;11;4;11;4;1500;1
2021;2;12;307;307005;-;02;11;4;11;5;22800;1
2021;2;12;307;307006;-;02;5;3;11;2;168847;1
2021;2;12;307;307006;-;02;5;3;11;4;1000;1
2021;2;12;307;307006;-;02;5;3;11;5;4800;1
2021;2;12;310;310004;-;01;11;3;11;2;180805;1
2021;2;12;310;310004;-;01;11;3;11;4;700;1
2021;2;12;310;310004;-;01;11;3;11;5;12000;1
2021;2;12;311;311001;-;02;5;2;11;1;21900;1
2021;2;12;311;311001;-;02;5;2;11;4;1000;1
2021;2;12;311;311001;-;02;5;2;11;5;4700;1
2021;2;12;311;311002;-;02;5;5;11;2;1099387;1
2021;2;12;311;311002;-;02;5;5;11;4;4000;1
2021;2;13;310;310008;-;02;11;5;11;2;2388322;1
2021;2;13;310;310008;-;02;11;5;11;4;5475;1
2021;2;13;310;310008;-;02;11;5;11;5;3317;1
2021;2;14;312;312005;-;01;5;4;11;2;17000;1
2021;2;14;312;312005;-;01;5;4;11;5;1000;1
2021;2;14;313;313001;-;02;5;3;11;2;80167;1
2021;2;14;313;313001;-;02;5;3;11;4;700;1
2021;2;14;313;313001;-;02;5;3;11;5;10000;1
2021;2;14;313;313001;-;40;5;2;11;3;54000;1
2021;2;14;314;314001;-;02;11;4;11;1;21000;1
2021;2;14;314;314001;-;02;11;4;11;2;98000;1
2021;2;14;314;314001;-;02;11;4;11;4;1500;1
2021;2;14;314;314001;-;02;11;4;11;5;30000;1
2021;2;14;315;315001;-;01;5;3;11;2;300000;1
2021;2;14;315;315001;-;01;5;3;11;4;1000;1
2021;2;14;315;315001;-;01;5;3;11;5;12000;1
2021;2;14;315;315001;-;02;5;4;11;1;318106;1
2021;2;14;315;315001;-;02;5;4;11;4;5700;1
2021;2;14;315;315001;-;02;5;4;11;5;32000;1
2021;2;14;315;315001;-;02;11;3;11;1;88400;1
2021;2;14;315;315001;-;02;11;3;11;4;300;1
2021;2;14;315;315001;-;02;11;3;11;5;3200;1
2021;2;15;306;306005;-;02;5;4;11;2;637022;1
2021;2;15;306;306005;-;02;5;4;11;4;750;1
2021;2;15;306;306005;-;02;5;4;11;5;18000;1
2021;2;15;306;306005;-;02;8;2;11;2;9000;1
2021;2;15;306;306005;-;02;8;2;11;5;2400;1
2021;2;15;306;306005;-;02;11;3;11;1;136000;1
2021;2;15;306;306005;-;02;11;3;11;4;950;1
2021;2;15;306;306005;-;02;11;3;11;5;2800;1
2021;2;15;306;306007;-;02;2;5;11;2;2991478;1
2021;2;15;306;306007;-;02;2;5;11;4;4100;1
2021;2;15;306;306007;-;02;2;5;11;5;38000;1
2021;2;15;306;306007;-;02;2;6;11;2;3360713;1
2021;2;15;306;306007;-;02;2;6;11;4;215000;1
2021;2;15;306;306007;-;02;2;6;11;5;215000;1
2021;2;15;306;306007;-;02;5;2;11;2;394000;2
2021;2;15;306;306007;-;02;5;2;11;4;900;1
2021;2;15;306;306007;-;02;5;2;11;5;600;1
2021;2;15;306;306007;-;02;5;3;11;2;177586;1
2021;2;15;306;306007;-;02;5;3;11;4;360;1
2021;2;15;306;306007;-;02;5;3;11;5;4000;1
2021;2;15;306;306007;-;02;5;4;11;2;307419;1
2021;2;15;306;306007;-;02;5;4;11;4;2500;1
2021;2;15;306;306007;-;02;5;4;11;5;11000;1
2021;2;15;306;306007;-;02;8;4;11;2;616460;1
2021;2;15;306;306007;-;02;8;4;11;4;500;1
2021;2;15;306;306007;-;02;8;4;11;5;23200;1
2021;2;15;306;306007;-;02;11;3;11;2;430000;1
2021;2;15;306;306007;-;02;11;3;11;4;2000;1
2021;2;15;306;306007;-;02;11;3;11;5;20000;1
2021;2;15;306;306007;-;02;11;5;11;2;1440000;1
2021;2;15;306;306007;-;02;11;5;11;4;7200;1
2021;2;15;306;306007;-;02;11;5;11;5;180000;1
2021;2;15;306;306007;-;02;12;6;11;2;1587859;1
2021;2;15;306;306007;-;02;12;6;11;4;11000;1
2021;2;15;306;306007;-;02;12;6;11;5;72000;1
2021;2;15;310;310001;-;01;8;5;11;2;843137;1
2021;2;15;310;310001;-;01;8;5;11;4;1500;1
2021;2;15;310;310001;-;01;8;5;11;5;20000;1
2021;2;15;310;310002;-;02;12;4;11;2;561005;1
2021;2;15;310;310002;-;02;12;4;11;4;7200;1
2021;2;15;310;310002;-;02;12;4;11;5;48000;1
2021;2;15;310;310003;-;02;5;4;11;2;196567;1
2021;2;15;310;310003;-;02;5;4;11;4;1500;1
2021;2;15;310;310003;-;02;5;4;11;5;14000;1
2021;2;15;310;310004;-;02;5;3;11;2;10000;1
2021;2;15;310;310004;-;02;5;4;11;2;165475;1
2021;2;15;310;310004;-;02;5;4;11;4;1000;1
2021;2;15;310;310004;-;02;5;4;11;5;3500;1
2021;2;19;0;0;-;63;8;1;11;2;220000;1
2021;2;19;0;0;-;63;8;1;11;4;1100;1
2021;2;19;0;0;-;63;8;1;11;5;2100;1
2021;2;19;304;304007;-;02;1;5;11;2;1187271;1
2021;2;19;304;304007;-;02;1;5;11;4;2000;1
2021;2;19;304;304007;-;02;1;5;11;5;10000;1
2021;2;19;305;305002;-;01;5;4;11;2;256941;1
2021;2;19;305;305002;-;01;5;4;11;4;3600;1
2021;2;19;305;305002;-;01;5;4;11;5;12000;1
2021;2;19;305;305003;-;02;5;3;11;2;220000;1
2021;2;19;305;305003;-;02;5;3;11;4;1020;1
2021;2;19;305;305003;-;02;5;3;11;5;1980;1
2021;2;19;315;315008;-;02;9;2;11;1;30000;1
2021;2;19;315;315008;-;02;9;2;11;3;19000;1
2021;2;19;315;315008;-;02;9;2;11;4;10000;1
2021;2;19;315;315008;-;02;9;2;11;5;1000;1
2021;2;19;319;319001;-;02;2;5;11;2;105921;1
2021;2;19;319;319001;-;02;2;5;11;4;3650;1
2021;2;19;319;319001;-;02;2;5;11;5;58150;1
2021;2;19;319;319001;-;02;11;4;11;1;176238;1
2021;2;23;315;315006;-;02;5;5;11;2;1386077;1
2021;2;23;315;315006;-;02;5;5;11;4;3650;1
2021;2;23;315;315006;-;02;5;5;11;5;2000;1
2021;2;24;315;315005;-;02;11;2;11;3;36000;1
2021;2;24;315;315005;-;02;11;2;11;4;730;1
2021;3;5;403;403003;-;01;5;2;11;1;13845;1
2021;3;5;403;403003;-;01;5;2;11;2;8673;1
2021;3;5;403;403003;-;02;5;4;11;1;5412;1
2021;3;5;403;403003;-;02;5;4;11;2;1476;1
2021;3;5;403;403003;-;02;11;2;11;1;23461;1
2021;3;5;403;403003;-;02;11;2;11;2;17699;1
2021;3;5;403;403003;-;02;11;2;11;4;1200;1
2021;3;5;403;403003;-;02;11;2;11;5;5000;1
2021;3;5;403;403003;-;02;14;2;11;2;96039;1
2021;3;5;403;403003;-;02;14;2;11;4;700;1
2021;3;5;403;403003;-;02;14;2;11;5;4000;1
2021;3;6;402;402002;-;02;14;7;11;2;1304508;1
2021;3;6;402;402002;-;02;14;7;11;4;3000;1
2021;3;6;402;402002;-;02;14;7;11;5;25000;1
2021;3;6;402;402003;-;01;1;6;11;1;136364;1
2021;3;6;402;402003;-;01;1;6;11;2;103119;1
2021;3;6;402;402003;-;01;1;6;11;5;22751;1
2021;3;7;401;401006;-;63;5;1;11;1;77172;1
2021;3;7;401;401006;-;63;5;1;11;2;137988;1
2021;3;7;401;401006;-;63;5;1;11;4;800;1
2021;3;7;402;402001;-;01;2;8;11;1;640298;1
2021;3;7;402;402001;-;01;2;8;11;2;514421;1
2021;3;7;402;402001;-;01;2;8;11;4;5982;1
2021;3;7;402;402001;-;01;2;8;11;5;81102;1
2021;3;7;402;402001;-;02;12;5;11;1;501057;1
2021;3;7;402;402001;-;02;12;5;11;2;314480;1
2021;3;7;402;402001;-;02;12;5;11;4;900;1
2021;3;7;402;402001;-;02;12;5;11;5;13563;1
2021;3;10;404;404004;-;02;1;3;11;1;2917;1
2021;3;10;404;404004;-;02;1;3;11;2;37462;1
2021;3;10;404;404004;-;02;1;3;11;4;2625;1
2021;3;10;404;404004;-;02;1;3;11;5;10177;1
2021;3;11;401;401003;-;02;5;5;11;1;397032;1
2021;3;11;401;401003;-;02;5;5;11;2;341064;1
2021;3;11;401;401003;-;02;5;5;11;4;850;1
2021;3;11;401;401003;-;02;5;5;11;5;5300;1
2021;3;11;402;402003;-;02;5;5;11;1;223056;1
2021;3;11;402;402003;-;02;5;5;11;2;68364;1
2021;3;11;402;402003;-;02;5;5;11;5;5000;1
2021;3;11;402;402003;-;02;11;5;11;1;163824;1
2021;3;11;402;402003;-;02;11;5;11;2;154236;1
2021;3;11;402;402003;-;02;11;5;11;4;850;1
2021;3;11;402;402003;-;02;14;5;11;1;195301;1
2021;3;11;402;402003;-;02;14;5;11;2;206909;1
2021;3;11;402;402003;-;02;14;5;11;4;1000;1
2021;3;11;402;402003;-;02;14;5;11;5;1600;1
2021;3;11;402;402004;-;02;11;2;11;1;1350;1
2021;3;11;402;402004;-;02;11;2;11;2;2860;1
2021;3;11;402;402004;-;02;11;2;11;4;700;1
2021;3;11;402;402004;-;63;5;1;11;1;5786;1
2021;3;11;402;402004;-;63;5;1;11;2;20465;1
2021;3;11;402;402004;-;63;5;1;11;4;800;1
2021;3;11;402;402005;-;01;5;7;11;1;316284;1
2021;3;11;402;402005;-;01;5;7;11;2;153990;1
2021;3;11;402;402005;-;01;5;7;11;4;3900;1
2021;3;11;402;402005;-;01;5;7;11;5;102000;1
2021;3;11;402;402005;-;02;5;3;11;1;18960;1
2021;3;11;402;402005;-;02;5;3;11;2;21072;1
2021;3;11;402;402005;-;02;5;3;11;4;800;1
2021;3;11;402;402005;-;02;5;3;11;5;2100;1
2021;3;11;402;402005;-;02;5;4;11;1;179724;1
2021;3;11;402;402005;-;02;5;4;11;2;20256;1
2021;3;11;402;402005;-;02;5;4;11;4;1095;1
2021;3;11;402;402005;-;02;5;4;11;5;5000;1
2021;3;12;405;405001;-;02;5;2;11;2;30223;1
2021;3;12;405;405001;-;02;5;2;11;4;721;1
2021;3;12;405;405001;-;02;5;2;11;5;10;1
2021;3;14;404;404004;-;01;5;5;11;2;80;1
2021;3;14;404;404004;-;01;5;5;11;4;10;1
2021;3;14;404;404004;-;01;5;5;11;5;20;1
2021;3;14;404;404004;-;02;11;2;11;1;120840;1
2021;3;14;404;404004;-;02;11;2;11;2;27648;1
2021;3;14;404;404004;-;02;11;2;11;4;700;1
2021;3;14;404;404004;-;02;11;2;11;5;3500;1
2021;3;15;0;0;-;63;9;1;11;2;170000;1
2021;3;16;405;405005;-;02;5;2;11;1;7800;1
2021;3;16;405;405005;-;02;5;2;11;4;600;1
2021;3;16;405;405005;-;02;5;2;11;5;1200;1
2021;4;2;505;505004;-;01;5;3;11;3;100000;1
2021;4;2;505;505004;-;01;5;3;11;4;3500;1
2021;4;2;505;505004;-;01;5;3;11;5;25000;1
2021;4;2;505;505006;-;02;2;6;11;1;4464916;1
2021;4;2;505;505006;-;02;2;6;11;4;10000;1
2021;4;2;505;505006;-;02;2;6;11;5;112000;1
2021;4;2;505;505006;-;02;5;4;11;1;525993;1
2021;4;2;505;505006;-;02;5;4;11;4;750;1
2021;4;2;505;505006;-;02;5;5;11;2;868500;1
2021;4;2;505;505006;-;02;5;5;11;4;2000;1
2021;4;2;505;505006;-;02;5;5;11;5;87000;1
2021;4;2;505;505006;-;02;11;3;11;2;350400;1
2021;4;2;505;505006;-;02;11;3;11;3;150000;1
2021;4;2;505;505006;-;02;11;3;11;4;1300;2
2021;4;2;505;505006;-;02;11;3;11;5;17300;2
2021;4;2;505;505006;-;02;11;4;11;3;91000;1
2021;4;2;505;505006;-;02;11;4;11;4;700;1
2021;4;2;505;505006;-;16;11;2;11;3;56000;1
2021;4;2;505;505006;-;16;11;2;11;4;750;1
2021;4;2;505;505006;-;16;11;2;11;5;2500;1
2021;4;2;506;506008;-;02;1;3;11;2;76123;1
2021;4;2;506;506008;-;02;1;3;11;4;5800;1
2021;4;2;506;506008;-;02;1;3;11;5;3600;1
2021;4;3;0;0;-;18;11;1;11;2;329734;1
2021;4;3;0;0;-;18;11;1;11;4;1000;1
2021;4;3;0;0;-;18;11;1;11;5;10000;1
2021;4;3;502;502001;-;02;8;3;11;2;15319;1
2021;4;3;502;502001;-;02;8;3;11;4;730;1
2021;4;3;502;502002;-;02;5;4;11;2;45591;1
2021;4;3;502;502002;-;02;5;4;11;5;11000;1
2021;4;4;501;501001;-;02;5;2;11;2;27283;1
2021;4;4;501;501001;-;02;5;2;11;4;600;1
2021;4;4;501;501001;-;02;5;2;11;5;4400;1
2021;4;4;504;504006;-;02;5;2;11;2;38100;1
2021;4;5;503;503006;-;03;11;4;11;3;110000;1
2021;4;5;503;503006;-;03;11;4;11;4;1000;1
2021;4;5;505;505003;-;02;5;5;11;2;1413000;1
2021;4;5;505;505003;-;02;5;5;11;4;3000;1
2021;4;5;505;505003;-;02;5;5;11;5;30000;1
2021;4;5;505;505003;-;02;11;3;11;3;80000;1
2021;4;5;505;505003;-;02;11;3;11;4;900;1
2021;4;5;505;505003;-;02;11;3;11;5;14600;1
2021;4;5;505;505005;-;02;5;3;11;2;99725;1
2021;4;5;505;505005;-;02;5;3;11;3;72000;1
2021;4;5;505;505005;-;02;5;3;11;4;4100;2
2021;4;5;505;505005;-;02;5;3;11;5;12560;2
2021;4;5;505;505005;-;02;5;4;11;2;250300;1
2021;4;5;505;505005;-;02;5;4;11;3;120750;1
2021;4;5;505;505005;-;02;5;4;11;4;3325;2
2021;4;5;505;505005;-;02;5;4;11;5;13475;2
2021;4;5;505;505005;-;02;5;6;11;1;680000;1
2021;4;5;505;505005;-;02;5;6;11;4;4000;1
2021;4;5;505;505005;-;02;5;6;11;5;30000;1
2021;4;5;505;505005;-;02;11;2;11;2;169865;1
2021;4;5;505;505005;-;02;11;2;11;4;2600;1
2021;4;5;505;505005;-;02;11;2;11;5;12500;1
2021;4;5;505;505005;-;02;11;4;11;2;451208;1
2021;4;5;505;505005;-;02;11;4;11;3;676772;1
2021;4;5;505;505005;-;02;11;4;11;4;1200;1
2021;4;5;505;505005;-;02;11;4;11;5;36800;1
2021;4;5;505;505005;-;02;11;5;11;1;1111863;1
2021;4;5;505;505005;-;02;11;5;11;2;343700;1
2021;4;5;505;505005;-;02;11;5;11;3;418200;1
2021;4;5;505;505005;-;02;11;5;11;4;6020;3
2021;4;5;505;505005;-;02;11;5;11;5;48640;3
2021;4;5;506;506005;-;01;5;2;11;3;52000;1
2021;4;5;506;506005;-;01;5;2;11;4;1500;1
2021;4;5;506;506005;-;01;5;2;11;5;500;1
2021;4;5;506;506005;-;01;11;2;11;3;65500;1
2021;4;5;506;506005;-;01;11;2;11;4;1800;1
2021;4;5;506;506005;-;01;11;2;11;5;1700;1
2021;4;5;506;506005;-;01;11;3;11;1;137983;1
2021;4;5;506;506005;-;01;11;3;11;2;179311;1
2021;4;5;506;506005;-;01;11;3;11;4;1420;1
2021;4;5;506;506005;-;01;11;3;11;5;12500;1
2021;4;5;506;506005;-;02;5;2;11;3;52000;1
2021;4;5;506;506005;-;02;5;2;11;4;350;1
2021;4;5;506;506005;-;02;5;2;11;5;2400;1
2021;4;5;506;506005;-;02;5;3;11;2;434950;1
2021;4;5;506;506005;-;02;5;3;11;4;1100;1
2021;4;5;506;506005;-;02;5;3;11;5;11000;1
2021;4;5;506;506005;-;02;5;4;11;2;501227;2
2021;4;5;506;506005;-;02;5;4;11;3;1073000;2
2021;4;5;506;506005;-;02;5;4;11;4;10920;3
2021;4;5;506;506005;-;02;5;4;11;5;86840;3
2021;4;5;506;506005;-;02;11;2;11;2;179000;1
2021;4;5;506;506005;-;02;11;2;11;4;400;1
2021;4;5;506;506005;-;02;11;2;11;5;8400;1
2021;4;5;506;506005;-;02;11;3;11;2;9422;1
2021;4;5;506;506005;-;02;11;3;11;3;408195;2
2021;4;5;506;506005;-;02;11;3;11;4;5305;3
2021;4;5;506;506005;-;02;11;3;11;5;24650;3
2021;4;5;506;506005;-;02;11;4;11;2;718000;2
2021;4;5;506;506005;-;02;11;4;11;3;292000;1
2021;4;5;506;506005;-;02;11;4;11;4;4000;3
2021;4;5;506;506005;-;02;11;4;11;5;49300;3
2021;4;5;506;506005;-;02;11;5;11;2;964206;1
2021;4;5;506;506005;-;02;11;5;11;3;418100;1
2021;4;5;506;506005;-;02;11;5;11;4;4300;2
2021;4;5;506;506005;-;02;11;5;11;5;59200;2
2021;4;5;506;506005;-;02;12;6;11;2;1801025;1
2021;4;5;506;506005;-;02;12;6;11;4;1600;1
2021;4;5;506;506005;-;02;12;6;11;5;50000;1
2021;4;5;506;506006;-;01;8;2;11;2;127000;1
2021;4;5;506;506006;-;01;8;2;11;4;1500;1
2021;4;5;506;506006;-;01;8;2;11;5;5000;1
2021;4;5;506;506006;-;02;1;4;11;2;254557;1
2021;4;5;506;506006;-;02;1;4;11;3;301627;1
2021;4;5;506;506006;-;02;1;4;11;4;9000;1
2021;4;5;506;506006;-;02;5;2;11;2;101088;1
2021;4;5;506;506006;-;02;5;2;11;3;27000;1
2021;4;5;506;506006;-;02;5;2;11;4;1150;2
2021;4;5;506;506006;-;02;5;2;11;5;9380;2
2021;4;5;506;506006;-;02;5;3;11;3;182500;1
2021;4;5;506;506006;-;02;5;3;11;4;800;1
2021;4;5;506;506006;-;02;5;3;11;5;9250;1
2021;4;5;506;506006;-;02;5;4;11;2;863959;1
2021;4;5;506;506006;-;02;5;4;11;4;800;1
2021;4;5;506;506006;-;02;5;4;11;5;50000;1
2021;4;5;506;506006;-;02;5;5;11;2;580601;1
2021;4;5;506;506006;-;02;5;5;11;4;1480;1
2021;4;5;506;506006;-;02;5;5;11;5;8700;1
2021;4;5;506;506006;-;02;11;2;11;2;178233;2
2021;4;5;506;506006;-;02;11;2;11;4;2100;2
2021;4;5;506;506006;-;02;11;2;11;5;19300;2
2021;4;5;506;506006;-;02;11;3;11;3;208000;1
2021;4;5;506;506006;-;02;11;3;11;4;7000;1
2021;4;5;506;506006;-;02;11;3;11;5;35000;1
2021;4;5;506;506006;-;02;11;4;11;4;530;1
2021;4;5;506;506006;-;02;11;4;11;5;5300;1
2021;4;6;506;506003;-;01;5;4;11;2;185679;1
2021;4;6;506;506003;-;01;5;4;11;4;1800;1
2021;4;6;506;506003;-;01;5;4;11;5;66000;1
2021;4;6;506;506003;-;01;11;2;11;3;13680;1
2021;4;6;506;506003;-;02;5;2;11;3;59000;1
2021;4;6;506;506003;-;02;5;2;11;5;1000;1
2021;4;6;506;506003;-;02;5;3;11;1;485760;1
2021;4;6;506;506003;-;02;5;3;11;2;192000;1
2021;4;6;506;506003;-;02;5;3;11;3;32400;1
2021;4;6;506;506003;-;02;5;3;11;4;1000;1
2021;4;6;506;506003;-;02;5;3;11;5;44830;2
2021;4;6;506;506003;-;02;5;4;11;2;132100;1
2021;4;6;506;506003;-;02;5;4;11;4;1000;1
2021;4;6;506;506003;-;02;5;4;11;5;14000;1
2021;4;6;506;506003;-;02;5;5;11;2;2138944;2
2021;4;6;506;506003;-;02;5;5;11;4;6500;2
2021;4;6;506;506003;-;02;5;5;11;5;522223;2
2021;4;6;506;506003;-;02;9;2;11;3;34633;1
2021;4;6;506;506003;-;02;9;2;11;4;1343;1
2021;4;6;506;506003;-;02;9;2;11;5;2166;1
2021;4;6;506;506003;-;02;11;2;11;2;130000;1
2021;4;6;506;506003;-;02;11;2;11;4;500;1
2021;4;6;506;506003;-;02;11;2;11;5;1100;1
2021;4;6;506;506003;-;02;11;4;11;1;620400;1
2021;4;6;506;506003;-;02;11;4;11;2;212178;1
2021;4;6;506;506003;-;02;11;4;11;4;2300;2
2021;4;6;506;506003;-;02;11;4;11;5;32200;2
2021;4;6;506;506004;-;01;11;3;11;2;15000;1
2021;4;6;506;506004;-;01;11;3;11;4;2000;1
2021;4;6;506;506004;-;01;11;3;11;5;19000;1
2021;4;6;506;506004;-;01;11;4;11;2;17148;1
2021;4;6;506;506004;-;01;11;4;11;4;3000;1
2021;4;6;506;506004;-;01;11;4;11;5;20000;1
2021;4;6;506;506004;-;01;11;5;11;2;361000;1
2021;4;6;506;506004;-;01;11;5;11;4;1000;1
2021;4;6;506;506004;-;01;11;5;11;5;13200;1
2021;4;6;506;506004;-;01;11;6;11;2;4769329;1
2021;4;6;506;506004;-;01;12;2;4;3;7200;1
2021;4;6;506;506004;-;01;12;2;11;3;18000;1
2021;4;6;506;506004;-;02;5;2;11;2;13900;1
2021;4;6;506;506004;-;02;5;2;11;3;153950;2
2021;4;6;506;506004;-;02;5;2;11;4;2870;3
2021;4;6;506;506004;-;02;5;2;11;5;5700;3
2021;4;6;506;506004;-;02;5;3;11;2;641300;3
2021;4;6;506;506004;-;02;5;3;11;4;3750;3
2021;4;6;506;506004;-;02;5;3;11;5;54700;3
2021;4;6;506;506004;-;02;5;4;11;2;327469;2
2021;4;6;506;506004;-;02;5;4;11;4;1387;2
2021;4;6;506;506004;-;02;5;4;11;5;22715;2
2021;4;6;506;506004;-;02;8;4;11;2;114700;1
2021;4;6;506;506004;-;02;8;4;11;4;1500;1
2021;4;6;506;506004;-;02;8;4;11;5;5500;1
2021;4;6;506;506004;-;02;11;2;11;2;106500;1
2021;4;6;506;506004;-;02;11;2;11;4;900;1
2021;4;6;506;506004;-;02;11;2;11;5;2100;1
2021;4;6;506;506004;-;02;11;3;11;2;89045;1
2021;4;6;506;506004;-;02;11;3;11;3;182000;1
2021;4;6;506;506004;-;02;11;3;11;4;2320;2
2021;4;6;506;506004;-;02;11;3;11;5;18300;2
2021;4;6;506;506004;-;02;11;4;11;2;456100;1
2021;4;6;506;506004;-;02;11;4;11;3;270000;1
2021;4;6;506;506004;-;02;11;4;11;4;3200;2
2021;4;6;506;506004;-;02;11;4;11;5;32200;2
2021;4;6;506;506005;-;01;5;2;11;2;55000;1
2021;4;6;506;506005;-;01;5;2;11;4;500;1
2021;4;6;506;506005;-;01;5;5;11;2;985812;1
2021;4;6;506;506005;-;01;5;5;11;4;1200;1
2021;4;6;506;506005;-;01;5;5;11;5;60000;1
2021;4;6;506;506005;-;02;5;2;11;2;44384;1
2021;4;6;506;506005;-;02;5;2;11;3;113500;1
2021;4;6;506;506005;-;02;5;2;11;4;1350;2
2021;4;6;506;506005;-;02;5;2;11;5;8334;2
2021;4;6;506;506005;-;02;5;3;11;3;2300;1
2021;4;6;506;506005;-;02;5;3;11;4;20;1
2021;4;6;506;506005;-;02;5;3;11;5;100;1
2021;4;6;506;506005;-;02;11;2;11;1;9000;1
2021;4;6;506;506005;-;02;11;2;11;2;37362;1
2021;4;6;506;506005;-;02;11;2;11;3;295000;3
2021;4;6;506;506005;-;02;11;2;11;4;2600;2
2021;4;6;506;506005;-;02;11;2;11;5;41000;3
2021;4;6;506;506005;-;02;11;3;11;1;43000;1
2021;4;6;506;506005;-;02;11;3;11;2;193000;1
2021;4;6;506;506005;-;02;11;3;11;4;4500;2
2021;4;6;506;506005;-;02;11;3;11;5;41600;2
2021;4;6;506;506005;-;02;11;4;11;2;752618;2
2021;4;6;506;506005;-;02;11;4;11;4;2520;2
2021;4;6;506;506005;-;02;11;4;11;5;13720;2
2021;4;6;506;506005;-;02;11;5;11;2;327374;1
2021;4;6;506;506005;-;02;11;5;11;4;1460;1
2021;4;6;506;506005;-;02;11;5;11;5;21900;1
2021;4;6;506;506006;-;02;12;3;11;2;5929;1
2021;4;6;506;506006;-;02;12;3;11;3;320000;1
2021;4;6;506;506006;-;02;12;3;11;4;1500;1
2021;4;6;506;506006;-;02;12;3;11;5;19000;1
2021;4;6;506;506009;-;01;5;5;11;2;1015162;1
2021;4;6;506;506009;-;01;5;5;11;4;1640;1
2021;4;6;506;506009;-;01;5;5;11;5;36000;1
2021;4;6;506;506009;-;01;11;3;11;3;45500;1
2021;4;6;506;506009;-;01;11;3;11;4;6000;1
2021;4;6;506;506009;-;01;11;3;11;5;14000;1
2021;4;6;506;506009;-;02;5;3;11;2;868999;1
2021;4;6;506;506009;-;02;5;3;11;4;1500;1
2021;4;6;506;506009;-;02;5;3;11;5;38000;1
2021;4;6;506;506009;-;02;5;5;11;2;2106482;1
2021;4;6;506;506009;-;02;5;5;11;4;1456;1
2021;4;6;506;506009;-;02;5;5;11;5;44855;1
2021;4;6;506;506009;-;02;8;2;11;3;134000;1
2021;4;6;506;506009;-;02;8;2;11;4;1100;1
2021;4;6;506;506009;-;02;8;2;11;5;6500;1
2021;4;6;506;506009;-;02;12;5;11;2;4012410;1
2021;4;6;506;506009;-;02;12;5;11;4;3700;1
2021;4;7;502;502005;-;01;5;4;11;2;860463;1
2021;4;7;502;502005;-;01;5;4;11;4;3650;1
2021;4;7;502;502005;-;01;5;4;11;5;17400;1
2021;4;7;502;502005;-;02;1;7;11;2;1419598;1
2021;4;7;502;502005;-;02;1;7;11;4;9850;1
2021;4;7;502;502005;-;02;1;7;11;5;72600;1
2021;4;7;502;502005;-;02;3;5;11;2;2145861;1
2021;4;7;502;502005;-;02;3;5;11;4;2000;1
2021;4;7;502;502005;-;02;3;5;11;5;39720;1
2021;4;7;502;502005;-;02;5;3;11;1;382180;1
2021;4;7;502;502005;-;02;5;3;11;2;360000;1
2021;4;7;502;502005;-;02;5;3;11;4;5000;1
2021;4;7;502;502005;-;02;5;3;11;5;50000;1
2021;4;7;502;502005;-;02;5;4;11;2;1000674;1
2021;4;7;502;502005;-;02;5;4;11;4;1460;1
2021;4;7;502;502005;-;02;5;4;11;5;4380;1
2021;4;7;502;502005;-;02;5;5;11;2;4610297;2
2021;4;7;502;502005;-;02;5;5;11;4;4358;2
2021;4;7;502;502005;-;02;5;5;11;5;86700;2
2021;4;7;502;502005;-;02;5;6;11;2;2863857;2
2021;4;7;502;502005;-;02;5;6;11;4;2400;2
2021;4;7;502;502005;-;02;8;3;11;2;218626;1
2021;4;7;502;502005;-;02;8;3;11;4;700;1
2021;4;7;502;502005;-;02;8;3;11;5;12428;1
2021;4;7;502;502005;-;02;11;2;11;2;439437;2
2021;4;7;502;502005;-;02;11;2;11;4;800;2
2021;4;7;502;502005;-;02;11;2;11;5;10500;2
2021;4;7;502;502005;-;02;11;3;11;2;157595;1
2021;4;7;504;504001;-;01;5;2;11;1;316540;1
2021;4;7;504;504001;-;01;5;2;11;2;12600;1
2021;4;7;504;504001;-;01;5;2;11;4;7590;2
2021;4;7;504;504001;-;01;5;2;11;5;5550;2
2021;4;7;504;504001;-;02;3;5;11;2;1842881;1
2021;4;7;504;504001;-;02;3;5;11;4;2800;1
2021;4;7;504;504001;-;02;3;5;11;5;22300;1
2021;4;7;504;504001;-;02;5;3;11;1;636692;1
2021;4;7;504;504001;-;02;5;3;11;2;2566774;5
2021;4;7;504;504001;-;02;5;3;11;4;6820;5
2021;4;7;504;504001;-;02;5;3;11;5;57700;5
2021;4;7;504;504001;-;02;5;4;11;2;2564819;3
2021;4;7;504;504001;-;02;5;4;11;4;7250;2
2021;4;7;504;504001;-;02;5;4;11;5;36200;2
2021;4;7;504;504001;-;02;5;5;11;2;1913520;2
2021;4;7;504;504001;-;02;5;5;11;4;10650;2
2021;4;7;504;504001;-;02;5;5;11;5;43500;2
2021;4;7;504;504001;-;02;8;3;11;2;778000;1
2021;4;7;504;504001;-;02;8;3;11;4;365;1
2021;4;7;504;504001;-;02;8;3;11;5;18000;1
2021;4;7;504;504001;-;02;8;4;11;2;1246305;2
2021;4;7;504;504001;-;02;8;4;11;4;2525;2
2021;4;7;504;504001;-;02;8;4;11;5;41148;2
2021;4;7;504;504001;-;02;8;5;11;2;1237562;1
2021;4;7;504;504001;-;02;8;5;11;4;2500;1
2021;4;7;504;504001;-;02;8;5;11;5;17000;1
2021;4;7;504;504001;-;02;11;2;11;2;333881;3
2021;4;7;504;504001;-;02;11;2;11;4;2920;3
2021;4;7;504;504001;-;02;11;2;11;5;26000;3
2021;4;7;504;504001;-;02;11;3;11;2;723177;2
2021;4;7;504;504001;-;02;11;3;11;3;540000;1
2021;4;7;504;504001;-;02;11;3;11;4;3500;3
2021;4;7;504;504001;-;02;11;3;11;5;8250;3
2021;4;7;504;504001;-;02;11;4;11;2;1485824;3
2021;4;7;504;504001;-;02;11;4;11;4;4297;3
2021;4;7;504;504001;-;02;11;4;11;5;62000;2
2021;4;7;504;504001;-;02;11;5;11;2;1646287;1
2021;4;7;504;504001;-;02;12;3;11;2;527577;1
2021;4;7;504;504001;-;02;12;3;11;4;700;1
2021;4;7;504;504001;-;02;12;3;11;5;2000;1
2021;4;7;504;504002;-;02;11;4;11;2;463663;1
2021;4;7;504;504002;-;02;11;4;11;4;285;1
2021;4;7;504;504002;-;02;11;4;11;5;18596;1
2021;4;7;504;504003;-;02;5;4;11;2;393086;1
2021;4;7;504;504003;-;02;5;4;11;4;1800;1
2021;4;7;504;504003;-;02;5;4;11;5;28000;1
2021;4;7;504;504003;-;02;11;2;11;2;151550;1
2021;4;7;504;504003;-;02;11;2;11;4;700;1
2021;4;7;504;504003;-;02;11;2;11;5;3500;1
2021;4;7;504;504003;-;02;11;4;11;2;753408;1
2021;4;7;504;504003;-;02;11;4;11;4;1800;1
2021;4;7;504;504003;-;02;11;4;11;5;25000;1
2021;4;8;0;0;-;18;5;1;11;1;100;1
2021;4;8;0;0;-;18;5;1;11;2;84000;1
2021;4;8;0;0;-;18;5;1;11;3;1200;1
2021;4;8;0;0;-;18;5;1;11;4;10;1
2021;4;8;0;0;-;18;5;1;11;5;50;1
2021;4;9;502;502001;-;02;2;5;11;2;1638868;1
2021;4;9;502;502001;-;02;2;5;11;4;3650;1
2021;4;9;502;502001;-;02;2;5;11;5;81340;1
2021;4;9;502;502001;-;02;5;2;11;2;143968;3
2021;4;9;502;502001;-;02;5;2;11;4;4420;2
2021;4;9;502;502001;-;02;5;2;11;5;4000;1
2021;4;9;502;502001;-;02;11;2;11;2;82911;1
2021;4;9;502;502001;-;02;11;2;11;4;730;1
2021;4;9;502;502001;-;02;11;2;11;5;1825;1
2021;4;9;502;502001;-;02;11;4;11;2;1086956;1
2021;4;9;502;502001;-;02;11;4;11;4;3650;1
2021;4;9;502;502001;-;02;11;4;11;5;20436;1
2021;4;9;502;502002;-;02;11;2;11;2;386015;2
2021;4;9;502;502002;-;02;11;2;11;4;1290;2
2021;4;9;502;502002;-;02;11;2;11;5;11500;1
2021;4;9;502;502003;-;01;5;3;11;3;240000;1
2021;4;9;502;502003;-;01;5;3;11;4;700;1
2021;4;9;502;502003;-;01;8;3;11;3;109500;1
2021;4;9;502;502003;-;01;8;3;11;4;910;1
2021;4;9;502;502003;-;01;8;3;11;5;4500;1
2021;4;9;502;502003;-;01;11;2;11;2;263957;2
2021;4;9;502;502003;-;01;11;2;11;4;1000;1
2021;4;9;502;502003;-;01;11;2;11;5;1500;1
2021;4;9;502;502003;-;01;11;4;11;2;802696;1
2021;4;9;502;502003;-;01;11;4;11;5;1095;1
2021;4;9;502;502003;-;02;5;3;11;2;2768766;7
2021;4;9;502;502003;-;02;5;3;11;4;7215;7
2021;4;9;502;502003;-;02;5;3;11;5;93120;7
2021;4;9;502;502003;-;02;5;4;11;2;1487272;2
2021;4;9;502;502003;-;02;5;4;11;4;7840;2
2021;4;9;502;502003;-;02;5;4;11;5;17370;2
2021;4;9;502;502003;-;02;5;5;11;2;603643;1
2021;4;9;502;502003;-;02;5;5;11;4;1800;1
2021;4;9;502;502003;-;02;5;5;11;5;31340;1
2021;4;9;502;502003;-;02;8;3;11;3;141300;1
2021;4;9;502;502003;-;02;8;3;11;4;1700;1
2021;4;9;502;502003;-;02;8;3;11;5;1650;1
2021;4;9;502;502003;-;02;11;2;11;2;152954;1
2021;4;9;502;502003;-;02;11;2;11;4;1500;1
2021;4;9;502;502003;-;02;11;2;11;5;10000;1
2021;4;9;502;502003;-;02;11;3;11;2;539237;3
2021;4;9;502;502003;-;02;11;3;11;3;54750;1
2021;4;9;502;502003;-;02;11;3;11;4;6400;4
2021;4;9;502;502003;-;02;11;3;11;5;41980;4
2021;4;9;502;502003;-;02;11;4;11;2;1225019;3
2021;4;9;502;502003;-;02;11;4;11;3;563000;1
2021;4;9;502;502003;-;02;11;4;11;4;10300;3
2021;4;9;502;502003;-;02;11;4;11;5;67700;2
2021;4;9;502;502004;-;01;5;3;11;3;65700;1
2021;4;9;502;502004;-;01;5;3;11;4;1095;1
2021;4;9;502;502004;-;02;2;6;11;2;5887493;1
2021;4;9;502;502004;-;02;2;6;11;4;7184;1
2021;4;9;502;502004;-;02;2;6;11;5;93130;1
2021;4;9;502;502004;-;02;5;2;11;2;111282;1
2021;4;9;502;502004;-;02;9;3;11;2;120703;1
2021;4;9;502;502004;-;02;9;3;11;4;700;1
2021;4;9;502;502004;-;02;9;3;11;5;1000;1
2021;4;9;502;502004;-;02;9;5;11;1;2064625;1
2021;4;9;502;502004;-;02;9;5;11;4;5500;1
2021;4;9;502;502004;-;02;9;5;11;5;46350;1
2021;4;10;501;501004;-;01;11;3;11;2;11782;1
2021;4;10;501;501004;-;01;11;3;11;4;720;1
2021;4;10;501;501004;-;01;11;3;11;5;5040;1
2021;4;10;501;501004;-;02;5;2;11;2;24794;1
2021;4;10;501;501004;-;02;5;3;11;2;300748;1
2021;4;10;501;501004;-;02;5;3;11;4;700;1
2021;4;10;501;501004;-;02;5;3;11;5;15800;1
2021;4;10;501;501004;-;02;5;4;11;2;166240;1
2021;4;10;501;501004;-;02;5;4;11;4;700;1
2021;4;10;501;501004;-;02;8;5;11;2;730000;1
2021;4;10;501;501004;-;02;8;5;11;5;36000;1
2021;4;10;501;501004;-;02;11;2;11;2;248433;2
2021;4;10;501;501004;-;02;11;2;11;4;4700;2
2021;4;10;501;501004;-;02;11;3;11;2;594878;1
2021;4;10;501;501004;-;02;11;3;11;4;1344;1
2021;4;10;501;501004;-;02;11;3;11;5;37240;1
2021;4;10;501;501004;-;02;11;5;11;2;718230;1
2021;4;10;501;501004;-;02;11;5;11;4;7500;1
2021;4;10;501;501004;-;02;11;5;11;5;30000;1
2021;4;10;501;501005;-;01;5;5;11;2;432616;1
2021;4;10;501;501005;-;01;5;5;11;4;4000;1
2021;4;10;501;501005;-;01;5;5;11;5;22000;1
2021;4;10;501;501005;-;01;11;4;11;2;221745;1
2021;4;10;501;501005;-;01;11;4;11;4;2800;1
2021;4;10;501;501005;-;01;11;4;11;5;10000;1
2021;4;10;501;501005;-;02;5;2;11;2;123122;3
2021;4;10;501;501005;-;02;5;2;11;4;1600;3
2021;4;10;501;501005;-;02;5;2;11;5;4200;2
2021;4;10;501;501005;-;02;11;2;11;2;80220;1
2021;4;10;501;501005;-;02;11;2;11;4;400;1
2021;4;10;501;501005;-;02;11;2;11;5;4000;1
2021;4;10;501;501005;-;02;11;6;11;2;2413291;1
2021;4;10;501;501005;-;02;11;6;11;4;2920;1
2021;4;10;501;501005;-;02;11;6;11;5;75000;1
2021;4;10;501;501006;-;02;5;3;11;2;72300;1
2021;4;10;501;501006;-;02;5;3;11;3;338150;1
2021;4;10;501;501006;-;02;5;3;11;4;2070;2
2021;4;10;501;501006;-;02;5;3;11;5;4000;2
2021;4;10;501;501006;-;02;5;5;11;2;695000;1
2021;4;10;501;501006;-;02;5;5;11;4;1000;1
2021;4;10;501;501006;-;02;5;5;11;5;24500;1
2021;4;10;502;502002;-;02;5;6;11;1;425378;1
2021;4;10;502;502002;-;02;5;6;11;2;1452691;1
2021;4;10;502;502002;-;02;5;6;11;4;4300;1
2021;4;10;502;502002;-;02;5;6;11;5;50000;1
2021;4;10;502;502002;-;02;8;3;11;2;105817;1
2021;4;10;502;502002;-;02;8;3;11;4;1000;1
2021;4;10;502;502002;-;02;8;3;11;5;7000;1
2021;4;10;502;502002;-;02;11;4;11;2;85446;1
2021;4;10;502;502002;-;02;11;4;11;4;700;1
2021;4;10;502;502002;-;02;11;4;11;5;6000;1
2021;4;11;501;501002;-;01;5;2;11;2;108112;1
2021;4;11;501;501002;-;01;5;2;11;3;29200;1
2021;4;11;501;501002;-;01;5;2;11;4;700;1
2021;4;11;501;501002;-;01;5;2;11;5;4500;1
2021;4;11;501;501002;-;02;5;2;11;2;606388;2
2021;4;11;501;501002;-;02;5;2;11;3;77821;1
2021;4;11;501;501002;-;02;5;2;11;4;2122;3
2021;4;11;501;501002;-;02;5;2;11;5;39720;3
2021;4;11;501;501002;-;02;5;3;11;2;782050;1
2021;4;11;501;501002;-;02;5;3;11;4;450;1
2021;4;11;501;501002;-;02;5;3;11;5;5000;1
2021;4;11;501;501002;-;02;5;4;11;1;499422;1
2021;4;11;501;501002;-;02;5;4;11;4;1800;1
2021;4;11;501;501002;-;02;5;4;11;5;22100;1
2021;4;11;501;501002;-;02;8;6;11;2;509332;1
2021;4;11;501;501002;-;02;8;6;11;3;2516350;1
2021;4;11;501;501002;-;02;8;6;11;4;2510;1
2021;4;11;501;501002;-;02;8;6;11;5;28300;1
2021;4;11;501;501002;-;02;11;3;11;1;48024;1
2021;4;11;501;501002;-;02;11;3;11;4;500;1
2021;4;11;501;501002;-;02;11;3;11;5;2000;1
2021;4;11;501;501002;-;02;11;4;11;2;498818;1
2021;4;11;501;501002;-;02;11;4;11;4;800;1
2021;4;11;501;501002;-;02;11;4;11;5;22000;1
2021;4;11;501;501002;-;02;11;5;11;2;941244;1
2021;4;11;501;501002;-;02;11;5;11;4;1000;1
2021;4;11;501;501002;-;02;11;5;11;5;51000;1
2021;4;11;501;501002;-;02;12;5;11;2;699179;1
2021;4;11;501;501002;-;02;12;5;11;4;1500;1
2021;4;11;501;501002;-;02;12;5;11;5;65000;1
2021;4;11;501;501002;-;03;12;5;11;2;592721;1
2021;4;11;501;501002;-;03;12;5;11;4;600;1
2021;4;11;501;501002;-;03;12;5;11;5;22000;1
2021;4;12;502;502003;-;02;5;2;11;3;60000;1
2021;4;12;502;502003;-;02;5;2;11;4;800;1
2021;4;12;502;502003;-;02;5;2;11;5;2000;1
2021;4;12;502;502004;-;01;11;4;11;2;32723;1
2021;4;12;502;502004;-;01;11;4;11;4;1000;1
2021;4;12;502;502004;-;01;11;4;11;5;5000;1
2021;4;12;502;502004;-;02;2;7;11;2;4140161;1
2021;4;12;502;502004;-;02;2;7;11;4;2040;1
2021;4;12;502;502004;-;02;2;7;11;5;90000;1
2021;4;12;502;502004;-;02;5;2;4;4;760;1
2021;4;12;502;502004;-;02;5;2;4;5;1500;1
2021;4;12;502;502004;-;02;5;2;4;10;233343;1
2021;4;12;502;502004;-;02;5;2;11;2;1190030;4
2021;4;12;502;502004;-;02;5;2;11;4;2260;3
2021;4;12;502;502004;-;02;5;2;11;5;11700;3
2021;4;12;502;502004;-;02;5;3;11;2;1202252;3
2021;4;12;502;502004;-;02;5;3;11;4;7890;3
2021;4;12;502;502004;-;02;5;3;11;5;36750;3
2021;4;12;502;502004;-;02;5;4;11;1;753205;1
2021;4;12;502;502004;-;02;5;4;11;2;1368416;4
2021;4;12;502;502004;-;02;5;4;11;4;5260;5
2021;4;12;502;502004;-;02;5;4;11;5;143440;5
2021;4;12;502;502004;-;02;5;5;11;2;2856421;3
2021;4;12;502;502004;-;02;5;5;11;4;5050;3
2021;4;12;502;502004;-;02;5;5;11;5;116000;3
2021;4;12;502;502004;-;02;8;4;11;2;1373946;1
2021;4;12;502;502004;-;02;8;4;11;4;600;1
2021;4;12;502;502004;-;02;8;4;11;5;60000;1
2021;4;12;502;502004;-;02;11;3;11;2;2291615;6
2021;4;12;502;502004;-;02;11;3;11;3;182500;1
2021;4;12;502;502004;-;02;11;3;11;4;23264;6
2021;4;12;502;502004;-;02;11;3;11;5;112000;6
2021;4;12;502;502004;-;02;11;4;11;2;1512766;3
2021;4;12;502;502004;-;02;11;4;11;4;3100;3
2021;4;12;502;502004;-;02;11;4;11;5;67650;3
2021;4;12;502;502004;-;02;11;5;11;2;160989;1
2021;4;12;502;502004;-;02;11;5;11;4;400;1
2021;4;12;502;502004;-;02;11;5;11;5;7300;1
2021;4;12;502;502006;-;02;2;6;11;2;1650782;1
2021;4;12;502;502006;-;02;2;6;11;4;3400;1
2021;4;12;502;502006;-;02;2;6;11;5;69320;1
2021;4;12;502;502006;-;02;5;2;11;3;21000;1
2021;4;12;502;502006;-;02;5;2;11;4;350;1
2021;4;12;502;502006;-;02;5;2;11;5;3500;1
2021;4;12;502;502006;-;02;5;4;11;2;758023;1
2021;4;12;502;502006;-;02;5;4;11;4;1600;1
2021;4;12;502;502006;-;02;5;4;11;5;40000;1
2021;4;12;502;502006;-;02;11;4;11;2;1142320;2
2021;4;12;502;502006;-;02;11;4;11;4;2750;2
2021;4;12;502;502006;-;02;11;4;11;5;49500;2
2021;4;12;502;502006;-;02;11;5;11;2;124001;1
2021;4;12;502;502006;-;02;11;5;11;4;750;1
2021;4;12;502;502006;-;02;11;5;11;5;11760;1
2021;4;12;503;503001;-;02;5;3;11;2;1030994;3
2021;4;12;503;503001;-;02;5;3;11;4;2300;3
2021;4;12;503;503001;-;02;5;3;11;5;25800;3
2021;4;12;503;503001;-;02;11;2;11;2;613291;1
2021;4;12;503;503001;-;02;11;2;11;4;700;1
2021;4;12;503;503001;-;02;11;2;11;5;16000;1
2021;4;12;503;503001;-;02;11;4;11;2;172221;1
2021;4;12;503;503001;-;02;11;4;11;3;56000;1
2021;4;12;503;503001;-;02;11;4;11;4;1800;1
2021;4;12;503;503001;-;02;11;4;11;5;10000;1
2021;4;12;503;503001;-;03;12;6;11;2;1407997;1
2021;4;12;503;503001;-;03;12;6;11;4;3520;1
2021;4;12;503;503001;-;03;12;6;11;5;13210;1
2021;4;12;503;503002;-;01;5;3;11;2;244464;2
2021;4;12;503;503002;-;01;5;3;11;4;1200;1
2021;4;12;503;503002;-;01;5;3;11;5;6000;1
2021;4;12;503;503002;-;02;5;2;11;2;10000;1
2021;4;12;503;503002;-;02;5;2;11;3;100000;1
2021;4;12;503;503002;-;02;5;2;11;4;2400;2
2021;4;12;503;503002;-;02;5;2;11;5;1000;1
2021;4;12;503;503002;-;02;5;3;11;2;127191;1
2021;4;12;503;503002;-;02;5;3;11;4;240;1
2021;4;12;503;503002;-;02;5;3;11;5;1800;1
2021;4;12;503;503002;-;02;5;4;11;2;1430432;2
2021;4;12;503;503002;-;02;5;4;11;4;7400;2
2021;4;12;503;503002;-;02;5;4;11;5;42050;2
2021;4;12;503;503002;-;02;5;5;11;2;759816;1
2021;4;12;503;503002;-;02;5;5;11;4;770;1
2021;4;12;503;503002;-;02;5;5;11;5;30250;1
2021;4;12;503;503002;-;02;8;2;11;2;3000;1
2021;4;12;503;503002;-;02;9;3;11;2;260695;1
2021;4;12;503;503002;-;02;9;3;11;4;1440;1
2021;4;12;503;503002;-;02;9;3;11;5;14210;1
2021;4;12;503;503002;-;02;11;3;11;2;277548;1
2021;4;12;503;503002;-;02;11;3;11;4;1500;1
2021;4;12;503;503002;-;02;11;3;11;5;42000;1
2021;4;12;503;503002;-;02;11;4;11;2;1081053;3
2021;4;12;503;503002;-;02;11;4;11;4;2400;3
2021;4;12;503;503002;-;02;11;4;11;5;109000;3
2021;4;12;503;503002;-;02;12;5;11;2;919097;1
2021;4;12;503;503002;-;02;12;5;11;4;1500;1
2021;4;12;503;503002;-;02;12;5;11;5;10200;1
2021;4;12;503;503002;-;02;12;6;11;2;4070001;2
2021;4;12;503;503002;-;02;12;6;11;4;7200;1
2021;4;12;503;503002;-;02;12;6;11;5;92250;1
2021;4;12;503;503002;-;02;14;6;11;2;1102973;1
2021;4;12;503;503002;-;02;14;6;11;4;850;1
2021;4;12;503;503002;-;02;14;6;11;5;1800;1
2021;4;13;0;0;-;18;5;1;11;3;79300;1
2021;4;13;0;0;-;18;5;1;11;4;200;1
2021;4;13;0;0;-;18;5;1;11;5;500;1
2021;4;13;502;502006;-;02;5;3;11;2;1214857;3
2021;4;13;502;502006;-;02;5;3;11;4;1800;3
2021;4;13;502;502006;-;02;5;3;11;5;54000;2
2021;4;13;502;502006;-;02;5;4;11;2;360000;1
2021;4;13;502;502006;-;02;5;4;11;4;2190;1
2021;4;13;502;502006;-;02;5;4;11;5;19000;1
2021;4;13;502;502006;-;02;5;5;11;2;2114987;3
2021;4;13;502;502006;-;02;5;5;11;4;5945;3
2021;4;13;502;502006;-;02;5;5;11;5;53320;3
2021;4;13;502;502006;-;02;11;2;11;2;64000;1
2021;4;13;502;502006;-;02;11;4;11;2;162899;1
2021;4;13;502;502006;-;02;11;4;11;4;1460;1
2021;4;13;502;502006;-;02;11;4;11;5;9876;1
2021;4;13;502;502006;-;02;11;5;11;2;2629241;2
2021;4;13;502;502006;-;02;11;5;11;5;30000;1
2021;4;13;502;502006;-;02;11;6;11;2;3808245;1
2021;4;13;503;503002;-;02;5;6;11;2;1055426;1
2021;4;13;503;503003;-;01;11;2;11;3;160000;1
2021;4;13;503;503003;-;01;11;2;11;4;1000;1
2021;4;13;503;503003;-;01;11;2;11;5;29200;1
2021;4;13;503;503003;-;02;5;2;11;2;456308;1
2021;4;13;503;503003;-;02;5;2;11;4;1095;1
2021;4;13;503;503003;-;02;5;2;11;5;12000;1
2021;4;13;503;503003;-;02;5;3;11;1;302699;1
2021;4;13;503;503003;-;02;5;3;11;2;2364279;6
2021;4;13;503;503003;-;02;5;3;11;3;100375;1
2021;4;13;503;503003;-;02;5;3;11;4;17170;8
2021;4;13;503;503003;-;02;5;3;11;5;73630;7
2021;4;13;503;503003;-;02;5;4;11;1;63875;1
2021;4;13;503;503003;-;02;5;4;11;2;3736519;6
2021;4;13;503;503003;-;02;5;4;11;3;730000;1
2021;4;13;503;503003;-;02;5;4;11;4;7678;7
2021;4;13;503;503003;-;02;5;4;11;5;81680;6
2021;4;13;503;503003;-;02;5;6;11;2;1066285;1
2021;4;13;503;503003;-;02;5;6;11;4;1200;1
2021;4;13;503;503003;-;02;5;6;11;5;30770;1
2021;4;13;503;503003;-;02;8;4;11;2;1467401;1
2021;4;13;503;503003;-;02;8;4;11;4;1200;1
2021;4;13;503;503003;-;02;8;4;11;5;55000;1
2021;4;13;503;503003;-;02;8;5;11;2;4493045;2
2021;4;13;503;503003;-;02;8;5;11;4;5690;2
2021;4;13;503;503003;-;02;8;5;11;5;186265;2
2021;4;13;503;503003;-;02;8;7;11;2;3274891;1
2021;4;13;503;503003;-;02;8;7;11;4;3650;1
2021;4;13;503;503003;-;02;8;7;11;5;65000;1
2021;4;13;503;503003;-;02;11;2;11;2;50370;1
2021;4;13;503;503003;-;02;11;2;11;3;273750;1
2021;4;13;503;503003;-;02;11;2;11;4;1065;2
2021;4;13;503;503003;-;02;11;2;11;5;9125;1
2021;4;13;503;503003;-;02;11;3;11;2;705327;1
2021;4;13;503;503003;-;02;11;3;11;4;1150;1
2021;4;13;503;503003;-;02;11;3;11;5;15000;1
2021;4;13;503;503003;-;02;11;4;11;2;400695;1
2021;4;13;503;503003;-;02;11;4;11;4;2000;1
2021;4;13;503;503003;-;02;11;4;11;5;7000;1
2021;4;13;503;503003;-;02;11;6;11;2;419913;1
2021;4;13;503;503003;-;02;11;6;11;4;300;1
2021;4;13;503;503003;-;02;11;6;11;5;8500;1
2021;4;13;503;503003;-;02;11;7;11;2;2836759;1
2021;4;13;503;503003;-;02;11;7;11;4;7300;1
2021;4;13;503;503003;-;02;11;7;11;5;91250;1
2021;4;13;503;503003;-;02;12;5;11;2;1999746;1
2021;4;13;503;503003;-;02;12;5;11;4;3660;1
2021;4;13;503;503003;-;02;12;5;11;5;49250;1
2021;4;13;503;503003;-;03;5;3;11;2;100000;1
2021;4;13;503;503004;-;02;8;4;11;2;700000;1
2021;4;13;503;503004;-;02;8;4;11;5;5000;1
2021;4;13;503;503007;-;01;11;4;11;3;25116;1
2021;4;13;503;503007;-;01;11;4;11;4;1100;1
2021;4;13;503;503007;-;02;5;2;11;2;258631;2
2021;4;13;503;503007;-;02;5;2;11;3;85000;1
2021;4;13;503;503007;-;02;5;2;11;4;1795;3
2021;4;13;503;503007;-;02;5;2;11;5;16300;2
2021;4;13;503;503007;-;02;5;3;11;3;316800;2
2021;4;13;503;503007;-;02;5;3;11;4;1700;2
2021;4;13;503;503007;-;02;5;3;11;5;6000;1
2021;4;13;503;503007;-;02;5;4;11;2;670000;2
2021;4;13;503;503007;-;02;5;4;11;3;210200;1
2021;4;13;503;503007;-;02;5;4;11;4;6003;3
2021;4;13;503;503007;-;02;5;4;11;5;11210;1
2021;4;13;503;503007;-;02;5;5;11;2;321360;1
2021;4;13;503;503007;-;02;5;5;11;4;1920;1
2021;4;13;503;503007;-;02;5;5;11;5;23300;1
2021;4;13;503;503007;-;02;9;7;11;2;3721512;1
2021;4;13;503;503007;-;02;9;7;11;4;5475;1
2021;4;13;503;503007;-;02;9;7;11;5;183710;1
2021;4;13;503;503007;-;02;11;3;11;2;144820;1
2021;4;13;503;503007;-;02;11;3;11;4;600;1
2021;4;13;503;503007;-;02;11;3;11;5;3500;1
2021;4;13;503;503007;-;02;11;4;11;3;180000;1
2021;4;13;503;503007;-;02;11;4;11;4;4000;1
2021;4;13;503;503007;-;02;11;4;11;5;10000;1
2021;4;13;503;503007;-;02;11;5;11;2;1623004;2
2021;4;13;503;503007;-;02;11;5;11;4;5110;2
2021;4;13;503;503007;-;02;11;5;11;5;125900;2
2021;4;14;502;502006;-;01;5;2;11;2;72000;1
2021;4;14;502;502006;-;02;5;3;11;3;36500;1
2021;4;14;502;502006;-;02;5;3;11;4;1095;1
2021;4;14;502;502006;-;02;5;3;11;5;7680;1
2021;4;14;502;502006;-;02;11;5;11;2;563369;1
2021;4;14;502;502006;-;02;11;5;11;4;3650;1
2021;4;14;502;502006;-;02;11;5;11;5;19710;1
2021;4;14;503;503003;-;02;5;5;11;2;1219318;1
2021;4;14;503;503003;-;02;5;5;11;4;1825;1
2021;4;14;503;503003;-;02;5;5;11;5;23500;1
2021;4;14;503;503004;-;01;8;4;11;2;1159324;1
2021;4;14;503;503004;-;01;11;2;11;3;146000;1
2021;4;14;503;503004;-;01;11;2;11;4;730;1
2021;4;14;503;503004;-;01;11;2;11;5;3650;1
2021;4;14;503;503004;-;02;5;2;11;2;45021;1
2021;4;14;503;503004;-;02;5;2;11;5;7200;1
2021;4;14;503;503004;-;02;5;3;11;2;710500;1
2021;4;14;503;503004;-;02;5;3;11;4;1500;1
2021;4;14;503;503004;-;02;5;3;11;5;2400;1
2021;4;14;503;503004;-;02;5;4;11;2;3952134;6
2021;4;14;503;503004;-;02;5;4;11;4;8625;5
2021;4;14;503;503004;-;02;5;4;11;5;53625;5
2021;4;14;503;503004;-;02;5;5;11;2;5969036;4
2021;4;14;503;503004;-;02;5;5;11;4;5058;3
2021;4;14;503;503004;-;02;5;5;11;5;82375;3
2021;4;14;503;503004;-;02;8;5;11;2;2123132;1
2021;4;14;503;503004;-;02;8;5;11;4;3700;1
2021;4;14;503;503004;-;02;8;5;11;5;44400;1
2021;4;14;503;503004;-;02;8;6;11;2;2863636;1
2021;4;14;503;503004;-;02;8;6;11;4;2500;1
2021;4;14;503;503004;-;02;8;6;11;5;74000;1
2021;4;14;503;503004;-;02;11;3;11;2;410521;1
2021;4;14;503;503004;-;02;11;3;11;4;700;1
2021;4;14;503;503004;-;02;11;3;11;5;19000;1
2021;4;14;504;504002;-;02;5;2;11;2;238850;2
2021;4;14;504;504002;-;02;5;2;11;4;400;1
2021;4;14;504;504002;-;02;5;2;11;5;21600;1
2021;4;14;504;504002;-;02;5;3;11;2;1216162;5
2021;4;14;504;504002;-;02;5;3;11;4;5660;4
2021;4;14;504;504002;-;02;5;3;11;5;43500;4
2021;4;14;504;504002;-;02;5;4;11;2;3868800;8
2021;4;14;504;504002;-;02;5;4;11;3;98000;1
2021;4;14;504;504002;-;02;5;4;11;4;8237;7
2021;4;14;504;504002;-;02;5;4;11;5;159700;8
2021;4;14;504;504002;-;02;5;5;11;1;1499740;1
2021;4;14;504;504002;-;02;5;5;11;2;1242357;2
2021;4;14;504;504002;-;02;5;5;11;4;3900;2
2021;4;14;504;504002;-;02;5;5;11;5;75100;3
2021;4;14;504;504002;-;02;5;6;11;2;1398250;1
2021;4;14;504;504002;-;02;5;6;11;4;1825;1
2021;4;14;504;504002;-;02;5;6;11;5;51100;1
2021;4;14;504;504002;-;02;8;4;11;2;910000;1
2021;4;14;504;504002;-;02;8;4;11;4;1500;1
2021;4;14;504;504002;-;02;8;4;11;5;12500;1
2021;4;14;504;504002;-;02;8;5;11;2;6377836;4
2021;4;14;504;504002;-;02;8;5;11;4;7350;3
2021;4;14;504;504002;-;02;8;5;11;5;160000;3
2021;4;14;504;504002;-;02;8;6;11;2;1784447;1
2021;4;14;504;504002;-;02;8;6;11;4;2000;1
2021;4;14;504;504002;-;02;8;6;11;5;23000;1
2021;4;14;504;504002;-;02;9;4;11;2;635000;1
2021;4;14;504;504002;-;02;9;4;11;4;1100;1
2021;4;14;504;504002;-;02;9;4;11;5;12000;1
2021;4;14;504;504002;-;02;9;5;11;2;770000;1
2021;4;14;504;504002;-;02;11;2;11;2;292000;1
2021;4;14;504;504002;-;02;11;2;11;3;195500;1
2021;4;14;504;504002;-;02;11;2;11;4;1220;2
2021;4;14;504;504002;-;02;11;2;11;5;8000;2
2021;4;14;504;504002;-;02;11;5;11;2;831764;1
2021;4;14;504;504002;-;02;11;5;11;4;1500;1
2021;4;14;504;504002;-;02;11;5;11;5;32100;1
2021;4;14;504;504002;-;02;11;6;11;2;6679415;3
2021;4;14;504;504002;-;02;11;6;11;4;3825;2
2021;4;14;504;504002;-;02;11;6;11;5;62300;2
2021;4;14;504;504002;-;02;11;7;11;2;6147165;1
2021;4;14;504;504002;-;02;12;2;11;2;157350;1
2021;4;14;504;504002;-;02;12;2;11;4;730;1
2021;4;14;504;504002;-;02;12;2;11;5;2555;1
2021;4;14;504;504002;-;02;12;5;11;2;1406474;1
2021;4;14;504;504002;-;02;12;5;11;4;1825;1
2021;4;14;504;504002;-;02;12;5;11;5;29712;1
2021;4;14;504;504002;-;02;14;4;11;2;501155;1
2021;4;14;504;504002;-;02;14;4;11;4;100;1
2021;4;14;504;504002;-;02;14;4;11;5;26000;1
2021;4;14;504;504004;-;02;5;3;11;2;620000;1
2021;4;14;504;504004;-;02;5;3;11;4;4000;1
2021;4;14;504;504004;-;02;5;3;11;5;20000;1
2021;4;14;504;504004;-;02;5;4;11;2;519355;1
2021;4;14;504;504004;-;02;5;4;11;4;2190;1
2021;4;14;504;504004;-;02;5;4;11;5;32160;1
2021;4;14;504;504004;-;02;5;5;11;2;803691;1
2021;4;14;504;504004;-;02;5;5;11;4;960;1
2021;4;14;504;504004;-;02;5;5;11;5;41500;1
2021;4;14;504;504004;-;02;11;2;11;2;91250;1
2021;4;14;504;504004;-;02;11;2;11;4;1400;1
2021;4;14;504;504004;-;02;11;2;11;5;2500;1
2021;4;14;504;504005;-;02;5;3;11;2;1910277;4
2021;4;14;504;504005;-;02;5;3;11;4;2145;2
2021;4;14;504;504005;-;02;5;3;11;5;29375;3
2021;4;14;504;504005;-;02;5;4;11;2;651329;1
2021;4;14;504;504005;-;02;5;4;11;5;36000;1
2021;4;14;504;504005;-;02;5;5;11;1;1;1
2021;4;14;504;504005;-;02;5;5;11;2;5327223;5
2021;4;14;504;504005;-;02;5;5;11;4;3127;3
2021;4;14;504;504005;-;02;5;5;11;5;51520;3
2021;4;14;504;504005;-;02;8;4;11;2;800000;1
2021;4;14;504;504005;-;02;8;4;11;5;5000;1
2021;4;14;504;504005;-;02;8;5;11;2;867475;1
2021;4;14;504;504005;-;02;8;5;11;4;3000;1
2021;4;14;504;504005;-;02;8;5;11;5;40000;1
2021;4;14;504;504005;-;02;11;4;11;2;257799;1
2021;4;14;504;504005;-;02;11;4;11;4;1100;1
2021;4;14;504;504005;-;02;11;4;11;5;2100;1
2021;4;14;504;504005;-;02;11;5;11;2;120000;1
2021;4;14;504;504005;-;02;11;5;11;3;180000;1
2021;4;14;504;504005;-;02;11;5;11;4;1825;1
2021;4;14;504;504005;-;02;11;5;11;5;5000;1
2021;4;14;504;504005;-;02;12;5;11;2;2764560;1
2021;4;14;504;504005;-;02;12;5;11;4;3285;1
2021;4;14;504;504005;-;02;12;5;11;5;35770;1
2021;4;14;506;506001;-;01;5;5;11;3;145000;1
2021;4;14;506;506001;-;01;5;5;11;4;50000;1
2021;4;14;506;506001;-;01;5;5;11;5;70000;1
2021;4;14;506;506001;-;02;5;2;11;2;42051;1
2021;4;14;506;506001;-;02;5;2;11;3;36500;1
2021;4;14;506;506001;-;02;5;2;11;4;1820;2
2021;4;14;506;506001;-;02;5;2;11;5;1080;1
2021;4;14;506;506001;-;02;5;3;11;2;919816;2
2021;4;14;506;506001;-;02;5;3;11;4;1095;1
2021;4;14;506;506001;-;02;5;4;11;3;295000;1
2021;4;14;506;506001;-;02;5;4;11;4;1700;1
2021;4;14;506;506001;-;02;5;4;11;5;7200;1
2021;4;14;506;506001;-;02;5;5;11;2;2141387;2
2021;4;14;506;506001;-;02;5;5;11;4;12190;2
2021;4;14;506;506001;-;02;5;5;11;5;52500;2
2021;4;14;506;506001;-;02;5;6;11;2;3780000;1
2021;4;14;506;506001;-;02;5;6;11;4;1095;1
2021;4;14;506;506001;-;02;5;6;11;5;56880;1
2021;4;14;506;506001;-;02;11;4;11;2;2235194;3
2021;4;14;506;506001;-;02;11;4;11;4;5195;3
2021;4;14;506;506001;-;02;11;4;11;5;43600;3
2021;4;14;506;506001;-;16;11;4;11;2;899172;1
2021;4;15;504;504001;-;02;5;3;11;1;531470;1
2021;4;15;504;504001;-;02;5;3;11;5;11400;1
2021;4;15;504;504002;-;02;5;5;11;2;4092873;4
2021;4;15;504;504002;-;02;5;5;11;4;12865;4
2021;4;15;504;504002;-;02;5;5;11;5;430800;4
2021;4;15;504;504002;-;02;5;6;11;2;3065552;1
2021;4;15;504;504002;-;02;5;6;11;4;4380;1
2021;4;15;504;504002;-;02;5;6;11;5;73000;1
2021;4;15;504;504002;-;02;12;4;11;2;1086009;1
2021;4;15;504;504002;-;02;12;4;11;4;5475;1
2021;4;15;504;504002;-;02;12;4;11;5;117120;1
2021;4;15;504;504002;-;02;12;5;11;2;630003;1
2021;4;15;504;504002;-;02;12;5;11;4;1825;1
2021;4;15;504;504002;-;02;12;5;11;5;6205;1
2021;4;15;504;504003;-;02;1;7;11;2;1977878;1
2021;4;15;504;504003;-;02;1;7;11;4;3000;1
2021;4;15;504;504003;-;02;1;7;11;5;2000;1
2021;4;15;504;504003;-;02;5;3;11;2;553819;1
2021;4;15;504;504003;-;02;5;3;11;4;1095;1
2021;4;15;504;504003;-;02;5;3;11;5;18250;1
2021;4;15;504;504003;-;02;5;4;11;2;105000;1
2021;4;15;504;504003;-;02;5;6;11;2;3128378;2
2021;4;15;504;504003;-;02;5;6;11;4;5292;2
2021;4;15;504;504003;-;02;5;6;11;5;110960;2
2021;4;15;504;504003;-;02;11;3;11;1;63572;1
2021;4;15;504;504003;-;02;11;3;11;4;2190;1
2021;4;15;504;504004;-;02;5;3;11;2;437008;1
2021;4;15;504;504004;-;02;5;3;11;4;1095;1
2021;4;15;504;504004;-;02;5;3;11;5;1500;1
2021;4;15;504;504004;-;02;5;4;11;1;297000;1
2021;4;15;504;504004;-;02;5;4;11;2;2596610;5
2021;4;15;504;504004;-;02;5;4;11;4;20200;4
2021;4;15;504;504004;-;02;5;4;11;5;100950;4
2021;4;15;504;504004;-;02;5;5;11;2;3675823;7
2021;4;15;504;504004;-;02;5;5;11;4;12100;5
2021;4;15;504;504004;-;02;5;5;11;5;169700;6
2021;4;15;504;504004;-;02;8;4;11;2;1872494;2
2021;4;15;504;504004;-;02;8;4;11;4;120360;2
2021;4;15;504;504004;-;02;8;4;11;5;661250;2
2021;4;15;504;504004;-;02;11;3;11;2;542859;1
2021;4;15;504;504004;-;02;11;3;11;4;7000;1
2021;4;15;504;504004;-;02;11;3;11;5;95000;1
2021;4;15;504;504004;-;02;11;5;11;1;1158280;1
2021;4;15;504;504004;-;02;11;5;11;2;1357094;1
2021;4;15;504;504004;-;02;11;5;11;4;4490;2
2021;4;15;504;504004;-;02;11;5;11;5;62100;2
2021;4;15;504;504004;-;02;12;3;11;2;630402;1
2021;4;15;504;504004;-;02;12;3;11;4;1800;1
2021;4;15;504;504004;-;02;12;3;11;5;15000;1
2021;4;15;504;504005;-;02;5;3;11;2;433913;2
2021;4;15;504;504005;-;02;5;3;11;4;2135;2
2021;4;15;504;504005;-;02;5;3;11;5;4750;2
2021;4;15;504;504005;-;02;5;4;11;1;278353;1
2021;4;15;504;504005;-;02;5;4;11;2;1191000;4
2021;4;15;504;504005;-;02;5;4;11;4;4180;4
2021;4;15;504;504005;-;02;5;4;11;5;34750;3
2021;4;15;504;504005;-;02;5;5;11;2;681393;2
2021;4;15;504;504005;-;02;5;5;11;4;2920;2
2021;4;15;504;504005;-;02;5;5;11;5;49750;2
2021;4;15;504;504005;-;02;5;6;11;2;3625224;1
2021;4;15;504;504005;-;02;5;6;11;4;730;1
2021;4;15;504;504005;-;02;5;6;11;5;239385;1
2021;4;15;504;504005;-;02;11;3;11;2;120992;1
2021;4;15;504;504005;-;02;11;3;11;4;1600;1
2021;4;15;504;504005;-;02;11;3;11;5;6800;1
2021;4;15;504;504005;-;02;11;4;11;2;3058865;3
2021;4;15;504;504005;-;02;11;4;11;4;6720;2
2021;4;15;504;504005;-;02;11;4;11;5;47500;3
2021;4;15;504;504005;-;02;11;5;11;2;1196379;1
2021;4;15;504;504005;-;03;5;4;11;2;60419;1
2021;4;15;504;504005;-;03;5;4;11;4;700;1
2021;4;15;504;504005;-;03;5;4;11;5;12300;1
2021;4;15;504;504007;-;01;5;4;11;2;449365;1
2021;4;15;504;504007;-;01;5;4;11;5;4000;1
2021;4;15;504;504007;-;02;5;2;11;2;241671;2
2021;4;15;504;504007;-;02;5;2;11;5;3000;1
2021;4;15;504;504007;-;02;5;5;11;4;2190;1
2021;4;15;504;504007;-;02;5;5;11;5;365000;1
2021;4;15;504;504007;-;02;5;6;11;2;5626735;2
2021;4;15;504;504007;-;02;5;6;11;4;4420;2
2021;4;15;504;504007;-;02;5;6;11;5;70585;2
2021;4;15;504;504007;-;02;11;2;11;2;272143;1
2021;4;15;504;504007;-;02;11;2;11;4;720;1
2021;4;15;504;504007;-;02;11;2;11;5;1900;1
2021;4;15;504;504007;-;02;11;4;11;2;343597;2
2021;4;15;504;504007;-;02;11;4;11;4;2200;1
2021;4;15;504;504007;-;02;11;4;11;5;19000;2
2021;4;15;504;504007;-;02;11;6;11;2;2097135;1
2021;4;15;504;504007;-;02;11;6;11;4;2300;1
2021;4;15;504;504007;-;02;11;6;11;5;140000;1
2021;4;15;504;504007;-;02;12;4;11;2;529027;1
2021;4;15;504;504007;-;02;12;4;11;4;1200;1
2021;4;15;504;504007;-;02;12;4;11;5;23000;1
2021;4;15;504;504007;-;40;11;2;4;4;300;1
2021;4;15;504;504007;-;40;11;2;4;5;600;1
2021;4;16;501;501002;-;02;13;2;11;3;28000;1
2021;4;16;504;504006;-;01;5;2;11;3;136000;1
2021;4;16;504;504006;-;01;5;2;11;4;1589;1
2021;4;16;504;504006;-;02;5;2;11;2;145000;1
2021;4;16;504;504006;-;02;5;3;11;2;196450;1
2021;4;16;504;504006;-;02;5;3;11;4;2000;1
2021;4;16;504;504006;-;02;5;3;11;5;7000;1
2021;4;16;504;504006;-;02;5;4;11;2;1261941;4
2021;4;16;504;504006;-;02;5;4;11;3;352000;2
2021;4;16;504;504006;-;02;5;4;11;4;4760;6
2021;4;16;504;504006;-;02;5;4;11;5;64300;6
2021;4;16;504;504006;-;02;8;5;11;2;2797560;1
2021;4;16;504;504006;-;02;8;5;11;4;9000;1
2021;4;16;504;504006;-;02;8;5;11;5;152455;1
2021;4;16;504;504006;-;02;11;2;11;2;96000;1
2021;4;16;504;504006;-;02;11;2;11;5;8000;1
2021;4;16;504;504006;-;02;11;4;11;2;687084;3
2021;4;16;504;504006;-;02;11;4;11;3;364871;1
2021;4;16;504;504006;-;02;11;4;11;4;5605;4
2021;4;16;504;504006;-;02;11;4;11;5;74080;4
2021;4;16;504;504006;-;02;11;5;11;2;756277;1
2021;4;16;504;504006;-;02;11;5;11;4;761;1
2021;4;16;504;504006;-;02;11;5;11;5;6374;1
2021;4;16;504;504006;-;02;12;3;11;3;185456;1
2021;4;16;504;504006;-;02;12;3;11;4;3650;1
2021;4;16;504;504006;-;02;12;3;11;5;5550;1
2021;4;16;506;506001;-;01;5;4;11;3;36240;1
2021;4;16;506;506001;-;01;5;4;11;4;600;1
2021;4;16;506;506001;-;02;5;4;11;2;260000;1
2021;4;16;506;506001;-;02;5;4;11;4;1000;1
2021;4;16;506;506001;-;02;5;4;11;5;12000;1
2021;4;16;506;506001;-;02;11;4;11;3;365000;1
2021;4;16;506;506001;-;02;11;4;11;4;5000;1
2021;4;16;506;506001;-;02;11;4;11;5;4000;1
2021;4;16;506;506001;-;02;11;5;11;2;474635;1
2021;4;16;506;506001;-;02;11;5;11;4;7000;1
2021;4;16;506;506001;-;02;11;5;11;5;70000;1
2021;4;16;506;506002;-;02;2;5;11;2;2120517;1
2021;4;16;506;506002;-;02;2;5;11;4;1500;1
2021;4;16;506;506002;-;02;2;5;11;5;74000;1
2021;4;16;506;506002;-;02;2;6;11;1;652572;1
2021;4;16;506;506002;-;02;2;6;11;4;3000;1
2021;4;16;506;506002;-;02;2;6;11;5;20000;1
2021;4;16;506;506002;-;02;5;2;11;2;60000;1
2021;4;16;506;506002;-;02;5;2;11;3;43630;1
2021;4;16;506;506002;-;02;5;2;11;4;1853;2
2021;4;16;506;506002;-;02;5;2;11;5;2000;1
2021;4;16;506;506002;-;02;5;3;11;1;43533;1
2021;4;16;506;506002;-;02;5;3;11;4;2500;1
2021;4;16;506;506002;-;02;5;3;11;5;27000;1
2021;4;16;506;506002;-;02;5;4;11;2;427245;1
2021;4;16;506;506002;-;02;5;4;11;4;1460;1
2021;4;16;506;506002;-;02;5;4;11;5;18250;1
2021;4;16;506;506002;-;02;5;5;11;2;1116309;2
2021;4;16;506;506002;-;02;5;5;11;4;2295;2
2021;4;16;506;506002;-;02;5;5;11;5;30500;2
2021;4;16;506;506002;-;02;8;5;11;2;164598;1
2021;4;16;506;506002;-;02;11;2;11;2;321685;1
2021;4;16;506;506002;-;02;11;2;11;4;1500;1
2021;4;16;506;506002;-;02;11;2;11;5;2200;1
2021;4;16;506;506002;-;02;11;3;11;2;710399;2
2021;4;16;506;506002;-;02;11;3;11;4;1825;2
2021;4;16;506;506002;-;02;11;3;11;5;15825;2
2021;4;16;506;506002;-;02;11;4;11;2;1687648;1
2021;4;16;506;506002;-;02;11;4;11;4;1825;1
2021;4;16;506;506002;-;02;11;4;11;5;36500;1
2021;4;16;506;506002;-;02;11;5;11;1;2595489;1
2021;4;16;506;506002;-;02;11;5;11;2;820062;1
2021;4;16;506;506002;-;02;11;5;11;4;2535;2
2021;4;16;506;506002;-;02;11;5;11;5;173380;2
2021;4;16;506;506002;-;02;12;5;11;2;1489825;1
2021;4;16;506;506002;-;02;12;5;11;4;1000;1
2021;4;16;506;506002;-;02;12;5;11;5;25000;1
2021;4;16;506;506007;-;02;5;3;11;1;307334;1
2021;4;16;506;506007;-;02;5;3;11;4;1500;1
2021;4;16;506;506007;-;02;5;3;11;5;15000;1
2021;4;16;506;506007;-;02;5;4;11;2;963000;2
2021;4;16;506;506007;-;02;5;4;11;4;2940;2
2021;4;16;506;506007;-;02;5;4;11;5;25000;1
2021;4;16;506;506007;-;02;5;5;11;2;1125773;1
2021;4;16;506;506007;-;02;5;5;11;4;3650;1
2021;4;16;506;506007;-;02;5;5;11;5;51100;1
2021;4;16;506;506007;-;02;11;2;11;1;212000;1
2021;4;16;506;506007;-;02;11;2;11;3;110800;1
2021;4;16;506;506007;-;02;11;2;11;4;1700;2
2021;4;16;506;506007;-;02;11;2;11;5;14000;2
2021;4;16;506;506007;-;02;11;3;11;3;390000;1
2021;4;16;506;506007;-;02;11;3;11;4;1000;1
2021;4;16;506;506007;-;02;11;3;11;5;19000;1
2021;4;16;506;506007;-;02;11;4;11;3;822000;3
2021;4;16;506;506007;-;02;11;4;11;4;5650;3
2021;4;16;506;506007;-;02;11;4;11;5;48000;3
2021;4;16;506;506007;-;02;11;5;11;2;344022;1
2021;4;16;506;506007;-;02;11;5;11;3;100000;1
2021;4;16;506;506007;-;02;11;5;11;4;3000;1
2021;4;16;506;506007;-;02;11;5;11;5;50000;1
2021;4;16;506;506008;-;01;5;2;11;3;135000;1
2021;4;16;506;506008;-;01;5;2;11;4;800;1
2021;4;16;506;506008;-;02;2;2;11;3;258480;1
2021;4;16;506;506008;-;02;2;2;11;4;720;1
2021;4;16;506;506008;-;02;2;2;11;5;3600;1
2021;4;16;506;506008;-;02;5;2;11;2;284000;1
2021;4;16;506;506008;-;02;5;2;11;3;18000;1
2021;4;16;506;506008;-;02;5;2;11;4;2010;2
2021;4;16;506;506008;-;02;5;2;11;5;18200;1
2021;4;16;506;506008;-;02;5;3;11;2;471522;2
2021;4;16;506;506008;-;02;5;3;11;4;3960;2
2021;4;16;506;506008;-;02;5;3;11;5;7385;2
2021;4;16;506;506008;-;02;5;4;11;2;609121;2
2021;4;16;506;506008;-;02;5;4;11;4;4000;2
2021;4;16;506;506008;-;02;5;4;11;5;72000;2
2021;4;16;506;506008;-;02;5;5;11;2;2580831;2
2021;4;16;506;506008;-;02;5;5;11;4;1520;2
2021;4;16;506;506008;-;02;5;5;11;5;34100;2
2021;4;16;506;506008;-;02;8;2;11;3;10000;1
2021;4;16;506;506008;-;02;8;2;11;4;200;1
2021;4;16;506;506008;-;02;8;5;11;2;837222;1
2021;4;16;506;506008;-;02;8;5;11;4;3000;1
2021;4;16;506;506008;-;02;8;5;11;5;25000;1
2021;4;16;506;506008;-;02;11;4;11;2;942200;1
2021;4;16;506;506008;-;02;11;4;11;4;2372;1
2021;4;16;506;506008;-;02;11;4;11;5;26400;1
2021;4;16;506;506008;-;02;11;5;11;1;3750664;1
2021;4;16;506;506008;-;02;11;5;11;2;1993036;2
2021;4;16;506;506008;-;02;11;5;11;4;14000;3
2021;4;16;506;506008;-;02;11;5;11;5;123000;3
2021;4;16;506;506008;-;02;14;4;11;2;710468;1
2021;4;16;506;506008;-;02;14;4;11;4;4000;1
2021;4;16;506;506008;-;02;14;4;11;5;33200;1
2021;4;16;506;506008;-;02;14;5;11;2;3061661;1
2021;4;16;506;506008;-;02;14;5;11;4;6189;1
2021;4;16;506;506008;-;02;14;5;11;5;22691;1
2021;4;17;503;503005;-;01;5;2;11;3;30000;1
2021;4;17;503;503005;-;01;5;2;11;4;2000;1
2021;4;17;503;503005;-;01;5;2;11;5;2000;1
2021;4;17;503;503005;-;01;5;4;11;2;141300;1
2021;4;17;503;503005;-;01;5;4;11;4;1200;1
2021;4;17;503;503005;-;01;5;4;11;5;3500;1
2021;4;17;503;503005;-;01;5;5;11;1;48516;1
2021;4;17;503;503005;-;01;5;5;11;4;1000;1
2021;4;17;503;503005;-;01;5;5;11;5;36500;1
2021;4;17;503;503005;-;02;2;7;11;2;2821958;1
2021;4;17;503;503005;-;02;2;7;11;4;7300;1
2021;4;17;503;503005;-;02;2;7;11;5;115000;1
2021;4;17;503;503005;-;02;5;2;11;3;29280;1
2021;4;17;503;503005;-;02;5;2;11;4;800;1
2021;4;17;503;503005;-;02;5;2;11;5;4100;1
2021;4;17;503;503005;-;02;5;3;11;3;607450;2
2021;4;17;503;503005;-;02;5;3;11;4;3600;2
2021;4;17;503;503005;-;02;5;3;11;5;9890;1
2021;4;17;503;503005;-;02;5;4;11;2;1175491;3
2021;4;17;503;503005;-;02;5;4;11;4;5100;2
2021;4;17;503;503005;-;02;5;4;11;5;47600;2
2021;4;17;503;503005;-;02;5;5;11;2;109500;1
2021;4;17;503;503005;-;02;5;5;11;4;1800;1
2021;4;17;503;503005;-;02;5;5;11;5;17630;1
2021;4;17;503;503005;-;02;11;2;11;3;94000;1
2021;4;17;503;503005;-;02;11;2;11;4;1000;1
2021;4;17;503;503005;-;02;11;2;11;5;2000;1
2021;4;17;503;503005;-;02;11;6;11;2;1379800;1
2021;4;17;503;503005;-;02;11;6;11;4;2190;1
2021;4;17;503;503005;-;02;11;6;11;5;29200;1
2021;4;17;503;503006;-;01;5;2;11;3;148980;1
2021;4;17;503;503006;-;01;5;2;11;4;1800;1
2021;4;17;503;503006;-;01;5;2;11;5;3200;1
2021;4;17;503;503006;-;01;5;3;11;2;113206;1
2021;4;17;503;503006;-;01;11;4;11;3;432000;1
2021;4;17;503;503006;-;01;11;4;11;4;1000;1
2021;4;17;503;503006;-;01;11;4;11;5;3000;1
2021;4;17;503;503006;-;01;11;5;11;3;19500;1
2021;4;17;503;503006;-;01;11;5;11;4;1500;1
2021;4;17;503;503006;-;01;11;7;11;2;538807;1
2021;4;17;503;503006;-;01;14;6;11;3;60000;1
2021;4;17;503;503006;-;01;14;6;11;4;1000;1
2021;4;17;503;503006;-;02;5;2;11;3;36500;1
2021;4;17;503;503006;-;02;5;2;11;4;360;1
2021;4;17;503;503006;-;02;5;2;11;5;1080;1
2021;4;17;503;503006;-;02;5;3;11;3;178690;1
2021;4;17;503;503006;-;02;5;3;11;4;2100;1
2021;4;17;503;503006;-;02;5;3;11;5;6900;1
2021;4;17;503;503006;-;02;5;4;11;1;220000;1
2021;4;17;503;503006;-;02;5;4;11;2;51514;1
2021;4;17;503;503006;-;02;5;4;11;3;478700;3
2021;4;17;503;503006;-;02;5;4;11;4;3600;5
2021;4;17;503;503006;-;02;5;4;11;5;24500;4
2021;4;17;503;503006;-;02;5;5;11;2;571000;1
2021;4;17;503;503006;-;02;5;6;11;1;3712582;1
2021;4;17;503;503006;-;02;5;6;11;4;9800;1
2021;4;17;503;503006;-;02;11;3;11;3;228800;1
2021;4;17;503;503006;-;02;11;3;11;4;1210;1
2021;4;17;503;503006;-;02;11;4;11;2;450000;1
2021;4;17;503;503006;-;02;11;4;11;4;1000;1
2021;4;17;503;503006;-;02;11;4;11;5;24000;1
2021;4;17;503;503006;-;02;11;5;11;2;2015787;1
2021;4;17;503;503006;-;02;11;5;11;4;400;1
2021;4;17;503;503006;-;02;11;5;11;5;14000;1
2021;4;17;503;503006;-;02;14;6;11;2;4138088;1
2021;4;17;503;503006;-;02;14;6;11;4;11900;1
2021;4;17;503;503006;-;02;14;6;11;5;198218;1
2021;4;17;503;503007;-;02;5;2;11;3;55000;1
2021;4;17;503;503007;-;02;5;2;11;4;365;1
2021;4;17;503;503007;-;02;11;2;11;3;68000;1
2021;4;17;503;503007;-;02;11;2;11;4;400;1
2021;4;17;503;503007;-;02;11;2;11;5;3600;1
2021;4;17;503;503007;-;02;11;3;11;3;91250;1
2021;4;17;503;503007;-;02;11;3;11;4;1000;1
2021;4;17;503;503007;-;02;11;4;11;2;658585;1
2021;4;17;503;503007;-;02;11;4;11;4;4000;1
2021;4;17;503;503007;-;02;11;4;11;5;13000;1
2021;4;17;505;505001;-;01;5;5;11;2;70000;1
2021;4;17;505;505001;-;01;5;5;11;4;2500;1
2021;4;17;505;505001;-;01;5;5;11;5;16000;1
2021;4;17;505;505001;-;01;5;6;11;3;180000;1
2021;4;17;505;505001;-;01;5;6;11;4;1800;1
2021;4;17;505;505001;-;01;5;6;11;5;25000;1
2021;4;17;505;505001;-;01;11;5;11;3;18000;1
2021;4;17;505;505001;-;01;11;5;11;4;1000;1
2021;4;17;505;505001;-;02;5;5;11;3;237250;1
2021;4;17;505;505001;-;02;5;5;11;4;1100;1
2021;4;17;505;505001;-;02;5;5;11;5;15800;1
2021;4;17;505;505001;-;02;11;2;11;3;48000;1
2021;4;17;505;505001;-;02;11;2;11;4;700;1
2021;4;17;505;505001;-;02;11;2;11;5;500;1
2021;4;17;505;505001;-;02;11;4;11;1;96350;1
2021;4;17;505;505001;-;02;11;4;11;4;1600;1
2021;4;17;505;505001;-;02;11;4;11;5;12000;1
2021;4;17;505;505001;-;02;14;4;11;2;800293;1
2021;4;17;505;505001;-;02;14;4;11;4;400;1
2021;4;17;505;505004;-;02;5;2;11;3;73000;1
2021;4;17;505;505004;-;02;5;2;11;4;730;1
2021;4;17;505;505004;-;02;5;4;11;2;284828;1
2021;4;17;505;505004;-;02;5;4;11;3;284700;1
2021;4;17;505;505004;-;02;5;4;11;4;1000;1
2021;4;17;505;505004;-;02;5;4;11;5;22500;2
2021;4;17;505;505004;-;02;5;5;11;3;365000;1
2021;4;17;505;505004;-;02;5;5;11;4;1095;1
2021;4;17;505;505004;-;02;5;5;11;5;36500;1
2021;4;17;505;505004;-;02;11;3;11;2;170100;1
2021;4;17;505;505004;-;02;11;3;11;4;1870;1
2021;4;17;505;505004;-;02;11;3;11;5;12200;1
2021;4;17;505;505004;-;02;11;4;11;2;691084;1
2021;4;17;505;505004;-;02;11;4;11;3;911750;2
2021;4;17;505;505004;-;02;11;4;11;4;4750;3
2021;4;17;505;505004;-;02;11;4;11;5;36000;1
2021;4;17;505;505004;-;02;11;5;11;2;178467;1
2021;4;17;505;505004;-;02;11;5;11;4;1000;1
2021;4;17;505;505004;-;02;11;5;11;5;30000;1
2021;4;17;505;505006;-;01;5;3;11;2;209910;1
2021;4;17;505;505006;-;01;5;3;11;4;1056;1
2021;4;17;505;505006;-;01;5;3;11;5;15780;1
2021;4;17;505;505006;-;02;5;5;11;1;1200000;1
2021;4;17;505;505006;-;02;5;5;11;3;496400;1
2021;4;17;505;505006;-;02;5;5;11;4;1000;1
2021;4;17;505;505006;-;02;5;5;11;5;10000;1
2021;4;17;505;505006;-;02;8;2;11;2;25657;1
2021;4;17;505;505006;-;02;8;2;11;4;365;1
2021;4;17;505;505006;-;02;8;2;11;5;10950;1
2021;4;17;505;505006;-;02;8;5;11;2;1575939;1
2021;4;17;505;505006;-;02;8;5;11;4;3700;1
2021;4;17;505;505006;-;02;8;5;11;5;22500;1
2021;4;17;506;506001;-;02;5;4;11;2;239579;1
2021;4;17;506;506001;-;02;5;4;11;4;600;1
2021;4;17;506;506001;-;02;5;4;11;5;43800;1
2021;4;17;506;506001;-;02;11;2;11;3;192850;1
2021;4;17;506;506001;-;02;11;2;11;4;1200;1
2021;4;17;506;506001;-;02;11;5;11;2;1247378;1
2021;4;17;506;506001;-;02;11;5;11;4;1825;1
2021;4;17;506;506001;-;02;11;5;11;5;21900;1
2021;4;18;505;505001;-;01;5;3;11;3;287500;2
2021;4;18;505;505001;-;01;5;3;11;4;1900;2
2021;4;18;505;505001;-;01;5;3;11;5;12500;2
2021;4;18;505;505001;-;01;11;2;11;3;108000;1
2021;4;18;505;505001;-;01;11;2;11;4;1000;1
2021;4;18;505;505001;-;01;11;2;11;5;9000;1
2021;4;18;505;505001;-;01;11;3;11;3;115000;1
2021;4;18;505;505001;-;01;11;3;11;4;1000;1
2021;4;18;505;505001;-;01;11;3;11;5;10000;1
2021;4;18;505;505001;-;01;11;5;11;3;295000;2
2021;4;18;505;505001;-;01;11;5;11;4;2500;2
2021;4;18;505;505001;-;01;11;5;11;5;18600;2
2021;4;18;505;505001;-;02;5;2;11;3;300000;1
2021;4;18;505;505001;-;02;5;2;11;4;1000;1
2021;4;18;505;505001;-;02;5;2;11;5;1000;1
2021;4;18;505;505001;-;02;5;4;11;2;23500;1
2021;4;18;505;505001;-;02;5;4;11;3;181000;2
2021;4;18;505;505001;-;02;5;4;11;4;1000;1
2021;4;18;505;505001;-;02;5;4;11;5;2500;1
2021;4;18;505;505001;-;02;11;5;11;3;260000;1
2021;4;18;505;505001;-;02;11;5;11;4;2500;1
2021;4;18;505;505001;-;02;11;5;11;5;7200;1
2021;4;18;505;505002;-;01;5;3;11;3;98000;1
2021;4;18;505;505002;-;01;5;3;11;4;1000;1
2021;4;18;505;505002;-;01;5;3;11;5;6500;1
2021;4;18;505;505002;-;01;11;3;11;3;717000;4
2021;4;18;505;505002;-;01;11;3;11;4;4000;4
2021;4;18;505;505002;-;01;11;3;11;5;43500;4
2021;4;18;505;505002;-;01;11;4;11;3;102000;1
2021;4;18;505;505002;-;01;11;4;11;4;1000;1
2021;4;18;505;505002;-;01;11;4;11;5;7000;1
2021;4;18;505;505002;-;01;11;6;11;3;21600;1
2021;4;18;505;505002;-;01;11;6;11;4;3100;1
2021;4;18;505;505002;-;02;5;5;11;3;500000;1
2021;4;18;505;505002;-;02;5;5;11;4;1500;1
2021;4;18;505;505002;-;02;5;5;11;5;25000;1
2021;4;18;505;505002;-;02;8;5;11;2;349702;1
2021;4;18;505;505002;-;02;11;3;11;3;115121;1
2021;4;18;505;505002;-;02;11;3;11;4;1000;1
2021;4;18;505;505002;-;02;11;3;11;5;10000;1
2021;4;18;505;505002;-;02;11;4;11;3;492700;1
2021;4;18;505;505002;-;02;11;4;11;4;900;1
2021;4;18;505;505002;-;02;11;4;11;5;12000;1
2021;4;18;505;505003;-;01;5;4;11;3;292000;2
2021;4;18;505;505003;-;01;5;4;11;4;2860;2
2021;4;18;505;505003;-;01;5;4;11;5;21650;2
2021;4;18;505;505003;-;02;5;2;11;3;110595;1
2021;4;18;505;505003;-;02;5;2;11;4;730;1
2021;4;18;505;505003;-;02;5;2;11;5;3650;1
2021;4;18;505;505003;-;02;5;3;11;2;182500;1
2021;4;18;505;505003;-;02;5;3;11;3;152000;1
2021;4;18;505;505003;-;02;5;3;11;4;1900;2
2021;4;18;505;505003;-;02;5;3;11;5;14700;2
2021;4;18;505;505003;-;02;5;4;11;3;155000;1
2021;4;18;505;505003;-;02;5;4;11;4;1000;1
2021;4;18;505;505003;-;02;8;6;11;2;1142837;1
2021;4;18;505;505003;-;02;8;6;11;3;951640;1
2021;4;18;505;505003;-;02;8;6;11;4;4400;1
2021;4;18;505;505003;-;02;8;6;11;5;41888;1
2021;4;18;505;505003;-;02;11;4;11;3;430646;2
2021;4;18;505;505003;-;02;11;4;11;4;1520;2
2021;4;18;505;505003;-;02;11;4;11;5;16824;2
2021;4;18;505;505003;-;02;11;5;11;2;230000;1
2021;4;18;505;505003;-;02;11;5;11;3;230000;1
2021;4;18;505;505003;-;02;11;5;11;4;700;1
2021;4;18;505;505003;-;02;11;5;11;5;22000;1
2021;4;18;505;505003;-;02;14;4;11;2;176000;1
2021;4;18;505;505003;-;02;14;4;11;4;1300;1
2021;4;18;505;505003;-;02;14;4;11;5;18000;1
2021;4;18;505;505005;-;01;5;4;11;3;145000;1
2021;4;18;505;505005;-;01;5;4;11;4;600;1
2021;4;18;505;505005;-;01;5;4;11;5;5000;1
2021;4;18;505;505005;-;01;8;3;11;3;179000;1
2021;4;18;505;505005;-;01;8;3;11;4;1000;1
2021;4;18;505;505005;-;01;11;2;11;3;18000;1
2021;4;18;505;505005;-;01;11;2;11;4;3000;1
2021;4;18;505;505005;-;01;11;5;11;3;217000;1
2021;4;18;505;505005;-;01;11;5;11;4;1800;1
2021;4;18;505;505005;-;01;11;5;11;5;10000;1
2021;4;18;505;505005;-;02;5;2;11;3;272460;2
2021;4;18;505;505005;-;02;5;2;11;4;1800;2
2021;4;18;505;505005;-;02;5;5;11;2;152900;1
2021;4;18;505;505005;-;02;5;5;11;4;25000;1
2021;4;18;505;505005;-;02;5;5;11;5;12000;1
2021;4;18;505;505005;-;02;11;2;11;3;182500;1
2021;4;18;505;505005;-;02;11;2;11;4;1100;1
2021;4;18;505;505005;-;02;11;2;11;5;9500;1
2021;4;18;505;505005;-;02;11;3;11;3;190000;1
2021;4;18;505;505005;-;02;11;3;11;4;3500;1
2021;4;18;505;505005;-;02;11;3;11;5;2500;1
2021;5;2;601;601004;-;02;1;3;11;2;96088;1
2021;5;2;601;601004;-;02;1;3;11;4;1800;1
2021;5;2;601;601004;-;02;1;3;11;5;18000;1
2021;5;2;601;601004;-;02;12;8;11;2;20313793;1
2021;5;2;601;601004;-;02;12;8;11;3;155202802;2
2021;5;2;601;601004;-;02;12;8;11;5;3886017;2
2021;5;2;602;602002;-;01;5;2;11;3;78000;1
2021;5;2;602;602002;-;01;5;2;11;4;700;1
2021;5;3;601;601003;-;02;12;6;11;2;1655030;1
2021;5;3;601;601003;-;02;12;6;11;4;3000;1
2021;5;3;601;601003;-;02;12;6;11;5;150000;1
2021;5;4;602;602005;-;02;5;7;11;2;4921079;1
2021;5;4;602;602005;-;02;5;7;11;5;233142;1
2021;5;11;601;601007;-;02;5;4;11;2;564500;1
2021;5;11;601;601007;-;02;5;4;11;4;1730;1
2021;5;11;601;601007;-;02;5;4;11;5;26720;1
2021;5;11;601;601007;-;02;5;5;11;2;759278;1
2021;5;11;601;601007;-;02;5;5;11;4;1200;1
2021;5;11;601;601007;-;02;5;5;11;5;45000;1
2021;5;13;601;601006;-;01;5;2;11;2;35000;1
2021;5;13;601;601006;-;01;5;2;11;4;1500;1
2021;5;13;601;601006;-;01;5;2;11;5;3000;1
2021;5;13;601;601006;-;02;5;2;11;3;47600;1
2021;5;13;601;601006;-;02;5;2;11;4;700;1
2021;5;13;601;601006;-;02;5;2;11;5;3000;1
2021;5;13;601;601006;-;02;8;2;11;2;10800;1
2021;5;13;601;601006;-;02;11;2;11;1;21900;1
2021;5;13;601;601006;-;02;11;2;11;2;141100;1
2021;5;13;601;601006;-;02;11;2;11;4;4000;1
2021;5;13;601;601006;-;02;11;2;11;5;9000;1
2021;5;15;601;601005;-;02;5;4;11;2;176000;1
2021;5;15;601;601005;-;02;5;4;11;4;720;1
2021;5;15;601;601005;-;02;5;4;11;5;2800;1
2021;5;15;601;601005;-;02;8;6;11;1;854030;1
2021;5;15;601;601005;-;02;8;6;11;4;3600;1
2021;5;15;601;601005;-;02;8;6;11;5;40000;1
2021;5;15;601;601005;-;02;11;2;11;2;205000;1
2021;5;15;601;601005;-;02;11;2;11;4;450;1
2021;5;15;601;601005;-;02;11;2;11;5;8500;1
2021;5;15;601;601005;-;02;12;4;11;2;446462;1
2021;5;15;601;601005;-;02;12;4;11;4;1000;1
2021;5;15;601;601005;-;02;12;4;11;5;36000;1
2021;5;15;601;601005;-;02;12;6;11;2;3699245;1
2021;5;15;601;601005;-;02;12;6;11;4;2500;1
2021;5;15;601;601005;-;02;12;6;11;5;15000;1
2021;6;2;701;701001;-;02;5;3;11;2;166061;1
2021;6;2;701;701001;-;02;5;3;11;4;1200;1
2021;6;2;701;701001;-;02;5;3;11;5;7300;1
2021;6;2;702;702002;-;02;5;2;11;2;340331;1
2021;6;2;702;702002;-;02;5;2;11;4;2160;2
2021;6;2;702;702002;-;02;5;2;11;5;17820;2
2021;6;2;702;702002;-;02;5;3;11;2;60950;1
2021;6;2;702;702002;-;02;5;3;11;3;76300;1
2021;6;2;702;702002;-;02;5;3;11;4;2500;1
2021;6;2;702;702002;-;02;5;3;11;5;109000;1
2021;6;2;702;702002;-;02;8;3;11;2;271000;1
2021;6;2;702;702002;-;02;8;3;11;4;500;1
2021;6;2;702;702002;-;02;8;3;11;5;9000;1
2021;6;2;702;702002;-;02;8;4;11;2;508935;1
2021;6;2;702;702002;-;02;8;4;11;4;1200;1
2021;6;2;702;702002;-;02;8;4;11;5;40000;1
2021;6;2;702;702002;-;02;11;4;11;2;315714;1
2021;6;2;702;702002;-;02;11;4;11;4;19000;1
2021;6;3;701;701002;-;01;5;3;11;1;1200;1
2021;6;3;701;701002;-;01;5;3;11;4;1000;1
2021;6;3;701;701002;-;02;11;5;11;2;2119282;1
2021;6;3;701;701002;-;02;11;5;11;4;500;1
2021;6;3;701;701002;-;02;11;5;11;5;18000;1
2021;6;3;702;702001;-;01;11;4;11;3;124000;1
2021;6;3;702;702001;-;01;11;4;11;4;2000;1
2021;6;4;701;701003;-;01;5;3;11;2;120000;1
2021;6;4;701;701003;-;01;5;3;11;4;700;1
2021;6;4;701;701003;-;01;5;3;11;5;3000;1
2021;6;4;701;701003;-;01;11;3;11;3;28000;1
2021;6;4;701;701003;-;01;11;3;11;4;300;1
2021;6;4;701;701003;-;02;2;7;11;2;7517489;1
2021;6;4;701;701003;-;02;2;7;11;4;7500;1
2021;6;4;701;701003;-;02;2;7;11;5;225525;1
2021;6;4;701;701003;-;02;3;5;11;2;3116522;2
2021;6;4;701;701003;-;02;3;5;11;4;3500;1
2021;6;4;701;701003;-;02;3;5;11;5;1900;1
2021;6;4;701;701003;-;02;5;2;11;2;792088;2
2021;6;4;701;701003;-;02;5;2;11;3;65700;1
2021;6;4;701;701003;-;02;5;2;11;4;2107;3
2021;6;4;701;701003;-;02;5;2;11;5;13100;3
2021;6;4;701;701003;-;02;5;3;11;2;2591264;7
2021;6;4;701;701003;-;02;5;3;11;4;7855;7
2021;6;4;701;701003;-;02;5;3;11;5;103070;7
2021;6;4;701;701003;-;02;5;4;11;2;928203;3
2021;6;4;701;701003;-;02;5;4;11;4;1750;2
2021;6;4;701;701003;-;02;5;4;11;5;36600;2
2021;6;4;701;701003;-;02;5;5;11;2;633126;1
2021;6;4;701;701003;-;02;5;5;11;4;1500;1
2021;6;4;701;701003;-;02;5;5;11;5;21900;1
2021;6;4;701;701003;-;02;5;6;11;2;2195000;1
2021;6;4;701;701003;-;02;5;6;11;4;1820;1
2021;6;4;701;701003;-;02;5;6;11;5;28500;1
2021;6;4;701;701003;-;02;8;4;11;2;226094;1
2021;6;4;701;701003;-;02;8;4;11;4;1500;1
2021;6;4;701;701003;-;02;8;4;11;5;4200;1
2021;6;4;701;701003;-;02;11;3;11;2;1550972;2
2021;6;4;701;701003;-;02;11;3;11;4;2372;2
2021;6;4;701;701003;-;02;11;3;11;5;78400;2
2021;6;4;701;701003;-;02;11;6;11;2;3855352;1
2021;6;4;701;701003;-;02;11;6;11;4;6000;1
2021;6;4;701;701003;-;02;11;6;11;5;31430;1
2021;6;4;701;701004;-;01;5;4;11;2;473787;1
2021;6;4;701;701004;-;01;5;4;11;4;1000;1
2021;6;4;701;701004;-;01;5;4;11;5;3000;1
2021;6;4;701;701004;-;02;5;4;11;3;200;1
2021;6;4;701;701004;-;02;5;4;11;5;5;1
2021;6;4;701;701005;-;01;11;3;11;2;215028;1
2021;6;4;701;701005;-;01;11;3;11;4;4500;1
2021;6;4;701;701005;-;01;11;3;11;5;38000;1
2021;6;4;701;701005;-;01;11;5;11;2;394715;1
2021;6;4;701;701005;-;01;11;5;11;4;2920;1
2021;6;4;701;701005;-;01;11;5;11;5;19600;1
2021;6;4;701;701005;-;02;5;3;11;2;1861423;5
2021;6;4;701;701005;-;02;5;3;11;3;236000;2
2021;6;4;701;701005;-;02;5;3;11;4;2000;3
2021;6;4;701;701005;-;02;5;3;11;5;48700;5
2021;6;4;701;701005;-;02;5;4;11;2;2707224;3
2021;6;4;701;701005;-;02;5;4;11;3;326800;1
2021;6;4;701;701005;-;02;5;4;11;4;5900;3
2021;6;4;701;701005;-;02;5;4;11;5;219200;4
2021;6;4;701;701005;-;02;5;5;11;2;1159844;2
2021;6;4;701;701005;-;02;5;5;11;3;52803;1
2021;6;4;701;701005;-;02;5;5;11;4;5690;3
2021;6;4;701;701005;-;02;5;5;11;5;85648;3
2021;6;4;701;701005;-;02;8;3;11;1;309000;1
2021;6;4;701;701005;-;02;8;3;11;4;500;1
2021;6;4;701;701005;-;02;8;3;11;5;1000;1
2021;6;4;701;701005;-;02;8;4;11;2;200000;1
2021;6;4;701;701005;-;02;8;4;11;4;360;1
2021;6;4;701;701005;-;02;8;4;11;5;7000;1
2021;6;4;701;701005;-;02;11;3;11;2;615500;2
2021;6;4;701;701005;-;02;11;3;11;4;3000;1
2021;6;4;701;701005;-;02;11;3;11;5;31000;2
2021;6;4;701;701005;-;02;11;4;11;2;1020049;2
2021;6;4;701;701005;-;02;11;4;11;4;1300;2
2021;6;4;701;701005;-;02;11;4;11;5;1700;2
2021;6;4;701;701005;-;16;5;3;11;2;61906;1
2021;6;4;701;701005;-;16;5;3;11;4;500;1
2021;6;4;701;701005;-;16;5;3;11;5;3000;1
2021;6;4;702;702002;-;02;11;3;11;2;425297;1
2021;6;4;702;702002;-;02;11;3;11;4;1200;1
2021;6;4;702;702002;-;02;11;3;11;5;7000;1
2021;6;5;702;702005;-;02;5;5;11;2;568053;1
2021;6;5;702;702005;-;02;5;5;11;4;2200;1
2021;6;5;702;702005;-;02;5;5;11;5;36500;1
2021;6;5;702;702005;-;02;12;5;11;2;1394956;1
2021;6;5;702;702005;-;02;12;5;11;4;2000;1
2021;6;5;702;702005;-;02;12;5;11;5;60000;1
2021;6;5;702;702005;-;16;11;2;11;3;70000;1
2021;6;5;702;702005;-;16;11;2;11;4;1800;1
2021;6;5;702;702005;-;16;11;2;11;5;3000;1
2021;6;6;0;0;-;63;5;1;11;2;108000;1
2021;6;6;701;701006;-;02;5;5;11;2;1149941;1
2021;6;6;701;701006;-;02;5;5;11;4;7000;1
2021;6;6;701;701006;-;02;5;5;11;5;45000;1
2021;6;6;701;701006;-;02;11;3;11;2;391456;1
2021;6;6;702;702001;-;02;5;2;11;1;103000;1
2021;6;6;702;702001;-;02;5;2;11;4;500;1
2021;6;6;702;702001;-;02;5;2;11;5;650;1
2021;6;6;702;702001;-;02;5;5;11;2;949000;1
2021;6;6;702;702001;-;02;5;5;11;4;3600;1
2021;6;6;702;702001;-;02;5;5;11;5;80000;1
2021;6;6;702;702001;-;02;8;3;11;1;40320;1
2021;6;6;702;702001;-;02;8;3;11;2;271824;1
2021;6;6;702;702001;-;02;8;3;11;4;1570;1
2021;6;6;702;702001;-;02;8;3;11;5;25252;1
2021;6;6;702;702003;-;02;11;4;11;1;1077862;1
2021;6;6;702;702003;-;02;11;4;11;4;2800;1
2021;6;6;702;702003;-;02;11;4;11;5;52925;1
2021;6;6;702;702003;-;02;12;5;11;2;947320;2
2021;6;6;702;702003;-;02;12;5;11;4;2000;2
2021;6;6;702;702003;-;02;12;5;11;5;30000;2
2021;6;7;702;702001;-;02;5;2;11;3;84047;1
2021;6;7;702;702001;-;02;5;2;11;4;10370;2
2021;6;7;702;702001;-;02;5;2;11;5;36003;2
2021;6;7;702;702001;-;02;5;3;11;2;605784;1
2021;6;7;702;702001;-;02;5;3;11;3;24000;1
2021;6;7;702;702001;-;02;5;3;11;4;1350;2
2021;6;7;702;702001;-;02;5;3;11;5;33600;2
2021;6;7;702;702001;-;02;6;3;11;3;4400;1
2021;6;7;702;702001;-;02;6;3;11;4;100;1
2021;6;7;702;702001;-;02;6;3;11;5;200;1
2021;6;7;702;702001;-;02;8;5;11;1;516647;1
2021;6;7;702;702001;-;02;8;5;11;4;11500;1
2021;6;7;702;702001;-;02;8;5;11;5;26000;1
2021;6;7;702;702001;-;02;11;4;11;2;240000;1
2021;6;7;702;702001;-;02;11;4;11;4;750;1
2021;6;7;702;702001;-;02;12;6;11;2;3133219;1
2021;6;7;702;702001;-;02;12;6;11;4;4715;1
2021;6;7;702;702001;-;02;12;6;11;5;78508;1
2021;6;7;702;702002;-;02;5;3;11;2;240451;1
2021;6;7;702;702002;-;02;5;3;11;4;2660;1
2021;6;7;702;702002;-;02;5;3;11;5;8550;1
2021;6;7;702;702002;-;02;11;3;11;2;500000;1
2021;6;7;702;702002;-;02;11;3;11;4;3600;1
2021;6;7;702;702002;-;02;11;3;11;5;18000;1
2021;6;7;702;702002;-;16;11;2;11;1;10220;1
2021;6;7;702;702002;-;16;11;2;11;4;1278;1
2021;6;7;702;702002;-;16;11;2;11;5;7300;1
2021;6;8;702;702003;-;02;12;3;11;3;280000;1
2021;6;8;702;702003;-;02;12;3;11;4;1460;1
2021;6;8;702;702003;-;02;12;3;11;5;1825;1
2021;6;8;702;702004;-;02;5;2;11;2;427496;1
2021;6;8;702;702004;-;02;5;2;11;4;300;1
2021;6;8;702;702004;-;02;5;2;11;5;10000;1
2021;6;8;702;702004;-;02;5;6;11;2;4149006;1
2021;6;8;702;702004;-;02;5;6;11;4;3600;1
2021;6;8;702;702004;-;02;5;6;11;5;142230;1
2021;6;8;702;702004;-;02;8;5;11;4;900;1
2021;6;8;702;702004;-;02;8;5;11;5;16000;1
2021;6;8;702;702004;-;02;11;4;11;2;1412950;1
2021;6;8;702;702004;-;02;11;4;11;4;4200;1
2021;6;8;702;702004;-;02;11;4;11;5;47000;1
2021;6;9;701;701004;-;01;12;4;11;2;100000;1
2021;6;9;701;701004;-;01;12;4;11;4;2000;1
2021;6;9;701;701004;-;01;12;4;11;5;13000;1
2021;6;9;701;701004;-;02;5;2;11;2;115000;1
2021;6;9;701;701004;-;02;5;2;11;4;1500;1
2021;6;9;701;701004;-;02;5;2;11;5;11000;1
2021;6;9;701;701004;-;02;5;3;11;3;59650;2
2021;6;9;701;701004;-;02;5;3;11;4;2000;2
2021;6;9;701;701004;-;02;5;3;11;5;1800;2
2021;6;9;701;701004;-;02;5;4;11;3;120000;1
2021;6;9;701;701004;-;02;5;4;11;4;800;1
2021;6;9;701;701004;-;02;5;4;11;5;1300;1
2021;6;9;701;701004;-;16;1;4;11;1;356229;1
2021;6;9;701;701004;-;16;1;4;11;4;3861;1
2021;6;9;701;701004;-;16;1;4;11;5;26999;1
2021;6;9;701;701005;-;02;11;2;11;2;103516;1
2021;6;9;701;701005;-;02;11;2;11;3;40000;1
2021;6;9;701;701005;-;02;11;2;11;4;700;1
2021;7;2;803;803003;-;02;8;5;11;2;1955572;1
2021;7;2;803;803003;-;02;8;5;11;4;9000;1
2021;7;2;803;803003;-;02;8;5;11;5;94350;1
2021;7;2;803;803004;-;02;5;3;11;2;694972;1
2021;7;2;803;803004;-;02;5;3;11;4;730;1
2021;7;2;803;803004;-;02;5;4;11;2;108000;1
2021;7;2;803;803004;-;02;5;4;11;4;1000;1
2021;7;2;803;803004;-;02;5;4;11;5;2100;1
2021;7;2;803;803004;-;02;11;5;11;2;508623;1
2021;7;2;803;803004;-;02;11;5;11;4;1500;1
2021;7;2;803;803004;-;02;11;5;11;5;23280;1
2021;7;2;803;803005;-;02;3;6;11;1;5654640;1
2021;7;2;803;803005;-;02;3;6;11;4;2600;1
2021;7;2;803;803005;-;02;3;6;11;5;205000;1
2021;7;2;803;803005;-;02;5;3;11;2;268063;1
2021;7;2;803;803005;-;02;5;3;11;4;520;1
2021;7;2;803;803005;-;02;5;3;11;5;2160;1
2021;7;2;803;803005;-;02;5;6;11;2;260051;1
2021;7;2;803;803005;-;02;5;6;11;4;3600;1
2021;7;2;803;803005;-;02;5;6;11;5;19000;1
2021;7;2;803;803005;-;02;11;5;11;3;273750;1
2021;7;2;803;803005;-;02;11;5;11;4;1460;1
2021;7;2;803;803005;-;02;11;5;11;5;120000;1
2021;7;2;803;803005;-;02;12;4;11;2;816823;1
2021;7;2;803;803005;-;02;12;4;11;4;5475;1
2021;7;2;803;803005;-;02;12;4;11;5;70000;1
2021;7;2;804;804003;-;02;5;3;11;2;160400;1
2021;7;2;804;804003;-;02;5;3;11;4;3650;1
2021;7;2;804;804003;-;02;5;3;11;5;18250;1
2021;7;2;804;804003;-;02;5;5;11;2;1604106;4
2021;7;2;804;804003;-;02;5;5;11;4;2535;3
2021;7;2;804;804003;-;02;5;5;11;5;105100;3
2021;7;2;804;804003;-;02;11;4;11;2;311081;1
2021;7;2;804;804003;-;02;11;4;11;4;1500;1
2021;7;2;804;804003;-;02;11;4;11;5;21900;1
2021;7;2;804;804003;-;02;11;5;11;1;90000;1
2021;7;2;804;804003;-;02;11;5;11;3;300000;1
2021;7;2;804;804003;-;02;11;5;11;4;1000;1
2021;7;2;804;804003;-;02;11;5;11;5;1000;1
2021;7;2;804;804004;-;01;5;2;11;3;91000;1
2021;7;2;804;804004;-;01;5;2;11;4;580;1
2021;7;2;804;804004;-;01;5;2;11;5;2500;1
2021;7;2;804;804004;-;02;5;2;11;2;477650;2
2021;7;2;804;804004;-;02;5;2;11;5;8929;1
2021;7;2;804;804004;-;02;5;3;11;2;581150;2
2021;7;2;804;804004;-;02;5;3;11;3;130000;1
2021;7;2;804;804004;-;02;5;3;11;4;1480;2
2021;7;2;804;804004;-;02;5;3;11;5;25960;2
2021;7;2;804;804004;-;02;5;4;11;2;2540671;3
2021;7;2;804;804004;-;02;5;4;11;4;4920;3
2021;7;2;804;804004;-;02;5;4;11;5;103580;3
2021;7;2;804;804004;-;02;5;5;11;1;1863672;1
2021;7;2;804;804004;-;02;5;5;11;2;2856701;2
2021;7;2;804;804004;-;02;5;5;11;4;6270;3
2021;7;2;804;804004;-;02;5;5;11;5;132150;3
2021;7;2;804;804004;-;02;8;4;11;3;346750;1
2021;7;2;804;804004;-;02;8;4;11;4;1460;1
2021;7;2;804;804004;-;02;8;4;11;5;43800;1
2021;7;2;804;804004;-;02;11;2;11;2;308438;2
2021;7;2;804;804004;-;02;11;2;11;4;725;2
2021;7;2;804;804004;-;02;11;2;11;5;7720;2
2021;7;2;804;804004;-;02;11;3;11;2;494986;2
2021;7;2;804;804004;-;02;11;3;11;4;2190;2
2021;7;2;804;804004;-;02;11;3;11;5;37500;2
2021;7;2;804;804004;-;02;11;5;11;1;179345;1
2021;7;2;804;804004;-;02;12;4;11;2;1127751;1
2021;7;2;804;804004;-;02;12;4;11;4;1800;1
2021;7;2;804;804004;-;02;12;4;11;5;27300;1
2021;7;2;804;804005;-;01;5;3;11;2;273170;1
2021;7;2;804;804005;-;01;5;3;11;4;400;1
2021;7;2;804;804005;-;01;5;3;11;5;2500;1
2021;7;2;804;804005;-;02;5;2;11;2;296083;1
2021;7;2;804;804005;-;02;5;2;11;4;365;1
2021;7;2;804;804005;-;02;5;2;11;5;6000;1
2021;7;2;804;804005;-;02;5;3;11;1;194225;1
2021;7;2;804;804005;-;02;5;3;11;2;72000;1
2021;7;2;804;804005;-;02;5;3;11;4;1880;2
2021;7;2;804;804005;-;02;5;3;11;5;3200;2
2021;7;2;804;804005;-;02;5;5;11;2;1396442;1
2021;7;2;804;804005;-;02;5;5;11;4;3000;1
2021;7;2;804;804005;-;02;5;5;11;5;4000;1
2021;7;3;805;805002;-;02;5;3;11;2;241439;1
2021;7;3;805;805002;-;02;5;3;11;4;730;1
2021;7;3;805;805002;-;02;5;3;11;5;9000;1
2021;7;3;805;805002;-;02;8;3;11;2;434589;1
2021;7;3;805;805002;-;02;8;3;11;4;750;1
2021;7;3;805;805002;-;02;8;3;11;5;1500;1
2021;7;3;805;805002;-;02;8;5;11;2;4644628;2
2021;7;3;805;805002;-;02;8;5;11;4;4700;2
2021;7;3;805;805002;-;02;8;5;11;5;148200;2
2021;7;3;805;805002;-;02;11;2;11;3;21000;1
2021;7;3;805;805002;-;02;11;2;11;4;365;1
2021;7;3;805;805002;-;02;11;2;11;5;4000;1
2021;7;3;805;805002;-;02;11;4;11;2;794235;1
2021;7;3;805;805002;-;02;11;4;11;4;1825;1
2021;7;3;805;805002;-;02;11;4;11;5;41975;1
2021;7;3;805;805002;-;02;11;6;11;2;1003416;1
2021;7;3;805;805002;-;02;11;6;11;4;3650;1
2021;7;3;805;805002;-;02;11;6;11;5;21900;1
2021;7;3;805;805002;-;02;13;6;11;2;5635887;1
2021;7;3;805;805002;-;02;13;6;11;4;3600;1
2021;7;3;805;805002;-;02;13;6;11;5;67036;1
2021;7;3;805;805006;-;02;5;2;11;2;387012;2
2021;7;3;805;805006;-;02;5;2;11;4;2200;2
2021;7;3;805;805006;-;02;5;2;11;5;34500;2
2021;7;3;805;805006;-;02;5;3;11;2;334969;1
2021;7;3;805;805006;-;02;5;3;11;4;1825;1
2021;7;3;805;805006;-;02;5;3;11;5;15000;1
2021;7;3;805;805006;-;02;5;4;11;2;1302230;2
2021;7;3;805;805006;-;02;5;4;11;4;1800;1
2021;7;3;805;805006;-;02;5;4;11;5;71338;2
2021;7;3;805;805006;-;02;5;5;11;2;1873292;2
2021;7;3;805;805006;-;02;5;5;11;4;3000;1
2021;7;3;805;805006;-;02;5;5;11;5;49200;2
2021;7;3;805;805006;-;02;5;6;11;2;2576856;1
2021;7;3;805;805006;-;02;5;6;11;4;7500;1
2021;7;3;805;805006;-;02;5;6;11;5;60000;1
2021;7;3;805;805006;-;02;8;4;11;2;455997;1
2021;7;3;805;805006;-;02;8;4;11;5;3500;1
2021;7;3;805;805006;-;02;8;5;11;2;2206873;1
2021;7;3;805;805006;-;02;8;5;11;4;3600;1
2021;7;3;805;805006;-;02;8;5;11;5;54000;1
2021;7;3;805;805006;-;02;8;6;11;2;6403623;3
2021;7;3;805;805006;-;02;8;6;11;4;15625;3
2021;7;3;805;805006;-;02;8;6;11;5;397600;3
2021;7;3;805;805006;-;02;9;4;11;2;831796;1
2021;7;3;805;805006;-;02;9;4;11;4;7300;1
2021;7;3;805;805006;-;02;9;5;11;2;3309298;3
2021;7;3;805;805006;-;02;9;5;11;3;150000;1
2021;7;3;805;805006;-;02;9;5;11;4;44380;3
2021;7;3;805;805006;-;02;9;5;11;5;393600;3
2021;7;3;805;805006;-;02;11;2;11;2;268038;1
2021;7;3;805;805006;-;02;11;2;11;4;1800;1
2021;7;3;805;805006;-;02;11;2;11;5;15000;1
2021;7;3;805;805006;-;02;11;3;11;2;407318;2
2021;7;3;805;805006;-;02;11;3;11;4;3285;2
2021;7;3;805;805006;-;02;11;3;11;5;45350;2
2021;7;3;805;805006;-;02;11;4;11;2;1207171;4
2021;7;3;805;805006;-;02;11;4;11;4;10695;4
2021;7;3;805;805006;-;02;11;4;11;5;122700;4
2021;7;3;805;805006;-;02;11;5;11;2;8117405;9
2021;7;3;805;805006;-;02;11;5;11;4;46385;9
2021;7;3;805;805006;-;02;11;5;11;5;672100;9
2021;7;3;805;805006;-;02;11;6;11;2;6834238;3
2021;7;3;805;805006;-;02;11;6;11;4;27375;3
2021;7;3;805;805006;-;02;11;6;11;5;191525;3
2021;7;3;805;805006;-;02;12;5;11;2;3452524;4
2021;7;3;805;805006;-;02;12;5;11;4;17210;4
2021;7;3;805;805006;-;02;12;5;11;5;173525;4
2021;7;3;805;805006;-;02;12;6;11;2;9288085;2
2021;7;3;805;805006;-;02;12;6;11;4;6050;2
2021;7;3;805;805006;-;02;12;6;11;5;430350;2
2021;7;3;805;805006;-;02;12;7;11;2;13285276;2
2021;7;3;805;805006;-;02;12;7;11;4;35600;2
2021;7;3;805;805006;-;02;12;7;11;5;397524;2
2021;7;3;805;805006;-;02;13;5;11;2;11107486;2
2021;7;3;805;805006;-;02;13;5;11;4;12070;2
2021;7;3;805;805006;-;02;13;5;11;5;318255;2
2021;7;3;805;805006;-;02;13;6;11;2;6438099;1
2021;7;3;805;805006;-;02;13;6;11;4;3120;1
2021;7;3;805;805006;-;02;13;6;11;5;90222;1
2021;7;3;805;805007;-;02;9;5;11;2;1829973;1
2021;7;3;805;805007;-;02;9;5;11;4;2100;1
2021;7;3;805;805007;-;02;9;5;11;5;31600;1
2021;7;3;805;805007;-;02;11;6;11;2;2353694;1
2021;7;3;805;805007;-;02;11;6;11;4;730;1
2021;7;3;805;805007;-;02;11;6;11;5;73000;1
2021;7;4;801;801001;-;02;11;4;11;2;258235;1
2021;7;4;801;801001;-;02;11;4;11;4;1080;1
2021;7;4;801;801001;-;02;11;4;11;5;21600;1
2021;7;4;801;801002;-;02;2;7;11;2;3325290;1
2021;7;4;801;801002;-;02;2;7;11;4;3360;1
2021;7;4;801;801002;-;02;2;7;11;5;230000;1
2021;7;4;801;801002;-;02;9;7;11;2;7415591;1
2021;7;4;801;801002;-;02;9;7;11;4;3650;1
2021;7;4;801;801002;-;02;9;7;11;5;292000;1
2021;7;4;801;801002;-;02;11;4;11;2;1149465;1
2021;7;4;801;801002;-;02;11;4;11;4;3100;1
2021;7;4;801;801002;-;02;11;4;11;5;53400;1
2021;7;4;801;801002;-;02;11;7;11;2;6234509;1
2021;7;4;801;801002;-;02;11;7;11;4;20075;1
2021;7;4;801;801002;-;02;11;7;11;5;428650;1
2021;7;4;801;801002;-;02;12;6;11;1;5692904;1
2021;7;4;801;801002;-;02;12;6;11;5;207750;1
2021;7;4;801;801003;-;01;5;2;11;2;250;1
2021;7;4;801;801003;-;01;5;2;11;4;20;1
2021;7;4;801;801003;-;01;5;2;11;5;30;1
2021;7;4;801;801003;-;01;5;3;11;2;520730;1
2021;7;4;801;801003;-;01;5;3;11;4;4000;1
2021;7;4;801;801003;-;01;5;3;11;5;35000;1
2021;7;4;801;801003;-;01;11;3;11;3;40000;1
2021;7;4;801;801003;-;01;11;3;11;4;1460;1
2021;7;4;801;801003;-;01;11;3;11;5;25200;1
2021;7;4;801;801003;-;02;5;2;11;2;201426;2
2021;7;4;801;801003;-;02;5;2;11;4;1460;1
2021;7;4;801;801003;-;02;5;2;11;5;12000;2
2021;7;4;801;801003;-;02;5;3;11;2;416363;3
2021;7;4;801;801003;-;02;5;3;11;4;4055;3
2021;7;4;801;801003;-;02;5;3;11;5;11960;3
2021;7;4;801;801003;-;02;5;4;11;2;687387;2
2021;7;4;801;801003;-;02;5;4;11;4;3180;2
2021;7;4;801;801003;-;02;5;4;11;5;43525;2
2021;7;4;801;801003;-;02;5;6;11;2;3108171;1
2021;7;4;801;801003;-;02;5;6;11;4;37560;1
2021;7;4;801;801003;-;02;5;6;11;5;113639;1
2021;7;4;801;801003;-;02;8;3;11;2;203528;2
2021;7;4;801;801003;-;02;8;3;11;4;900;1
2021;7;4;801;801003;-;02;8;3;11;5;9360;1
2021;7;4;801;801003;-;02;8;4;11;2;640355;1
2021;7;4;801;801003;-;02;8;4;11;4;1310;1
2021;7;4;801;801003;-;02;8;4;11;5;53950;1
2021;7;4;801;801003;-;02;11;2;11;1;18000;1
2021;7;4;801;801003;-;02;11;2;11;2;762720;5
2021;7;4;801;801003;-;02;11;2;11;4;9365;5
2021;7;4;801;801003;-;02;11;2;11;5;30900;5
2021;7;4;801;801003;-;02;11;3;11;2;1185703;3
2021;7;4;801;801003;-;02;11;3;11;4;3520;3
2021;7;4;801;801003;-;02;11;3;11;5;71600;3
2021;7;4;801;801003;-;02;11;4;11;2;691622;2
2021;7;4;801;801003;-;02;11;4;11;4;3100;2
2021;7;4;801;801003;-;02;11;4;11;5;37200;2
2021;7;4;801;801003;-;02;11;5;11;2;2251213;1
2021;7;4;801;801003;-;02;11;5;11;4;3650;1
2021;7;4;801;801003;-;02;11;5;11;5;71000;1
2021;7;4;801;801004;-;02;11;5;11;2;1310966;1
2021;7;4;801;801004;-;02;11;5;11;4;730;1
2021;7;4;801;801004;-;02;11;5;11;5;90000;1
2021;7;4;801;801005;-;01;1;4;11;2;169752;1
2021;7;4;801;801005;-;01;1;4;11;4;8000;1
2021;7;4;801;801005;-;01;1;4;11;5;12500;1
2021;7;4;801;801005;-;02;5;2;11;2;652362;3
2021;7;4;801;801005;-;02;5;2;11;4;6710;3
2021;7;4;801;801005;-;02;5;2;11;5;20550;3
2021;7;4;801;801005;-;02;5;3;11;1;180000;1
2021;7;4;801;801005;-;02;5;3;11;2;60820;1
2021;7;4;801;801005;-;02;5;3;11;4;1895;2
2021;7;4;801;801005;-;02;5;3;11;5;3500;2
2021;7;4;801;801005;-;02;5;4;11;2;1768184;3
2021;7;4;801;801005;-;02;5;4;11;4;4765;3
2021;7;4;801;801005;-;02;5;4;11;5;80000;3
2021;7;4;801;801005;-;02;5;7;11;2;8939049;1
2021;7;4;801;801005;-;02;5;7;11;4;8500;1
2021;7;4;801;801005;-;02;5;7;11;5;145000;1
2021;7;4;801;801005;-;02;8;4;11;2;1199001;1
2021;7;4;801;801005;-;02;8;4;11;4;3650;1
2021;7;4;801;801005;-;02;8;4;11;5;18250;1
2021;7;4;801;801005;-;02;11;3;11;2;995592;2
2021;7;4;801;801005;-;02;11;3;11;4;2460;2
2021;7;4;801;801005;-;02;11;3;11;5;9000;1
2021;7;4;801;801005;-;02;11;4;11;1;400630;1
2021;7;4;801;801005;-;02;11;4;11;2;903073;2
2021;7;4;801;801005;-;02;11;4;11;4;3030;3
2021;7;4;801;801005;-;02;11;4;11;5;29100;3
2021;7;4;801;801005;-;02;11;6;11;2;2041908;1
2021;7;4;801;801005;-;02;11;6;11;4;18000;1
2021;7;4;801;801005;-;02;11;6;11;5;102000;1
2021;7;4;801;801005;-;02;12;4;11;2;160000;1
2021;7;4;801;801005;-;02;12;4;11;4;1800;1
2021;7;4;801;801005;-;02;12;4;11;5;20000;1
2021;7;4;801;801005;-;02;12;6;11;2;3643502;1
2021;7;4;801;801005;-;02;12;6;11;4;3650;1
2021;7;4;801;801005;-;02;12;6;11;5;136255;1
2021;7;4;801;801006;-;02;11;2;11;2;394965;1
2021;7;4;801;801006;-;02;11;2;11;4;1095;1
2021;7;4;801;801006;-;02;11;2;11;5;16000;1
2021;7;4;805;805002;-;02;5;7;11;2;7150000;1
2021;7;4;805;805002;-;02;5;7;11;4;18250;1
2021;7;4;805;805002;-;02;5;7;11;5;221750;1
2021;7;4;805;805006;-;02;11;3;11;2;380486;1
2021;7;4;805;805006;-;02;11;3;11;4;1800;1
2021;7;4;805;805006;-;02;11;3;11;5;21600;1
2021;7;5;801;801005;-;63;5;1;11;2;23086;1
2021;7;5;801;801005;-;63;5;1;11;4;730;1
2021;7;5;801;801005;-;63;5;1;11;5;2500;1
2021;7;5;805;805002;-;02;5;2;11;3;48000;1
2021;7;5;805;805002;-;02;5;2;11;4;730;1
2021;7;5;805;805002;-;02;5;2;11;5;1800;1
2021;7;5;805;805007;-;02;5;4;11;2;749963;1
2021;7;5;805;805007;-;02;5;4;11;4;3650;1
2021;7;5;805;805007;-;02;5;4;11;5;12960;1
2021;7;5;805;805007;-;02;8;4;11;2;1282436;2
2021;7;5;805;805007;-;02;8;4;11;4;5850;2
2021;7;5;805;805007;-;02;8;4;11;5;37060;2
2021;7;5;805;805007;-;02;8;5;11;2;843584;1
2021;7;5;805;805007;-;02;8;5;11;4;1825;1
2021;7;5;805;805007;-;02;8;5;11;5;2160;1
2021;7;5;805;805007;-;02;9;3;11;2;60209;1
2021;7;5;805;805007;-;02;9;3;11;3;60209;1
2021;7;5;805;805007;-;02;9;3;11;4;427;1
2021;7;5;805;805007;-;02;9;3;11;5;3722;1
2021;7;5;805;805007;-;02;9;5;11;2;2746157;2
2021;7;5;805;805007;-;02;9;5;11;4;12400;2
2021;7;5;805;805007;-;02;9;5;11;5;145000;2
2021;7;5;805;805007;-;02;11;6;11;2;4269195;1
2021;7;5;805;805007;-;02;11;6;11;4;4050;1
2021;7;5;805;805007;-;02;11;6;11;5;306550;1
2021;7;6;803;803001;-;01;2;7;11;2;2391686;1
2021;7;6;803;803001;-;01;2;7;11;4;5500;1
2021;7;6;803;803001;-;01;2;7;11;5;80000;1
2021;7;6;803;803001;-;01;5;4;11;2;191619;1
2021;7;6;803;803001;-;01;5;4;11;4;750;1
2021;7;6;803;803001;-;01;5;4;11;5;14600;1
2021;7;6;803;803003;-;02;11;5;11;2;185269;1
2021;7;6;803;803003;-;02;11;5;11;4;1095;1
2021;7;7;805;805003;-;02;5;3;11;2;60859;1
2021;7;7;805;805003;-;02;5;3;11;4;1095;1
2021;7;7;805;805003;-;02;5;3;11;5;7300;1
2021;7;7;805;805003;-;02;5;4;11;2;298677;1
2021;7;7;805;805003;-;02;5;4;11;4;1825;1
2021;7;7;805;805003;-;02;5;4;11;5;23000;1
2021;7;7;805;805003;-;02;8;5;11;2;1667853;2
2021;7;7;805;805003;-;02;8;5;11;4;9150;2
2021;7;7;805;805003;-;02;8;5;11;5;87500;2
2021;7;7;805;805003;-;02;11;3;11;1;10850;1
2021;7;7;805;805003;-;02;11;3;11;4;365;1
2021;7;7;805;805003;-;02;11;3;11;5;1000;1
2021;7;7;805;805003;-;02;11;4;11;2;1144514;1
2021;7;7;805;805003;-;02;11;4;11;4;3650;1
2021;7;7;805;805003;-;02;11;4;11;5;54750;1
2021;7;7;805;805003;-;02;11;5;11;2;1122953;1
2021;7;7;805;805003;-;02;11;5;11;4;5000;1
2021;7;7;805;805003;-;02;11;5;11;5;55000;1
2021;7;7;805;805003;-;02;11;6;11;2;1508561;1
2021;7;7;805;805003;-;02;11;6;11;4;3650;1
2021;7;7;805;805003;-;02;11;6;11;5;147206;1
2021;7;7;805;805003;-;02;11;7;11;2;2030310;1
2021;7;7;805;805004;-;02;5;2;11;1;44700;1
2021;7;7;805;805004;-;02;5;2;11;2;50000;1
2021;7;7;805;805004;-;02;5;2;11;4;790;2
2021;7;7;805;805004;-;02;5;2;11;5;5900;2
2021;7;7;805;805004;-;02;5;3;11;2;504608;1
2021;7;7;805;805004;-;02;5;3;11;4;730;1
2021;7;7;805;805004;-;02;5;3;11;5;20000;1
2021;7;7;805;805004;-;02;5;4;11;2;377206;1
2021;7;7;805;805004;-;02;5;4;11;4;750;1
2021;7;7;805;805004;-;02;5;4;11;5;25000;1
2021;7;7;805;805004;-;02;8;3;11;2;481248;1
2021;7;7;805;805004;-;02;8;3;11;4;1400;1
2021;7;7;805;805004;-;02;8;3;11;5;24000;1
2021;7;7;805;805004;-;02;8;4;11;2;516364;1
2021;7;7;805;805004;-;02;8;4;11;4;1200;1
2021;7;7;805;805004;-;02;8;4;11;5;9000;1
2021;7;7;805;805004;-;02;8;5;11;2;833000;1
2021;7;7;805;805004;-;02;8;5;11;4;6000;1
2021;7;7;805;805004;-;02;8;5;11;5;25000;1
2021;7;7;805;805004;-;02;11;3;11;2;312571;1
2021;7;7;805;805004;-;02;11;3;11;4;1100;1
2021;7;7;805;805004;-;02;11;3;11;5;7600;1
2021;7;7;805;805004;-;02;11;4;11;2;649181;1
2021;7;7;805;805004;-;02;11;4;11;4;1850;1
2021;7;7;805;805004;-;02;11;4;11;5;31000;1
2021;7;7;805;805004;-;02;11;5;11;2;2162135;1
2021;7;7;805;805004;-;02;11;5;11;4;3650;1
2021;7;7;805;805004;-;02;11;5;11;5;72000;1
2021;7;7;805;805004;-;02;12;5;11;2;1394014;1
2021;7;7;805;805004;-;02;12;5;11;5;31000;1
2021;7;7;805;805005;-;02;5;2;11;2;173000;2
2021;7;7;805;805005;-;02;5;2;11;4;1350;2
2021;7;7;805;805005;-;02;5;2;11;5;16600;2
2021;7;7;805;805005;-;02;5;4;11;2;1575388;3
2021;7;7;805;805005;-;02;5;4;11;4;8625;3
2021;7;7;805;805005;-;02;5;4;11;5;102000;3
2021;7;7;805;805005;-;02;5;6;11;2;2357894;1
2021;7;7;805;805005;-;02;5;6;11;4;5500;1
2021;7;7;805;805005;-;02;5;6;11;5;90000;1
2021;7;7;805;805005;-;02;8;4;11;2;521288;1
2021;7;7;805;805005;-;02;8;4;11;4;1095;1
2021;7;7;805;805005;-;02;8;4;11;5;35405;1
2021;7;7;805;805005;-;02;9;5;11;2;849896;1
2021;7;7;805;805005;-;02;9;5;11;4;2190;1
2021;7;7;805;805005;-;02;9;5;11;5;50000;1
2021;7;7;805;805005;-;02;11;2;11;2;248755;1
2021;7;7;805;805005;-;02;11;2;11;4;1800;1
2021;7;7;805;805005;-;02;11;2;11;5;18000;1
2021;7;7;805;805005;-;02;11;4;11;2;36700;1
2021;7;7;805;805005;-;02;11;4;11;4;600;1
2021;7;7;805;805005;-;02;11;4;11;5;3600;1
2021;7;7;805;805005;-;02;11;5;11;2;1399394;2
2021;7;7;805;805005;-;02;11;5;11;4;46000;2
2021;7;7;805;805005;-;02;11;5;11;5;38325;2
2021;7;8;801;801005;-;02;5;3;11;2;128132;1
2021;7;8;804;804001;-;02;5;5;11;2;3532961;3
2021;7;8;804;804001;-;02;5;5;11;4;9325;3
2021;7;8;804;804001;-;02;5;5;11;5;233700;3
2021;7;8;804;804001;-;02;8;3;11;2;550000;1
2021;7;8;804;804001;-;02;8;3;11;4;3600;1
2021;7;8;804;804001;-;02;8;3;11;5;22000;1
2021;7;8;804;804001;-;02;8;5;11;2;886121;1
2021;7;8;804;804001;-;02;8;5;11;4;1825;1
2021;7;8;804;804001;-;02;8;5;11;5;50000;1
2021;7;8;804;804001;-;02;11;2;11;2;150146;2
2021;7;8;804;804001;-;02;11;2;11;4;1725;2
2021;7;8;804;804001;-;02;11;2;11;5;14650;2
2021;7;8;804;804001;-;02;11;3;11;2;351888;1
2021;7;8;804;804001;-;02;11;3;11;4;2000;1
2021;7;8;804;804001;-;02;11;3;11;5;4000;1
2021;7;8;804;804001;-;02;11;5;11;2;1332000;1
2021;7;8;804;804001;-;02;11;5;11;4;1000;1
2021;7;8;804;804001;-;02;11;5;11;5;37000;1
2021;7;8;804;804001;-;02;11;6;11;2;3072123;1
2021;7;8;804;804001;-;02;11;6;11;4;7300;1
2021;7;8;804;804001;-;02;11;6;11;5;109500;1
2021;7;8;804;804001;-;02;12;7;11;2;6769600;1
2021;7;8;804;804001;-;02;12;7;11;4;3650;1
2021;7;8;804;804001;-;02;12;7;11;5;273960;1
2021;7;8;805;805001;-;02;2;6;11;2;3415682;1
2021;7;8;805;805001;-;02;2;6;11;4;2000;1
2021;7;8;805;805001;-;02;2;6;11;5;194885;1
2021;7;8;805;805001;-;02;5;2;11;2;49504;1
2021;7;8;805;805001;-;02;5;2;11;4;360;1
2021;7;8;805;805001;-;02;5;2;11;5;5000;1
2021;7;8;805;805001;-;02;5;4;11;2;157485;1
2021;7;8;805;805001;-;02;5;4;11;4;2000;1
2021;7;8;805;805001;-;02;5;4;11;5;36000;1
2021;7;8;805;805001;-;02;5;6;11;2;2748471;1
2021;7;8;805;805001;-;02;5;6;11;4;10000;1
2021;7;8;805;805001;-;02;5;6;11;5;69000;1
2021;7;8;805;805001;-;02;8;4;11;2;511274;2
2021;7;8;805;805001;-;02;8;4;11;4;1730;2
2021;7;8;805;805001;-;02;8;4;11;5;41200;2
2021;7;8;805;805001;-;02;8;6;11;2;7319554;2
2021;7;8;805;805001;-;02;8;6;11;4;11600;2
2021;7;8;805;805001;-;02;8;6;11;5;222110;2
2021;7;8;805;805001;-;02;9;2;11;2;358739;1
2021;7;8;805;805001;-;02;9;2;11;4;4200;1
2021;7;8;805;805001;-;02;9;2;11;5;7200;1
2021;7;8;805;805001;-;02;9;5;11;2;471035;1
2021;7;8;805;805001;-;02;9;5;11;4;1825;1
2021;7;8;805;805001;-;02;9;5;11;5;51000;1
2021;7;8;805;805001;-;02;9;7;11;2;4843125;1
2021;7;8;805;805001;-;02;9;7;11;5;96800;1
2021;7;8;805;805001;-;02;11;3;11;2;137079;1
2021;7;8;805;805001;-;02;11;3;11;4;730;1
2021;7;8;805;805001;-;02;11;3;11;5;6750;1
2021;7;8;805;805001;-;02;11;4;11;2;1502207;2
2021;7;8;805;805001;-;02;11;4;11;4;2575;2
2021;7;8;805;805001;-;02;11;4;11;5;21300;1
2021;7;8;805;805001;-;02;11;5;11;2;1332791;2
2021;7;8;805;805001;-;02;11;5;11;4;5000;1
2021;7;8;805;805001;-;02;12;6;11;2;7984567;2
2021;7;8;805;805001;-;02;12;6;11;4;4194;1
2021;7;8;805;805001;-;02;12;6;11;5;272400;2
2021;7;8;805;805002;-;02;11;3;11;2;294928;1
2021;7;8;805;805002;-;02;11;3;11;4;730;1
2021;7;8;805;805002;-;02;11;3;11;5;19000;1
2021;7;8;805;805002;-;02;13;6;11;2;7579265;1
2021;7;8;805;805002;-;02;13;6;11;4;3000;1
2021;7;8;805;805002;-;02;13;6;11;5;163259;1
2021;7;9;803;803001;-;02;2;7;11;2;749963;1
2021;7;9;803;803001;-;02;2;7;11;4;7300;1
2021;7;9;803;803001;-;02;2;7;11;5;51840;1
2021;7;9;804;804002;-;02;5;7;11;2;4372851;1
2021;7;9;804;804002;-;02;5;7;11;4;11000;1
2021;7;9;804;804002;-;02;5;7;11;5;123750;1
2021;7;9;804;804002;-;02;8;5;11;2;1351918;2
2021;7;9;804;804002;-;02;8;5;11;5;43500;2
2021;7;9;804;804002;-;02;9;6;11;2;2206237;1
2021;7;9;804;804002;-;02;9;6;11;4;5500;1
2021;7;9;804;804002;-;02;9;6;11;5;183000;1
2021;7;9;804;804002;-;02;9;8;11;2;4884855;1
2021;7;9;804;804002;-;02;9;8;11;4;19300;1
2021;7;9;804;804002;-;02;9;8;11;5;260500;1
2021;7;9;804;804002;-;02;11;2;11;1;52400;1
2021;7;9;804;804002;-;02;11;2;11;4;720;1
2021;7;9;804;804002;-;02;11;2;11;5;2160;1
2021;7;9;804;804002;-;02;11;3;11;2;350000;1
2021;7;9;804;804002;-;02;11;3;11;5;50000;1
2021;7;9;804;804002;-;02;11;6;11;2;1880951;1
2021;7;9;804;804002;-;02;11;6;11;4;3000;1
2021;7;9;804;804002;-;02;11;6;11;5;8000;1
2021;7;9;804;804002;-;02;12;6;11;2;3878264;1
2021;7;9;804;804002;-;02;12;6;11;4;5500;1
2021;7;9;804;804002;-;02;12;6;11;5;304095;1
2021;7;9;804;804002;-;02;13;6;11;2;3278525;1
2021;7;9;804;804002;-;02;13;6;11;4;4300;1
2021;7;9;804;804002;-;02;13;6;11;5;84860;1
2021;7;9;804;804002;-;63;12;1;11;2;506276;1
2021;7;9;804;804002;-;63;12;1;11;4;1500;1
2021;7;9;804;804002;-;63;12;1;11;5;20400;1
2021;7;9;804;804003;-;01;9;7;11;2;3779552;1
2021;7;9;804;804003;-;01;9;7;11;4;10244;1
2021;7;9;804;804003;-;01;9;7;11;5;124698;1
2021;7;9;804;804003;-;01;11;8;11;2;610000;1
2021;7;9;804;804003;-;01;11;8;11;4;2200;1
2021;7;9;804;804003;-;01;11;8;11;5;4700;1
2021;7;9;804;804003;-;02;5;2;11;2;163873;1
2021;7;9;804;804003;-;02;5;2;11;4;1090;1
2021;7;9;804;804003;-;02;5;2;11;5;4800;1
2021;7;9;804;804003;-;02;5;3;11;2;184849;1
2021;7;9;804;804003;-;02;5;3;11;4;1300;1
2021;7;9;804;804003;-;02;5;3;11;5;10000;1
2021;7;9;804;804003;-;02;5;4;11;2;4235290;10
2021;7;9;804;804003;-;02;5;4;11;4;6265;6
2021;7;9;804;804003;-;02;5;4;11;5;182950;8
2021;7;9;804;804003;-;02;5;5;11;2;3059435;4
2021;7;9;804;804003;-;02;5;5;11;4;6560;3
2021;7;9;804;804003;-;02;5;5;11;5;140400;4
2021;7;9;804;804003;-;02;8;4;11;2;1176125;4
2021;7;9;804;804003;-;02;8;4;11;4;8415;3
2021;7;9;804;804003;-;02;8;4;11;5;102100;3
2021;7;9;804;804003;-;02;8;5;11;2;2249471;3
2021;7;9;804;804003;-;02;8;5;11;4;4980;3
2021;7;9;804;804003;-;02;8;5;11;5;233700;3
2021;7;9;804;804003;-;02;8;6;11;2;2345184;1
2021;7;9;804;804003;-;02;8;6;11;4;3650;1
2021;7;9;804;804003;-;02;8;6;11;5;45000;1
2021;7;9;804;804003;-;02;9;5;11;2;1234000;1
2021;7;9;804;804003;-;02;9;5;11;4;3000;1
2021;7;9;804;804003;-;02;9;5;11;5;25000;1
2021;7;9;804;804003;-;02;11;3;11;1;271330;1
2021;7;9;804;804003;-;02;11;3;11;2;554433;2
2021;7;9;804;804003;-;02;11;3;11;4;1460;1
2021;7;9;804;804003;-;02;11;3;11;5;26510;3
2021;7;9;804;804003;-;02;11;4;11;2;3646079;7
2021;7;9;804;804003;-;02;11;4;11;4;10995;7
2021;7;9;804;804003;-;02;11;4;11;5;209201;6
2021;7;9;804;804003;-;02;11;5;11;2;4695407;6
2021;7;9;804;804003;-;02;11;5;11;4;13260;6
2021;7;9;804;804003;-;02;11;5;11;5;255660;6
2021;7;9;804;804003;-;02;11;6;11;2;543180;1
2021;7;9;804;804003;-;02;11;6;11;4;1825;1
2021;7;9;804;804003;-;02;11;6;11;5;54750;1
2021;7;9;804;804003;-;02;12;4;11;2;893265;1
2021;7;9;804;804003;-;02;12;4;11;4;1460;1
2021;7;9;804;804003;-;02;12;4;11;5;26797;1
2021;7;9;804;804003;-;02;12;6;11;1;1568035;1
2021;7;9;804;804003;-;02;12;6;11;4;3650;1
2021;7;9;804;804003;-;02;12;6;11;5;48000;1
2021;7;9;804;804004;-;02;11;4;11;2;1015380;1
2021;7;9;804;804004;-;02;11;4;11;4;1890;1
2021;7;9;804;804004;-;02;11;4;11;5;18000;1
2021;7;9;804;804006;-;02;5;3;11;2;180000;1
2021;7;9;804;804006;-;02;5;3;11;4;400;1
2021;7;9;804;804006;-;02;8;6;11;2;1685244;1
2021;7;9;804;804006;-;02;8;6;11;4;3500;1
2021;7;9;804;804006;-;02;8;6;11;5;105000;1
2021;7;9;804;804006;-;02;11;2;11;1;45800;1
2021;7;9;804;804006;-;02;11;4;11;2;358373;1
2021;7;9;804;804006;-;02;11;4;11;4;3650;1
2021;7;9;804;804006;-;02;11;4;11;5;54000;1
2021;7;9;804;804006;-;02;12;7;11;2;3113527;1
2021;7;9;804;804006;-;02;12;7;11;4;14880;1
2021;7;9;804;804006;-;02;12;7;11;5;126630;1
2021;7;9;805;805004;-;02;5;4;11;2;248039;1
2021;7;9;805;805004;-;02;5;4;11;4;375;1
2021;7;9;805;805004;-;02;5;4;11;5;6480;1
2021;7;10;801;801004;-;02;5;4;11;2;872281;1
2021;7;10;801;801004;-;02;5;4;11;4;1500;1
2021;7;10;801;801004;-;02;5;4;11;5;24000;1
2021;7;10;801;801004;-;02;9;5;11;2;1742323;1
2021;7;10;801;801004;-;02;9;5;11;4;1825;1
2021;7;10;801;801004;-;02;9;5;11;5;90450;1
2021;7;10;801;801004;-;02;11;6;11;2;1146334;1
2021;7;10;801;801004;-;02;11;6;11;4;1440;1
2021;7;10;801;801004;-;02;11;6;11;5;32120;1
2021;7;10;801;801004;-;02;12;6;11;2;5145788;1
2021;7;10;801;801004;-;02;12;6;11;4;4015;1
2021;7;10;801;801004;-;02;12;6;11;5;181440;1
2021;7;10;801;801007;-;01;11;5;11;4;1000;1
2021;7;10;801;801007;-;01;11;5;11;5;50000;1
2021;7;10;801;801007;-;02;8;4;11;2;439133;1
2021;7;10;801;801007;-;02;8;4;11;4;200;1
2021;7;10;801;801007;-;02;8;4;11;5;21900;1
2021;7;10;802;802005;-;02;2;7;11;1;5735286;1
2021;7;10;802;802005;-;02;2;7;11;4;19200;1
2021;7;10;802;802005;-;02;2;7;11;5;245121;1
2021;7;11;801;801007;-;02;5;4;11;2;883592;1
2021;7;11;801;801007;-;02;5;4;11;4;1100;1
2021;7;11;801;801007;-;02;5;4;11;5;72500;1
2021;7;11;802;802002;-;02;5;4;11;2;2099909;4
2021;7;11;802;802002;-;02;5;4;11;4;3590;4
2021;7;11;802;802002;-;02;5;4;11;5;90000;4
2021;7;11;802;802002;-;02;11;3;11;2;23000;1
2021;7;11;802;802002;-;02;11;3;11;3;7000;1
2021;7;11;802;802002;-;02;11;3;11;4;1200;1
2021;7;11;802;802002;-;02;11;3;11;5;7000;1
2021;7;11;802;802002;-;02;11;4;11;2;3687337;6
2021;7;11;802;802002;-;02;11;4;11;4;4385;6
2021;7;11;802;802002;-;02;11;4;11;5;137000;6
2021;7;11;802;802002;-;02;11;5;11;1;1160000;1
2021;7;11;802;802002;-;02;11;5;11;2;1006105;1
2021;7;11;802;802002;-;02;11;5;11;5;190000;2
2021;7;13;0;0;-;63;5;1;11;2;126350;1
2021;7;13;0;0;-;63;5;1;11;4;8000;1
2021;7;13;0;0;-;63;5;1;11;5;15000;1
2021;7;13;801;801001;-;02;5;4;11;2;374474;1
2021;7;13;801;801001;-;02;5;4;11;4;1460;1
2021;7;13;801;801001;-;02;5;4;11;5;6000;1
2021;7;13;801;801001;-;02;5;5;11;2;1778432;1
2021;7;13;801;801001;-;02;5;5;11;5;45920;1
2021;7;13;801;801001;-;02;8;4;11;2;1174987;1
2021;7;13;801;801001;-;02;8;4;11;5;15000;1
2021;7;13;801;801001;-;02;8;7;11;2;8006864;1
2021;7;13;801;801001;-;02;8;7;11;4;7200;1
2021;7;13;801;801001;-;02;8;7;11;5;330900;1
2021;7;13;801;801001;-;02;11;3;11;2;256514;1
2021;7;13;801;801001;-;02;11;3;11;4;780;1
2021;7;13;801;801001;-;02;11;3;11;5;20000;1
2021;7;13;801;801001;-;02;11;4;11;2;324947;1
2021;7;13;801;801001;-;02;11;4;11;4;730;1
2021;7;13;801;801001;-;02;11;4;11;5;20000;1
2021;7;13;801;801001;-;02;11;5;11;1;543897;1
2021;7;13;801;801001;-;02;11;5;11;4;2500;1
2021;7;13;801;801001;-;02;11;5;11;5;30000;1
2021;7;13;801;801001;-;02;13;6;11;2;1848122;1
2021;7;13;801;801001;-;02;13;6;11;4;5500;1
2021;7;13;801;801001;-;02;13;6;11;5;50000;1
2021;7;13;801;801003;-;02;5;3;11;2;1249358;2
2021;7;13;801;801003;-;02;5;3;11;4;4000;2
2021;7;13;801;801003;-;02;5;3;11;5;24400;2
2021;7;13;801;801003;-;02;5;5;11;2;312800;1
2021;7;13;801;801003;-;02;5;5;11;4;1950;1
2021;7;13;801;801003;-;02;5;5;11;5;27000;1
2021;7;13;801;801003;-;02;8;3;11;2;1131701;2
2021;7;13;801;801003;-;02;8;3;11;5;25400;2
2021;7;13;801;801003;-;02;11;5;11;2;2126445;2
2021;7;13;801;801003;-;02;11;5;11;4;3825;2
2021;7;13;801;801003;-;02;11;5;11;5;60000;2
2021;7;13;801;801003;-;02;12;7;11;2;3807743;1
2021;7;13;801;801003;-;02;12;7;11;4;4745;1
2021;7;13;801;801003;-;02;12;7;11;5;79440;1
2021;7;13;801;801006;-;01;5;3;11;1;200;1
2021;7;13;801;801006;-;01;5;3;11;4;300;1
2021;7;13;801;801006;-;01;5;3;11;5;500;1
2021;7;13;801;801006;-;02;5;3;11;2;1502626;4
2021;7;13;801;801006;-;02;5;3;11;4;3165;3
2021;7;13;801;801006;-;02;5;3;11;5;55960;4
2021;7;13;801;801006;-;02;8;4;11;2;715932;1
2021;7;13;801;801006;-;02;8;4;11;4;2000;1
2021;7;13;801;801006;-;02;8;4;11;5;100000;1
2021;7;13;801;801006;-;02;11;4;11;2;1122044;1
2021;7;13;801;801006;-;02;11;4;11;4;2500;1
2021;7;13;801;801006;-;02;11;4;11;5;28750;1
2021;7;13;801;801006;-;02;11;5;11;3;90000;1
2021;7;13;801;801006;-;02;11;5;11;4;700;1
2021;7;13;801;801006;-;02;11;5;11;5;5000;1
2021;7;13;802;802004;-;02;11;4;11;2;54000;1
2021;7;13;802;802004;-;02;11;4;11;4;700;1
2021;7;13;802;802004;-;02;11;4;11;5;1800;1
2021;7;14;802;802005;-;02;2;9;11;1;130623361;1
2021;7;14;802;802005;-;18;5;1;11;2;589815;1
2021;7;14;802;802005;-;18;5;1;11;4;700;1
2021;7;15;804;804006;-;01;11;4;11;4;365;1
2021;7;15;804;804006;-;01;11;4;11;5;15000;1
2021;7;15;804;804006;-;02;5;2;11;2;25169;1
2021;7;15;804;804006;-;02;5;2;11;4;375;1
2021;7;15;804;804006;-;02;5;2;11;5;7200;1
2021;7;15;804;804006;-;02;5;3;11;2;229840;1
2021;7;15;804;804006;-;02;5;3;11;4;1820;1
2021;7;15;804;804006;-;02;5;3;11;5;45400;1
2021;7;15;804;804006;-;02;5;4;11;2;2397768;4
2021;7;15;804;804006;-;02;5;4;11;4;2895;3
2021;7;15;804;804006;-;02;5;4;11;5;103000;3
2021;7;15;804;804006;-;02;5;5;11;2;4286311;5
2021;7;15;804;804006;-;02;5;5;11;4;6625;4
2021;7;15;804;804006;-;02;5;5;11;5;131640;5
2021;7;15;804;804006;-;02;5;6;11;2;3808665;2
2021;7;15;804;804006;-;02;5;6;11;4;10500;2
2021;7;15;804;804006;-;02;5;6;11;5;125000;2
2021;7;15;804;804006;-;02;8;3;11;2;410565;2
2021;7;15;804;804006;-;02;8;3;11;4;720;1
2021;7;15;804;804006;-;02;8;3;11;5;400;1
2021;7;15;804;804006;-;02;8;5;11;2;4718836;2
2021;7;15;804;804006;-;02;8;5;11;4;7300;2
2021;7;15;804;804006;-;02;8;5;11;5;144470;2
2021;7;15;804;804006;-;02;8;6;11;2;252810;1
2021;7;15;804;804006;-;02;8;6;11;4;3650;1
2021;7;15;804;804006;-;02;8;6;11;5;10570;1
2021;7;15;804;804006;-;02;8;7;11;2;16069136;2
2021;7;15;804;804006;-;02;8;7;11;4;30000;1
2021;7;15;804;804006;-;02;8;7;11;5;598200;2
2021;7;15;804;804006;-;02;9;4;11;2;899075;2
2021;7;15;804;804006;-;02;9;4;11;4;2550;2
2021;7;15;804;804006;-;02;9;4;11;5;96000;2
2021;7;15;804;804006;-;02;9;5;11;2;1237090;1
2021;7;15;804;804006;-;02;9;5;11;4;730;1
2021;7;15;804;804006;-;02;9;5;11;5;13200;1
2021;7;15;804;804006;-;02;9;6;11;2;2286820;1
2021;7;15;804;804006;-;02;9;6;11;4;7300;1
2021;7;15;804;804006;-;02;9;6;11;5;127750;1
2021;7;15;804;804006;-;02;9;7;11;2;2049055;1
2021;7;15;804;804006;-;02;9;7;11;4;2190;1
2021;7;15;804;804006;-;02;9;7;11;5;50000;1
2021;7;15;804;804006;-;02;11;3;11;2;1848379;6
2021;7;15;804;804006;-;02;11;3;11;4;6690;5
2021;7;15;804;804006;-;02;11;3;11;5;84200;4
2021;7;15;804;804006;-;02;11;4;11;2;1629610;2
2021;7;15;804;804006;-;02;11;4;11;4;4800;2
2021;7;15;804;804006;-;02;11;4;11;5;99000;2
2021;7;15;804;804006;-;02;11;5;11;2;2672355;2
2021;7;15;804;804006;-;02;11;5;11;4;39300;2
2021;7;15;804;804006;-;02;11;5;11;5;66650;2
2021;7;15;804;804006;-;02;11;6;11;2;4877858;3
2021;7;15;804;804006;-;02;11;6;11;4;35330;3
2021;7;15;804;804006;-;02;11;6;11;5;183900;3
2021;7;15;804;804006;-;02;12;4;11;2;568976;1
2021;7;15;804;804006;-;02;12;4;11;4;3650;1
2021;7;15;804;804006;-;02;12;4;11;5;24000;1
2021;7;15;804;804006;-;02;12;5;11;2;9042059;2
2021;7;15;804;804006;-;02;12;5;11;4;500;1
2021;7;15;804;804006;-;02;12;5;11;5;100490;1
2021;7;15;804;804006;-;02;12;6;11;1;2780411;1
2021;7;15;804;804006;-;02;12;6;11;2;1042799;1
2021;7;15;804;804006;-;02;12;6;11;4;20730;2
2021;7;15;804;804006;-;02;12;6;11;5;90000;2
2021;7;15;804;804006;-;02;12;8;11;2;2066425;1
2021;7;15;804;804006;-;02;12;8;11;4;38000;1
2021;7;15;804;804006;-;02;12;8;11;5;125000;1
2021;7;16;805;805007;-;02;2;7;11;2;2219284;1
2021;7;16;805;805007;-;02;2;7;11;4;7300;1
2021;7;16;805;805007;-;02;2;7;11;5;65280;1
2021;7;16;805;805007;-;02;5;2;11;2;42000;1
2021;7;16;805;805007;-;02;5;3;11;2;565919;2
2021;7;16;805;805007;-;02;5;3;11;4;1832;2
2021;7;16;805;805007;-;02;5;3;11;5;45203;2
2021;7;16;805;805007;-;02;5;4;11;2;1117061;2
2021;7;16;805;805007;-;02;5;4;11;4;1440;2
2021;7;16;805;805007;-;02;5;4;11;5;26500;2
2021;7;16;805;805007;-;02;5;5;11;2;3577796;3
2021;7;16;805;805007;-;02;5;5;11;4;11475;3
2021;7;16;805;805007;-;02;5;5;11;5;96360;3
2021;7;16;805;805007;-;02;5;6;11;2;3586116;1
2021;7;16;805;805007;-;02;5;6;11;4;8800;1
2021;7;16;805;805007;-;02;5;6;11;5;52000;1
2021;7;16;805;805007;-;02;8;3;11;2;893474;2
2021;7;16;805;805007;-;02;8;3;11;4;1730;2
2021;7;16;805;805007;-;02;8;3;11;5;11500;1
2021;7;16;805;805007;-;02;8;4;11;2;1541072;2
2021;7;16;805;805007;-;02;8;4;11;4;8750;2
2021;7;16;805;805007;-;02;8;4;11;5;79200;2
2021;7;16;805;805007;-;02;8;5;11;2;1267254;1
2021;7;16;805;805007;-;02;8;5;11;4;2100;1
2021;7;16;805;805007;-;02;8;5;11;5;50000;1
2021;7;16;805;805007;-;02;8;6;11;2;851522;1
2021;7;16;805;805007;-;02;8;6;11;5;2500;1
2021;7;16;805;805007;-;02;9;4;11;2;1729556;1
2021;7;16;805;805007;-;02;9;4;11;4;3600;1
2021;7;16;805;805007;-;02;9;4;11;5;54000;1
2021;7;16;805;805007;-;02;9;5;11;2;2943884;2
2021;7;16;805;805007;-;02;9;5;11;4;11620;2
2021;7;16;805;805007;-;02;9;5;11;5;142540;2
2021;7;16;805;805007;-;02;11;3;11;2;1217080;3
2021;7;16;805;805007;-;02;11;3;11;4;3855;3
2021;7;16;805;805007;-;02;11;3;11;5;42668;2
2021;7;16;805;805007;-;02;11;4;11;2;1342631;3
2021;7;16;805;805007;-;02;11;4;11;4;13875;3
2021;7;16;805;805007;-;02;11;4;11;5;59570;3
2021;7;16;805;805007;-;02;11;5;11;2;3633663;4
2021;7;16;805;805007;-;02;11;5;11;4;21515;4
2021;7;16;805;805007;-;02;11;5;11;5;183795;4
2021;7;16;805;805007;-;02;11;6;11;2;2015041;2
2021;7;16;805;805007;-;02;11;6;11;4;13300;2
2021;7;16;805;805007;-;02;11;6;11;5;152800;2
2021;7;16;805;805007;-;02;12;5;11;2;611490;1
2021;7;16;805;805007;-;02;12;5;11;4;1520;1
2021;7;16;805;805007;-;02;12;5;11;5;20000;1
2021;7;16;805;805007;-;02;13;6;11;2;3026802;1
2021;7;16;805;805007;-;02;13;6;11;4;5000;1
2021;7;16;805;805007;-;02;13;6;11;5;60000;1
2021;8;2;0;0;-;18;11;1;11;3;1500;1
2021;8;2;0;0;-;18;11;1;11;4;300;1
2021;8;2;907;907001;-;02;5;2;11;2;380000;1
2021;8;2;907;907001;-;02;5;2;11;4;10000;1
2021;8;2;907;907001;-;02;5;2;11;5;15000;1
2021;8;2;907;907001;-;02;5;3;11;2;921629;1
2021;8;2;907;907001;-;02;5;3;11;4;1700;1
2021;8;2;907;907001;-;02;5;3;11;5;26000;1
2021;8;2;907;907001;-;02;5;4;11;1;100000;2
2021;8;2;907;907001;-;02;5;4;11;2;1420000;3
2021;8;2;907;907001;-;02;5;4;11;4;5200;3
2021;8;2;907;907001;-;02;5;4;11;5;105000;3
2021;8;2;907;907001;-;02;11;4;11;2;522112;1
2021;8;2;907;907001;-;02;11;4;11;4;2000;1
2021;8;2;907;907001;-;02;11;4;11;5;20000;1
2021;8;2;907;907004;-;02;14;5;11;2;335036;1
2021;8;2;907;907004;-;02;14;5;11;4;2500;1
2021;8;2;907;907004;-;02;14;5;11;5;30000;1
2021;8;3;0;0;-;18;5;1;11;3;40000;1
2021;8;3;904;904003;-;01;5;2;11;3;28000;1
2021;8;3;904;904003;-;01;5;2;11;4;1500;1
2021;8;3;904;904003;-;01;5;2;11;5;2000;1
2021;8;3;905;905001;-;02;5;5;11;2;1145866;2
2021;8;3;905;905001;-;02;5;5;11;4;4250;2
2021;8;3;905;905001;-;02;5;5;11;5;38800;2
2021;8;3;905;905002;-;02;5;4;11;2;2812973;1
2021;8;3;905;905002;-;02;5;4;11;4;2000;1
2021;8;3;905;905002;-;02;5;4;11;5;990000;1
2021;8;3;905;905003;-;-;8;3;11;3;48000;1
2021;8;3;905;905003;-;01;5;3;11;3;44000;1
2021;8;3;905;905003;-;01;5;3;11;4;800;1
2021;8;3;905;905003;-;02;5;2;11;3;70000;1
2021;8;3;905;905003;-;02;5;2;11;4;2000;1
2021;8;3;905;905003;-;02;5;2;11;5;1000;1
2021;8;3;905;905003;-;02;5;6;11;2;1716241;1
2021;8;3;905;905003;-;02;5;6;11;4;10000;1
2021;8;3;905;905003;-;02;5;6;11;5;65000;1
2021;8;3;905;905003;-;02;11;5;11;2;1134568;1
2021;8;3;905;905003;-;02;11;5;11;4;2400;1
2021;8;3;905;905003;-;02;11;5;11;5;46500;1
2021;8;4;903;903005;-;02;13;5;11;3;98880;1
2021;8;4;903;903005;-;02;13;5;11;4;47100;1
2021;8;4;903;903005;-;02;13;5;11;5;28000;1
2021;8;4;905;905001;-;01;5;2;11;1;24000;1
2021;8;4;905;905001;-;01;5;2;11;4;1000;1
2021;8;4;905;905001;-;01;5;2;11;5;500;1
2021;8;4;906;906004;-;02;5;4;11;2;101696;1
2021;8;4;906;906004;-;02;5;4;11;4;900;1
2021;8;4;906;906004;-;02;5;4;11;5;3000;1
2021;8;8;902;902005;-;02;5;6;11;2;266602;1
2021;8;8;902;902005;-;02;5;6;11;4;1500;1
2021;8;8;902;902005;-;02;5;6;11;5;9200;1
2021;8;10;902;902001;-;01;2;9;11;1;3773288;1
2021;8;13;905;905004;-;-;8;2;11;2;94354;1
2021;8;13;905;905004;-;-;8;2;11;4;1700;1
2021;8;13;905;905004;-;-;8;2;11;5;7800;1
2021;8;13;905;905004;-;01;5;3;11;2;400;1
2021;8;13;905;905004;-;02;5;2;11;2;90000;1
2021;8;13;905;905004;-;02;5;2;11;4;900;1
2021;8;13;905;905004;-;02;5;2;11;5;5000;1
2021;8;13;905;905004;-;02;5;4;11;1;20000;1
2021;8;13;905;905004;-;02;5;4;11;2;430000;1
2021;8;13;905;905004;-;02;5;4;11;4;2500;1
2021;8;13;905;905004;-;02;5;4;11;5;18000;1
2021;8;13;905;905004;-;02;11;4;11;1;21000;1
2021;8;13;905;905004;-;02;11;4;11;2;460000;1
2021;8;13;905;905004;-;02;11;4;11;4;3500;1
2021;8;13;905;905004;-;02;11;4;11;5;17500;1
2021;8;13;905;905005;-;01;5;2;11;3;58000;1
2021;8;13;905;905005;-;01;5;2;11;4;3000;1
2021;8;13;905;905005;-;01;5;2;11;5;6000;1
2021;8;13;905;905005;-;02;11;2;11;2;109790;1
2021;8;13;905;905005;-;02;11;2;11;4;730;1
2021;8;13;905;905005;-;02;11;2;11;5;5300;1
2021;8;13;905;905005;-;02;11;3;11;2;514231;1
2021;8;13;905;905005;-;02;11;3;11;4;1065;1
2021;8;13;905;905005;-;02;11;3;11;5;17520;1
2021;8;13;906;906001;-;01;5;2;11;2;69000;2
2021;8;13;906;906001;-;01;5;2;11;4;3000;2
2021;8;13;906;906001;-;01;5;2;11;5;2000;2
2021;8;13;906;906001;-;01;5;3;11;2;200000;1
2021;8;13;906;906001;-;01;5;3;11;4;500;1
2021;8;13;906;906001;-;01;5;3;11;5;8000;1
2021;8;13;906;906001;-;01;11;3;4;3;8000;1
2021;8;13;906;906001;-;01;11;3;4;4;2000;1
2021;8;13;906;906001;-;02;5;2;11;2;300000;2
2021;8;13;906;906001;-;02;5;2;11;4;2000;2
2021;8;13;906;906001;-;02;5;2;11;5;15000;2
2021;8;13;906;906001;-;02;5;3;11;1;130;1
2021;8;13;906;906001;-;02;5;3;11;4;4;1
2021;8;13;906;906001;-;02;5;3;11;5;25;1
2021;8;13;906;906003;-;02;5;3;11;2;150000;1
2021;8;13;906;906003;-;02;5;3;11;4;70;1
2021;9;2;1002;1002001;-;02;11;5;4;3;329400;1
2021;9;2;1002;1002001;-;02;11;5;4;4;3600;1
2021;9;2;1002;1002001;-;02;11;5;4;11;27000;1
2021;9;2;1002;1002005;-;01;2;5;11;3;87000;1
2021;9;2;1002;1002005;-;01;2;5;11;4;7000;1
2021;9;2;1002;1002005;-;01;2;5;11;5;9000;1
2021;9;2;1002;1002005;-;02;11;5;11;2;253846;1
2021;9;2;1002;1002005;-;02;11;5;11;4;365;1
2021;9;2;1002;1002005;-;02;11;5;11;5;17190;1
2021;9;2;1002;1002007;-;02;5;3;11;1;22000;1
2021;9;2;1002;1002007;-;02;5;3;11;2;214500;2
2021;9;2;1002;1002007;-;02;5;3;11;4;2550;2
2021;9;2;1002;1002007;-;02;5;3;11;5;4000;2
2021;9;2;1002;1002007;-;02;5;5;11;1;424762;1
2021;9;2;1002;1002007;-;02;5;5;11;4;1500;1
2021;9;2;1002;1002007;-;02;5;5;11;5;16000;1
2021;9;2;1002;1002007;-;02;8;3;11;2;142500;1
2021;9;2;1002;1002007;-;02;8;3;11;4;115;1
2021;9;2;1002;1002007;-;02;8;3;11;5;14240;1
2021;9;2;1003;1003004;-;02;5;2;11;2;36535;1
2021;9;2;1003;1003004;-;02;5;2;11;4;510;1
2021;9;2;1003;1003004;-;02;5;2;11;5;3000;1
2021;9;2;1003;1003004;-;02;5;3;4;3;2950;1
2021;9;2;1003;1003004;-;02;5;3;4;4;250;1
2021;9;2;1003;1003004;-;02;5;3;4;5;350;1
2021;9;3;1004;1004003;-;02;5;5;11;3;19440;1
2021;9;5;1004;1004001;-;02;5;3;11;2;642379;4
2021;9;5;1004;1004001;-;02;5;3;11;4;3300;2
2021;9;5;1004;1004001;-;02;5;3;11;5;26300;2
2021;9;5;1004;1004001;-;02;5;6;11;2;1036686;1
2021;9;5;1004;1004001;-;02;5;6;11;4;10200;1
2021;9;5;1004;1004001;-;02;5;6;11;5;82100;1
2021;9;5;1004;1004001;-;02;8;4;11;3;219600;1
2021;9;5;1004;1004001;-;02;8;4;11;4;1000;1
2021;9;5;1004;1004001;-;02;8;4;11;5;10000;1
2021;9;5;1004;1004001;-;02;11;3;11;2;604687;3
2021;9;5;1004;1004001;-;02;11;3;11;4;2560;3
2021;9;5;1004;1004001;-;02;11;3;11;5;33470;3
2021;9;5;1004;1004001;-;02;11;4;11;2;180964;1
2021;9;5;1004;1004001;-;02;11;4;11;4;1350;1
2021;9;5;1004;1004001;-;02;11;4;11;5;6000;1
2021;9;6;1003;1003005;-;63;11;1;11;2;240000;1
2021;9;6;1003;1003005;-;63;11;1;11;4;3500;1
2021;9;6;1003;1003005;-;63;11;1;11;5;12000;1
2021;9;6;1003;1003006;-;02;2;5;11;1;39605;1
2021;9;6;1003;1003006;-;02;2;5;11;3;4276210;1
2021;9;6;1003;1003006;-;02;8;4;11;2;116519;1
2021;9;6;1003;1003006;-;02;8;4;11;4;1705;1
2021;9;6;1003;1003006;-;02;8;4;11;5;2800;1
2021;9;8;1001;1001001;-;01;5;4;11;2;259371;1
2021;9;8;1001;1001001;-;01;5;4;11;4;600;1
2021;9;8;1001;1001001;-;01;5;4;11;5;14600;1
2021;9;8;1001;1001002;-;02;5;5;11;2;295506;1
2021;9;8;1001;1001002;-;02;5;5;11;5;50000;1
2021;9;12;1002;1002005;-;02;8;5;11;2;357680;1
2021;9;12;1002;1002005;-;02;8;5;11;4;2500;1
2021;9;12;1002;1002005;-;02;8;5;11;5;10000;1
2021;9;12;1002;1002005;-;02;11;2;11;2;110650;1
2021;9;12;1002;1002005;-;02;11;2;11;4;801;1
2021;9;12;1002;1002005;-;02;11;2;11;5;7152;1
2021;9;12;1002;1002005;-;02;11;6;11;2;1112450;1
2021;9;12;1002;1002005;-;02;11;6;11;4;3500;1
2021;9;12;1002;1002005;-;02;11;6;11;5;73000;1
2021;9;12;1002;1002006;-;02;5;2;11;3;3000;1
2021;9;12;1002;1002006;-;02;5;4;11;2;1499015;1
2021;9;12;1002;1002006;-;02;5;4;11;4;2400;1
2021;9;12;1002;1002006;-;02;5;4;11;5;72000;1
2021;10;18;101;101002;-;02;5;2;11;3;32800;1
2021;10;18;101;101002;-;02;5;2;11;4;1200;1
2021;10;18;101;101002;-;02;5;2;11;5;6000;1
2021;10;23;102;102005;-;02;5;2;4;10;15300;1
2021;10;24;102;102006;-;02;11;2;11;2;91833;1
2021;10;24;102;102006;-;02;11;2;11;4;1460;1
2021;10;24;102;102006;-;02;11;2;11;5;3250;1
2021;11;1;1105;1105001;-;63;11;1;11;1;210000;1
2021;11;1;1105;1105001;-;63;11;1;11;5;10000;1
2021;11;2;0;0;-;18;5;1;11;2;18000;1
2021;11;2;0;0;-;18;5;1;11;4;450;1
2021;11;2;0;0;-;18;5;1;11;5;2160;1
2021;11;3;1101;1101006;-;02;11;2;11;1;200000;1
2021;11;3;1101;1101006;-;02;11;2;11;4;730;1
2021;11;3;1101;1101006;-;02;11;2;11;5;12000;1
2021;11;3;1102;1102005;-;01;2;2;11;2;522039;1
2021;11;3;1102;1102005;-;01;2;2;11;4;900;1
2021;11;3;1102;1102005;-;01;2;2;11;5;10900;1
2021;11;3;1102;1102005;-;02;5;2;11;2;100000;1
2021;11;3;1102;1102005;-;02;5;2;11;4;300;1
2021;11;3;1102;1102005;-;02;5;2;11;5;8000;1
2021;11;4;0;0;-;18;5;1;11;2;27500;1
2021;11;4;0;0;-;63;11;1;11;1;100;1
2021;11;4;1103;1103004;-;02;5;4;11;2;100000;1
2021;11;4;1103;1103005;-;02;12;5;11;2;2045183;1
2021;11;4;1103;1103005;-;02;12;5;11;5;48000;1
2021;11;4;1104;1104005;-;02;2;7;11;2;1847036;1
2021;11;4;1104;1104005;-;02;2;7;11;4;4560;1
2021;11;4;1104;1104005;-;02;2;7;11;5;165040;1
2021;11;4;1104;1104005;-;02;5;5;11;2;1162485;1
2021;11;4;1104;1104005;-;02;5;5;11;4;300;1
2021;11;4;1104;1104005;-;02;5;5;11;5;24280;1
2021;11;4;1104;1104005;-;02;11;3;11;2;97026;1
2021;11;4;1104;1104005;-;02;11;3;11;5;2600;1
2021;11;4;1104;1104006;-;02;5;2;11;2;52500;1
2021;11;4;1104;1104006;-;02;5;2;11;4;280;1
2021;11;4;1104;1104006;-;02;5;2;11;5;6000;1
2021;11;4;1104;1104006;-;02;5;4;11;2;748235;1
2021;11;4;1104;1104006;-;02;5;4;11;4;1650;1
2021;11;4;1104;1104006;-;02;5;4;11;5;3000;1
2021;11;4;1104;1104006;-;02;5;5;11;2;883262;1
2021;11;4;1104;1104006;-;02;5;5;11;4;1200;1
2021;11;4;1104;1104006;-;02;5;5;11;5;18000;1
2021;11;4;1104;1104006;-;02;8;7;11;2;2564093;1
2021;11;4;1104;1104006;-;02;8;7;11;4;25201;1
2021;11;4;1104;1104006;-;02;8;7;11;5;49960;1
2021;11;4;1104;1104006;-;02;12;5;11;2;1131000;1
2021;11;4;1104;1104006;-;02;12;5;11;4;1000;1
2021;11;4;1104;1104006;-;02;12;5;11;5;18000;1
2021;11;4;1105;1105001;-;01;1;7;11;1;824741;1
2021;11;4;1105;1105001;-;01;1;7;11;5;21630;1
2021;11;4;1105;1105001;-;02;1;3;11;4;960;1
2021;11;4;1105;1105001;-;02;1;3;11;5;1440;1
2021;11;4;1105;1105001;-;02;5;2;11;1;90000;1
2021;11;4;1105;1105001;-;02;5;2;11;4;3500;1
2021;11;4;1105;1105001;-;02;5;2;11;5;1500;1
2021;11;4;1105;1105001;-;02;5;3;11;1;420000;1
2021;11;4;1105;1105001;-;02;5;3;11;2;70000;1
2021;11;4;1105;1105001;-;02;5;3;11;4;765;2
2021;11;4;1105;1105001;-;02;5;3;11;5;15500;2
2021;11;4;1105;1105001;-;02;5;4;11;1;1440667;3
2021;11;4;1105;1105001;-;02;5;4;11;2;154204;1
2021;11;4;1105;1105001;-;02;5;4;11;4;6700;4
2021;11;4;1105;1105001;-;02;5;4;11;5;52550;4
2021;11;4;1105;1105001;-;02;11;4;11;2;530000;1
2021;11;4;1105;1105001;-;02;11;4;11;4;1000;1
2021;11;4;1105;1105001;-;02;11;4;11;5;22500;1
2021;11;4;1105;1105001;-;02;12;5;11;2;77970;1
2021;11;4;1105;1105002;-;02;5;2;11;1;54000;1
2021;11;4;1105;1105002;-;02;5;2;11;4;720;1
2021;11;4;1105;1105002;-;02;5;2;11;5;3500;1
2021;11;4;1105;1105002;-;02;5;3;11;1;40000;1
2021;11;4;1105;1105002;-;02;5;3;11;2;146000;1
2021;11;4;1105;1105002;-;02;5;3;11;4;365;1
2021;11;4;1105;1105002;-;02;5;3;11;5;15800;2
2021;11;4;1105;1105002;-;02;5;4;11;2;130000;1
2021;11;4;1105;1105002;-;02;5;4;11;4;350;1
2021;11;4;1105;1105002;-;02;5;4;11;5;50;1
2021;11;4;1105;1105002;-;02;8;2;11;2;11100;1
2021;11;4;1105;1105002;-;02;8;2;11;4;730;1
2021;11;4;1105;1105002;-;02;8;2;11;5;800;1
2021;11;4;1105;1105002;-;02;8;3;11;1;458474;1
2021;11;4;1105;1105002;-;02;8;3;11;4;730;1
2021;11;4;1105;1105002;-;02;8;3;11;5;16000;1
2021;11;4;1105;1105002;-;02;11;2;11;1;146160;1
2021;11;4;1105;1105002;-;02;11;2;11;2;116532;1
2021;11;4;1105;1105002;-;02;11;2;11;4;1460;2
2021;11;4;1105;1105002;-;02;11;2;11;5;4500;1
2021;11;4;1105;1105002;-;02;11;3;11;1;395000;1
2021;11;4;1105;1105002;-;02;11;3;11;4;1825;1
2021;11;4;1105;1105002;-;02;11;3;11;5;15500;1
2021;11;4;1105;1105002;-;02;14;3;11;1;300000;1
2021;11;4;1105;1105002;-;02;14;3;11;4;500;1
2021;11;4;1105;1105002;-;02;14;3;11;5;5000;1
2021;11;4;1105;1105002;-;02;14;4;11;2;358747;1
2021;11;4;1105;1105002;-;02;14;4;11;4;650;1
2021;11;4;1105;1105002;-;02;14;4;11;5;16800;1
2021;11;5;1102;1102002;-;02;5;5;11;2;820000;1
2021;11;5;1102;1102002;-;02;5;5;11;4;1100;1
2021;11;5;1102;1102002;-;02;5;5;11;5;18000;1
2021;11;5;1103;1103004;-;01;5;3;11;2;90000;1
2021;11;5;1103;1103004;-;01;5;3;11;4;365;1
2021;11;5;1104;1104001;-;02;5;4;11;2;1442128;1
2021;11;5;1104;1104001;-;02;5;4;11;4;2500;1
2021;11;5;1104;1104001;-;02;5;4;11;5;60000;1
2021;11;5;1104;1104001;-;02;8;7;11;1;748252;1
2021;11;5;1104;1104001;-;02;8;7;11;4;2800;1
2021;11;5;1104;1104001;-;02;8;7;11;5;30000;1
2021;11;5;1104;1104002;-;02;5;3;11;2;78000;1
2021;11;5;1104;1104002;-;02;5;3;11;4;1;1
2021;11;5;1104;1104002;-;02;5;3;11;5;12000;1
2021;11;5;1104;1104002;-;02;5;4;11;1;436747;1
2021;11;5;1104;1104002;-;02;5;4;11;2;298930;1
2021;11;5;1104;1104002;-;02;5;4;11;4;1735;3
2021;11;5;1104;1104002;-;02;5;4;11;5;93200;3
2021;11;5;1104;1104002;-;02;5;5;11;2;999966;1
2021;11;5;1104;1104002;-;02;5;5;11;4;2000;1
2021;11;5;1104;1104002;-;02;5;5;11;5;29000;1
2021;11;5;1104;1104002;-;02;11;4;11;1;461032;2
2021;11;5;1104;1104002;-;02;11;4;11;2;455966;1
2021;11;5;1104;1104002;-;02;11;4;11;4;1800;2
2021;11;5;1104;1104002;-;02;11;4;11;5;20500;2
2021;11;5;1104;1104002;-;02;11;6;11;2;3810901;1
2021;11;5;1104;1104002;-;02;11;6;11;4;7300;1
2021;11;5;1104;1104002;-;02;11;6;11;5;218700;1
2021;11;5;1104;1104002;-;02;12;5;11;2;1139100;1
2021;11;5;1104;1104002;-;02;12;5;11;5;16000;1
2021;11;5;1105;1105001;-;02;5;3;11;1;390000;1
2021;11;5;1105;1105001;-;02;5;3;11;4;1800;1
2021;11;5;1105;1105001;-;02;5;3;11;5;2500;1
2021;11;5;1105;1105002;-;02;5;4;11;2;833389;2
2021;11;5;1105;1105002;-;02;5;4;11;4;3400;2
2021;11;5;1105;1105002;-;02;5;4;11;5;26000;1
2021;11;5;1105;1105002;-;02;11;3;11;2;255668;1
2021;11;5;1105;1105002;-;02;11;3;11;4;1800;1
2021;11;5;1105;1105002;-;02;11;3;11;5;10000;1
2021;11;5;1105;1105002;-;02;13;5;11;2;834715;1
2021;11;5;1105;1105002;-;02;13;5;11;4;2200;1
2021;11;5;1105;1105002;-;02;13;5;11;5;31000;1
2021;11;6;0;0;-;-;5;1;11;3;146000;1
2021;11;6;0;0;-;-;5;1;11;4;365;1
2021;11;6;0;0;-;-;5;1;11;5;7300;1
2021;11;6;1101;1101004;-;01;5;2;11;3;52000;1
2021;11;6;1101;1101004;-;01;5;2;11;4;350;1
2021;11;6;1101;1101004;-;01;5;2;11;5;2000;1
2021;11;6;1101;1101004;-;01;5;5;4;3;97700;1
2021;11;6;1101;1101004;-;01;5;5;4;4;730;1
2021;11;6;1101;1101004;-;01;5;5;4;5;1460;1
2021;11;6;1101;1101004;-;01;5;5;11;3;162700;2
2021;11;6;1101;1101004;-;01;5;5;11;4;1465;2
2021;11;6;1101;1101004;-;01;5;5;11;5;3200;1
2021;11;6;1101;1101004;-;01;8;6;11;2;1848889;1
2021;11;6;1101;1101004;-;01;8;6;11;4;3600;1
2021;11;6;1101;1101004;-;01;8;6;11;5;59520;1
2021;11;6;1101;1101004;-;01;11;4;11;2;201000;1
2021;11;6;1101;1101004;-;01;11;4;11;4;1100;1
2021;11;6;1101;1101004;-;01;11;4;11;5;14300;1
2021;11;6;1101;1101004;-;02;5;3;11;3;285000;1
2021;11;6;1101;1101004;-;02;5;3;11;4;3000;1
2021;11;6;1101;1101004;-;02;5;3;11;5;7000;1
2021;11;6;1101;1101004;-;02;5;4;11;2;162534;1
2021;11;6;1101;1101004;-;02;5;4;11;4;600;1
2021;11;6;1101;1101004;-;02;5;4;11;5;10000;1
2021;11;6;1101;1101004;-;02;5;5;11;2;115200;1
2021;11;6;1101;1101004;-;02;5;5;11;4;365;1
2021;11;6;1101;1101004;-;02;5;5;11;5;10800;1
2021;11;6;1101;1101005;-;01;2;9;11;2;4445319;1
2021;11;6;1101;1101005;-;01;2;9;11;4;9125;1
2021;11;6;1101;1101005;-;01;2;9;11;5;164975;1
2021;11;6;1101;1101005;-;02;5;3;11;2;40000;1
2021;11;6;1101;1101005;-;02;5;3;11;4;800;1
2021;11;6;1101;1101005;-;02;5;4;11;2;187813;1
2021;11;6;1101;1101005;-;02;5;4;11;4;2190;1
2021;11;6;1101;1101005;-;02;5;4;11;5;14600;1
2021;11;6;1101;1101005;-;02;5;5;11;2;400000;1
2021;11;6;1101;1101005;-;02;5;5;11;4;1500;1
2021;11;6;1101;1101005;-;02;5;5;11;5;30000;1
2021;11;6;1101;1101005;-;02;11;5;11;1;984751;1
2021;11;6;1101;1101005;-;02;11;5;11;4;700;1
2021;11;6;1101;1101005;-;02;11;5;11;5;10080;1
2021;11;6;1101;1101005;-;03;11;5;11;3;131035;1
2021;11;6;1101;1101005;-;03;11;5;11;4;365;1
2021;11;6;1101;1101005;-;03;11;5;11;5;7300;1
2021;11;6;1101;1101006;-;01;5;5;11;2;120300;1
2021;11;6;1101;1101006;-;01;5;5;11;4;1000;1
2021;11;6;1101;1101006;-;01;5;5;11;5;9500;1
2021;11;6;1101;1101006;-;01;8;5;11;2;109800;1
2021;11;6;1101;1101006;-;01;8;5;11;4;1000;1
2021;11;6;1101;1101006;-;01;8;5;11;5;10000;1
2021;11;6;1101;1101006;-;01;11;5;11;1;26300;1
2021;11;6;1101;1101006;-;01;11;5;11;3;7800;1
2021;11;6;1101;1101006;-;01;11;5;11;4;1200;1
2021;11;6;1101;1101006;-;01;11;5;11;5;4500;1
2021;11;6;1101;1101006;-;02;5;4;11;2;523149;2
2021;11;6;1101;1101006;-;02;5;4;11;4;3000;2
2021;11;6;1101;1101006;-;02;5;4;11;5;88000;2
2021;11;6;1101;1101006;-;02;5;5;11;2;183384;1
2021;11;6;1101;1101006;-;02;5;5;11;4;1250;1
2021;11;6;1101;1101006;-;02;5;5;11;5;35000;1
2021;11;6;1101;1101006;-;02;5;6;11;2;670000;1
2021;11;6;1101;1101006;-;02;5;6;11;4;900;1
2021;11;6;1101;1101006;-;02;5;6;11;5;17500;1
2021;11;6;1101;1101006;-;02;8;4;11;1;180000;1
2021;11;6;1101;1101006;-;02;8;4;11;4;480;1
2021;11;6;1101;1101006;-;02;8;4;11;5;14400;1
2021;11;6;1101;1101006;-;18;5;1;11;3;14000;1
2021;11;6;1101;1101006;-;18;5;1;11;4;1000;1
2021;11;6;1101;1101006;-;18;5;1;11;5;800;1
2021;11;6;1102;1102001;-;01;5;5;11;3;50000;1
2021;11;6;1102;1102001;-;01;5;5;11;4;1000;1
2021;11;6;1102;1102001;-;01;5;5;11;5;3000;1
2021;11;6;1102;1102002;-;02;5;4;11;2;341136;1
2021;11;6;1102;1102002;-;02;5;4;11;4;2400;1
2021;11;6;1102;1102002;-;02;5;4;11;5;30000;1
2021;11;6;1103;1103003;-;02;5;4;11;2;21600;1
2021;11;6;1103;1103003;-;02;5;4;11;4;720;1
2021;11;6;1103;1103003;-;02;5;4;11;5;14400;1
2021;11;7;1101;1101001;-;01;9;7;11;2;900000;1
2021;11;7;1101;1101001;-;01;9;7;11;4;3600;1
2021;11;7;1101;1101001;-;01;9;7;11;5;57000;1
2021;11;7;1101;1101001;-;02;5;4;11;2;191960;2
2021;11;7;1101;1101001;-;02;5;4;11;4;3100;2
2021;11;7;1101;1101001;-;02;5;4;11;5;10000;1
2021;11;7;1101;1101001;-;02;14;5;11;2;426858;1
2021;11;7;1101;1101001;-;02;14;5;11;4;4015;1
2021;11;7;1101;1101001;-;02;14;5;11;5;36000;1
2021;11;7;1101;1101002;-;01;5;3;11;2;312187;1
2021;11;7;1101;1101002;-;01;5;3;11;5;900;1
2021;11;7;1101;1101002;-;01;5;5;11;2;167000;1
2021;11;7;1101;1101002;-;01;5;5;11;4;1500;1
2021;11;7;1101;1101002;-;01;11;3;11;1;23725;1
2021;11;7;1101;1101002;-;01;11;3;11;2;21000;1
2021;11;7;1101;1101002;-;01;11;3;11;4;730;1
2021;11;7;1101;1101002;-;02;5;3;11;2;244092;2
2021;11;7;1101;1101002;-;02;5;3;11;4;1565;2
2021;11;7;1101;1101002;-;02;5;3;11;5;13825;2
2021;11;7;1101;1101002;-;02;5;4;11;2;49500;1
2021;11;7;1101;1101002;-;02;5;4;11;4;800;1
2021;11;7;1101;1101002;-;02;5;4;11;5;1500;1
2021;11;7;1101;1101002;-;02;11;5;11;2;162000;1
2021;11;7;1101;1101002;-;02;11;5;11;4;800;1
2021;11;7;1101;1101002;-;02;11;5;11;5;36000;1
2021;11;7;1101;1101002;-;16;5;5;11;1;21000;1
2021;11;7;1101;1101002;-;16;5;5;11;2;270000;1
2021;11;7;1101;1101002;-;16;5;5;11;4;1500;1
2021;11;7;1101;1101002;-;16;5;5;11;5;15000;1
2021;11;8;1101;1101002;-;02;14;5;11;2;2404005;1
2021;11;8;1101;1101002;-;02;14;5;11;4;2200;1
2021;11;8;1101;1101002;-;02;14;5;11;5;21000;1
2021;11;8;1102;1102007;-;16;5;6;11;2;60000;1
2021;11;9;1102;1102007;-;02;13;6;11;2;1166412;1
2021;11;9;1102;1102007;-;02;13;6;11;4;2000;1
2021;11;9;1102;1102007;-;02;13;6;11;5;7300;1
2021;11;10;1103;1103003;-;02;5;3;11;1;24200;1
2021;11;10;1103;1103003;-;02;5;3;11;4;600;1
2021;11;10;1103;1103003;-;02;5;3;11;5;4600;1
2021;11;11;1102;1102008;-;01;5;5;11;3;30820;3
2021;11;11;1102;1102008;-;01;5;5;11;4;21840;3
2021;11;11;1102;1102008;-;01;5;5;11;5;50;1
2021;11;12;1105;1105002;-;01;5;2;11;2;148230;1
2021;11;12;1105;1105002;-;01;5;2;11;4;1100;1
2021;11;12;1105;1105002;-;01;5;2;11;5;4350;1
2021;11;12;1105;1105002;-;01;5;3;11;2;161000;1
2021;11;12;1105;1105002;-;01;5;3;11;4;2100;1
2021;11;12;1105;1105002;-;01;5;3;11;5;17100;1
2021;11;12;1105;1105002;-;02;5;4;11;2;110000;1
2021;11;12;1105;1105002;-;02;5;4;11;5;730;1
2021;11;12;1105;1105002;-;02;5;5;11;2;224350;1
2021;11;12;1105;1105002;-;02;5;5;11;4;1420;1
2021;11;12;1105;1105002;-;02;5;5;11;5;25520;1
2021;11;12;1105;1105002;-;02;5;6;11;2;1162485;1
2021;11;12;1105;1105002;-;02;5;6;11;4;250;1
2021;11;12;1105;1105002;-;02;5;6;11;5;24000;1
2021;11;12;1105;1105002;-;02;11;2;11;1;73000;1
2021;11;12;1105;1105002;-;02;11;2;11;2;198000;1
2021;11;12;1105;1105002;-;02;11;2;11;4;1805;2
2021;11;12;1105;1105002;-;02;11;2;11;5;41000;2
2021;11;12;1105;1105002;-;02;11;3;11;2;127317;1
2021;11;12;1105;1105002;-;02;11;3;11;4;1825;1
2021;11;12;1105;1105002;-;02;11;3;11;5;7250;1
2021;12;2;0;0;-;63;11;1;11;3;99000;1
2021;12;2;0;0;-;63;11;1;11;4;700;1
2021;12;2;0;0;-;63;11;1;11;5;9900;1
2021;12;3;0;0;-;63;5;1;11;3;8100;1
2021;12;3;0;0;-;63;5;1;11;4;540;1
2021;12;3;0;0;-;63;5;1;11;5;1080;1
2021;12;3;1201;1201005;-;02;5;4;11;1;180000;1
2021;12;3;1201;1201005;-;02;5;4;11;2;90000;1
2021;12;3;1201;1201005;-;02;5;4;11;4;700;1
2021;12;3;1201;1201005;-;02;5;4;11;5;87000;1
2021;12;3;1203;1203003;-;02;5;3;11;2;65000;1
2021;12;3;1203;1203003;-;02;5;3;11;4;600;1
2021;12;3;1203;1203003;-;02;5;3;11;5;1400;1
2021;12;3;1203;1203003;-;02;5;5;11;2;600000;1
2021;12;3;1203;1203003;-;02;5;5;11;4;5500;1
2021;12;3;1203;1203003;-;02;5;5;11;5;25000;1
2021;12;3;1203;1203004;-;01;8;4;11;2;299094;1
2021;12;3;1203;1203004;-;01;8;4;11;4;1080;1
2021;12;3;1203;1203004;-;01;8;4;11;5;21600;1
2021;12;3;1203;1203004;-;01;11;4;11;3;106500;1
2021;12;3;1203;1203004;-;01;11;4;11;4;3200;1
2021;12;3;1203;1203004;-;01;11;4;11;5;10500;1
2021;12;3;1203;1203004;-;02;5;3;11;2;48000;1
2021;12;3;1203;1203004;-;02;5;3;11;3;73000;1
2021;12;3;1203;1203004;-;02;5;3;11;4;1730;2
2021;12;3;1203;1203004;-;02;5;3;11;5;9080;2
2021;12;3;1203;1203004;-;02;5;4;11;2;488880;2
2021;12;3;1203;1203004;-;02;5;4;11;4;2200;2
2021;12;3;1203;1203004;-;02;5;4;11;5;40140;2
2021;12;3;1203;1203004;-;02;5;5;11;2;107000;1
2021;12;3;1203;1203004;-;02;5;5;11;4;1825;1
2021;12;3;1203;1203004;-;02;5;5;11;5;11700;1
2021;12;3;1203;1203004;-;02;11;3;11;2;30000;1
2021;12;3;1203;1203004;-;02;11;3;11;4;700;1
2021;12;3;1203;1203004;-;02;11;3;11;5;5000;1
2021;12;3;1203;1203004;-;02;11;7;11;2;3136750;1
2021;12;3;1203;1203004;-;02;11;7;11;4;21900;1
2021;12;3;1203;1203004;-;02;11;7;11;5;212750;1
2021;12;3;1203;1203004;-;02;12;5;11;2;1149716;1
2021;12;3;1203;1203004;-;02;12;5;11;4;6000;1
2021;12;3;1203;1203004;-;02;12;5;11;5;30000;1
2021;12;3;1203;1203005;-;02;1;5;11;2;164920;1
2021;12;3;1203;1203005;-;02;1;5;11;4;2116;1
2021;12;3;1203;1203005;-;02;1;5;11;5;11896;1
2021;12;3;1203;1203005;-;02;5;2;11;1;73000;1
2021;12;3;1203;1203005;-;02;5;2;11;2;54810;1
2021;12;3;1203;1203005;-;02;5;2;11;4;1460;2
2021;12;3;1203;1203005;-;02;5;2;11;5;5600;2
2021;12;3;1203;1203005;-;02;5;3;11;1;43600;2
2021;12;3;1203;1203005;-;02;5;3;11;2;1215548;9
2021;12;3;1203;1203005;-;02;5;3;11;3;153200;2
2021;12;3;1203;1203005;-;02;5;3;11;4;11800;9
2021;12;3;1203;1203005;-;02;5;3;11;5;63860;9
2021;12;3;1203;1203005;-;02;5;4;11;1;53170;1
2021;12;3;1203;1203005;-;02;5;4;11;2;1108179;5
2021;12;3;1203;1203005;-;02;5;4;11;4;10030;5
2021;12;3;1203;1203005;-;02;5;4;11;5;112830;5
2021;12;3;1203;1203005;-;02;8;2;11;1;73000;1
2021;12;3;1203;1203005;-;02;8;2;11;2;94500;1
2021;12;3;1203;1203005;-;02;8;2;11;4;1835;2
2021;12;3;1203;1203005;-;02;8;2;11;5;23200;2
2021;12;3;1203;1203005;-;02;8;3;11;1;320987;1
2021;12;3;1203;1203005;-;02;8;3;11;2;270750;2
2021;12;3;1203;1203005;-;02;8;3;11;4;2360;2
2021;12;3;1203;1203005;-;02;8;3;11;5;22000;3
2021;12;3;1203;1203005;-;02;8;4;11;2;1099047;2
2021;12;3;1203;1203005;-;02;8;4;11;4;2730;2
2021;12;3;1203;1203005;-;02;8;4;11;5;25120;2
2021;12;3;1203;1203005;-;02;8;5;11;2;1901231;1
2021;12;3;1203;1203005;-;02;8;5;11;4;4015;1
2021;12;3;1203;1203005;-;02;8;5;11;5;26085;1
2021;12;3;1203;1203005;-;02;11;3;11;2;280000;1
2021;12;3;1203;1203005;-;02;11;3;11;3;75400;1
2021;12;3;1203;1203005;-;02;11;3;11;4;1650;2
2021;12;3;1203;1203005;-;02;11;3;11;5;20450;2
2021;12;3;1203;1203005;-;02;11;4;11;2;3880927;2
2021;12;3;1203;1203005;-;02;11;4;11;4;6500;2
2021;12;3;1203;1203005;-;02;11;4;11;5;65500;2
2021;12;3;1203;1203005;-;02;12;4;11;2;584965;1
2021;12;3;1203;1203005;-;02;12;4;11;4;3440;1
2021;12;3;1203;1203005;-;02;12;4;11;5;22320;1
2021;12;3;1203;1203005;-;16;5;3;11;2;162000;1
2021;12;3;1203;1203005;-;16;5;3;11;4;1300;1
2021;12;3;1203;1203005;-;16;5;3;11;5;4600;1
2021;12;4;0;0;-;63;5;1;11;3;58520;1
2021;12;4;0;0;-;63;5;1;11;4;700;1
2021;12;4;0;0;-;63;5;1;11;5;5850;1
2021;12;4;1203;1203001;-;01;5;2;11;1;14600;1
2021;12;4;1203;1203003;-;02;14;7;11;2;4308900;1
2021;12;4;1203;1203003;-;02;14;7;11;4;3500;1
2021;12;4;1203;1203003;-;02;14;7;11;5;75000;1
2021;12;4;1203;1203004;-;02;11;7;11;2;3239456;1
2021;12;4;1203;1203004;-;02;11;7;11;4;5000;1
2021;12;4;1203;1203004;-;02;11;7;11;5;170000;1
2021;12;5;1201;1201001;-;01;11;3;11;4;2;1
2021;12;5;1201;1201001;-;01;11;3;11;5;38;1
2021;12;5;1201;1201001;-;02;5;2;11;2;542731;3
2021;12;5;1201;1201001;-;02;5;2;11;4;1970;2
2021;12;5;1201;1201001;-;02;5;2;11;5;25200;2
2021;12;5;1201;1201001;-;02;5;3;11;2;901671;2
2021;12;5;1201;1201001;-;02;5;3;11;4;820;2
2021;12;5;1201;1201001;-;02;5;3;11;5;21800;2
2021;12;5;1201;1201001;-;02;5;4;11;2;354000;1
2021;12;5;1201;1201001;-;02;5;4;11;4;500;1
2021;12;5;1201;1201001;-;02;5;4;11;5;6000;1
2021;12;5;1201;1201001;-;02;8;4;11;2;320896;1
2021;12;5;1201;1201001;-;02;8;4;11;4;500;1
2021;12;5;1201;1201001;-;02;8;4;11;5;3000;1
2021;12;5;1201;1201001;-;02;11;3;11;2;188219;1
2021;12;5;1201;1201001;-;02;11;3;11;3;51100;1
2021;12;5;1201;1201001;-;02;11;3;11;4;1300;2
2021;12;5;1201;1201001;-;02;11;3;11;5;8300;2
2021;12;5;1201;1201002;-;01;5;4;11;1;241791;2
2021;12;5;1201;1201002;-;01;5;4;11;2;27958;1
2021;12;5;1201;1201002;-;01;5;4;11;4;2500;2
2021;12;5;1201;1201002;-;01;5;4;11;5;5400;2
2021;12;5;1201;1201002;-;01;11;6;11;2;2064677;1
2021;12;5;1201;1201002;-;01;11;6;11;4;2000;1
2021;12;5;1201;1201002;-;01;11;6;11;5;17000;1
2021;12;5;1201;1201002;-;02;2;6;11;2;1386926;1
2021;12;5;1201;1201002;-;02;2;6;11;4;2300;1
2021;12;5;1201;1201002;-;02;2;6;11;5;33500;1
2021;12;5;1201;1201002;-;02;5;3;11;2;267232;1
2021;12;5;1201;1201002;-;02;5;3;11;4;1095;1
2021;12;5;1201;1201002;-;02;5;3;11;5;23220;1
2021;12;5;1201;1201002;-;02;5;4;11;2;1604805;4
2021;12;5;1201;1201002;-;02;5;4;11;4;4500;3
2021;12;5;1201;1201002;-;02;5;4;11;5;62500;3
2021;12;5;1201;1201002;-;02;5;5;11;1;1952851;1
2021;12;5;1201;1201002;-;02;5;5;11;2;1801859;1
2021;12;5;1201;1201002;-;02;5;5;11;4;4920;2
2021;12;5;1201;1201002;-;02;5;5;11;5;92450;2
2021;12;5;1201;1201002;-;63;5;1;11;2;305500;1
2021;12;5;1201;1201002;-;63;5;1;11;4;250;1
2021;12;5;1201;1201002;-;63;5;1;11;5;9000;1
2021;12;5;1201;1201002;-;63;11;1;11;3;144000;1
2021;12;5;1201;1201002;-;63;11;1;11;4;700;1
2021;12;5;1201;1201002;-;63;11;1;11;5;14400;1
2021;12;5;1201;1201003;-;01;2;8;11;2;2691347;1
2021;12;5;1201;1201003;-;01;2;8;11;4;7620;1
2021;12;5;1201;1201003;-;01;2;8;11;5;127190;1
2021;12;5;1201;1201003;-;02;5;4;11;2;3330069;2
2021;12;5;1201;1201003;-;02;5;4;11;4;9535;2
2021;12;5;1201;1201003;-;02;5;4;11;5;116740;2
2021;12;5;1201;1201003;-;02;5;5;11;1;1145766;1
2021;12;5;1201;1201003;-;02;5;5;11;2;2339697;2
2021;12;5;1201;1201003;-;02;5;5;11;4;8480;3
2021;12;5;1201;1201003;-;02;5;5;11;5;146900;3
2021;12;5;1201;1201003;-;02;9;6;11;2;4299011;1
2021;12;5;1201;1201003;-;02;9;6;11;4;3550;1
2021;12;5;1201;1201003;-;02;9;6;11;5;269004;1
2021;12;5;1201;1201003;-;02;11;4;11;2;587566;1
2021;12;5;1201;1201003;-;02;11;4;11;4;1000;1
2021;12;5;1201;1201003;-;02;11;4;11;5;18000;1
2021;12;5;1201;1201003;-;02;12;2;11;2;1051475;1
2021;12;5;1201;1201003;-;02;12;2;11;4;1800;1
2021;12;5;1201;1201003;-;18;5;1;11;2;126000;1
2021;12;5;1201;1201003;-;18;5;1;11;4;720;1
2021;12;5;1201;1201003;-;18;5;1;11;5;43200;1
2021;12;5;1203;1203003;-;02;5;3;11;1;84000;1
2021;12;5;1203;1203003;-;02;5;3;11;5;120;1
2021;12;6;1201;1201004;-;02;5;4;11;1;300000;1
2021;12;6;1201;1201004;-;02;5;4;11;4;1200;1
2021;12;6;1201;1201004;-;02;5;4;11;5;12000;1
2021;12;6;1201;1201004;-;02;8;3;11;2;616860;1
2021;12;6;1201;1201004;-;02;8;3;11;4;1300;1
2021;12;6;1201;1201004;-;02;8;3;11;5;5500;1
2021;12;6;1201;1201004;-;03;3;4;11;2;205821;1
2021;12;6;1201;1201004;-;03;3;4;11;4;700;1
2021;12;6;1201;1201004;-;03;3;4;11;5;8000;1
2021;12;6;1201;1201005;-;01;5;3;11;1;330900;1
2021;12;6;1201;1201005;-;01;5;3;11;4;2000;1
2021;12;6;1201;1201005;-;01;5;3;11;5;10000;1
2021;12;6;1201;1201005;-;01;14;7;11;1;2342536;1
2021;12;6;1201;1201005;-;01;14;7;11;4;7447;1
2021;12;6;1201;1201005;-;01;14;7;11;5;86217;1
2021;12;6;1201;1201005;-;02;3;7;11;2;3966822;1
2021;12;6;1201;1201005;-;02;3;7;11;4;1800;1
2021;12;6;1201;1201005;-;02;3;7;11;5;114630;1
2021;12;6;1202;1202004;-;01;11;6;11;2;940989;1
2021;12;7;1201;1201004;-;02;5;6;11;2;2428443;1
2021;12;7;1201;1201004;-;02;5;6;11;4;7280;1
2021;12;7;1201;1201004;-;02;5;6;11;5;80992;1
2021;12;11;1202;1202004;-;02;3;5;11;2;1922699;1
2021;12;11;1202;1202004;-;02;3;5;11;4;7000;1
2021;12;11;1202;1202004;-;02;3;5;11;5;107100;1
2021;12;11;1202;1202004;-;02;5;3;11;2;891408;2
2021;12;11;1202;1202004;-;02;5;3;11;4;1420;2
2021;12;11;1202;1202004;-;02;5;3;11;5;10900;2
2021;12;11;1202;1202004;-;02;5;4;11;1;798049;1
2021;12;11;1202;1202004;-;02;5;4;11;2;1918063;3
2021;12;11;1202;1202004;-;02;5;4;11;4;7125;4
2021;12;11;1202;1202004;-;02;5;4;11;5;284300;4
2021;12;11;1202;1202004;-;02;5;5;11;2;3933734;3
2021;12;11;1202;1202004;-;02;5;5;11;4;6145;3
2021;12;11;1202;1202004;-;02;5;5;11;5;129360;3
2021;12;11;1202;1202004;-;02;8;4;11;2;2528143;2
2021;12;11;1202;1202004;-;02;8;4;11;4;5755;2
2021;12;11;1202;1202004;-;02;8;4;11;5;47474;2
2021;12;11;1202;1202004;-;02;8;5;11;2;1321805;2
2021;12;11;1202;1202004;-;02;8;5;11;4;4139;2
2021;12;11;1202;1202004;-;02;8;5;11;5;83739;2
2021;12;11;1202;1202004;-;02;11;4;11;2;3592341;5
2021;12;11;1202;1202004;-;02;11;4;11;4;5890;5
2021;12;11;1202;1202004;-;02;11;4;11;5;146936;5
2021;12;11;1202;1202004;-;02;11;5;11;1;1172053;1
2021;12;11;1202;1202004;-;02;11;5;11;2;1088328;1
2021;12;11;1202;1202004;-;02;11;5;11;4;6170;2
2021;12;11;1202;1202004;-;02;11;5;11;5;85800;2
2021;12;12;1203;1203001;-;02;5;3;11;2;1123077;4
2021;12;12;1203;1203001;-;02;5;3;11;4;4640;4
2021;12;12;1203;1203001;-;02;5;3;11;5;35800;3
2021;12;12;1203;1203001;-;02;5;4;11;1;518804;1
2021;12;12;1203;1203001;-;02;5;4;11;4;720;1
2021;12;12;1203;1203001;-;02;5;4;11;5;7000;1
2021;12;12;1203;1203002;-;02;5;5;11;2;1660780;2
2021;12;12;1203;1203002;-;02;5;5;11;4;4800;2
2021;12;12;1203;1203002;-;02;5;5;11;5;72000;2
2021;12;12;1203;1203002;-;02;12;3;11;2;683721;1
2021;12;12;1203;1203002;-;02;12;3;11;4;1500;1
2021;12;12;1203;1203002;-;02;12;3;11;5;21400;1
2021;13;2;1301;1301005;-;01;5;5;11;1;30000;1
2021;13;2;1301;1301005;-;01;5;5;11;4;1900;1
2021;13;2;1301;1301005;-;01;5;5;11;5;3200;1
2021;13;2;1301;1301005;-;02;5;2;11;1;18800;1
2021;13;2;1301;1301005;-;02;5;2;11;2;8500;1
2021;13;2;1301;1301005;-;02;5;2;11;4;1100;1
2021;13;2;1301;1301005;-;02;5;2;11;5;650;1
2021;13;2;1301;1301005;-;02;5;4;11;1;31000;1
2021;13;2;1301;1301005;-;02;5;4;11;2;420000;1
2021;13;2;1301;1301005;-;02;5;4;11;4;1800;1
2021;13;2;1301;1301005;-;02;5;4;11;5;20000;1
2021;13;2;1301;1301006;-;02;5;3;11;1;109157;1
2021;13;2;1301;1301006;-;02;5;3;11;4;1000;1
2021;13;2;1301;1301006;-;02;5;3;11;5;7900;1
2021;13;4;1303;1303002;-;02;9;2;11;2;156001;1
2021;13;4;1303;1303002;-;02;12;5;11;2;648267;1
2021;13;4;1303;1303002;-;02;12;5;11;5;28800;1
2021;13;4;1303;1303003;-;01;5;4;11;2;47500;1
2021;13;4;1303;1303003;-;01;5;4;11;4;1000;1
2021;13;4;1303;1303003;-;01;5;4;11;5;3500;1
2021;13;5;1304;1304002;-;02;1;3;11;4;8000;1
2021;13;5;1304;1304002;-;02;1;3;11;5;2000;1
2021;13;6;1303;1303006;-;02;5;7;11;2;3277020;1
2021;13;6;1303;1303006;-;02;5;7;11;4;9000;1
2021;13;6;1303;1303006;-;02;5;7;11;5;130000;1
2021;13;7;1303;1303005;-;01;14;7;11;2;78854;1
2021;13;7;1303;1303005;-;01;14;7;11;4;730;1
2021;13;7;1303;1303005;-;01;14;7;11;5;23040;1
2021;13;7;1303;1303005;-;02;5;5;11;1;35000;1
2021;13;7;1303;1303005;-;02;5;5;11;2;555000;1
2021;13;7;1303;1303005;-;02;5;5;11;4;2000;1
2021;13;7;1303;1303005;-;02;5;5;11;5;30000;1
2021;13;9;1301;1301002;-;01;5;2;11;1;6000;1
2021;13;9;1301;1301002;-;01;5;2;11;2;5000;1
2021;13;9;1301;1301002;-;01;5;2;11;4;1000;1
2021;13;9;1301;1301002;-;01;5;2;11;5;1000;1
2021;13;9;1301;1301003;-;02;11;2;11;2;35500;1
2021;13;9;1301;1301003;-;02;11;2;11;4;2000;1
2021;13;9;1301;1301003;-;02;11;2;11;5;6000;1
2021;13;10;1301;1301002;-;02;5;2;11;1;10000;1
2021;14;2;1402;1402005;-;01;1;7;11;2;163070;1
2021;14;3;1401;1401006;-;02;5;3;11;2;200000;1
2021;14;3;1401;1401006;-;02;5;3;11;3;36000;1
2021;14;3;1401;1401006;-;02;5;3;11;4;500;1
2021;14;3;1401;1401006;-;02;5;3;11;5;1000;1
2021;14;3;1401;1401006;-;02;14;5;11;2;652993;1
2021;14;3;1401;1401006;-;02;14;5;11;4;4610;1
2021;14;3;1401;1401006;-;02;14;5;11;5;34760;1
2021;14;3;1403;1403001;-;01;5;5;11;2;1300000;1
2021;14;3;1403;1403001;-;01;5;5;11;4;1200;1
2021;14;3;1403;1403001;-;01;5;5;11;5;32000;1
2021;14;3;1403;1403002;-;01;5;6;11;1;693500;1
2021;14;3;1403;1403002;-;01;5;6;11;4;4350;1
2021;14;3;1403;1403002;-;01;5;6;11;5;29200;1
2021;14;3;1403;1403002;-;01;14;6;11;2;543673;1
2021;14;3;1403;1403002;-;01;14;6;11;4;3000;1
2021;14;3;1403;1403002;-;01;14;6;11;5;20000;1
2021;14;3;1403;1403002;-;02;12;5;11;2;612097;1
2021;14;3;1403;1403002;-;02;12;5;11;4;2920;1
2021;14;3;1403;1403002;-;02;12;5;11;5;43800;1
2021;14;4;1402;1402006;-;01;5;2;11;3;154800;3
2021;14;4;1402;1402006;-;01;5;2;11;4;2880;3
2021;14;4;1402;1402006;-;01;5;2;11;5;19300;2
2021;14;4;1402;1402006;-;02;5;2;11;3;53000;1
2021;14;4;1402;1402006;-;02;5;4;11;1;65000;2
2021;14;4;1402;1402006;-;02;5;4;11;3;50000;1
2021;14;4;1402;1402006;-;02;5;4;11;4;4720;2
2021;14;4;1402;1402006;-;02;5;4;11;5;3700;2
2021;14;4;1404;1404003;-;01;11;3;11;3;54000;1
2021;14;4;1404;1404003;-;01;11;3;11;4;700;1
2021;14;4;1404;1404003;-;01;11;3;11;5;5400;1
2021;14;4;1404;1404007;-;01;5;4;11;3;43200;1
2021;14;4;1404;1404007;-;01;5;4;11;4;1080;1
2021;14;4;1404;1404007;-;01;5;4;11;5;7720;1
2021;14;7;1405;1405007;-;-;8;5;11;1;42000;1
2021;14;7;1405;1405007;-;02;5;5;11;1;1411575;1
2021;14;7;1405;1405007;-;02;5;5;11;4;3480;1
2021;14;7;1405;1405007;-;02;5;5;11;5;57218;1
2021;14;8;1403;1403007;-;02;5;2;11;2;7000;1
2021;14;8;1403;1403007;-;02;5;2;11;4;20;1
2021;14;8;1404;1404005;-;02;13;4;11;2;132000;1
2021;14;8;1404;1404005;-;02;13;4;11;4;1000;1
2021;14;8;1404;1404005;-;02;13;4;11;5;5000;1
2021;14;8;1404;1404006;-;02;5;2;11;3;73000;1
2021;14;8;1404;1404006;-;02;5;2;11;4;365;1
2021;14;8;1404;1404006;-;02;5;2;11;5;3650;1
2021;14;10;1403;1403006;-;02;5;5;11;1;43800;1
2021;14;10;1403;1403006;-;02;5;5;11;4;2000;1
2021;14;10;1403;1403006;-;02;5;5;11;5;91500;1
2021;14;10;1403;1403007;-;01;5;4;11;3;89982;1
2021;14;10;1403;1403007;-;01;5;4;11;4;2570;1
2021;14;10;1403;1403007;-;02;5;4;11;2;144000;1
2021;14;10;1403;1403007;-;02;5;4;11;4;500;1
2021;14;10;1403;1403007;-;02;5;4;11;5;12000;1
2021;14;10;1403;1403007;-;02;5;6;11;2;1613636;2
2021;14;10;1403;1403007;-;02;5;6;11;4;2716;2
2021;14;10;1403;1403007;-;02;5;6;11;5;118587;2
2021;14;10;1403;1403007;-;02;8;5;11;1;182500;1
2021;14;10;1405;1405006;-;02;5;5;11;1;397706;1
2021;14;10;1405;1405006;-;02;5;5;11;4;2500;1
2021;14;10;1405;1405006;-;02;5;5;11;5;18000;1
2021;14;11;1405;1405006;-;02;12;6;11;2;1239824;1
2021;14;12;1405;1405001;-;02;5;4;11;3;135750;1
2021;14;12;1405;1405001;-;02;5;4;11;4;1460;1
2021;14;12;1405;1405001;-;02;5;4;11;5;7300;1
2021;14;12;1405;1405002;-;02;14;2;11;2;295814;1
2021;14;12;1405;1405002;-;02;14;2;11;4;400;1
2021;14;12;1405;1405002;-;02;14;2;11;5;36500;1
2021;14;12;1405;1405004;-;01;5;2;11;1;18000;1
2021;14;12;1405;1405004;-;01;5;2;11;4;1800;1
2021;14;12;1405;1405004;-;01;5;2;11;5;5500;1
2021;14;12;1405;1405004;-;02;5;2;11;1;24000;1
2021;14;12;1405;1405004;-;02;5;2;11;5;6000;1
2021;14;12;1405;1405005;-;01;1;4;11;1;10672;1
2021;14;12;1405;1405005;-;01;1;4;11;4;4067;1
2021;14;12;1405;1405005;-;01;1;4;11;5;38746;1
2021;14;12;1405;1405005;-;01;11;4;11;1;700000;1
2021;14;12;1405;1405005;-;01;11;4;11;4;800;1
2021;14;12;1405;1405005;-;01;11;4;11;5;700;1
2021;14;12;1405;1405005;-;02;5;2;11;1;23765;1
2021;14;12;1405;1405005;-;02;5;2;11;4;365;1
2021;14;12;1405;1405005;-;02;5;2;11;5;5475;1
2021;14;12;1405;1405005;-;02;5;3;11;1;182500;1
2021;14;12;1405;1405005;-;02;5;3;11;4;1000;1
2021;14;12;1405;1405005;-;02;5;3;11;5;2500;1
2021;15;1;0;0;-;18;5;1;11;2;37850;1
2021;15;1;0;0;-;18;5;1;11;4;150;1
2021;15;1;0;0;-;18;5;1;11;5;5000;1
2021;15;1;0;0;-;63;5;1;11;2;107999;1
2021;15;3;1505;1505006;-;02;5;4;11;1;100000;1
2021;15;3;1505;1505006;-;02;5;4;11;4;4000;1
2021;15;3;1505;1505006;-;02;5;4;11;5;15000;1
2021;15;3;1505;1505007;-;01;3;7;11;2;329584;1
2021;15;3;1505;1505007;-;02;5;2;11;1;96000;1
2021;15;3;1505;1505007;-;02;5;2;11;2;15000;1
2021;15;3;1505;1505007;-;02;5;2;11;4;500;1
2021;15;3;1505;1505007;-;02;5;2;11;5;2030;2
2021;15;3;1505;1505007;-;02;11;5;11;1;84000;1
2021;15;3;1505;1505007;-;02;11;5;11;4;100;1
2021;15;4;1504;1504004;-;01;5;2;11;2;36000;1
2021;15;4;1504;1504004;-;01;5;2;11;4;2000;1
2021;15;4;1504;1504004;-;01;5;2;11;5;3000;1
2021;15;4;1504;1504004;-;01;5;5;11;2;18250;1
2021;15;4;1505;1505003;-;01;11;2;11;2;65200;1
2021;15;4;1505;1505003;-;01;11;2;11;4;360;1
2021;15;4;1505;1505003;-;01;11;2;11;5;8500;1
2021;15;4;1505;1505006;-;02;5;3;11;1;15000;1
2021;15;4;1505;1505006;-;02;5;3;11;2;108000;1
2021;15;4;1505;1505006;-;02;5;3;11;4;1500;1
2021;15;4;1505;1505006;-;02;5;3;11;5;3000;1
2021;15;4;1505;1505006;-;02;5;4;11;1;100000;1
2021;15;6;1504;1504001;-;01;5;5;11;2;578502;1
2021;15;6;1504;1504001;-;01;5;5;11;4;2000;1
2021;15;6;1504;1504001;-;01;5;5;11;5;28800;1
2021;15;6;1504;1504005;-;02;5;6;11;1;266789;1
2021;15;6;1505;1505003;-;02;11;3;11;2;85000;1
2021;15;6;1505;1505003;-;02;11;3;11;4;3650;1
2021;15;6;1505;1505003;-;02;11;3;11;5;9500;1
2021;15;6;1505;1505004;-;02;5;2;11;2;15000;1
2021;15;6;1505;1505004;-;02;5;2;11;4;100;1
2021;15;6;1505;1505004;-;02;5;2;11;5;100;1
2021;15;6;1505;1505004;-;02;5;4;11;2;175000;1
2021;15;6;1505;1505004;-;02;5;4;11;4;2000;1
2021;15;6;1505;1505004;-;02;5;4;11;5;4000;1
2021;15;6;1505;1505004;-;02;8;4;11;2;144150;1
2021;15;6;1505;1505004;-;02;8;4;11;4;3000;1
2021;15;6;1505;1505004;-;02;8;4;11;5;12000;1
2021;15;6;1505;1505005;-;01;1;7;11;2;338143;1
2021;15;6;1505;1505005;-;01;1;7;11;4;2556;1
2021;15;6;1505;1505005;-;01;1;7;11;5;6942;1
2021;15;7;1503;1503004;-;01;5;5;11;2;720000;1
2021;15;7;1503;1503004;-;01;5;5;11;4;200;1
2021;15;7;1503;1503004;-;02;5;5;11;3;129800;1
2021;15;7;1503;1503004;-;02;5;5;11;4;1610;1
2021;15;7;1503;1503004;-;02;5;5;11;5;1565;1
2021;15;7;1503;1503004;-;02;8;6;11;2;844429;1
2021;15;7;1503;1503004;-;02;8;6;11;4;20000;1
2021;15;7;1503;1503004;-;02;8;6;11;5;43200;1
2021;15;7;1504;1504003;-;02;9;7;11;2;9171730;1
2021;15;7;1504;1504003;-;02;9;7;11;4;15000;1
2021;15;7;1504;1504003;-;02;9;7;11;5;390000;1
2021;15;7;1504;1504006;-;02;5;5;11;1;484066;1
2021;15;7;1504;1504006;-;02;5;5;11;4;3600;1
2021;15;7;1504;1504006;-;02;5;5;11;5;80000;1
2021;15;9;0;0;-;18;11;1;11;2;70000;1
2021;15;9;1503;1503005;-;01;5;5;11;2;300000;1
2021;15;9;1503;1503005;-;01;5;5;11;4;1500;1
2021;15;9;1503;1503005;-;01;5;5;11;5;30000;1
2021;15;9;1503;1503005;-;01;11;4;11;2;70000;1
2021;15;9;1503;1503005;-;01;11;4;11;4;1000;1
2021;15;9;1503;1503005;-;01;11;4;11;5;8000;1
2021;15;9;1503;1503005;-;02;5;4;11;1;67525;1
2021;15;9;1503;1503005;-;02;5;4;11;2;80000;1
2021;15;9;1503;1503005;-;02;5;4;11;4;2600;2
2021;15;9;1503;1503005;-;02;5;4;11;5;14200;2
2021;15;9;1503;1503005;-;02;5;5;11;1;23000;1
2021;15;9;1503;1503005;-;02;5;5;11;2;305200;1
2021;15;9;1503;1503005;-;02;5;5;11;4;2700;2
2021;15;9;1503;1503005;-;02;5;5;11;5;13300;2
2021;15;9;1503;1503005;-;02;5;6;11;2;1450005;1
2021;15;9;1503;1503005;-;02;5;6;11;4;10000;1
2021;15;9;1503;1503005;-;02;5;6;11;5;42000;1
2021;15;9;1503;1503005;-;02;8;4;11;2;70000;1
2021;15;9;1503;1503005;-;02;8;5;11;2;556000;1
2021;15;9;1503;1503005;-;02;8;5;11;4;2000;1
2021;15;9;1503;1503005;-;02;8;5;11;5;2000;1
2021;15;9;1503;1503005;-;02;11;4;11;2;511070;2
2021;15;9;1503;1503005;-;02;11;4;11;4;3100;2
2021;15;9;1503;1503005;-;02;11;4;11;5;42860;2
2021;15;9;1503;1503005;-;02;11;5;11;2;169780;2
2021;15;9;1503;1503005;-;02;11;5;11;4;460;2
2021;15;9;1503;1503005;-;02;11;5;11;5;15060;2
2021;15;9;1504;1504001;-;01;5;5;11;2;327500;2
2021;15;9;1504;1504001;-;01;5;5;11;4;870;2
2021;15;9;1504;1504001;-;01;5;5;11;5;64000;1
2021;15;9;1504;1504001;-;02;8;4;11;2;158898;1
2021;15;9;1504;1504001;-;02;8;4;11;4;820;1
2021;15;9;1504;1504001;-;02;8;4;11;5;21900;1
2021;15;16;1502;1502004;-;01;5;4;11;2;70000;1
2021;15;16;1502;1502004;-;01;5;4;11;4;200;1
2021;15;16;1502;1502004;-;01;5;4;11;5;100;1
2021;15;16;1502;1502004;-;02;12;5;11;2;1112205;1
2021;15;16;1502;1502004;-;02;12;5;11;4;1095;1
2021;15;16;1502;1502004;-;02;12;5;11;5;25000;1
2021;16;1;1603;1603001;-;02;8;3;11;2;548767;1
2021;16;1;1603;1603001;-;02;8;3;11;4;1200;1
2021;16;1;1603;1603001;-;02;8;3;11;5;14760;1
2021;16;1;1604;1604002;-;02;5;2;11;3;41900;1
2021;16;1;1604;1604002;-;02;5;2;11;4;500;1
2021;16;1;1604;1604002;-;02;5;2;11;5;1100;1
2021;16;1;1605;1605001;-;02;11;3;11;2;251811;1
2021;16;1;1605;1605001;-;02;11;3;11;3;285000;1
2021;16;1;1605;1605001;-;02;11;3;11;4;10000;1
2021;16;1;1605;1605001;-;02;11;3;11;5;90110;1
2021;16;1;1605;1605002;-;01;5;2;11;3;53250;2
2021;16;1;1605;1605002;-;01;5;2;11;4;1050;2
2021;16;1;1605;1605002;-;01;5;2;11;5;5100;2
2021;16;1;1605;1605002;-;02;2;5;11;1;264565;1
2021;16;1;1605;1605002;-;02;2;5;11;4;2000;1
2021;16;1;1605;1605002;-;02;2;5;11;5;32850;1
2021;16;1;1605;1605002;-;02;5;2;11;1;2700;1
2021;16;1;1605;1605002;-;02;5;2;11;2;287800;2
2021;16;1;1605;1605002;-;02;5;2;11;3;8100;1
2021;16;1;1605;1605002;-;02;5;2;11;4;3340;3
2021;16;1;1605;1605002;-;02;5;2;11;5;9500;3
2021;16;1;1605;1605002;-;02;5;4;11;2;223795;1
2021;16;1;1605;1605002;-;02;5;4;11;4;850;1
2021;16;1;1605;1605002;-;02;5;4;11;5;6000;1
2021;16;1;1605;1605002;-;02;11;2;11;3;36000;1
2021;16;1;1605;1605002;-;02;11;2;11;4;1000;1
2021;16;1;1605;1605002;-;02;11;2;11;5;4000;1
2021;16;1;1605;1605002;-;02;12;4;11;2;292000;1
2021;16;1;1605;1605002;-;02;12;4;11;5;8900;1
2021;16;1;1605;1605002;-;02;12;5;11;2;934074;1
2021;16;1;1605;1605002;-;02;12;5;11;4;3860;1
2021;16;1;1605;1605002;-;02;12;5;11;5;44560;1
2021;16;2;0;0;-;02;5;1;11;2;350000;1
2021;16;2;0;0;-;02;5;1;11;5;53000;1
2021;16;3;1601;1601001;-;02;5;3;11;3;105000;1
2021;16;3;1601;1601001;-;02;5;3;11;4;800;1
2021;16;3;1601;1601001;-;02;5;3;11;5;9200;1
2021;16;3;1601;1601002;-;02;5;4;11;3;328500;1
2021;16;3;1601;1601002;-;02;5;4;11;4;1000;1
2021;16;3;1601;1601002;-;02;5;4;11;5;20000;1
2021;16;3;1601;1601003;-;02;2;4;11;3;160000;1
2021;16;3;1601;1601003;-;02;2;4;11;4;1200;1
2021;16;3;1601;1601003;-;02;2;4;11;5;8000;1
2021;16;3;1601;1601003;-;02;5;2;11;1;110000;1
2021;16;3;1601;1601003;-;02;5;2;11;2;385000;2
2021;16;3;1601;1601003;-;02;5;2;11;3;123820;3
2021;16;3;1601;1601003;-;02;5;2;11;4;18970;7
2021;16;3;1601;1601003;-;02;5;2;11;5;69350;6
2021;16;3;1601;1601003;-;02;5;3;11;2;679020;5
2021;16;3;1601;1601003;-;02;5;3;11;3;2255405;6
2021;16;3;1601;1601003;-;02;5;3;11;4;13300;10
2021;16;3;1601;1601003;-;02;5;3;11;5;142900;10
2021;16;3;1601;1601003;-;02;5;4;11;2;1345000;2
2021;16;3;1601;1601003;-;02;5;4;11;3;481575;2
2021;16;3;1601;1601003;-;02;5;4;11;4;7100;4
2021;16;3;1601;1601003;-;02;5;4;11;5;66030;4
2021;16;3;1601;1601003;-;02;5;5;11;2;177025;1
2021;16;3;1601;1601003;-;02;5;5;11;3;307695;1
2021;16;3;1601;1601003;-;02;5;5;11;4;1400;1
2021;16;3;1601;1601003;-;02;5;5;11;5;19600;1
2021;16;3;1601;1601003;-;02;11;2;11;2;81735;1
2021;16;3;1601;1601003;-;02;11;2;11;3;141420;2
2021;16;3;1601;1601003;-;02;11;2;11;4;2900;3
2021;16;3;1601;1601003;-;02;11;2;11;5;20800;3
2021;16;3;1601;1601003;-;02;11;3;11;2;127750;1
2021;16;3;1601;1601003;-;02;11;3;11;3;283375;2
2021;16;3;1601;1601003;-;02;11;3;11;4;3400;3
2021;16;3;1601;1601003;-;02;11;3;11;5;22000;3
2021;16;3;1601;1601003;-;02;11;4;11;2;537573;2
2021;16;3;1601;1601003;-;02;11;4;11;3;146000;1
2021;16;3;1601;1601003;-;02;11;4;11;4;1200;1
2021;16;3;1601;1601003;-;02;11;4;11;5;27350;2
2021;16;3;1601;1601003;-;02;11;5;11;2;1224817;1
2021;16;3;1601;1601003;-;02;11;5;11;4;800;1
2021;16;3;1601;1601003;-;02;11;5;11;5;56500;1
2021;16;3;1601;1601003;-;02;14;2;11;3;50000;1
2021;16;3;1601;1601003;-;02;14;2;11;4;500;1
2021;16;3;1601;1601003;-;02;14;2;11;5;500;1
2021;16;3;1601;1601004;-;02;5;2;11;2;153300;1
2021;16;3;1601;1601004;-;02;5;2;11;3;100740;1
2021;16;3;1601;1601004;-;02;5;2;11;4;1750;2
2021;16;3;1601;1601004;-;02;5;2;11;5;7700;2
2021;16;3;1601;1601004;-;02;5;3;11;2;388995;4
2021;16;3;1601;1601004;-;02;5;3;11;3;330000;2
2021;16;3;1601;1601004;-;02;5;3;11;4;2860;3
2021;16;3;1601;1601004;-;02;5;3;11;5;24400;3
2021;16;3;1601;1601004;-;02;5;4;11;2;139430;1
2021;16;3;1601;1601004;-;02;5;4;11;4;2100;1
2021;16;3;1601;1601004;-;02;5;4;11;5;9400;1
2021;16;3;1601;1601004;-;02;11;2;11;3;141620;1
2021;16;3;1601;1601004;-;02;11;2;11;4;1100;1
2021;16;3;1601;1601004;-;02;11;2;11;5;7800;1
2021;16;3;1601;1601004;-;02;11;5;11;2;2267987;1
2021;16;3;1601;1601004;-;02;11;5;11;4;3300;1
2021;16;3;1601;1601004;-;02;11;5;11;5;94000;1
2021;16;3;1601;1601004;-;02;12;6;11;2;720000;1
2021;16;3;1601;1601004;-;02;12;6;11;4;1500;1
2021;16;3;1601;1601004;-;02;12;6;11;5;72000;1
2021;16;3;1601;1601004;-;02;13;4;11;2;185032;1
2021;16;3;1601;1601004;-;02;13;4;11;4;520;1
2021;16;3;1601;1601004;-;02;13;4;11;5;7800;1
2021;16;3;1601;1601005;-;02;5;2;11;2;109000;1
2021;16;3;1601;1601005;-;02;5;2;11;3;853406;3
2021;16;3;1601;1601005;-;02;5;2;11;4;3330;4
2021;16;3;1601;1601005;-;02;5;2;11;5;42620;4
2021;16;3;1601;1601005;-;02;5;3;11;2;146000;1
2021;16;3;1601;1601005;-;02;5;3;11;4;1100;1
2021;16;3;1601;1601005;-;02;5;3;11;5;12800;1
2021;16;3;1601;1601005;-;02;5;4;11;2;1997306;3
2021;16;3;1601;1601005;-;02;5;4;11;3;438000;2
2021;16;3;1601;1601005;-;02;5;4;11;4;5450;5
2021;16;3;1601;1601005;-;02;5;4;11;5;64075;5
2021;16;3;1601;1601005;-;02;8;2;11;3;58400;1
2021;16;3;1601;1601005;-;02;8;2;11;4;1200;1
2021;16;3;1601;1601005;-;02;8;2;11;5;3300;1
2021;16;3;1601;1601005;-;02;11;2;11;2;153296;2
2021;16;3;1601;1601005;-;02;11;2;11;3;33000;1
2021;16;3;1601;1601005;-;02;11;2;11;4;2065;3
2021;16;3;1601;1601005;-;02;11;2;11;5;7975;2
2021;16;3;1601;1601005;-;02;11;5;11;2;512155;1
2021;16;3;1601;1601005;-;02;11;5;11;4;7300;1
2021;16;3;1601;1601005;-;02;11;5;11;5;25600;1
2021;16;3;1601;1601006;-;02;5;2;11;1;22000;1
2021;16;3;1601;1601006;-;02;5;2;11;2;221960;2
2021;16;3;1601;1601006;-;02;5;2;11;3;21850;1
2021;16;3;1601;1601006;-;02;5;2;11;4;1900;3
2021;16;3;1601;1601006;-;02;5;2;11;5;18700;2
2021;16;3;1601;1601006;-;02;5;3;11;2;836372;3
2021;16;3;1601;1601006;-;02;5;3;11;3;29200;1
2021;16;3;1601;1601006;-;02;5;3;11;4;7450;4
2021;16;3;1601;1601006;-;02;5;3;11;5;39800;4
2021;16;3;1601;1601006;-;02;5;4;11;3;456250;1
2021;16;3;1601;1601006;-;02;5;4;11;4;450;1
2021;16;3;1601;1601006;-;02;5;4;11;5;9000;1
2021;16;3;1601;1601006;-;02;5;5;11;2;684764;1
2021;16;3;1601;1601006;-;02;5;5;11;4;2300;1
2021;16;3;1601;1601006;-;02;5;5;11;5;26200;1
2021;16;3;1601;1601006;-;02;11;2;11;2;279000;2
2021;16;3;1601;1601006;-;02;11;2;11;3;187808;3
2021;16;3;1601;1601006;-;02;11;2;11;4;3265;4
2021;16;3;1601;1601006;-;02;11;2;11;5;23100;4
2021;16;3;1601;1601006;-;02;11;3;11;2;1333229;2
2021;16;3;1601;1601006;-;02;11;3;11;3;437500;2
2021;16;3;1601;1601006;-;02;11;3;11;4;9090;4
2021;16;3;1601;1601006;-;02;11;3;11;5;81300;3
2021;16;3;1601;1601006;-;02;11;4;11;2;1936341;3
2021;16;3;1601;1601006;-;02;11;4;11;4;4500;3
2021;16;3;1601;1601006;-;02;11;4;11;5;97700;3
2021;16;3;1601;1601006;-;02;12;5;11;2;480000;1
2021;16;3;1602;1602004;-;01;5;3;11;2;139800;1
2021;16;3;1602;1602004;-;01;5;3;11;4;1300;1
2021;16;3;1602;1602004;-;01;5;3;11;5;12800;1
2021;16;3;1602;1602004;-;01;11;2;11;3;60000;1
2021;16;3;1602;1602004;-;01;11;2;11;5;800;1
2021;16;3;1602;1602004;-;02;5;2;11;2;282275;2
2021;16;3;1602;1602004;-;02;5;2;11;3;1614110;15
2021;16;3;1602;1602004;-;02;5;2;11;4;12250;14
2021;16;3;1602;1602004;-;02;5;2;11;5;62500;11
2021;16;3;1602;1602004;-;02;5;3;11;2;1149399;5
2021;16;3;1602;1602004;-;02;5;3;11;3;555575;2
2021;16;3;1602;1602004;-;02;5;3;11;4;7475;7
2021;16;3;1602;1602004;-;02;5;3;11;5;65960;7
2021;16;3;1602;1602004;-;02;5;4;11;2;1904856;4
2021;16;3;1602;1602004;-;02;5;4;11;3;594950;2
2021;16;3;1602;1602004;-;02;5;4;11;4;8700;5
2021;16;3;1602;1602004;-;02;5;4;11;5;119100;5
2021;16;3;1602;1602004;-;02;5;5;11;2;2214784;1
2021;16;3;1602;1602004;-;02;5;5;11;3;222000;1
2021;16;3;1602;1602004;-;02;5;5;11;4;14300;2
2021;16;3;1602;1602004;-;02;5;5;11;5;81300;2
2021;16;3;1602;1602004;-;02;8;5;11;2;2073793;1
2021;16;3;1602;1602004;-;02;8;5;11;4;2000;1
2021;16;3;1602;1602004;-;02;8;5;11;5;36000;1
2021;16;3;1602;1602004;-;02;11;2;11;2;313573;3
2021;16;3;1602;1602004;-;02;11;2;11;3;233930;4
2021;16;3;1602;1602004;-;02;11;2;11;4;6200;6
2021;16;3;1602;1602004;-;02;11;2;11;5;21780;6
2021;16;3;1602;1602004;-;02;11;3;11;2;195812;1
2021;16;3;1602;1602004;-;02;11;3;11;4;1000;1
2021;16;3;1602;1602004;-;02;11;3;11;5;12150;1
2021;16;3;1602;1602004;-;02;11;4;11;1;752157;1
2021;16;3;1602;1602004;-;02;11;4;11;4;450;1
2021;16;3;1605;1605001;-;02;11;2;11;1;880;1
2021;16;3;1605;1605001;-;02;11;2;11;2;144000;1
2021;16;3;1605;1605001;-;02;11;2;11;4;720;1
2021;16;3;1605;1605001;-;02;11;2;11;5;2500;1
2021;16;3;1605;1605004;-;02;5;2;11;3;85000;1
2021;16;3;1605;1605004;-;02;5;2;11;4;2000;1
2021;16;3;1605;1605004;-;02;5;2;11;5;3000;1
2021;16;3;1605;1605004;-;02;11;2;11;3;132130;1
2021;16;3;1605;1605004;-;02;11;2;11;4;1200;1
2021;16;3;1605;1605004;-;02;11;2;11;5;5400;1
2021;16;4;1601;1601001;-;-;5;4;11;3;105840;1
2021;16;4;1601;1601001;-;-;5;4;11;4;2000;1
2021;16;4;1601;1601001;-;-;5;4;11;5;1800;1
2021;16;4;1601;1601001;-;01;5;2;11;3;245996;3
2021;16;4;1601;1601001;-;01;5;2;11;4;3500;3
2021;16;4;1601;1601001;-;01;5;2;11;5;14800;3
2021;16;4;1601;1601001;-;02;5;2;11;2;235520;2
2021;16;4;1601;1601001;-;02;5;2;11;3;287530;5
2021;16;4;1601;1601001;-;02;5;2;11;4;4050;5
2021;16;4;1601;1601001;-;02;5;2;11;5;17550;5
2021;16;4;1601;1601001;-;02;5;3;11;2;182500;1
2021;16;4;1601;1601001;-;02;5;3;11;3;590720;5
2021;16;4;1601;1601001;-;02;5;3;11;4;4170;6
2021;16;4;1601;1601001;-;02;5;3;11;5;24410;6
2021;16;4;1601;1601001;-;02;5;4;11;1;247984;1
2021;16;4;1601;1601001;-;02;5;4;11;2;1843836;4
2021;16;4;1601;1601001;-;02;5;4;11;4;8020;5
2021;16;4;1601;1601001;-;02;5;4;11;5;101500;5
2021;16;4;1601;1601001;-;02;5;5;11;2;296455;1
2021;16;4;1601;1601001;-;02;5;5;11;4;1460;1
2021;16;4;1601;1601001;-;02;5;5;11;5;12000;1
2021;16;4;1601;1601001;-;02;8;2;11;3;208000;1
2021;16;4;1601;1601001;-;02;8;2;11;4;1000;1
2021;16;4;1601;1601001;-;02;8;2;11;5;1300;1
2021;16;4;1601;1601001;-;02;8;5;11;2;868700;1
2021;16;4;1601;1601001;-;02;8;5;11;4;1100;1
2021;16;4;1601;1601001;-;02;8;5;11;5;20400;1
2021;16;4;1601;1601001;-;02;11;2;4;3;13500;1
2021;16;4;1601;1601001;-;02;11;2;4;4;200;1
2021;16;4;1601;1601001;-;02;11;2;11;2;1800002;1
2021;16;4;1601;1601001;-;02;11;2;11;3;14200;1
2021;16;4;1601;1601001;-;02;11;2;11;4;200;1
2021;16;4;1601;1601001;-;02;11;3;11;3;249000;1
2021;16;4;1601;1601001;-;02;11;3;11;4;3000;1
2021;16;4;1601;1601001;-;02;11;3;11;5;15000;1
2021;16;4;1601;1601001;-;02;11;4;11;3;178600;2
2021;16;4;1601;1601001;-;02;11;4;11;4;3500;2
2021;16;4;1601;1601001;-;02;11;4;11;5;4500;2
2021;16;4;1601;1601001;-;02;11;6;11;2;988499;1
2021;16;4;1601;1601001;-;02;11;6;11;4;1000;1
2021;16;4;1601;1601001;-;02;11;6;11;5;55000;1
2021;16;4;1601;1601001;-;02;12;6;11;2;4026459;1
2021;16;4;1601;1601001;-;02;12;6;11;4;1928;1
2021;16;4;1601;1601001;-;02;12;6;11;5;70077;1
2021;16;4;1601;1601002;-;02;5;2;11;2;372570;2
2021;16;4;1601;1601002;-;02;5;2;11;3;594202;8
2021;16;4;1601;1601002;-;02;5;2;11;4;10290;10
2021;16;4;1601;1601002;-;02;5;2;11;5;33980;10
2021;16;4;1601;1601002;-;02;5;3;11;2;632154;2
2021;16;4;1601;1601002;-;02;5;3;11;3;340138;3
2021;16;4;1601;1601002;-;02;5;3;11;4;7295;5
2021;16;4;1601;1601002;-;02;5;3;11;5;33550;5
2021;16;4;1601;1601002;-;02;5;4;11;2;2575201;5
2021;16;4;1601;1601002;-;02;5;4;11;3;620500;3
2021;16;4;1601;1601002;-;02;5;4;11;4;5060;5
2021;16;4;1601;1601002;-;02;5;4;11;5;103140;5
2021;16;4;1601;1601002;-;02;5;5;11;2;768325;1
2021;16;4;1601;1601002;-;02;5;5;11;4;1400;1
2021;16;4;1601;1601002;-;02;5;5;11;5;31800;1
2021;16;4;1601;1601002;-;02;8;3;11;3;200750;1
2021;16;4;1601;1601002;-;02;8;3;11;4;1050;1
2021;16;4;1601;1601002;-;02;8;3;11;5;10950;1
2021;16;4;1601;1601002;-;02;11;2;11;3;45000;1
2021;16;4;1601;1601002;-;02;11;2;11;4;200;1
2021;16;4;1601;1601002;-;02;11;2;11;5;1200;1
2021;16;4;1601;1601002;-;02;11;3;11;2;1011521;2
2021;16;4;1601;1601002;-;02;11;3;11;3;372300;1
2021;16;4;1601;1601002;-;02;11;3;11;4;3250;3
2021;16;4;1601;1601002;-;02;11;3;11;5;76970;3
2021;16;4;1601;1601002;-;02;11;4;11;2;72000;1
2021;16;4;1601;1601002;-;02;11;4;11;3;163000;2
2021;16;4;1601;1601002;-;02;11;4;11;4;2000;2
2021;16;4;1601;1601002;-;02;11;4;11;5;18000;2
2021;16;4;1601;1601003;-;02;5;3;11;2;333975;1
2021;16;4;1601;1601003;-;02;5;3;11;4;1400;1
2021;16;4;1601;1601003;-;02;5;3;11;5;15700;1
2021;16;4;1601;1601003;-;02;5;5;11;2;502212;1
2021;16;4;1601;1601003;-;02;5;5;11;4;1600;1
2021;16;4;1601;1601003;-;02;5;5;11;5;5000;1
2021;16;4;1601;1601003;-;02;9;7;11;1;3666251;1
2021;16;4;1601;1601003;-;02;9;7;11;4;1460;1
2021;16;4;1601;1601003;-;02;9;7;11;5;55762;1
2021;16;4;1601;1601003;-;02;11;3;11;3;180000;1
2021;16;4;1601;1601003;-;02;11;3;11;4;1000;1
2021;16;4;1601;1601003;-;02;11;5;11;2;702378;2
2021;16;4;1601;1601003;-;02;11;5;11;4;1700;1
2021;16;4;1601;1601003;-;02;11;5;11;5;35900;2
2021;16;4;1602;1602004;-;02;5;2;11;3;171550;1
2021;16;4;1602;1602004;-;02;5;2;11;4;1200;1
2021;16;4;1602;1602004;-;02;5;2;11;5;8300;1
2021;16;4;1604;1604001;-;02;11;4;11;3;220000;1
2021;16;4;1604;1604001;-;02;11;4;11;4;1000;1
2021;16;4;1604;1604001;-;02;11;4;11;5;10000;1
2021;16;5;1601;1601003;-;-;5;2;11;3;27000;1
2021;16;5;1601;1601003;-;-;5;2;11;4;1000;1
2021;16;5;1601;1601003;-;-;5;2;11;5;1000;1
2021;16;5;1604;1604001;-;-;5;3;11;2;190000;1
2021;16;5;1604;1604001;-;-;5;3;11;4;2500;1
2021;16;5;1604;1604001;-;-;5;3;11;5;4700;1
2021;16;5;1604;1604001;-;01;5;2;11;2;394739;1
2021;16;5;1604;1604001;-;01;5;2;11;4;400;1
2021;16;5;1604;1604001;-;01;5;2;11;5;5200;1
2021;16;5;1604;1604001;-;01;5;5;11;2;376045;1
2021;16;5;1604;1604001;-;01;5;5;11;3;132000;1
2021;16;5;1604;1604001;-;01;5;5;11;4;3200;2
2021;16;5;1604;1604001;-;01;5;5;11;5;35000;2
2021;16;5;1604;1604001;-;01;11;2;11;3;267975;3
2021;16;5;1604;1604001;-;01;11;2;11;4;2100;2
2021;16;5;1604;1604001;-;01;11;2;11;5;41000;2
2021;16;5;1604;1604001;-;01;11;4;11;3;147000;1
2021;16;5;1604;1604001;-;01;11;4;11;4;1000;1
2021;16;5;1604;1604001;-;01;11;5;11;3;1086300;3
2021;16;5;1604;1604001;-;01;11;5;11;4;5465;3
2021;16;5;1604;1604001;-;01;11;5;11;5;56320;3
2021;16;5;1604;1604001;-;02;5;2;11;3;987325;3
2021;16;5;1604;1604001;-;02;5;2;11;4;3460;3
2021;16;5;1604;1604001;-;02;5;2;11;5;26800;3
2021;16;5;1604;1604001;-;02;5;3;11;1;120000;1
2021;16;5;1604;1604001;-;02;5;3;11;2;1163133;2
2021;16;5;1604;1604001;-;02;5;3;11;3;714600;3
2021;16;5;1604;1604001;-;02;5;3;11;4;7600;6
2021;16;5;1604;1604001;-;02;5;3;11;5;70300;6
2021;16;5;1604;1604001;-;02;5;4;11;3;175000;1
2021;16;5;1604;1604001;-;02;5;4;11;4;2000;1
2021;16;5;1604;1604001;-;02;5;4;11;5;2000;1
2021;16;5;1604;1604001;-;02;5;5;11;2;540000;1
2021;16;5;1604;1604001;-;02;5;5;11;4;800;1
2021;16;5;1604;1604001;-;02;5;5;11;5;25000;1
2021;16;5;1604;1604001;-;02;11;2;11;3;199700;2
2021;16;5;1604;1604001;-;02;11;2;11;4;2150;2
2021;16;5;1604;1604001;-;02;11;2;11;5;11250;2
2021;16;5;1604;1604001;-;02;11;3;11;3;191800;2
2021;16;5;1604;1604001;-;02;11;3;11;4;22900;2
2021;16;5;1604;1604001;-;02;11;3;11;5;3000;1
2021;16;5;1604;1604001;-;02;11;4;11;2;2848475;5
2021;16;5;1604;1604001;-;02;11;4;11;3;329000;2
2021;16;5;1604;1604001;-;02;11;4;11;4;31265;6
2021;16;5;1604;1604001;-;02;11;4;11;5;151213;6
2021;16;5;1604;1604001;-;02;12;5;11;2;704303;1
2021;16;5;1604;1604001;-;02;12;5;11;3;288000;1
2021;16;5;1604;1604001;-;02;12;5;11;4;2525;2
2021;16;5;1604;1604001;-;02;12;5;11;5;80000;2
2021;16;5;1604;1604001;-;16;5;3;11;3;100000;1
2021;16;5;1604;1604001;-;16;5;3;11;4;1000;1
2021;16;5;1604;1604002;-;02;5;2;11;2;65700;1
2021;16;5;1604;1604002;-;02;5;2;11;3;348395;5
2021;16;5;1604;1604002;-;02;5;2;11;4;6700;4
2021;16;5;1604;1604002;-;02;5;2;11;5;8500;3
2021;16;5;1604;1604002;-;02;5;3;11;2;556681;3
2021;16;5;1604;1604002;-;02;5;3;11;3;990405;5
2021;16;5;1604;1604002;-;02;5;3;11;4;6910;7
2021;16;5;1604;1604002;-;02;5;3;11;5;34100;6
2021;16;5;1604;1604002;-;02;5;4;11;2;239075;2
2021;16;5;1604;1604002;-;02;5;4;11;3;641155;3
2021;16;5;1604;1604002;-;02;5;4;11;4;5200;4
2021;16;5;1604;1604002;-;02;5;4;11;5;50900;4
2021;16;5;1604;1604002;-;02;5;5;11;1;1680921;1
2021;16;5;1604;1604002;-;02;5;5;11;2;2020921;2
2021;16;5;1604;1604002;-;02;5;5;11;4;3600;2
2021;16;5;1604;1604002;-;02;5;5;11;5;25000;2
2021;16;5;1604;1604002;-;02;8;4;11;3;88000;1
2021;16;5;1604;1604002;-;02;8;4;11;4;1000;1
2021;16;5;1604;1604002;-;02;8;4;11;5;10000;1
2021;16;5;1604;1604002;-;02;11;2;11;3;222960;3
2021;16;5;1604;1604002;-;02;11;2;11;4;2230;3
2021;16;5;1604;1604002;-;02;11;2;11;5;5700;3
2021;16;5;1604;1604002;-;02;11;3;11;2;130596;1
2021;16;5;1604;1604002;-;02;11;3;11;3;479652;2
2021;16;5;1604;1604002;-;02;11;3;11;4;3000;2
2021;16;5;1604;1604002;-;02;11;3;11;5;11300;2
2021;16;5;1604;1604002;-;02;11;4;11;2;859047;1
2021;16;5;1604;1604002;-;02;11;4;11;4;900;1
2021;16;5;1604;1604002;-;02;11;4;11;5;35000;1
2021;16;5;1604;1604003;-;-;5;2;11;3;18000;1
2021;16;5;1604;1604003;-;-;5;2;11;4;150;1
2021;16;5;1604;1604003;-;-;5;2;11;5;150;1
2021;16;5;1604;1604003;-;01;5;2;11;3;54750;1
2021;16;5;1604;1604003;-;01;5;2;11;4;900;1
2021;16;5;1604;1604003;-;01;5;2;11;5;850;1
2021;16;5;1604;1604003;-;02;2;4;11;2;63140;1
2021;16;5;1604;1604003;-;02;2;4;11;3;891000;1
2021;16;5;1604;1604003;-;02;2;4;11;4;2900;1
2021;16;5;1604;1604003;-;02;2;4;11;5;22960;1
2021;16;5;1604;1604003;-;02;5;2;11;3;672635;7
2021;16;5;1604;1604003;-;02;5;2;11;4;2810;4
2021;16;5;1604;1604003;-;02;5;2;11;5;23460;4
2021;16;5;1604;1604003;-;02;5;3;11;2;70000;1
2021;16;5;1604;1604003;-;02;5;3;11;3;373000;2
2021;16;5;1604;1604003;-;02;5;3;11;4;3000;2
2021;16;5;1604;1604003;-;02;5;3;11;5;10500;3
2021;16;5;1604;1604003;-;02;5;4;11;2;180000;1
2021;16;5;1604;1604003;-;02;5;4;11;3;872070;3
2021;16;5;1604;1604003;-;02;5;4;11;4;4100;3
2021;16;5;1604;1604003;-;02;5;4;11;5;21900;3
2021;16;5;1604;1604003;-;02;8;5;11;3;708235;1
2021;16;5;1604;1604003;-;02;8;5;11;4;2000;1
2021;16;5;1604;1604003;-;02;8;5;11;5;36000;1
2021;16;5;1604;1604003;-;02;11;2;11;3;73000;2
2021;16;5;1604;1604003;-;02;11;2;11;4;1000;1
2021;16;5;1604;1604003;-;02;11;2;11;5;2500;2
2021;16;5;1604;1604003;-;02;11;3;11;2;538200;2
2021;16;5;1604;1604003;-;02;11;3;11;3;665700;2
2021;16;5;1604;1604003;-;02;11;3;11;4;3865;3
2021;16;5;1604;1604003;-;02;11;3;11;5;110075;4
2021;16;5;1604;1604003;-;02;11;5;11;3;370729;2
2021;16;5;1604;1604003;-;02;11;5;11;4;201729;2
2021;16;5;1604;1604003;-;02;11;5;11;5;730;1
2021;16;5;1604;1604003;-;02;12;4;11;2;365563;1
2021;16;5;1604;1604003;-;02;12;4;11;4;750;1
2021;16;5;1604;1604003;-;02;12;4;11;5;35000;1
2021;16;5;1604;1604004;-;01;5;3;11;3;1554000;1
2021;16;5;1604;1604004;-;01;5;3;11;4;2000;1
2021;16;5;1604;1604004;-;01;5;3;11;5;48000;1
2021;16;5;1604;1604004;-;01;5;4;11;3;80000;1
2021;16;5;1604;1604004;-;01;5;4;11;4;400;1
2021;16;5;1604;1604004;-;01;5;4;11;5;500;1
2021;16;5;1604;1604004;-;01;5;7;11;2;1070478;1
2021;16;5;1604;1604004;-;01;5;7;11;4;3285;1
2021;16;5;1604;1604004;-;01;5;7;11;5;68465;1
2021;16;5;1604;1604004;-;02;5;2;11;2;292474;3
2021;16;5;1604;1604004;-;02;5;2;11;3;203079;5
2021;16;5;1604;1604004;-;02;5;2;11;4;9360;8
2021;16;5;1604;1604004;-;02;5;2;11;5;39970;8
2021;16;5;1604;1604004;-;02;5;3;11;1;219000;1
2021;16;5;1604;1604004;-;02;5;3;11;2;150000;1
2021;16;5;1604;1604004;-;02;5;3;11;3;150000;1
2021;16;5;1604;1604004;-;02;5;3;11;4;5050;2
2021;16;5;1604;1604004;-;02;5;3;11;5;5000;2
2021;16;5;1604;1604004;-;02;5;4;11;2;386000;1
2021;16;5;1604;1604004;-;02;5;4;11;3;725645;2
2021;16;5;1604;1604004;-;02;5;4;11;4;5000;3
2021;16;5;1604;1604004;-;02;5;4;11;5;36000;3
2021;16;5;1604;1604004;-;02;5;5;11;2;474466;1
2021;16;5;1604;1604004;-;02;5;5;11;3;525600;1
2021;16;5;1604;1604004;-;02;5;5;11;4;2000;2
2021;16;5;1604;1604004;-;02;5;5;11;5;38700;2
2021;16;5;1604;1604004;-;02;5;6;11;2;6183675;1
2021;16;5;1604;1604004;-;02;5;6;11;3;140885;1
2021;16;5;1604;1604004;-;02;5;6;11;4;13700;1
2021;16;5;1604;1604004;-;02;5;6;11;5;128365;1
2021;16;5;1604;1604004;-;02;11;2;11;1;5700;1
2021;16;5;1604;1604004;-;02;11;2;11;2;253300;2
2021;16;5;1604;1604004;-;02;11;2;11;3;160330;2
2021;16;5;1604;1604004;-;02;11;2;11;4;4600;5
2021;16;5;1604;1604004;-;02;11;2;11;5;14200;5
2021;16;5;1604;1604004;-;02;11;3;11;2;197697;2
2021;16;5;1604;1604004;-;02;11;3;11;3;2142288;2
2021;16;5;1604;1604004;-;02;11;3;11;4;5720;3
2021;16;5;1604;1604004;-;02;11;3;11;5;58010;3
2021;16;5;1604;1604004;-;02;12;3;11;2;230000;1
2021;16;5;1604;1604004;-;02;12;3;11;4;200;1
2021;16;5;1604;1604004;-;02;12;3;11;5;15000;1
2021;16;5;1604;1604004;-;02;12;4;11;2;212000;1
2021;16;5;1604;1604004;-;02;12;4;11;4;600;1
2021;16;5;1604;1604004;-;02;12;4;11;5;2500;1
2021;16;5;1604;1604005;-;01;5;5;11;2;60000;1
2021;16;5;1604;1604005;-;01;5;5;11;4;2000;1
2021;16;5;1604;1604005;-;01;5;5;11;5;14000;1
2021;16;5;1604;1604005;-;02;2;4;11;2;626575;1
2021;16;5;1604;1604005;-;02;2;4;11;4;900;1
2021;16;5;1604;1604005;-;02;2;4;11;5;31300;1
2021;16;5;1604;1604005;-;02;5;2;11;2;209135;2
2021;16;5;1604;1604005;-;02;5;2;11;3;393050;3
2021;16;5;1604;1604005;-;02;5;2;11;4;3200;3
2021;16;5;1604;1604005;-;02;5;2;11;5;15900;3
2021;16;5;1604;1604005;-;02;5;3;11;3;146000;1
2021;16;5;1604;1604005;-;02;5;3;11;4;750;1
2021;16;5;1604;1604005;-;02;5;3;11;5;1200;1
2021;16;5;1604;1604005;-;02;5;4;11;2;1026292;2
2021;16;5;1604;1604005;-;02;5;4;11;3;580000;2
2021;16;5;1604;1604005;-;02;5;4;11;4;10870;4
2021;16;5;1604;1604005;-;02;5;4;11;5;57100;4
2021;16;5;1604;1604005;-;02;5;5;11;1;1321301;1
2021;16;5;1604;1604005;-;02;5;5;11;2;512000;1
2021;16;5;1604;1604005;-;02;5;5;11;4;1730;2
2021;16;5;1604;1604005;-;02;5;5;11;5;120600;2
2021;16;5;1604;1604005;-;02;5;6;11;2;2315104;1
2021;16;5;1604;1604005;-;02;5;6;11;4;5110;1
2021;16;5;1604;1604005;-;02;5;6;11;5;25000;1
2021;16;5;1604;1604005;-;02;11;2;11;2;461594;3
2021;16;5;1604;1604005;-;02;11;2;11;3;164250;1
2021;16;5;1604;1604005;-;02;11;2;11;4;4700;4
2021;16;5;1604;1604005;-;02;11;2;11;5;8200;3
2021;16;5;1604;1604005;-;02;11;3;11;2;701568;3
2021;16;5;1604;1604005;-;02;11;3;11;3;538000;4
2021;16;5;1604;1604005;-;02;11;3;11;4;5370;7
2021;16;5;1604;1604005;-;02;11;3;11;5;13300;6
2021;16;5;1604;1604005;-;02;11;4;11;2;565454;1
2021;16;5;1604;1604005;-;02;11;4;11;3;105000;1
2021;16;5;1604;1604005;-;02;11;4;11;4;2500;2
2021;16;5;1604;1604005;-;02;11;4;11;5;4000;1
2021;16;5;1604;1604005;-;02;11;5;11;2;451167;1
2021;16;5;1604;1604005;-;02;11;5;11;4;3600;1
2021;16;5;1604;1604005;-;02;11;5;11;5;12000;1
2021;16;5;1604;1604005;-;02;12;5;11;2;2306224;1
2021;16;5;1604;1604005;-;02;12;5;11;4;2000;1
2021;16;5;1604;1604005;-;02;12;5;11;5;130000;1
2021;16;5;1604;1604006;-;-;5;2;11;2;136000;1
2021;16;5;1604;1604006;-;-;5;2;11;4;1000;1
2021;16;5;1604;1604006;-;-;5;2;11;5;1000;1
2021;16;5;1604;1604006;-;01;5;5;11;3;1683672;1
2021;16;5;1604;1604006;-;01;5;5;11;4;1300;1
2021;16;5;1604;1604006;-;01;5;5;11;5;68400;1
2021;16;5;1604;1604006;-;02;5;2;11;2;27556;1
2021;16;5;1604;1604006;-;02;5;2;11;3;340000;3
2021;16;5;1604;1604006;-;02;5;2;11;4;4960;4
2021;16;5;1604;1604006;-;02;5;2;11;5;7220;4
2021;16;5;1604;1604006;-;02;5;3;11;2;76000;1
2021;16;5;1604;1604006;-;02;5;3;11;3;73000;1
2021;16;5;1604;1604006;-;02;5;3;11;4;1500;2
2021;16;5;1604;1604006;-;02;5;3;11;5;3500;2
2021;16;5;1604;1604006;-;02;5;4;11;2;1346000;3
2021;16;5;1604;1604006;-;02;5;4;11;3;1077000;2
2021;16;5;1604;1604006;-;02;5;4;11;4;14400;5
2021;16;5;1604;1604006;-;02;5;4;11;5;56100;5
2021;16;5;1604;1604006;-;02;5;5;11;2;2484821;2
2021;16;5;1604;1604006;-;02;5;5;11;3;1900000;1
2021;16;5;1604;1604006;-;02;5;5;11;4;5690;3
2021;16;5;1604;1604006;-;02;5;5;11;5;126100;3
2021;16;5;1604;1604006;-;02;11;2;11;3;14000;1
2021;16;5;1604;1604006;-;02;11;3;11;2;566266;1
2021;16;5;1604;1604006;-;02;11;3;11;3;137500;2
2021;16;5;1604;1604006;-;02;11;3;11;4;4260;3
2021;16;5;1604;1604006;-;02;11;3;11;5;17100;3
2021;16;5;1604;1604006;-;02;14;3;11;2;351368;1
2021;16;5;1604;1604006;-;02;14;3;11;4;1095;1
2021;16;5;1604;1604006;-;02;14;3;11;5;13950;1
2021;16;5;1604;1604007;-;-;5;3;11;1;54700;1
2021;16;5;1604;1604007;-;-;5;3;11;2;69000;1
2021;16;5;1604;1604007;-;-;5;3;11;4;1900;1
2021;16;5;1604;1604007;-;-;5;3;11;5;4500;1
2021;16;5;1604;1604007;-;01;11;2;11;3;251850;1
2021;16;5;1604;1604007;-;01;11;2;11;4;1200;1
2021;16;5;1604;1604007;-;01;11;2;11;5;6000;1
2021;16;5;1604;1604007;-;01;11;6;11;3;1250000;1
2021;16;5;1604;1604007;-;01;11;6;11;4;10000;1
2021;16;5;1604;1604007;-;01;11;6;11;5;230000;1
2021;16;5;1604;1604007;-;02;5;2;4;4;700;1
2021;16;5;1604;1604007;-;02;5;2;4;5;3500;1
2021;16;5;1604;1604007;-;02;5;2;4;10;59489;1
2021;16;5;1604;1604007;-;02;5;2;11;2;580982;4
2021;16;5;1604;1604007;-;02;5;2;11;3;511880;8
2021;16;5;1604;1604007;-;02;5;2;11;4;9895;10
2021;16;5;1604;1604007;-;02;5;2;11;5;33600;9
2021;16;5;1604;1604007;-;02;5;3;11;2;3569473;10
2021;16;5;1604;1604007;-;02;5;3;11;3;1058800;5
2021;16;5;1604;1604007;-;02;5;3;11;4;16050;12
2021;16;5;1604;1604007;-;02;5;3;11;5;126480;11
2021;16;5;1604;1604007;-;02;5;4;11;2;1692710;4
2021;16;5;1604;1604007;-;02;5;4;11;3;672330;2
2021;16;5;1604;1604007;-;02;5;4;11;4;11690;7
2021;16;5;1604;1604007;-;02;5;4;11;5;88250;6
2021;16;5;1604;1604007;-;02;5;5;11;1;141758;2
2021;16;5;1604;1604007;-;02;5;5;11;2;903034;2
2021;16;5;1604;1604007;-;02;5;5;11;4;6200;2
2021;16;5;1604;1604007;-;02;5;5;11;5;36500;2
2021;16;5;1604;1604007;-;02;8;2;11;3;300000;1
2021;16;5;1604;1604007;-;02;8;2;11;4;200;1
2021;16;5;1604;1604007;-;02;8;2;11;5;2000;1
2021;16;5;1604;1604007;-;02;8;7;11;2;3500000;1
2021;16;5;1604;1604007;-;02;8;7;11;4;1500;1
2021;16;5;1604;1604007;-;02;8;7;11;5;25000;1
2021;16;5;1604;1604007;-;02;9;5;11;2;3096636;1
2021;16;5;1604;1604007;-;02;9;5;11;4;6205;1
2021;16;5;1604;1604007;-;02;9;5;11;5;87820;1
2021;16;5;1604;1604007;-;02;11;2;11;3;91000;1
2021;16;5;1604;1604007;-;02;11;2;11;4;1000;1
2021;16;5;1604;1604007;-;02;11;2;11;5;1000;1
2021;16;5;1604;1604007;-;02;11;3;11;1;255500;1
2021;16;5;1604;1604007;-;02;11;3;11;2;267676;3
2021;16;5;1604;1604007;-;02;11;3;11;3;949280;6
2021;16;5;1604;1604007;-;02;11;3;11;4;3964;8
2021;16;5;1604;1604007;-;02;11;3;11;5;69400;9
2021;16;5;1604;1604007;-;02;11;4;11;2;570000;1
2021;16;5;1604;1604007;-;02;11;4;11;4;1000;1
2021;16;5;1604;1604007;-;02;11;4;11;5;3500;1
2021;16;5;1604;1604007;-;02;11;5;11;2;1118234;1
2021;16;5;1604;1604007;-;02;11;5;11;4;2880;1
2021;16;5;1604;1604007;-;02;11;5;11;5;2400;1
2021;16;5;1604;1604007;-;02;12;4;11;2;3450000;1
2021;16;5;1604;1604007;-;02;12;4;11;4;1500;1
2021;16;5;1604;1604007;-;02;12;4;11;5;40000;1
2021;16;5;1604;1604007;-;02;14;5;11;3;240000;1
2021;16;5;1604;1604007;-;02;14;5;11;4;2000;1
2021;16;5;1604;1604007;-;02;14;5;11;5;10000;1
2021;16;5;1607;1607004;-;02;5;2;11;3;21000;1
2021;16;5;1607;1607004;-;02;5;2;11;4;1000;1
2021;16;5;1607;1607004;-;02;5;2;11;5;1000;1
2021;16;6;1601;1601004;-;02;11;5;11;2;1116900;1
2021;16;6;1601;1601004;-;02;11;5;11;4;1300;1
2021;16;6;1601;1601004;-;02;11;5;11;5;23100;1
2021;16;6;1601;1601006;-;02;5;3;11;2;159631;1
2021;16;6;1601;1601006;-;02;5;3;11;4;1400;1
2021;16;6;1601;1601006;-;02;5;3;11;5;14400;1
2021;16;6;1601;1601006;-;02;5;4;11;2;1154000;1
2021;16;6;1601;1601006;-;02;5;4;11;4;3650;1
2021;16;6;1601;1601006;-;02;5;4;11;5;36000;1
2021;16;6;1601;1601006;-;02;11;3;11;2;210000;1
2021;16;6;1601;1601006;-;02;11;3;11;4;300;1
2021;16;6;1601;1601006;-;02;11;3;11;5;6000;1
2021;16;6;1605;1605001;-;02;5;2;11;3;136364;2
2021;16;6;1605;1605001;-;02;5;2;11;4;1300;1
2021;16;6;1605;1605001;-;02;5;2;11;5;2200;1
2021;16;6;1605;1605001;-;02;5;3;11;2;328500;1
2021;16;6;1605;1605001;-;02;5;3;11;3;42500;1
2021;16;6;1605;1605001;-;02;5;3;11;4;4000;2
2021;16;6;1605;1605001;-;02;5;3;11;5;22700;2
2021;16;6;1605;1605001;-;02;5;4;11;2;168000;1
2021;16;6;1605;1605001;-;02;5;4;11;4;1095;1
2021;16;6;1605;1605001;-;02;5;4;11;5;6205;1
2021;16;6;1605;1605001;-;02;5;5;11;2;940763;1
2021;16;6;1605;1605001;-;02;5;5;11;4;4500;1
2021;16;6;1605;1605001;-;02;5;5;11;5;48000;1
2021;16;6;1605;1605001;-;02;8;6;11;2;5162607;1
2021;16;6;1605;1605001;-;02;8;6;11;4;18250;1
2021;16;6;1605;1605001;-;02;8;6;11;5;285188;1
2021;16;6;1605;1605001;-;02;11;2;11;2;202500;1
2021;16;6;1605;1605001;-;02;11;2;11;4;1000;1
2021;16;6;1605;1605001;-;02;11;2;11;5;4000;1
2021;16;6;1605;1605001;-;02;11;3;11;2;863043;3
2021;16;6;1605;1605001;-;02;11;3;11;4;4000;3
2021;16;6;1605;1605001;-;02;11;3;11;5;81600;3
2021;16;6;1605;1605001;-;02;11;4;11;2;1872248;3
2021;16;6;1605;1605001;-;02;11;4;11;4;3480;3
2021;16;6;1605;1605001;-;02;11;4;11;5;53000;2
2021;16;6;1605;1605001;-;63;5;1;11;3;21900;1
2021;16;6;1605;1605001;-;63;5;1;11;4;700;1
2021;16;6;1605;1605002;-;02;5;2;11;2;269604;1
2021;16;6;1605;1605002;-;02;5;2;11;3;69600;1
2021;16;6;1605;1605002;-;02;5;2;11;4;1265;2
2021;16;6;1605;1605002;-;02;5;2;11;5;16900;2
2021;16;6;1605;1605002;-;02;5;4;11;2;611962;1
2021;16;6;1605;1605002;-;02;5;4;11;5;10000;1
2021;16;6;1605;1605002;-;02;11;2;11;2;421138;2
2021;16;6;1605;1605002;-;02;11;2;11;4;2400;2
2021;16;6;1605;1605002;-;02;11;2;11;5;13000;1
2021;16;6;1605;1605003;-;01;5;2;11;3;111650;1
2021;16;6;1605;1605003;-;01;5;2;11;4;720;1
2021;16;6;1605;1605003;-;01;5;2;11;5;3600;1
2021;16;6;1605;1605003;-;01;8;2;11;3;20000;1
2021;16;6;1605;1605003;-;01;8;2;11;4;900;1
2021;16;6;1605;1605003;-;02;3;7;11;2;9431857;1
2021;16;6;1605;1605003;-;02;3;7;11;4;14580;1
2021;16;6;1605;1605003;-;02;3;7;11;5;544512;1
2021;16;6;1605;1605003;-;02;5;2;11;2;394106;1
2021;16;6;1605;1605003;-;02;5;2;11;3;111500;2
2021;16;6;1605;1605003;-;02;5;2;11;4;3300;3
2021;16;6;1605;1605003;-;02;5;2;11;5;23450;2
2021;16;6;1605;1605003;-;02;5;3;11;2;547500;1
2021;16;6;1605;1605003;-;02;5;3;11;4;1095;1
2021;16;6;1605;1605003;-;02;5;3;11;5;21900;1
2021;16;6;1605;1605003;-;02;5;4;11;2;640000;1
2021;16;6;1605;1605003;-;02;5;4;11;4;65000;1
2021;16;6;1605;1605003;-;02;5;4;11;5;165000;1
2021;16;6;1605;1605003;-;02;11;3;11;2;107000;1
2021;16;6;1605;1605003;-;02;11;3;11;4;700;1
2021;16;6;1605;1605003;-;02;11;3;11;5;16200;1
2021;16;6;1605;1605003;-;02;11;6;11;2;2895239;1
2021;16;6;1605;1605003;-;02;11;6;11;4;11000;1
2021;16;6;1605;1605003;-;02;11;6;11;5;100000;1
2021;16;6;1605;1605004;-;02;5;2;11;2;764762;2
2021;16;6;1605;1605004;-;02;5;2;11;3;40000;1
2021;16;6;1605;1605004;-;02;5;2;11;4;3025;4
2021;16;6;1605;1605004;-;02;5;2;11;5;51300;3
2021;16;6;1605;1605004;-;02;5;3;11;3;59000;1
2021;16;6;1605;1605004;-;02;5;3;11;4;1000;1
2021;16;6;1605;1605004;-;02;8;2;11;1;4236400;1
2021;16;6;1605;1605004;-;02;8;2;11;4;6000;1
2021;16;6;1605;1605004;-;02;8;2;11;5;60000;1
2021;16;6;1605;1605004;-;02;11;2;11;2;480699;2
2021;16;6;1605;1605004;-;02;11;2;11;4;2220;2
2021;16;6;1605;1605004;-;02;11;2;11;5;7875;2
2021;16;6;1605;1605004;-;02;11;4;11;2;392050;3
2021;16;6;1605;1605004;-;02;11;4;11;4;3680;3
2021;16;6;1605;1605004;-;02;11;4;11;5;22200;3
2021;16;6;1605;1605005;-;02;5;2;11;2;245000;1
2021;16;6;1605;1605005;-;02;5;2;11;4;1000;1
2021;16;6;1605;1605005;-;02;5;2;11;5;2500;1
2021;16;6;1605;1605005;-;02;5;4;11;1;30995;1
2021;16;6;1605;1605005;-;02;5;4;11;2;1481695;2
2021;16;6;1605;1605005;-;02;5;4;11;4;4500;2
2021;16;6;1605;1605005;-;02;5;4;11;5;50750;2
2021;16;6;1605;1605005;-;02;9;5;11;2;871681;1
2021;16;6;1605;1605005;-;02;9;5;11;4;1180;1
2021;16;6;1605;1605005;-;02;9;5;11;5;53170;1
2021;16;6;1605;1605005;-;02;11;2;11;2;149478;1
2021;16;6;1605;1605005;-;02;11;2;11;4;700;1
2021;16;6;1605;1605005;-;02;11;2;11;5;3100;1
2021;16;6;1605;1605005;-;02;11;4;11;2;741558;1
2021;16;6;1605;1605005;-;02;11;4;11;4;3000;1
2021;16;6;1605;1605006;-;01;5;2;11;3;48000;1
2021;16;6;1605;1605006;-;01;5;2;11;4;1600;1
2021;16;6;1605;1605006;-;01;5;2;11;5;1500;1
2021;16;6;1605;1605006;-;02;2;4;11;3;511000;1
2021;16;6;1605;1605006;-;02;2;4;11;4;350;1
2021;16;6;1605;1605006;-;02;2;4;11;5;18000;1
2021;16;6;1605;1605006;-;02;5;2;11;2;418550;2
2021;16;6;1605;1605006;-;02;5;2;11;3;107310;1
2021;16;6;1605;1605006;-;02;5;2;11;4;2160;3
2021;16;6;1605;1605006;-;02;5;2;11;5;26425;3
2021;16;6;1605;1605006;-;02;5;3;11;2;2298975;5
2021;16;6;1605;1605006;-;02;5;3;11;4;7700;5
2021;16;6;1605;1605006;-;02;5;3;11;5;95400;5
2021;16;6;1605;1605006;-;02;5;4;11;2;1049762;2
2021;16;6;1605;1605006;-;02;5;4;11;4;2150;2
2021;16;6;1605;1605006;-;02;5;4;11;5;63100;2
2021;16;6;1605;1605006;-;02;11;2;11;2;254042;1
2021;16;6;1605;1605006;-;02;11;2;11;4;1300;1
2021;16;6;1605;1605006;-;02;11;2;11;5;8400;1
2021;16;6;1605;1605006;-;02;11;3;11;2;69600;1
2021;16;6;1605;1605006;-;02;11;3;11;3;19000;1
2021;16;6;1605;1605006;-;02;11;3;11;4;965;2
2021;16;6;1605;1605006;-;02;11;3;11;5;2150;2
2021;16;6;1605;1605006;-;02;11;4;11;2;379804;1
2021;16;6;1605;1605006;-;02;11;4;11;4;363;1
2021;16;6;1605;1605006;-;02;11;4;11;5;12040;1
2021;16;6;1606;1606003;-;02;5;2;11;2;29918;1
2021;16;6;1606;1606003;-;02;5;2;11;4;285;1
2021;16;6;1606;1606003;-;02;5;2;11;5;2025;1
2021;16;6;1606;1606003;-;02;8;7;11;2;6562619;1
2021;16;6;1606;1606003;-;02;8;7;11;4;15330;1
2021;16;6;1606;1606003;-;02;8;7;11;5;393760;1
2021;16;6;1606;1606004;-;02;5;2;11;2;180526;3
2021;16;6;1606;1606004;-;02;5;2;11;4;1800;3
2021;16;6;1606;1606004;-;02;5;2;11;5;22380;3
2021;16;6;1606;1606004;-;02;5;4;11;2;1018929;2
2021;16;6;1606;1606004;-;02;5;4;11;4;1850;2
2021;16;6;1606;1606004;-;02;5;4;11;5;26200;2
2021;16;6;1606;1606004;-;02;8;2;11;2;40150;1
2021;16;6;1606;1606004;-;02;8;2;11;4;500;1
2021;16;6;1606;1606004;-;02;8;2;11;5;2100;1
2021;16;6;1606;1606004;-;63;11;1;11;2;60000;1
2021;16;6;1606;1606004;-;63;11;1;11;4;100;1
2021;16;6;1606;1606004;-;63;11;1;11;5;5000;1
2021;16;6;1606;1606005;-;01;5;2;11;3;45600;1
2021;16;6;1606;1606005;-;01;5;2;11;4;1200;1
2021;16;6;1606;1606005;-;01;8;4;11;2;127345;1
2021;16;6;1606;1606005;-;01;8;4;11;4;360;1
2021;16;6;1606;1606005;-;01;8;4;11;5;12300;1
2021;16;6;1606;1606005;-;02;5;2;11;2;316620;3
2021;16;6;1606;1606005;-;02;5;2;11;3;84060;2
2021;16;6;1606;1606005;-;02;5;2;11;4;3860;5
2021;16;6;1606;1606005;-;02;5;2;11;5;16200;5
2021;16;6;1606;1606005;-;02;5;3;11;2;1204358;5
2021;16;6;1606;1606005;-;02;5;3;11;3;1200000;3
2021;16;6;1606;1606005;-;02;5;3;11;4;5800;6
2021;16;6;1606;1606005;-;02;5;3;11;5;128800;6
2021;16;6;1606;1606005;-;02;5;4;11;2;1628317;2
2021;16;6;1606;1606005;-;02;5;4;11;4;10585;2
2021;16;6;1606;1606005;-;02;5;4;11;5;138800;2
2021;16;6;1606;1606005;-;02;11;2;11;2;301856;2
2021;16;6;1606;1606005;-;02;11;2;11;4;1330;2
2021;16;6;1606;1606005;-;02;11;2;11;5;4500;2
2021;16;6;1606;1606005;-;02;11;3;11;1;312500;1
2021;16;6;1606;1606005;-;02;11;3;11;2;562583;1
2021;16;6;1606;1606005;-;02;11;3;11;4;3400;2
2021;16;6;1606;1606005;-;02;11;3;11;5;41000;2
2021;16;6;1607;1607001;-;02;5;2;11;3;188300;1
2021;16;6;1607;1607001;-;02;5;2;11;4;600;1
2021;16;6;1607;1607001;-;02;5;2;11;5;6200;1
2021;16;6;1607;1607003;-;02;5;3;11;2;574926;2
2021;16;6;1607;1607003;-;02;5;3;11;4;1520;2
2021;16;6;1607;1607003;-;02;5;3;11;5;38350;2
2021;16;7;1605;1605004;-;02;5;3;11;2;90000;1
2021;16;7;1605;1605004;-;02;5;3;11;4;1000;1
2021;16;7;1605;1605004;-;02;5;3;11;5;4000;1
2021;16;7;1605;1605004;-;02;5;4;11;2;1852543;1
2021;16;7;1605;1605004;-;02;5;4;11;4;6890;1
2021;16;7;1605;1605004;-;02;5;4;11;5;85400;1
2021;16;7;1605;1605004;-;02;11;2;11;3;76650;1
2021;16;7;1605;1605004;-;02;11;2;11;4;360;1
2021;16;7;1605;1605006;-;02;5;3;11;2;522689;1
2021;16;7;1605;1605006;-;02;5;3;11;4;600;1
2021;16;7;1605;1605006;-;02;5;3;11;5;9800;1
2021;16;7;1605;1605006;-;02;12;5;11;2;2217784;1
2021;16;7;1605;1605006;-;02;12;5;11;4;2000;1
2021;16;7;1605;1605006;-;02;12;5;11;5;118010;1
2021;16;7;1606;1606003;-;02;5;2;11;1;9000;1
2021;16;7;1606;1606003;-;02;5;2;11;2;389851;2
2021;16;7;1606;1606003;-;02;5;2;11;4;1750;3
2021;16;7;1606;1606003;-;02;5;2;11;5;10650;3
2021;16;7;1606;1606003;-;02;5;3;11;2;893604;2
2021;16;7;1606;1606003;-;02;5;3;11;4;4015;2
2021;16;7;1606;1606003;-;02;5;3;11;5;21900;2
2021;16;7;1606;1606003;-;02;5;4;11;2;267053;1
2021;16;7;1606;1606003;-;02;5;4;11;4;720;1
2021;16;7;1606;1606003;-;02;5;4;11;5;12350;1
2021;16;7;1606;1606003;-;02;5;5;11;2;645000;1
2021;16;7;1606;1606003;-;02;5;5;11;4;800;1
2021;16;7;1606;1606003;-;02;5;5;11;5;41000;1
2021;16;7;1606;1606003;-;02;8;4;11;2;957396;2
2021;16;7;1606;1606003;-;02;8;4;11;4;3100;2
2021;16;7;1606;1606003;-;02;8;4;11;5;38500;2
2021;16;7;1606;1606003;-;02;11;2;11;2;120620;1
2021;16;7;1606;1606003;-;02;11;2;11;4;700;1
2021;16;7;1606;1606003;-;02;11;2;11;5;4750;1
2021;16;7;1606;1606003;-;02;11;4;11;2;166761;1
2021;16;7;1606;1606003;-;02;11;4;11;4;365;1
2021;16;7;1606;1606003;-;02;11;4;11;5;1875;1
2021;16;7;1606;1606003;-;02;11;5;11;2;502547;1
2021;16;7;1606;1606003;-;02;11;5;11;4;6570;1
2021;16;7;1606;1606003;-;02;11;5;11;5;72900;1
2021;16;7;1606;1606004;-;02;5;2;11;1;56534;1
2021;16;7;1606;1606004;-;02;5;2;11;2;1420456;7
2021;16;7;1606;1606004;-;02;5;2;11;4;10965;8
2021;16;7;1606;1606004;-;02;5;2;11;5;76110;8
2021;16;7;1606;1606004;-;02;5;3;11;2;1622901;6
2021;16;7;1606;1606004;-;02;5;3;11;3;102240;1
2021;16;7;1606;1606004;-;02;5;3;11;4;6330;7
2021;16;7;1606;1606004;-;02;5;3;11;5;92555;7
2021;16;7;1606;1606004;-;02;5;4;11;2;1459203;4
2021;16;7;1606;1606004;-;02;5;4;11;4;12580;4
2021;16;7;1606;1606004;-;02;5;4;11;5;149825;4
2021;16;7;1606;1606005;-;02;5;2;11;2;55480;1
2021;16;7;1606;1606005;-;02;5;2;11;4;600;1
2021;16;7;1606;1606005;-;02;5;2;11;5;3000;1
2021;16;7;1607;1607001;-;-;3;5;11;2;2772589;1
2021;16;7;1607;1607001;-;-;3;5;11;4;6000;1
2021;16;7;1607;1607001;-;-;3;5;11;5;123000;1
2021;16;7;1607;1607001;-;02;1;5;11;2;1032958;1
2021;16;7;1607;1607001;-;02;1;5;11;4;1460;1
2021;16;7;1607;1607001;-;02;1;5;11;5;42000;1
2021;16;7;1607;1607001;-;02;3;4;4;3;72853;1
2021;16;7;1607;1607001;-;02;3;4;4;5;76218;1
2021;16;7;1607;1607001;-;02;5;2;11;2;164500;1
2021;16;7;1607;1607001;-;02;5;4;11;2;931321;1
2021;16;7;1607;1607001;-;02;5;4;11;4;1500;1
2021;16;7;1607;1607001;-;02;5;4;11;5;36000;1
2021;16;7;1607;1607001;-;02;5;5;11;1;320000;1
2021;16;7;1607;1607001;-;02;5;5;11;4;6000;1
2021;16;7;1607;1607001;-;02;5;5;11;5;40000;1
2021;16;7;1607;1607003;-;01;5;3;11;2;358400;1
2021;16;7;1607;1607003;-;01;5;3;11;4;500;1
2021;16;7;1607;1607003;-;01;5;3;11;5;3400;1
2021;16;7;1607;1607003;-;01;8;2;11;2;48000;1
2021;16;7;1607;1607003;-;01;8;2;11;4;550;1
2021;16;7;1607;1607003;-;01;8;2;11;5;3500;1
2021;16;7;1607;1607003;-;02;1;5;11;2;193208;1
2021;16;7;1607;1607003;-;02;1;5;11;4;17000;1
2021;16;7;1607;1607003;-;02;1;5;11;5;7000;1
2021;16;7;1607;1607003;-;02;2;2;11;2;723797;1
2021;16;7;1607;1607003;-;02;2;2;11;4;1825;1
2021;16;7;1607;1607003;-;02;2;2;11;5;7300;1
2021;16;7;1607;1607003;-;02;5;2;11;2;601023;2
2021;16;7;1607;1607003;-;02;5;2;11;4;1330;2
2021;16;7;1607;1607003;-;02;5;2;11;5;15050;2
2021;16;7;1607;1607003;-;02;5;3;11;2;4641009;14
2021;16;7;1607;1607003;-;02;5;3;11;4;10285;13
2021;16;7;1607;1607003;-;02;5;3;11;5;144860;13
2021;16;7;1607;1607003;-;02;5;4;11;2;3634303;4
2021;16;7;1607;1607003;-;02;5;4;11;4;3700;4
2021;16;7;1607;1607003;-;02;5;4;11;5;161071;4
2021;16;7;1607;1607003;-;02;5;5;11;1;1095000;1
2021;16;7;1607;1607003;-;02;5;5;11;2;1629317;1
2021;16;7;1607;1607003;-;02;5;5;11;4;9475;2
2021;16;7;1607;1607003;-;02;5;5;11;5;148350;2
2021;16;7;1607;1607003;-;02;8;3;11;2;417152;1
2021;16;7;1607;1607003;-;02;8;3;11;3;336165;1
2021;16;7;1607;1607003;-;02;8;3;11;4;530;2
2021;16;7;1607;1607003;-;02;8;3;11;5;37400;2
2021;16;7;1607;1607003;-;02;11;2;11;2;90600;1
2021;16;7;1607;1607003;-;02;11;2;11;5;5200;1
2021;16;7;1607;1607003;-;02;11;3;11;2;426101;1
2021;16;7;1607;1607003;-;02;11;3;11;3;352760;1
2021;16;7;1607;1607003;-;02;11;3;11;4;1350;2
2021;16;7;1607;1607003;-;02;11;3;11;5;60500;2
2021;16;7;1607;1607003;-;02;11;6;11;1;974962;1
2021;16;7;1607;1607003;-;02;11;6;11;4;4000;1
2021;16;7;1607;1607003;-;02;11;6;11;5;28000;1
2021;16;7;1607;1607004;-;02;5;2;11;2;149383;1
2021;16;7;1607;1607004;-;02;5;2;11;4;725;1
2021;16;7;1607;1607004;-;02;5;2;11;5;9000;1
2021;16;7;1607;1607004;-;02;8;5;11;2;1043980;1
2021;16;7;1607;1607004;-;02;8;5;11;4;3000;1
2021;16;7;1607;1607004;-;02;8;5;11;5;24800;1
2021;16;7;1607;1607004;-;02;14;5;11;2;654685;1
2021;16;7;1607;1607004;-;02;14;5;11;4;4000;1
2021;16;7;1607;1607004;-;02;14;5;11;5;30000;1
2021;16;8;1602;1602001;-;02;5;2;11;3;36500;1
2021;16;8;1602;1602001;-;02;5;2;11;4;1000;1
2021;16;8;1602;1602001;-;02;5;2;11;5;1200;1
2021;16;8;1603;1603001;-;01;5;2;11;3;110000;1
2021;16;8;1603;1603001;-;01;5;2;11;4;365;1
2021;16;8;1603;1603001;-;02;3;5;11;2;2003007;1
2021;16;8;1603;1603001;-;02;3;5;11;4;7300;1
2021;16;8;1603;1603001;-;02;3;5;11;5;5760;1
2021;16;8;1603;1603001;-;02;5;2;11;3;342000;1
2021;16;8;1603;1603001;-;02;5;2;11;4;1850;1
2021;16;8;1603;1603001;-;02;5;2;11;5;4000;1
2021;16;8;1603;1603001;-;02;5;3;11;1;1737973;1
2021;16;8;1603;1603001;-;02;5;3;11;2;366470;2
2021;16;8;1603;1603001;-;02;5;3;11;4;6650;2
2021;16;8;1603;1603001;-;02;5;3;11;5;121760;3
2021;16;8;1603;1603001;-;02;5;4;11;2;1137618;2
2021;16;8;1603;1603001;-;02;5;4;11;4;4300;2
2021;16;8;1603;1603001;-;02;5;4;11;5;69800;2
2021;16;8;1603;1603001;-;02;5;5;11;2;480000;1
2021;16;8;1603;1603001;-;02;5;5;11;4;1825;1
2021;16;8;1603;1603001;-;02;5;5;11;5;58400;1
2021;16;8;1603;1603001;-;02;9;5;11;2;2333388;1
2021;16;8;1603;1603001;-;02;9;5;11;4;1360;1
2021;16;8;1603;1603001;-;02;9;5;11;5;69500;1
2021;16;8;1603;1603001;-;02;11;4;11;2;11500;1
2021;16;8;1603;1603001;-;02;11;4;11;5;250;1
2021;16;8;1603;1603001;-;02;11;5;11;2;1748998;1
2021;16;8;1603;1603001;-;02;11;5;11;4;1440;1
2021;16;8;1603;1603001;-;02;11;5;11;5;70370;1
2021;16;8;1603;1603001;-;02;11;6;11;1;1497290;1
2021;16;8;1603;1603001;-;02;11;6;11;4;5250;1
2021;16;8;1603;1603001;-;02;11;6;11;5;144222;1
2021;16;8;1603;1603002;-;01;11;2;11;3;208050;1
2021;16;8;1603;1603002;-;01;11;2;11;4;800;1
2021;16;8;1603;1603002;-;01;11;2;11;5;3100;1
2021;16;8;1603;1603002;-;02;5;2;11;2;495573;1
2021;16;8;1603;1603002;-;02;5;2;11;3;52300;1
2021;16;8;1603;1603002;-;02;5;2;11;4;1500;2
2021;16;8;1603;1603002;-;02;5;2;11;5;21950;2
2021;16;8;1603;1603002;-;02;5;3;11;2;439825;1
2021;16;8;1603;1603002;-;02;5;3;11;4;1600;1
2021;16;8;1603;1603002;-;02;5;3;11;5;17750;1
2021;16;8;1603;1603002;-;02;5;4;11;2;675308;2
2021;16;8;1603;1603002;-;02;5;4;11;4;11650;2
2021;16;8;1603;1603002;-;02;5;4;11;5;107235;2
2021;16;8;1603;1603002;-;02;5;5;11;1;2062135;1
2021;16;8;1603;1603002;-;02;5;5;11;2;360000;1
2021;16;8;1603;1603002;-;02;5;5;11;4;7935;2
2021;16;8;1603;1603002;-;02;5;5;11;5;100900;2
2021;16;8;1603;1603002;-;02;8;4;11;2;578890;1
2021;16;8;1603;1603002;-;02;8;4;11;4;1000;1
2021;16;8;1603;1603002;-;02;8;4;11;5;9000;1
2021;16;8;1603;1603002;-;02;8;5;11;2;2015000;2
2021;16;8;1603;1603002;-;02;8;5;11;4;4000;2
2021;16;8;1603;1603002;-;02;8;5;11;5;35000;2
2021;16;8;1603;1603002;-;02;9;8;11;1;862217;1
2021;16;8;1603;1603002;-;02;9;8;11;2;3243577;1
2021;16;8;1603;1603002;-;02;9;8;11;4;11023;1
2021;16;8;1603;1603002;-;02;9;8;11;5;120240;1
2021;16;8;1603;1603002;-;02;11;5;11;2;1486710;1
2021;16;8;1603;1603002;-;02;11;5;11;4;3500;1
2021;16;8;1603;1603002;-;02;11;5;11;5;59000;1
2021;16;8;1603;1603003;-;01;5;3;11;3;18750;1
2021;16;8;1603;1603003;-;01;5;3;11;4;730;1
2021;16;8;1603;1603003;-;01;5;3;11;5;9000;1
2021;16;8;1603;1603003;-;02;5;2;11;2;483591;2
2021;16;8;1603;1603003;-;02;5;2;11;3;294951;2
2021;16;8;1603;1603003;-;02;5;2;11;4;2530;4
2021;16;8;1603;1603003;-;02;5;2;11;5;18550;4
2021;16;8;1603;1603003;-;02;5;3;11;2;3808077;8
2021;16;8;1603;1603003;-;02;5;3;11;4;8965;8
2021;16;8;1603;1603003;-;02;5;3;11;5;93160;7
2021;16;8;1603;1603003;-;02;5;4;11;2;580296;1
2021;16;8;1603;1603003;-;02;5;4;11;4;3600;1
2021;16;8;1603;1603003;-;02;5;4;11;5;43200;1
2021;16;8;1603;1603003;-;02;5;6;11;2;702000;1
2021;16;8;1603;1603003;-;02;5;6;11;4;6000;1
2021;16;8;1603;1603003;-;02;5;6;11;5;75000;1
2021;16;8;1603;1603003;-;02;8;5;11;2;561309;1
2021;16;8;1603;1603003;-;02;8;5;11;4;330;1
2021;16;8;1603;1603003;-;02;8;5;11;5;22300;1
2021;16;8;1603;1603003;-;02;11;2;11;2;338817;1
2021;16;8;1603;1603003;-;02;11;2;11;3;148190;1
2021;16;8;1603;1603003;-;02;11;2;11;4;1930;2
2021;16;8;1603;1603003;-;02;11;2;11;5;20380;2
2021;16;8;1603;1603003;-;02;11;5;11;2;1444814;2
2021;16;8;1603;1603003;-;02;11;5;11;4;8715;2
2021;16;8;1603;1603003;-;02;11;5;11;5;63720;2
2021;16;8;1603;1603004;-;01;5;2;11;2;223670;1
2021;16;8;1603;1603004;-;01;5;2;11;4;700;1
2021;16;8;1603;1603004;-;01;5;2;11;5;13500;1
2021;16;8;1603;1603004;-;01;5;3;11;3;79390;1
2021;16;8;1603;1603004;-;01;5;3;11;4;730;1
2021;16;8;1603;1603004;-;01;5;3;11;5;24190;1
2021;16;8;1603;1603004;-;02;5;2;11;2;521526;3
2021;16;8;1603;1603004;-;02;5;2;11;4;2205;3
2021;16;8;1603;1603004;-;02;5;2;11;5;22150;3
2021;16;8;1603;1603004;-;02;5;3;11;2;985744;3
2021;16;8;1603;1603004;-;02;5;3;11;4;1290;3
2021;16;8;1603;1603004;-;02;5;3;11;5;34840;3
2021;16;8;1603;1603004;-;02;5;4;11;2;2124445;4
2021;16;8;1603;1603004;-;02;5;4;11;4;2295;3
2021;16;8;1603;1603004;-;02;5;4;11;5;87900;4
2021;16;8;1603;1603004;-;02;5;5;11;2;68000;1
2021;16;8;1603;1603004;-;02;5;5;11;4;600;1
2021;16;8;1603;1603004;-;02;5;5;11;5;3000;1
2021;16;8;1603;1603004;-;02;8;4;11;2;1690273;3
2021;16;8;1603;1603004;-;02;8;4;11;4;4330;3
2021;16;8;1603;1603004;-;02;8;4;11;5;124350;3
2021;16;8;1603;1603004;-;02;8;5;11;2;3024125;2
2021;16;8;1603;1603004;-;02;8;5;11;4;3195;2
2021;16;8;1603;1603004;-;02;8;5;11;5;192000;2
2021;16;8;1603;1603004;-;02;8;6;11;2;5769784;3
2021;16;8;1603;1603004;-;02;8;6;11;4;11140;3
2021;16;8;1603;1603004;-;02;8;6;11;5;521849;3
2021;16;8;1603;1603004;-;02;9;5;11;2;1748372;1
2021;16;8;1603;1603004;-;02;9;5;11;4;7200;1
2021;16;8;1603;1603004;-;02;9;5;11;5;18000;1
2021;16;8;1603;1603004;-;02;9;6;11;2;5475029;2
2021;16;8;1603;1603004;-;02;9;6;11;4;8200;2
2021;16;8;1603;1603004;-;02;9;6;11;5;165000;2
2021;16;8;1603;1603004;-;02;9;7;11;2;7663546;1
2021;16;8;1603;1603004;-;02;9;7;11;4;14400;1
2021;16;8;1603;1603004;-;02;9;7;11;5;600000;1
2021;16;8;1603;1603004;-;02;11;3;11;3;102200;1
2021;16;8;1603;1603004;-;02;11;3;11;4;730;1
2021;16;8;1603;1603004;-;02;11;3;11;5;7300;1
2021;16;8;1603;1603004;-;02;11;4;11;2;1221480;2
2021;16;8;1603;1603004;-;02;11;4;11;4;1640;2
2021;16;8;1603;1603004;-;02;11;4;11;5;103000;2
2021;16;8;1603;1603004;-;02;11;5;11;2;2928408;2
2021;16;8;1603;1603004;-;02;11;5;11;4;5000;2
2021;16;8;1603;1603004;-;02;11;5;11;5;81200;2
2021;16;8;1603;1603004;-;02;11;6;11;2;4645847;2
2021;16;8;1603;1603004;-;02;11;6;11;4;46731;2
2021;16;8;1603;1603004;-;02;11;6;11;5;399030;2
2021;16;8;1603;1603004;-;02;12;4;11;2;2238498;1
2021;16;8;1603;1603004;-;02;12;4;11;4;3600;1
2021;16;8;1603;1603004;-;02;12;4;11;5;43200;1
2021;16;8;1603;1603004;-;02;12;5;11;2;2312207;2
2021;16;8;1603;1603004;-;02;12;5;11;4;11095;2
2021;16;8;1603;1603004;-;02;12;5;11;5;80000;2
2021;16;8;1603;1603004;-;02;12;6;11;2;3561518;1
2021;16;8;1603;1603004;-;02;12;6;11;4;10800;1
2021;16;8;1603;1603004;-;02;12;6;11;5;75680;1
2021;16;8;1603;1603004;-;02;14;6;11;2;1716289;1
2021;16;8;1603;1603004;-;02;14;6;11;4;1825;1
2021;16;8;1603;1603004;-;02;14;6;11;5;54750;1
2021;16;8;1603;1603005;-;02;2;4;11;2;252000;1
2021;16;8;1603;1603005;-;02;2;4;11;4;730;1
2021;16;8;1603;1603005;-;02;2;4;11;5;50000;1
2021;16;8;1603;1603005;-;02;5;2;11;2;60000;1
2021;16;8;1603;1603005;-;02;5;2;11;4;730;1
2021;16;8;1603;1603005;-;02;5;2;11;5;6400;1
2021;16;8;1603;1603005;-;02;5;3;11;2;592923;4
2021;16;8;1603;1603005;-;02;5;3;11;4;4230;4
2021;16;8;1603;1603005;-;02;5;3;11;5;79000;4
2021;16;8;1603;1603005;-;02;5;4;11;2;2040862;2
2021;16;8;1603;1603005;-;02;5;4;11;4;5780;2
2021;16;8;1603;1603005;-;02;5;4;11;5;86500;2
2021;16;8;1603;1603005;-;02;5;5;11;2;4439440;4
2021;16;8;1603;1603005;-;02;5;5;11;4;7145;3
2021;16;8;1603;1603005;-;02;5;5;11;5;77715;4
2021;16;8;1603;1603005;-;02;5;6;11;2;4751057;1
2021;16;8;1603;1603005;-;02;5;6;11;4;2700;1
2021;16;8;1603;1603005;-;02;5;6;11;5;38200;1
2021;16;8;1603;1603005;-;02;8;4;11;2;420190;1
2021;16;8;1603;1603005;-;02;8;4;11;4;3650;1
2021;16;8;1603;1603005;-;02;8;4;11;5;12960;1
2021;16;8;1603;1603005;-;02;8;5;11;2;3837761;2
2021;16;8;1603;1603005;-;02;8;5;11;4;10950;2
2021;16;8;1603;1603005;-;02;8;5;11;5;87000;2
2021;16;8;1603;1603005;-;02;8;6;11;2;2673677;1
2021;16;8;1603;1603005;-;02;8;6;11;4;12000;1
2021;16;8;1603;1603005;-;02;8;6;11;5;132400;1
2021;16;8;1603;1603005;-;02;11;3;11;2;1386477;3
2021;16;8;1603;1603005;-;02;11;3;11;4;1665;3
2021;16;8;1603;1603005;-;02;11;3;11;5;52800;3
2021;16;8;1603;1603005;-;02;11;5;11;2;3809636;3
2021;16;8;1603;1603005;-;02;11;5;11;4;8650;3
2021;16;8;1603;1603005;-;02;11;5;11;5;156850;3
2021;16;8;1603;1603005;-;02;11;6;11;2;2525536;1
2021;16;8;1603;1603005;-;02;11;6;11;4;9490;1
2021;16;8;1603;1603005;-;02;11;6;11;5;65005;1
2021;16;8;1603;1603005;-;02;12;5;11;2;2890463;1
2021;16;8;1603;1603005;-;02;12;5;11;4;720;1
2021;16;8;1603;1603005;-;02;12;5;11;5;50100;1
2021;16;8;1603;1603006;-;01;5;2;11;2;230000;1
2021;16;8;1603;1603006;-;01;5;2;11;4;365;1
2021;16;8;1603;1603006;-;01;5;2;11;5;9000;1
2021;16;8;1603;1603006;-;02;1;3;11;2;134432;1
2021;16;8;1603;1603006;-;02;1;3;11;4;1300;1
2021;16;8;1603;1603006;-;02;1;3;11;5;16200;1
2021;16;8;1603;1603006;-;02;2;4;11;2;271827;1
2021;16;8;1603;1603006;-;02;2;4;11;4;2400;1
2021;16;8;1603;1603006;-;02;2;4;11;5;58000;1
2021;16;8;1603;1603006;-;02;2;5;11;2;1550000;1
2021;16;8;1603;1603006;-;02;2;5;11;4;800;1
2021;16;8;1603;1603006;-;02;2;5;11;5;73000;1
2021;16;8;1603;1603006;-;02;5;2;11;2;1676424;7
2021;16;8;1603;1603006;-;02;5;2;11;3;86275;3
2021;16;8;1603;1603006;-;02;5;2;11;4;7020;9
2021;16;8;1603;1603006;-;02;5;2;11;5;47350;8
2021;16;8;1603;1603006;-;02;5;3;11;1;453913;1
2021;16;8;1603;1603006;-;02;5;3;11;2;1826656;6
2021;16;8;1603;1603006;-;02;5;3;11;4;6930;6
2021;16;8;1603;1603006;-;02;5;3;11;5;59680;5
2021;16;8;1603;1603006;-;02;5;4;11;2;6081475;7
2021;16;8;1603;1603006;-;02;5;4;11;4;15960;7
2021;16;8;1603;1603006;-;02;5;4;11;5;167750;7
2021;16;8;1603;1603006;-;02;5;5;11;2;1448000;1
2021;16;8;1603;1603006;-;02;5;5;11;4;2500;1
2021;16;8;1603;1603006;-;02;5;5;11;5;48000;1
2021;16;8;1603;1603006;-;02;5;6;11;2;3628555;1
2021;16;8;1603;1603006;-;02;5;6;11;4;8000;1
2021;16;8;1603;1603006;-;02;5;6;11;5;367560;1
2021;16;8;1603;1603006;-;02;5;7;11;2;8486279;1
2021;16;8;1603;1603006;-;02;5;7;11;4;5000;1
2021;16;8;1603;1603006;-;02;5;7;11;5;216000;1
2021;16;8;1603;1603006;-;02;8;4;11;2;910000;2
2021;16;8;1603;1603006;-;02;8;4;11;4;2070;2
2021;16;8;1603;1603006;-;02;8;4;11;5;37300;2
2021;16;8;1603;1603006;-;02;8;6;11;1;3758418;1
2021;16;8;1603;1603006;-;02;8;6;11;2;2246424;1
2021;16;8;1603;1603006;-;02;8;6;11;4;5150;2
2021;16;8;1603;1603006;-;02;8;6;11;5;173680;2
2021;16;8;1603;1603006;-;02;9;4;11;2;460000;1
2021;16;8;1603;1603006;-;02;9;4;11;4;1600;1
2021;16;8;1603;1603006;-;02;9;4;11;5;20000;1
2021;16;8;1603;1603006;-;02;11;2;11;2;88200;1
2021;16;8;1603;1603006;-;02;11;2;11;4;730;1
2021;16;8;1603;1603006;-;02;11;2;11;5;8300;1
2021;16;8;1603;1603006;-;02;11;3;11;2;354534;1
2021;16;8;1603;1603006;-;02;11;3;11;4;1460;1
2021;16;8;1603;1603006;-;02;11;3;11;5;7300;1
2021;16;8;1603;1603006;-;02;11;4;11;2;3248546;4
2021;16;8;1603;1603006;-;02;11;4;11;4;17300;4
2021;16;8;1603;1603006;-;02;11;4;11;5;133200;4
2021;16;8;1603;1603006;-;02;11;5;11;2;1287133;1
2021;16;8;1603;1603006;-;02;11;5;11;4;2200;1
2021;16;8;1603;1603006;-;02;11;5;11;5;14100;1
2021;16;8;1603;1603006;-;02;11;6;11;2;4909302;1
2021;16;8;1603;1603006;-;02;11;6;11;4;2580;1
2021;16;8;1603;1603006;-;02;11;6;11;5;83818;1
2021;16;8;1603;1603006;-;02;12;6;11;2;5251247;1
2021;16;8;1603;1603006;-;02;12;6;11;4;4830;1
2021;16;8;1605;1605004;-;02;11;2;11;3;45600;1
2021;16;8;1605;1605004;-;02;11;2;11;4;60;1
2021;16;8;1605;1605004;-;02;11;2;11;5;3800;1
2021;16;8;1606;1606001;-;02;2;6;11;2;3537203;1
2021;16;8;1606;1606001;-;02;2;6;11;4;3650;1
2021;16;8;1606;1606001;-;02;2;6;11;5;90000;1
2021;16;8;1606;1606001;-;02;3;6;11;2;1877432;1
2021;16;8;1606;1606001;-;02;3;6;11;4;7300;1
2021;16;8;1606;1606001;-;02;3;6;11;5;21600;1
2021;16;8;1606;1606001;-;02;5;2;11;3;36500;1
2021;16;8;1606;1606001;-;02;5;2;11;4;1000;1
2021;16;8;1606;1606001;-;02;5;2;11;5;1400;1
2021;16;8;1606;1606001;-;02;5;3;11;2;480002;1
2021;16;8;1606;1606001;-;02;5;3;11;4;480;1
2021;16;8;1606;1606001;-;02;5;3;11;5;9382;1
2021;16;8;1606;1606001;-;02;5;4;11;2;419997;1
2021;16;8;1606;1606001;-;02;5;4;11;4;800;1
2021;16;8;1606;1606001;-;02;5;4;11;5;7200;1
2021;16;8;1606;1606001;-;02;5;5;11;2;420190;1
2021;16;8;1606;1606001;-;02;5;5;11;4;3650;1
2021;16;8;1606;1606001;-;02;5;5;11;5;20400;1
2021;16;8;1606;1606001;-;02;8;2;11;3;180000;1
2021;16;8;1606;1606001;-;02;8;2;11;4;1000;1
2021;16;8;1606;1606001;-;02;8;2;11;5;5000;1
2021;16;8;1606;1606001;-;02;8;3;11;2;445614;1
2021;16;8;1606;1606001;-;02;8;3;11;4;730;1
2021;16;8;1606;1606001;-;02;8;3;11;5;54750;1
2021;16;8;1606;1606001;-;02;8;4;11;2;1269174;2
2021;16;8;1606;1606001;-;02;8;4;11;4;7940;2
2021;16;8;1606;1606001;-;02;8;4;11;5;43400;2
2021;16;8;1606;1606001;-;02;11;2;11;2;263836;1
2021;16;8;1606;1606001;-;02;11;2;11;4;1500;1
2021;16;8;1606;1606001;-;02;11;2;11;5;8880;1
2021;16;8;1606;1606001;-;02;11;3;11;2;397710;1
2021;16;8;1606;1606001;-;02;11;3;11;4;1425;1
2021;16;8;1606;1606001;-;02;11;3;11;5;30000;1
2021;16;8;1606;1606001;-;02;11;4;11;2;1220101;1
2021;16;8;1606;1606001;-;02;11;4;11;4;2920;1
2021;16;8;1606;1606001;-;02;11;4;11;5;54750;1
2021;16;8;1606;1606001;-;02;11;5;11;2;3078548;3
2021;16;8;1606;1606001;-;02;11;5;11;4;14580;3
2021;16;8;1606;1606001;-;02;11;5;11;5;130134;3
2021;16;8;1606;1606001;-;02;12;4;11;2;934330;1
2021;16;8;1606;1606001;-;02;12;4;11;4;2400;1
2021;16;8;1606;1606001;-;02;12;4;11;5;30000;1
2021;16;8;1606;1606002;-;02;5;2;11;2;359955;2
2021;16;8;1606;1606002;-;02;5;2;11;3;71050;2
2021;16;8;1606;1606002;-;02;5;2;11;4;1730;4
2021;16;8;1606;1606002;-;02;5;2;11;5;20500;4
2021;16;8;1606;1606002;-;02;5;3;11;2;29961;1
2021;16;8;1606;1606002;-;02;5;3;11;4;1200;1
2021;16;8;1606;1606002;-;02;5;3;11;5;3700;1
2021;16;8;1606;1606002;-;02;5;4;11;2;863571;2
2021;16;8;1606;1606002;-;02;5;4;11;4;3075;2
2021;16;8;1606;1606002;-;02;5;4;11;5;74800;2
2021;16;8;1606;1606002;-;02;5;5;11;1;2048943;1
2021;16;8;1606;1606002;-;02;5;5;11;2;909395;1
2021;16;8;1606;1606002;-;02;5;5;11;4;4000;2
2021;16;8;1606;1606002;-;02;5;5;11;5;62000;2
2021;16;8;1606;1606002;-;02;6;6;11;2;1973168;1
2021;16;8;1606;1606002;-;02;6;6;11;4;8000;1
2021;16;8;1606;1606002;-;02;6;6;11;5;75000;1
2021;16;8;1606;1606002;-;02;8;4;11;1;567001;1
2021;16;8;1606;1606002;-;02;8;4;11;4;800;1
2021;16;8;1606;1606002;-;02;8;4;11;5;18250;1
2021;16;8;1606;1606002;-;02;8;6;11;2;2346119;1
2021;16;8;1606;1606002;-;02;8;6;11;4;10950;1
2021;16;8;1606;1606002;-;02;8;6;11;5;73000;1
2021;16;8;1606;1606002;-;02;8;7;11;2;4037706;1
2021;16;8;1606;1606002;-;02;8;7;11;4;4720;1
2021;16;8;1606;1606002;-;02;8;7;11;5;28900;1
2021;16;8;1606;1606002;-;02;9;5;11;2;2775349;1
2021;16;8;1606;1606002;-;02;9;5;11;4;5500;1
2021;16;8;1606;1606002;-;02;9;5;11;5;182000;1
2021;16;8;1606;1606002;-;02;11;6;11;2;863120;1
2021;16;8;1606;1606002;-;02;11;6;11;4;2190;1
2021;16;8;1606;1606002;-;02;11;6;11;5;29200;1
2021;16;9;1602;1602001;-;01;5;7;11;3;345000;1
2021;16;9;1602;1602001;-;01;5;7;11;4;6000;1
2021;16;9;1602;1602001;-;01;5;7;11;5;20000;1
2021;16;9;1602;1602001;-;01;11;4;11;4;1800;1
2021;16;9;1602;1602001;-;01;11;4;11;5;12000;1
2021;16;9;1602;1602001;-;02;5;2;11;2;136750;2
2021;16;9;1602;1602001;-;02;5;2;11;4;1900;2
2021;16;9;1602;1602001;-;02;5;2;11;5;2450;2
2021;16;9;1602;1602001;-;02;5;3;11;2;255500;1
2021;16;9;1602;1602001;-;02;5;3;11;3;500000;3
2021;16;9;1602;1602001;-;02;5;3;11;4;1030;2
2021;16;9;1602;1602001;-;02;5;3;11;5;20880;3
2021;16;9;1602;1602001;-;02;5;4;11;2;1080000;2
2021;16;9;1602;1602001;-;02;5;4;11;4;1725;2
2021;16;9;1602;1602001;-;02;5;4;11;5;41875;2
2021;16;9;1602;1602001;-;02;5;5;11;2;1300654;1
2021;16;9;1602;1602001;-;02;5;5;11;4;2920;1
2021;16;9;1602;1602001;-;02;5;5;11;5;59300;1
2021;16;9;1602;1602001;-;02;5;6;11;2;3249294;1
2021;16;9;1602;1602001;-;02;5;6;11;4;7300;1
2021;16;9;1602;1602001;-;02;5;6;11;5;29200;1
2021;16;9;1602;1602001;-;02;8;5;11;2;488070;1
2021;16;9;1602;1602001;-;02;8;5;11;3;240791;1
2021;16;9;1602;1602001;-;02;8;5;11;4;4250;2
2021;16;9;1602;1602001;-;02;8;5;11;5;45660;2
2021;16;9;1602;1602001;-;02;9;6;11;2;1315041;1
2021;16;9;1602;1602001;-;02;9;6;11;4;1825;1
2021;16;9;1602;1602001;-;02;9;6;11;5;2500;1
2021;16;9;1602;1602001;-;02;11;3;11;3;92000;1
2021;16;9;1602;1602001;-;02;11;3;11;4;1000;1
2021;16;9;1602;1602001;-;02;11;4;11;2;170680;1
2021;16;9;1602;1602001;-;02;11;4;11;3;481500;1
2021;16;9;1602;1602001;-;02;11;4;11;4;1830;2
2021;16;9;1602;1602001;-;02;11;4;11;5;17500;2
2021;16;9;1602;1602001;-;02;14;4;11;3;288000;1
2021;16;9;1602;1602001;-;02;14;4;11;4;300;1
2021;16;9;1602;1602001;-;02;14;4;11;5;4700;1
2021;16;9;1602;1602002;-;01;5;5;11;2;95000;1
2021;16;9;1602;1602002;-;01;5;5;11;5;15000;1
2021;16;9;1602;1602002;-;01;9;7;11;2;3702287;1
2021;16;9;1602;1602002;-;01;9;7;11;4;11500;1
2021;16;9;1602;1602002;-;01;9;7;11;5;111000;1
2021;16;9;1602;1602002;-;02;2;7;11;2;5303145;1
2021;16;9;1602;1602002;-;02;2;7;11;4;7300;1
2021;16;9;1602;1602002;-;02;2;7;11;5;146988;1
2021;16;9;1602;1602002;-;02;5;2;11;2;34675;1
2021;16;9;1602;1602002;-;02;5;2;11;4;1100;1
2021;16;9;1602;1602002;-;02;5;2;11;5;4900;1
2021;16;9;1602;1602002;-;02;5;4;11;2;224638;1
2021;16;9;1602;1602002;-;02;5;4;11;3;608100;1
2021;16;9;1602;1602002;-;02;5;4;11;4;5630;2
2021;16;9;1602;1602002;-;02;5;4;11;5;22900;2
2021;16;9;1602;1602002;-;02;5;5;11;2;1780997;2
2021;16;9;1602;1602002;-;02;5;5;11;3;10000;1
2021;16;9;1602;1602002;-;02;5;5;11;4;11000;2
2021;16;9;1602;1602002;-;02;5;5;11;5;153000;2
2021;16;9;1602;1602002;-;02;5;6;11;2;3472260;1
2021;16;9;1602;1602002;-;02;5;6;11;4;3400;1
2021;16;9;1602;1602002;-;02;5;6;11;5;23000;1
2021;16;9;1602;1602002;-;02;8;6;11;2;1724069;1
2021;16;9;1602;1602002;-;02;8;6;11;4;2080;1
2021;16;9;1602;1602002;-;02;8;6;11;5;116100;1
2021;16;9;1602;1602002;-;02;11;4;11;3;109500;1
2021;16;9;1602;1602002;-;02;11;4;11;4;365;1
2021;16;9;1602;1602002;-;02;11;5;11;2;596788;1
2021;16;9;1602;1602002;-;02;11;5;11;4;1825;1
2021;16;9;1602;1602002;-;02;11;5;11;5;63700;1
2021;16;9;1602;1602003;-;01;5;3;11;3;71500;1
2021;16;9;1602;1602003;-;01;5;3;11;4;700;1
2021;16;9;1602;1602003;-;01;5;3;11;5;3600;1
2021;16;9;1602;1602003;-;01;11;3;11;3;77000;1
2021;16;9;1602;1602003;-;01;11;3;11;4;730;1
2021;16;9;1602;1602003;-;01;11;3;11;5;5000;1
2021;16;9;1602;1602003;-;02;5;2;11;2;704255;2
2021;16;9;1602;1602003;-;02;5;2;11;3;159100;2
2021;16;9;1602;1602003;-;02;5;2;11;4;4100;3
2021;16;9;1602;1602003;-;02;5;2;11;5;38300;4
2021;16;9;1602;1602003;-;02;5;3;11;2;2572971;6
2021;16;9;1602;1602003;-;02;5;3;11;3;384710;2
2021;16;9;1602;1602003;-;02;5;3;11;4;9000;6
2021;16;9;1602;1602003;-;02;5;3;11;5;83900;6
2021;16;9;1602;1602003;-;02;5;4;11;2;3777458;6
2021;16;9;1602;1602003;-;02;5;4;11;4;11850;6
2021;16;9;1602;1602003;-;02;5;4;11;5;160050;6
2021;16;9;1602;1602003;-;02;5;5;11;2;4761907;3
2021;16;9;1602;1602003;-;02;5;5;11;4;6710;3
2021;16;9;1602;1602003;-;02;5;5;11;5;175960;3
2021;16;9;1602;1602003;-;02;8;2;11;3;29100;1
2021;16;9;1602;1602003;-;02;8;2;11;4;100;1
2021;16;9;1602;1602003;-;02;9;5;11;2;792513;1
2021;16;9;1602;1602003;-;02;9;5;11;4;3000;1
2021;16;9;1602;1602003;-;02;9;5;11;5;52650;1
2021;16;9;1602;1602003;-;02;11;2;11;3;358300;3
2021;16;9;1602;1602003;-;02;11;2;11;4;2345;3
2021;16;9;1602;1602003;-;02;11;2;11;5;6740;3
2021;16;9;1602;1602003;-;02;11;3;11;2;533850;2
2021;16;9;1602;1602003;-;02;11;3;11;3;262800;1
2021;16;9;1602;1602003;-;02;11;3;11;4;4166;3
2021;16;9;1602;1602003;-;02;11;3;11;5;28030;3
2021;16;9;1602;1602003;-;02;11;4;11;2;973574;1
2021;16;9;1602;1602003;-;02;11;4;11;3;219000;1
2021;16;9;1602;1602003;-;02;11;4;11;4;1330;2
2021;16;9;1602;1602003;-;02;11;4;11;5;69300;2
2021;16;9;1602;1602003;-;02;11;5;11;2;1836775;2
2021;16;9;1602;1602003;-;02;11;5;11;4;2795;2
2021;16;9;1602;1602003;-;02;11;5;11;5;97300;2
2021;16;10;0;0;-;02;5;1;11;2;279820;1
2021;16;10;0;0;-;02;5;1;11;4;100;1
2021;16;10;0;0;-;02;5;1;11;5;5200;1
2021;16;10;1607;1607005;-;01;11;2;11;2;150771;1
2021;16;10;1607;1607005;-;01;11;2;11;4;1500;1
2021;16;10;1607;1607005;-;01;11;2;11;5;5200;1
2021;16;10;1607;1607005;-;63;5;1;11;2;112440;1
2021;16;10;1607;1607005;-;63;5;1;11;5;10700;1
2021;17;1;0;0;-;63;5;1;11;2;118000;1
2021;17;1;0;0;-;63;5;1;11;4;3600;1
2021;17;1;0;0;-;63;5;1;11;5;12500;1
2021;17;2;1701;1701004;-;63;5;1;11;2;73000;1
2021;17;2;1701;1701004;-;63;5;1;11;5;700;1
2021;17;3;1701;1701001;-;02;3;6;11;2;2217705;1
2021;17;3;1701;1701001;-;02;3;6;11;4;3600;1
2021;17;3;1701;1701001;-;02;3;6;11;5;48000;1
2021;17;3;1701;1701001;-;02;11;4;11;1;45040;1
2021;17;3;1701;1701001;-;02;11;4;11;2;180000;1
2021;17;3;1701;1701001;-;02;11;4;11;4;1800;1
2021;17;3;1701;1701001;-;02;11;4;11;5;11000;1
2021;17;3;1701;1701003;-;02;5;5;11;2;365244;1
2021;17;3;1701;1701003;-;02;5;5;11;4;6570;1
2021;17;3;1701;1701003;-;02;5;5;11;5;600;1
2021;17;3;1701;1701003;-;02;5;7;11;2;790000;1
2021;17;3;1701;1701003;-;02;5;7;11;4;700;1
2021;17;3;1701;1701003;-;02;5;7;11;5;1400;1
2021;17;3;1701;1701004;-;02;5;4;11;3;165876;1
2021;17;3;1701;1701004;-;02;5;4;11;4;3600;1
2021;17;3;1701;1701004;-;02;5;4;11;5;69680;1
2021;17;3;1701;1701005;-;02;2;7;11;2;6163215;1
2021;17;3;1701;1701005;-;02;2;7;11;4;335;1
2021;17;3;1701;1701005;-;02;2;7;11;5;256174;1
2021;17;3;1701;1701005;-;02;5;3;11;2;850356;1
2021;17;3;1701;1701005;-;02;5;3;11;4;1900;1
2021;17;3;1701;1701005;-;02;5;3;11;5;2800;1
2021;17;3;1701;1701005;-;02;5;6;11;2;3632233;1
2021;17;3;1701;1701005;-;02;5;6;11;4;1000;1
2021;17;3;1701;1701005;-;02;5;6;11;5;35000;1
2021;17;3;1701;1701005;-;02;11;2;11;2;270771;1
2021;17;3;1701;1701005;-;02;11;2;11;4;1500;1
2021;17;3;1701;1701005;-;02;11;2;11;5;25000;1
2021;17;4;1703;1703001;-;02;5;5;11;2;233516;1
2021;17;4;1703;1703001;-;02;5;5;11;4;900;1
2021;17;4;1703;1703001;-;02;5;5;11;5;25000;1
2021;17;4;1703;1703001;-;02;11;5;11;2;345000;1
2021;17;4;1703;1703001;-;02;11;5;11;4;1500;1
2021;17;4;1703;1703001;-;02;11;5;11;5;23000;1
2021;17;4;1703;1703002;-;02;5;3;11;2;998616;1
2021;17;4;1703;1703002;-;02;5;3;11;4;1344;1
2021;17;4;1703;1703002;-;02;5;3;11;5;11193;1
2021;17;4;1703;1703002;-;02;5;4;11;2;252200;1
2021;17;4;1703;1703002;-;02;5;4;11;4;780;1
2021;17;4;1703;1703002;-;02;5;4;11;5;5600;1
2021;17;4;1703;1703002;-;02;5;5;11;2;1188587;1
2021;17;4;1703;1703002;-;02;5;5;11;4;1500;1
2021;17;4;1703;1703002;-;02;5;5;11;5;20160;1
2021;17;4;1703;1703002;-;02;12;6;11;2;4034301;1
2021;17;4;1703;1703002;-;02;12;6;11;4;5400;1
2021;17;4;1703;1703002;-;02;12;6;11;5;41100;1
2021;17;4;1703;1703004;-;03;11;6;11;2;775082;1
2021;17;4;1703;1703004;-;03;11;6;11;4;1830;1
2021;17;4;1703;1703004;-;03;11;6;11;5;60000;1
2021;17;4;1703;1703006;-;02;5;5;11;2;2111993;1
2021;17;4;1703;1703006;-;02;5;5;11;4;3650;1
2021;17;4;1703;1703006;-;02;5;5;11;5;42000;1
2021;17;4;1703;1703006;-;02;9;4;11;1;668322;1
2021;17;4;1703;1703006;-;02;9;4;11;4;3650;1
2021;17;4;1703;1703006;-;02;9;4;11;5;58400;1
2021;17;4;1704;1704001;-;02;5;2;11;2;51638;1
2021;17;4;1704;1704001;-;02;5;2;11;5;3000;1
2021;17;5;1704;1704001;-;01;5;2;11;1;28000;1
2021;17;5;1704;1704001;-;01;5;2;11;4;1200;1
2021;17;5;1704;1704001;-;01;5;2;11;5;1000;1
2021;17;5;1704;1704001;-;02;5;2;11;2;997817;3
2021;17;5;1704;1704001;-;02;5;2;11;4;3304;3
2021;17;5;1704;1704001;-;02;5;2;11;5;22268;2
2021;17;5;1704;1704001;-;02;5;4;11;2;508318;1
2021;17;5;1704;1704001;-;02;5;4;11;4;730;1
2021;17;5;1704;1704001;-;02;5;4;11;5;35000;1
2021;17;5;1704;1704001;-;02;11;4;11;2;300000;1
2021;17;5;1704;1704001;-;02;11;4;11;4;1000;1
2021;17;5;1704;1704001;-;02;11;4;11;5;11200;1
2021;17;5;1704;1704002;-;02;5;4;11;2;435599;1
2021;17;5;1704;1704002;-;02;5;4;11;4;1380;1
2021;17;5;1704;1704002;-;02;5;4;11;5;18450;1
2021;17;5;1704;1704002;-;02;11;4;11;3;125328;1
2021;17;5;1704;1704002;-;02;11;4;11;4;1326;1
2021;17;5;1704;1704002;-;02;11;4;11;5;22624;1
2021;17;5;1704;1704004;-;02;8;2;11;2;285855;1
2021;17;5;1704;1704004;-;02;8;2;11;4;400;1
2021;17;5;1704;1704004;-;02;8;2;11;5;2500;1
2021;17;6;1702;1702006;-;02;5;2;11;2;73000;1
2021;17;6;1702;1702006;-;02;5;2;11;3;48000;1
2021;17;6;1702;1702006;-;02;5;2;11;4;15680;2
2021;17;6;1702;1702006;-;02;5;2;11;5;14500;2
2021;17;6;1702;1702006;-;02;5;3;11;2;609689;1
2021;17;6;1702;1702006;-;02;5;3;11;4;720;1
2021;17;6;1702;1702006;-;02;5;3;11;5;14400;1
2021;17;6;1702;1702006;-;02;5;4;11;2;787608;1
2021;17;6;1702;1702006;-;02;5;4;11;4;3000;1
2021;17;6;1702;1702006;-;02;5;4;11;5;18000;1
2021;17;6;1702;1702006;-;02;11;2;11;1;15000;1
2021;17;6;1702;1702006;-;02;11;2;11;4;300;1
2021;17;6;1702;1702006;-;02;11;2;11;5;500;1
2021;17;6;1702;1702006;-;02;11;4;11;2;636563;1
2021;17;6;1702;1702006;-;02;11;4;11;4;720;1
2021;17;6;1702;1702006;-;02;11;4;11;5;36500;1
2021;17;6;1703;1703001;-;02;5;4;11;2;383500;1
2021;17;6;1703;1703001;-;02;5;4;11;4;1000;1
2021;17;6;1703;1703001;-;02;5;4;11;5;7000;1
2021;17;6;1703;1703003;-;02;5;2;11;2;404786;1
2021;17;6;1703;1703003;-;02;5;4;11;2;1468896;4
2021;17;6;1703;1703003;-;02;5;4;11;4;4759;4
2021;17;6;1703;1703003;-;02;5;4;11;5;53890;4
2021;17;6;1703;1703003;-;02;8;3;11;2;144000;1
2021;17;6;1703;1703003;-;02;8;3;11;4;1050;1
2021;17;6;1703;1703003;-;02;8;3;11;5;1250;1
2021;17;6;1703;1703003;-;02;11;2;11;1;87781;1
2021;17;6;1703;1703003;-;02;11;2;11;4;600;1
2021;17;6;1703;1703003;-;02;11;2;11;5;4630;1
2021;17;6;1703;1703003;-;02;11;3;11;2;996578;1
2021;17;6;1703;1703003;-;02;11;3;11;4;4500;1
2021;17;6;1703;1703003;-;02;11;3;11;5;21000;1
2021;17;6;1703;1703003;-;02;11;4;11;2;205629;1
2021;17;6;1703;1703003;-;02;11;4;11;4;1825;1
2021;17;6;1703;1703003;-;02;11;4;11;5;10950;1
2021;17;6;1703;1703003;-;02;13;5;11;2;1804767;1
2021;17;6;1703;1703003;-;02;13;5;11;4;4000;1
2021;17;6;1703;1703003;-;02;13;5;11;5;60000;1
2021;17;6;1703;1703004;-;02;5;4;11;2;390581;2
2021;17;6;1703;1703004;-;02;5;4;11;4;4800;2
2021;17;6;1703;1703004;-;02;5;4;11;5;30000;2
2021;17;6;1703;1703004;-;02;11;3;11;2;320465;1
2021;17;6;1703;1703004;-;02;11;3;11;4;1100;1
2021;17;6;1703;1703004;-;02;11;3;11;5;9200;1
2021;17;6;1703;1703006;-;02;5;3;11;2;407674;1
2021;17;6;1703;1703006;-;02;5;3;11;4;1500;1
2021;17;6;1703;1703006;-;02;5;3;11;5;3600;1
2021;17;6;1703;1703006;-;02;5;5;11;2;1669272;1
2021;17;6;1703;1703006;-;02;5;5;11;4;5400;1
2021;17;6;1703;1703006;-;02;5;5;11;5;57000;1
2021;17;6;1703;1703006;-;02;12;2;11;2;417319;1
2021;17;6;1703;1703006;-;02;12;2;11;4;800;1
2021;17;6;1703;1703006;-;02;12;2;11;5;1100;1
2021;17;7;1701;1701001;-;03;4;6;11;1;941658;1
2021;17;7;1701;1701001;-;03;4;6;11;3;275988;1
2021;17;7;1701;1701001;-;03;4;6;11;4;10000;1
2021;17;7;1701;1701001;-;03;4;6;11;5;64000;1
2021;17;7;1701;1701002;-;02;5;3;11;1;50000;1
2021;17;7;1701;1701002;-;02;5;3;11;2;166506;1
2021;17;7;1701;1701002;-;02;5;3;11;4;1875;2
2021;17;7;1701;1701002;-;02;5;3;11;5;21900;1
2021;17;7;1701;1701002;-;02;5;4;11;2;3300209;5
2021;17;7;1701;1701002;-;02;5;4;11;4;16585;5
2021;17;7;1701;1701002;-;02;5;4;11;5;317030;4
2021;17;7;1701;1701002;-;02;11;3;11;2;702002;3
2021;17;7;1701;1701002;-;02;11;3;11;4;2735;3
2021;17;7;1701;1701002;-;02;11;3;11;5;37300;3
2021;17;7;1701;1701002;-;02;11;4;11;1;94100;2
2021;17;7;1701;1701002;-;02;11;4;11;2;1059313;2
2021;17;7;1701;1701002;-;02;11;4;11;4;3405;2
2021;17;7;1701;1701002;-;02;11;4;11;5;82300;2
2021;17;7;1701;1701003;-;02;11;2;11;2;91000;1
2021;17;7;1701;1701003;-;02;11;2;11;4;500;1
2021;17;7;1701;1701003;-;02;11;5;11;1;40110;1
2021;17;7;1701;1701003;-;02;11;5;11;2;739396;1
2021;17;7;1701;1701003;-;02;11;5;11;4;1850;1
2021;17;7;1701;1701003;-;02;11;5;11;5;72000;1
2021;17;7;1703;1703006;-;02;11;4;11;2;304045;1
2021;17;7;1703;1703006;-;02;11;4;11;4;730;1
2021;17;7;1703;1703006;-;02;11;4;11;5;28470;1
2021;17;8;1702;1702002;-;01;5;2;11;3;43800;1
2021;17;8;1702;1702002;-;01;5;2;11;4;1000;1
2021;17;8;1702;1702002;-;01;5;2;11;5;1500;1
2021;17;8;1702;1702002;-;02;8;5;11;1;448866;1
2021;17;8;1702;1702002;-;02;8;5;11;4;2500;1
2021;17;8;1702;1702002;-;02;8;5;11;5;20000;1
2021;17;8;1702;1702005;-;01;0;2;11;3;17000;1
2021;17;8;1702;1702005;-;01;0;2;11;4;1100;1
2021;17;8;1702;1702005;-;01;5;3;11;3;182500;1
2021;17;8;1702;1702005;-;01;5;3;11;4;700;1
2021;17;8;1702;1702005;-;01;5;3;11;5;1500;1
2021;17;8;1702;1702005;-;01;8;4;11;2;91250;1
2021;17;8;1702;1702005;-;01;8;4;11;4;730;1
2021;17;8;1702;1702005;-;01;8;4;11;5;7000;1
2021;17;8;1702;1702005;-;01;11;2;11;3;164250;1
2021;17;8;1702;1702005;-;01;11;3;11;3;78408;2
2021;17;8;1702;1702005;-;01;11;3;11;4;2413;2
2021;17;8;1702;1702005;-;01;11;3;11;5;4090;2
2021;17;8;1702;1702005;-;02;5;2;11;2;701434;5
2021;17;8;1702;1702005;-;02;5;2;11;3;218130;4
2021;17;8;1702;1702005;-;02;5;2;11;4;5402;7
2021;17;8;1702;1702005;-;02;5;2;11;5;5318;4
2021;17;8;1702;1702005;-;02;5;3;11;3;130000;1
2021;17;8;1702;1702005;-;02;5;4;11;2;838857;2
2021;17;8;1702;1702005;-;02;5;4;11;4;1100;2
2021;17;8;1702;1702005;-;02;5;4;11;5;11000;2
2021;17;8;1702;1702005;-;02;8;3;11;2;312000;1
2021;17;8;1702;1702005;-;02;8;3;11;4;800;1
2021;17;8;1702;1702005;-;02;8;3;11;5;5000;1
2021;17;8;1702;1702005;-;02;8;5;11;2;1489382;1
2021;17;8;1702;1702005;-;02;8;5;11;4;1500;1
2021;17;8;1702;1702005;-;02;8;5;11;5;25000;1
2021;17;8;1702;1702005;-;02;9;5;11;1;1157858;1
2021;17;8;1702;1702005;-;02;9;5;11;4;1595;1
2021;17;8;1702;1702005;-;02;9;5;11;5;35987;1
2021;17;8;1702;1702005;-;02;11;2;11;2;1063518;3
2021;17;8;1702;1702005;-;02;11;2;11;4;2800;3
2021;17;8;1702;1702005;-;02;11;2;11;5;35200;3
2021;17;8;1702;1702005;-;02;11;3;11;2;177254;2
2021;17;8;1702;1702005;-;02;11;3;11;4;1950;2
2021;17;8;1702;1702005;-;02;11;3;11;5;31000;2
2021;17;8;1702;1702005;-;02;11;4;11;2;1233950;2
2021;17;8;1702;1702005;-;02;11;4;11;4;3500;2
2021;17;8;1702;1702005;-;02;11;4;11;5;26000;2
2021;17;8;1702;1702005;-;02;11;5;11;2;2195631;2
2021;17;8;1702;1702005;-;02;11;5;11;3;900000;1
2021;17;8;1702;1702005;-;02;11;5;11;4;2930;3
2021;17;8;1702;1702005;-;02;11;5;11;5;92500;3
2021;17;8;1702;1702005;-;02;12;5;11;2;1520742;1
2021;17;8;1702;1702005;-;02;12;5;11;5;10000;1
2021;17;8;1702;1702005;-;02;14;7;11;2;9515013;1
2021;17;8;1702;1702005;-;02;14;7;11;4;7300;1
2021;17;8;1702;1702005;-;02;14;7;11;5;60000;1
2021;17;8;1702;1702006;-;01;5;3;11;1;5000;1
2021;17;8;1702;1702006;-;01;5;3;11;3;3000;1
2021;17;8;1702;1702006;-;01;5;3;11;4;1080;1
2021;17;8;1703;1703004;-;02;5;5;11;2;96000;1
2021;17;8;1703;1703004;-;02;5;5;11;4;1000;1
2021;17;8;1703;1703005;-;02;5;3;11;2;139632;1
2021;17;8;1703;1703005;-;02;5;3;11;4;12000;1
2021;17;8;1703;1703005;-;02;5;3;11;5;36000;1
2021;17;8;1703;1703005;-;02;11;2;11;2;150000;1
2021;17;8;1703;1703005;-;02;11;2;11;4;1100;1
2021;17;8;1703;1703005;-;02;11;2;11;5;14900;1
2021;17;9;1704;1704002;-;02;3;4;11;2;50000;1
2021;17;9;1704;1704002;-;02;3;4;11;3;40000;1
2021;17;9;1704;1704003;-;02;5;4;11;2;1067691;1
2021;17;9;1704;1704003;-;02;5;4;11;3;420980;1
2021;17;9;1704;1704003;-;02;5;4;11;4;5509;2
2021;17;9;1704;1704003;-;02;5;4;11;5;80239;2
2021;17;9;1704;1704003;-;03;11;6;11;2;2851092;1
2021;17;9;1704;1704003;-;03;11;6;11;4;700;1
2021;17;9;1704;1704003;-;03;11;6;11;5;30000;1
2021;17;9;1704;1704004;-;01;5;2;11;3;180420;1
2021;17;9;1704;1704004;-;01;5;2;11;4;1750;1
2021;17;9;1704;1704004;-;01;5;2;11;5;18500;1
2021;17;9;1704;1704004;-;02;1;3;11;2;88620;1
2021;17;9;1704;1704004;-;02;1;3;11;4;2232;1
2021;17;9;1704;1704004;-;02;1;3;11;5;12164;1
2021;17;9;1704;1704004;-;02;5;4;11;2;578143;1
2021;17;9;1704;1704004;-;02;5;4;11;4;720;1
2021;17;9;1704;1704004;-;02;5;4;11;5;2500;1
2021;17;9;1704;1704004;-;02;11;3;11;2;38691;1
2021;17;9;1704;1704004;-;02;11;3;11;4;1300;1
2021;17;9;1704;1704004;-;02;11;3;11;5;1600;1
2021;17;9;1704;1704005;-;01;5;2;11;2;24462;1
2021;17;9;1704;1704005;-;01;5;3;11;3;400000;1
2021;17;9;1704;1704005;-;01;5;4;11;2;59757;1
2021;17;9;1704;1704005;-;01;5;4;11;5;400;1
2021;17;9;1704;1704005;-;01;11;2;11;2;220068;1
2021;17;9;1704;1704005;-;02;5;3;11;2;1222446;2
2021;17;9;1704;1704005;-;02;5;3;11;4;2000;2
2021;17;9;1704;1704005;-;02;5;3;11;5;10000;1
2021;17;9;1704;1704005;-;02;8;2;11;2;61149;1
2021;17;9;1704;1704005;-;02;11;3;11;2;256818;1
2021;17;9;1704;1704005;-;02;12;3;11;2;430039;1
2021;17;9;1704;1704005;-;02;12;3;11;4;200;1
2021;17;9;1704;1704006;-;01;11;3;11;3;432000;1
2021;17;9;1704;1704006;-;01;11;3;11;5;14400;1
2021;17;9;1704;1704006;-;02;5;3;11;2;100000;1
2021;17;9;1704;1704006;-;02;5;3;11;4;720;1
2021;17;9;1704;1704006;-;02;11;3;11;2;381000;1
2021;17;10;0;0;-;02;5;2;11;2;113092;1
2021;17;10;0;0;-;02;5;2;11;4;720;1
2021;17;10;0;0;-;02;5;2;11;5;1460;1
2021;17;10;0;0;-;02;11;3;11;2;442582;1
2021;17;10;0;0;-;02;11;3;11;4;800;1
2021;17;10;0;0;-;02;11;3;11;5;10200;1
2021;17;10;0;0;-;63;5;1;11;2;63700;1
2021;17;10;0;0;-;63;5;1;11;3;805790;1
2021;17;10;0;0;-;63;5;1;11;4;18000;1
2021;17;10;0;0;-;63;5;1;11;5;81000;1
2021;17;10;1701;1701006;-;01;5;3;11;1;170000;1
2021;17;10;1701;1701006;-;01;5;3;11;4;1400;1
2021;17;10;1701;1701006;-;01;5;3;11;5;2300;1
2021;17;10;1702;1702002;-;01;5;4;11;1;565650;1
2021;17;10;1702;1702002;-;01;5;4;11;4;1500;1
2021;17;10;1702;1702002;-;01;5;4;11;5;28000;1
2021;17;10;1702;1702002;-;02;5;3;11;2;17875;1
2021;17;10;1702;1702002;-;02;5;3;11;3;18250;1
2021;17;10;1702;1702002;-;02;5;3;11;4;1460;1
2021;17;10;1702;1702002;-;02;5;3;11;5;10950;2
2021;17;10;1702;1702002;-;02;5;4;11;1;65000;1
2021;17;10;1702;1702002;-;02;5;4;11;2;715460;2
2021;17;10;1702;1702002;-;02;5;4;11;5;4000;1
2021;17;10;1702;1702002;-;02;5;5;11;2;2453277;3
2021;17;10;1702;1702002;-;02;5;5;11;3;126000;1
2021;17;10;1702;1702002;-;02;5;5;11;4;5030;3
2021;17;10;1702;1702002;-;02;5;5;11;5;90180;3
2021;17;10;1702;1702002;-;02;11;2;11;2;267752;1
2021;17;10;1702;1702002;-;02;11;2;11;4;1460;1
2021;17;10;1702;1702002;-;02;11;2;11;5;43800;1
2021;17;10;1702;1702002;-;02;11;3;11;3;133000;1
2021;17;10;1702;1702002;-;02;11;3;11;4;1700;1
2021;17;10;1702;1702002;-;02;11;3;11;5;9500;1
2021;17;10;1702;1702002;-;02;11;4;11;2;506856;1
2021;17;10;1702;1702002;-;02;11;4;11;4;1460;1
2021;17;10;1702;1702002;-;02;11;4;11;5;18000;1
2021;17;10;1702;1702002;-;02;12;6;11;2;2262242;1
2021;17;10;1702;1702002;-;02;12;6;11;4;1870;1
2021;17;10;1702;1702002;-;02;12;6;11;5;36000;1
2021;17;10;1702;1702005;-;02;11;4;11;3;125000;1
2021;17;10;1702;1702005;-;02;11;4;11;4;2000;1
2021;17;10;1702;1702005;-;02;11;4;11;5;5000;1
2021;17;10;1702;1702006;-;02;5;2;11;2;460866;1
2021;17;10;1702;1702006;-;02;5;2;11;4;350;1
2021;17;10;1702;1702006;-;02;5;2;11;5;1230;1
2021;17;10;1702;1702006;-;02;5;3;11;1;32000;1
2021;17;10;1702;1702006;-;02;5;3;11;2;603062;2
2021;17;10;1702;1702006;-;02;5;3;11;4;2425;2
2021;17;10;1702;1702006;-;02;5;3;11;5;20100;3
2021;17;10;1702;1702006;-;02;5;4;11;2;2310137;3
2021;17;10;1702;1702006;-;02;5;4;11;4;1000;1
2021;17;10;1702;1702006;-;02;5;4;11;5;23730;2
2021;17;10;1702;1702006;-;02;5;5;11;2;1382598;1
2021;17;10;1702;1702006;-;02;5;5;11;4;350;1
2021;17;10;1702;1702006;-;02;5;5;11;5;48000;1
2021;17;10;1702;1702006;-;02;11;2;11;1;249600;1
2021;17;10;1702;1702006;-;02;11;2;11;2;52000;1
2021;17;10;1702;1702006;-;02;11;2;11;4;750;1
2021;17;10;1702;1702006;-;02;11;2;11;5;1000;1
2021;17;10;1702;1702006;-;02;11;4;11;2;407214;1
2021;17;10;1702;1702006;-;02;11;4;11;4;485;1
2021;17;10;1702;1702006;-;02;11;4;11;5;7200;1
2021;17;10;1702;1702006;-;02;11;6;11;2;939224;1
2021;17;10;1702;1702006;-;02;11;6;11;3;559746;1
2021;17;10;1702;1702006;-;02;11;6;11;4;1800;1
2021;17;10;1702;1702006;-;02;11;6;11;5;30000;1
2021;17;10;1702;1702006;-;02;14;5;11;2;1200000;1
2021;17;10;1702;1702006;-;02;14;5;11;4;2500;1
2021;17;10;1702;1702006;-;02;14;5;11;5;36000;1
2021;17;10;1702;1702006;-;03;5;3;11;2;329999;1
2021;17;10;1702;1702007;-;02;11;4;11;2;444000;1
2021;17;10;1702;1702007;-;02;11;4;11;4;730;1
2021;17;10;1702;1702007;-;02;11;4;11;5;43800;1
2021;17;11;1702;1702002;-;02;12;6;11;2;910817;1
2021;17;11;1702;1702002;-;02;12;6;11;4;1200;1
2021;17;11;1702;1702002;-;02;12;6;11;5;90000;1
2021;17;11;1702;1702003;-;01;5;3;11;2;151934;1
2021;17;11;1702;1702003;-;01;5;3;11;4;1000;1
2021;17;11;1702;1702003;-;01;5;3;11;5;400;1
2021;17;11;1702;1702003;-;01;5;4;11;3;21600;1
2021;17;11;1702;1702003;-;01;5;4;11;4;500;1
2021;17;11;1702;1702003;-;01;5;4;11;5;500;1
2021;17;11;1702;1702003;-;02;5;2;11;2;250;1
2021;17;11;1702;1702003;-;02;5;2;11;3;94000;2
2021;17;11;1702;1702003;-;02;5;2;11;4;900;2
2021;17;11;1702;1702003;-;02;5;2;11;5;7200;1
2021;17;11;1702;1702003;-;02;5;3;11;2;797747;2
2021;17;11;1702;1702003;-;02;5;3;11;4;7200;2
2021;17;11;1702;1702003;-;02;5;3;11;5;37515;2
2021;17;11;1702;1702003;-;02;5;4;11;2;1102536;3
2021;17;11;1702;1702003;-;02;5;4;11;4;7860;3
2021;17;11;1702;1702003;-;02;5;4;11;5;32500;2
2021;17;11;1702;1702003;-;02;5;5;11;2;223534;1
2021;17;11;1702;1702003;-;02;5;5;11;4;400;1
2021;17;11;1702;1702003;-;02;5;5;11;5;720;1
2021;17;11;1702;1702003;-;02;9;6;11;2;2648998;1
2021;17;11;1702;1702003;-;02;9;6;11;4;8000;1
2021;17;11;1702;1702003;-;02;9;6;11;5;48800;1
2021;17;11;1702;1702003;-;02;11;2;11;1;6570;1
2021;17;11;1702;1702003;-;02;11;2;11;3;44000;1
2021;17;11;1702;1702003;-;02;11;2;11;4;600;1
2021;17;11;1702;1702003;-;02;11;2;11;5;2200;1
2021;17;11;1702;1702003;-;02;11;4;11;3;120;1
2021;17;11;1702;1702004;-;02;5;3;11;2;289400;1
2021;17;11;1702;1702004;-;02;5;3;11;3;180000;1
2021;17;11;1702;1702004;-;02;5;3;11;4;3800;2
2021;17;11;1702;1702004;-;02;5;3;11;5;17200;2
2021;17;11;1702;1702004;-;02;5;4;11;2;631200;2
2021;17;11;1702;1702004;-;02;5;4;11;3;69350;1
2021;17;11;1702;1702004;-;02;5;4;11;4;2730;3
2021;17;11;1702;1702004;-;02;5;4;11;5;21205;2
2021;17;11;1702;1702004;-;02;5;5;11;2;461644;1
2021;17;11;1702;1702004;-;02;5;5;11;4;5000;1
2021;17;11;1702;1702004;-;02;5;5;11;5;43200;1
2021;17;11;1702;1702004;-;02;5;6;11;2;5387461;1
2021;17;11;1702;1702004;-;02;5;6;11;4;600;1
2021;17;11;1702;1702004;-;02;5;6;11;5;68000;1
2021;17;11;1702;1702004;-;02;11;2;11;3;15000;1
2021;17;11;1702;1702004;-;02;11;2;11;4;200;1
2021;17;11;1702;1702004;-;02;11;3;11;3;50000;1
2021;17;11;1702;1702004;-;02;11;3;11;4;750;1
2021;17;11;1702;1702004;-;02;11;3;11;5;2500;1
2021;17;11;1702;1702005;-;02;11;5;11;2;620500;1
2021;17;11;1702;1702005;-;02;11;5;11;4;230;1
2021;17;11;1702;1702007;-;02;5;4;11;2;614555;2
2021;17;11;1702;1702007;-;02;5;4;11;4;3200;2
2021;17;11;1702;1702007;-;02;5;4;11;5;26330;2
2021;17;11;1702;1702007;-;02;11;5;11;2;1129307;1
2021;17;11;1702;1702007;-;02;11;5;11;4;1500;1
2021;17;11;1702;1702007;-;02;11;5;11;5;10800;1
2021;17;11;1702;1702008;-;01;3;5;11;2;109654;1
2021;17;11;1702;1702008;-;01;3;5;11;3;5600;1
2021;17;11;1702;1702008;-;02;5;4;11;2;122400;1
2021;17;11;1702;1702008;-;02;5;4;11;3;190000;1
2021;17;11;1702;1702008;-;02;5;4;11;4;2000;1
2021;17;11;1702;1702008;-;02;5;4;11;5;20000;1
2021;17;12;1701;1701002;-;02;2;8;11;2;3683902;1
2021;17;12;1701;1701002;-;02;2;8;11;4;13350;1
2021;17;12;1701;1701002;-;02;2;8;11;5;190156;1
2021;18;1;1801;1801004;-;-;1;5;11;4;1238;1
2021;18;1;1801;1801004;-;-;1;5;11;5;17351;1
2021;18;2;0;0;-;18;5;1;11;2;15000;1
2021;18;2;0;0;-;18;5;1;11;4;1000;1
2021;18;2;0;0;-;18;5;1;11;5;2000;1
2021;18;2;1802;1802003;-;01;5;2;11;1;29000;1
2021;18;2;1802;1802003;-;01;5;2;11;4;600;1
2021;18;2;1802;1802003;-;02;5;2;11;1;25650;1
2021;18;2;1802;1802003;-;02;5;2;11;4;2000;1
2021;18;2;1802;1802003;-;02;5;2;11;5;2000;1
2021;18;2;1805;1805005;-;16;5;2;11;2;15000;1
2021;18;2;1805;1805005;-;16;5;2;11;4;1900;1
2021;18;2;1805;1805005;-;16;5;2;11;5;2000;1
2021;18;3;1806;1806002;-;02;13;3;11;4;1400;1
2021;18;3;1806;1806002;-;02;13;3;11;5;3600;1
2021;18;4;1806;1806004;-;02;12;5;11;2;1152043;1
2021;18;4;1806;1806004;-;02;12;5;11;4;1460;1
2021;18;4;1806;1806004;-;02;12;5;11;5;58400;1
2021;18;6;0;0;-;02;5;1;11;1;13000;1
2021;18;6;0;0;-;02;5;1;11;4;2100;1
2021;18;6;0;0;-;02;5;1;11;5;10000;1
2021;18;6;0;0;-;63;5;1;11;5;1095;1
2021;18;6;1801;1801005;-;01;5;2;11;1;85000;1
2021;18;6;1801;1801005;-;01;5;2;11;2;3000;1
2021;18;6;1801;1801005;-;01;5;2;11;4;1000;1
2021;18;6;1801;1801005;-;01;5;2;11;5;8000;1
2021;18;6;1802;1802001;-;01;5;2;11;1;43000;1
2021;18;6;1802;1802001;-;01;5;2;11;4;1500;1
2021;18;6;1802;1802001;-;01;5;2;11;5;4500;1
2021;18;6;1802;1802001;-;02;5;2;11;3;31120;1
2021;18;6;1802;1802001;-;02;5;2;11;4;700;1
2021;18;6;1802;1802002;-;02;5;2;11;1;113150;1
2021;18;6;1802;1802002;-;02;5;2;11;3;27540;1
2021;18;6;1802;1802002;-;02;5;2;11;4;3365;2
2021;18;6;1802;1802002;-;02;5;2;11;5;5475;1
2021;18;7;1803;1803001;-;01;5;5;11;2;130000;1
2021;18;7;1803;1803001;-;01;5;5;11;4;300;1
2021;18;7;1803;1803001;-;01;5;5;11;5;6000;1
2021;18;7;1803;1803001;-;02;8;5;11;2;470467;1
2021;18;7;1803;1803001;-;02;8;5;11;4;1300;1
2021;18;7;1803;1803001;-;02;8;5;11;5;18000;1
2021;18;7;1803;1803001;-;02;11;4;11;2;170000;1
2021;18;7;1803;1803001;-;02;11;4;11;4;720;1
2021;18;7;1803;1803001;-;02;11;4;11;5;720;1
2021;18;7;1803;1803002;-;02;2;7;11;2;1243937;1
2021;18;7;1803;1803002;-;02;2;7;11;4;1800;1
2021;18;7;1803;1803002;-;02;2;7;11;5;22500;1
2021;18;7;1804;1804001;-;01;11;4;11;2;600000;1
2021;18;7;1804;1804001;-;01;11;4;11;4;30000;1
2021;18;7;1804;1804001;-;01;11;4;11;5;30000;1
2021;18;7;1804;1804001;-;02;8;5;11;2;556423;1
2021;18;7;1804;1804001;-;02;8;5;11;4;3600;1
2021;18;7;1804;1804001;-;02;8;5;11;5;44000;1
2021;18;7;1804;1804002;-;02;5;5;11;2;547561;1
2021;18;7;1804;1804002;-;02;5;5;11;5;45000;1
2021;18;8;1803;1803005;-;01;9;8;11;1;130000;1
2021;18;8;1803;1803005;-;01;9;8;11;4;2000;1
2021;18;8;1803;1803005;-;01;9;8;11;5;5000;1
2021;18;8;1803;1803005;-;02;11;5;11;3;642800;1
2021;18;8;1803;1803005;-;02;11;5;11;4;1200;1
2021;18;8;1803;1803005;-;02;11;5;11;5;13000;1
2021;18;10;1802;1802001;-;01;5;2;11;1;35000;1
2021;18;10;1802;1802001;-;01;5;2;11;3;15000;1
2021;18;10;1802;1802001;-;01;5;2;11;4;2000;1
2021;18;10;1802;1802001;-;01;5;2;11;5;4500;1
2021;18;10;1805;1805005;-;01;5;2;11;1;21200;1
2021;18;10;1805;1805005;-;01;5;2;11;4;700;1
2021;18;11;1805;1805005;-;02;5;4;11;1;238953;1
2021;18;11;1805;1805005;-;02;5;4;11;4;1600;1
2021;18;11;1805;1805005;-;02;5;4;11;5;7200;1
2021;18;13;0;0;-;18;5;1;11;1;30;1
2021;18;13;0;0;-;18;5;1;11;4;2;1
2021;18;14;1802;1802003;-;01;5;2;11;4;730;1
2021;18;14;1802;1802003;-;01;5;2;11;5;17920;1
2021;18;16;1806;1806001;-;01;5;7;11;2;640898;1
2021;18;16;1806;1806001;-;01;5;7;11;4;3600;1
2021;18;16;1806;1806001;-;01;5;7;11;5;25800;1
2021;19;5;1902;1902007;-;02;11;5;11;2;1925531;1
2021;19;5;1902;1902007;-;02;11;5;11;5;116800;1
2021;19;7;1901;1901005;-;01;5;2;11;1;11200;1
2021;19;7;1901;1901005;-;01;5;2;11;4;720;1
2021;19;7;1901;1901005;-;01;5;2;11;5;1300;1
2021;19;7;1901;1901005;-;02;11;2;11;3;53055;1
2021;19;7;1901;1901005;-;02;11;2;11;4;360;1
2021;19;7;1901;1901005;-;02;11;2;11;5;800;1
2021;19;7;1903;1903004;-;02;9;5;11;1;2049398;1
2021;19;7;1903;1903004;-;02;9;5;11;4;4380;1
2021;19;7;1903;1903004;-;02;9;5;11;5;109500;1
2021;19;10;1903;1903001;-;01;5;2;11;3;73000;1
2021;19;10;1903;1903001;-;01;5;2;11;4;700;1
2021;19;10;1903;1903001;-;63;5;1;11;1;20;1
2021;19;10;1903;1903001;-;63;5;1;11;2;30;1
2021;19;10;1903;1903001;-;63;5;1;11;3;60;1
2021;19;10;1903;1903001;-;63;5;1;11;4;2;1
2021;19;10;1903;1903002;-;01;8;2;11;3;60000;1
