ns1:Ejercicio;ns1:DepartamentoCodigo;ns1:SeccionalPolicialCodigo;ns1:AreaSupervision;ns1:AreaEnumeracion;ns1:ActividadCodigo;ns1:GiroCodigo;ns1:NaturalezaJuridicaCodigo;ns1:EstratoCodigo;ns1:EspecializacionMGAPCodigo;ns1:TipoProduccionMGAPCodigo;ns1:EspecieCodigo;ns1:TipoProduccionCodigo;ns1:Litros;ns1:CantidadTenedoresPorProduccionLeche
2024;1;2;204;204001;-;2;1;3;2;3;11;4;8100;1
2024;1;2;204;204001;-;2;1;3;2;3;11;5;3500;1
2024;1;3;0;0;-;18;5;1;1;1;11;1;20000;1
2024;1;3;0;0;-;18;5;1;1;1;11;4;1100;1
2024;1;6;202;202001;-;1;5;2;2;3;11;1;70;1
2024;1;6;202;202001;-;1;5;2;2;3;11;4;50;1
2024;1;12;203;203002;-;1;11;4;2;3;11;1;46000;1
2024;1;12;203;203002;-;1;11;4;2;3;11;4;365;1
2024;1;12;203;203002;-;1;11;4;2;3;11;5;1000;1
2024;1;12;203;203003;-;1;11;2;2;3;11;1;88000;1
2024;1;12;203;203003;-;1;11;2;2;3;11;4;800;1
2024;1;12;203;203003;-;1;11;2;2;3;11;5;10000;1
2024;1;12;203;203003;-;1;11;5;2;3;11;1;75000;1
2024;1;12;203;203003;-;1;11;5;2;3;11;4;500;1
2024;1;12;203;203003;-;1;11;5;2;3;11;5;100;1
2024;1;12;203;203004;-;1;11;2;2;3;11;1;115000;2
2024;1;12;203;203004;-;1;11;2;2;3;11;4;2000;2
2024;1;12;203;203004;-;1;11;2;2;3;11;5;5500;2
2024;1;12;203;203004;-;1;11;4;2;3;11;1;10000;1
2024;1;12;203;203004;-;1;11;4;2;3;11;4;1000;1
2024;1;12;203;203004;-;2;11;2;2;3;11;1;30000;1
2024;1;12;203;203004;-;2;11;2;2;3;11;4;300;1
2024;1;12;203;203004;-;2;11;2;2;3;11;5;1500;1
2024;2;1;302;302002;-;2;9;3;2;3;11;2;602467;1
2024;2;1;302;302002;-;2;9;3;2;3;11;4;3100;1
2024;2;1;302;302002;-;2;9;3;2;3;11;5;98135;1
2024;2;1;302;302003;-;2;2;4;2;3;11;2;592305;1
2024;2;1;302;302003;-;2;2;4;2;3;11;4;2500;1
2024;2;1;302;302003;-;2;2;4;2;3;11;5;54000;1
2024;2;1;302;302003;-;2;5;2;2;3;11;2;218415;1
2024;2;1;302;302003;-;2;5;2;2;3;11;4;490;1
2024;2;1;302;302003;-;2;5;2;2;3;11;5;9450;1
2024;2;1;302;302003;-;2;5;3;2;3;11;2;712097;1
2024;2;1;302;302003;-;2;5;3;2;3;11;4;1600;1
2024;2;1;302;302003;-;2;5;3;2;3;11;5;58000;1
2024;2;1;302;302003;-;2;11;4;2;3;11;1;430000;1
2024;2;1;302;302003;-;2;11;4;2;3;11;5;22000;1
2024;2;1;302;302003;-;2;14;5;2;3;11;1;1034651;1
2024;2;1;302;302003;-;2;14;5;2;3;11;4;4400;1
2024;2;1;302;302003;-;2;14;5;2;3;11;5;50000;1
2024;2;1;302;302005;-;2;5;2;2;3;11;2;380646;2
2024;2;1;302;302005;-;2;5;2;2;3;11;4;3600;1
2024;2;1;302;302005;-;2;5;2;2;3;11;5;36000;1
2024;2;1;302;302005;-;2;5;3;2;3;11;2;418981;1
2024;2;1;302;302005;-;2;5;3;2;3;11;4;700;1
2024;2;1;302;302005;-;2;5;3;2;3;11;5;6000;1
2024;2;1;304;304005;-;2;5;3;2;3;11;2;825000;1
2024;2;1;304;304005;-;2;5;3;2;3;11;4;400;1
2024;2;1;304;304005;-;2;5;3;2;3;11;5;6500;1
2024;2;1;304;304006;-;2;5;2;2;3;11;1;120000;1
2024;2;1;304;304006;-;2;5;2;2;3;11;2;17524;1
2024;2;1;304;304006;-;2;5;2;2;3;11;4;1000;2
2024;2;1;304;304006;-;2;5;2;2;3;11;5;7500;2
2024;2;1;304;304006;-;2;5;3;2;3;11;2;190000;1
2024;2;1;304;304006;-;2;5;3;2;3;11;4;745;1
2024;2;1;304;304006;-;2;5;3;2;3;11;5;2300;1
2024;2;1;304;304006;-;2;5;4;2;3;11;1;438000;1
2024;2;1;304;304006;-;2;5;4;2;3;11;4;1500;1
2024;2;1;304;304006;-;2;5;4;2;3;11;5;7000;1
2024;2;2;301;301001;-;2;11;3;2;3;11;2;525302;1
2024;2;2;301;301001;-;2;11;3;2;3;11;4;400;1
2024;2;2;301;301001;-;2;11;3;2;3;11;5;1250;1
2024;2;2;301;301002;-;2;2;6;2;3;11;2;841382;1
2024;2;2;301;301002;-;2;2;6;2;3;11;4;2100;1
2024;2;2;301;301002;-;2;2;6;2;3;11;5;79300;1
2024;2;2;301;301002;-;2;5;2;2;3;11;2;40000;1
2024;2;2;301;301002;-;2;5;3;2;3;11;2;1006023;1
2024;2;2;301;301002;-;2;5;3;2;3;11;4;1500;1
2024;2;2;301;301002;-;2;5;3;2;3;11;5;1500;1
2024;2;2;301;301002;-;2;5;4;2;3;11;2;1904308;1
2024;2;2;301;301002;-;2;5;4;2;3;11;4;4380;1
2024;2;2;301;301002;-;2;5;4;2;3;11;5;28700;1
2024;2;2;301;301002;-;2;5;5;2;3;11;2;3819672;2
2024;2;2;301;301002;-;2;5;5;2;3;11;4;6150;2
2024;2;2;301;301002;-;2;5;5;2;3;11;5;89600;2
2024;2;2;301;301002;-;2;11;3;2;3;11;1;47000;1
2024;2;2;301;301002;-;2;11;3;2;3;11;2;270100;1
2024;2;2;301;301002;-;2;11;3;2;3;11;4;2200;1
2024;2;2;301;301002;-;2;11;3;2;3;11;5;7500;1
2024;2;2;301;301003;-;2;5;2;2;3;11;2;60000;1
2024;2;2;301;301003;-;2;5;2;2;3;11;4;1350;2
2024;2;2;301;301003;-;2;5;2;2;3;11;5;1800;2
2024;2;2;301;301003;-;2;8;3;2;3;11;2;114124;1
2024;2;2;301;301003;-;2;8;3;2;3;11;4;730;1
2024;2;2;301;301003;-;2;8;3;2;3;11;5;7300;1
2024;2;2;301;301003;-;2;11;3;2;3;11;2;249577;1
2024;2;2;301;301003;-;2;11;3;2;3;11;4;730;1
2024;2;2;301;301003;-;2;11;3;2;3;11;5;23200;1
2024;2;2;301;301004;-;2;5;2;2;3;11;2;102140;2
2024;2;2;301;301004;-;2;5;2;2;3;11;4;1095;1
2024;2;2;301;301004;-;2;5;3;2;3;11;2;187224;1
2024;2;2;301;301004;-;2;5;3;2;3;11;4;1095;1
2024;2;2;301;301004;-;2;11;5;2;3;11;2;1176836;1
2024;2;2;301;301004;-;2;11;5;2;3;11;4;7000;1
2024;2;2;301;301004;-;2;11;5;2;3;11;5;50000;1
2024;2;2;301;301005;-;2;5;2;2;3;11;2;49000;1
2024;2;2;301;301005;-;2;5;4;2;3;11;2;592621;2
2024;2;2;301;301005;-;2;5;4;2;3;11;4;1700;2
2024;2;2;301;301005;-;2;5;4;2;3;11;5;27000;2
2024;2;2;301;301005;-;2;8;4;2;3;11;1;950000;1
2024;2;2;301;301005;-;2;8;4;2;3;11;4;1000;1
2024;2;2;301;301005;-;2;8;4;2;3;11;5;2000;1
2024;2;2;301;301005;-;2;8;5;2;3;11;2;1456241;1
2024;2;2;301;301005;-;2;8;5;2;3;11;4;300;1
2024;2;2;301;301005;-;2;8;5;2;3;11;5;92720;1
2024;2;2;301;301005;-;2;9;4;2;3;11;2;1172748;1
2024;2;2;301;301005;-;2;9;4;2;3;11;4;5475;1
2024;2;2;301;301005;-;2;9;4;2;3;11;5;54750;1
2024;2;2;301;301006;-;2;5;3;2;3;11;4;1000;1
2024;2;2;301;301006;-;2;5;3;2;3;11;5;60000;1
2024;2;2;301;301006;-;2;5;5;2;3;11;2;424618;1
2024;2;2;301;301006;-;2;5;5;2;3;11;4;10000;1
2024;2;2;301;301006;-;2;5;5;2;3;11;5;40000;1
2024;2;2;301;301006;-;2;11;2;2;3;11;2;189281;2
2024;2;2;301;301006;-;2;11;2;2;3;11;4;880;2
2024;2;2;301;301006;-;2;11;2;2;3;11;5;13380;2
2024;2;2;301;301007;-;2;5;2;2;3;11;2;360000;1
2024;2;2;301;301007;-;2;5;2;2;3;11;5;15000;1
2024;2;2;301;301007;-;2;5;4;2;3;11;2;1080708;1
2024;2;2;301;301007;-;2;5;4;2;3;11;4;2500;1
2024;2;2;301;301007;-;2;5;4;2;3;11;5;43000;1
2024;2;2;301;301007;-;2;11;4;2;3;11;2;108600;1
2024;2;2;301;301007;-;2;11;4;2;3;11;4;3600;1
2024;2;2;301;301007;-;2;11;4;2;3;11;5;3600;1
2024;2;3;302;302001;-;2;5;2;2;3;11;1;67999;1
2024;2;3;302;302001;-;2;11;4;2;3;11;2;982823;1
2024;2;3;302;302001;-;2;11;4;2;3;11;4;7200;1
2024;2;3;302;302001;-;2;11;4;2;3;11;5;67800;1
2024;2;3;302;302002;-;2;5;4;2;3;11;2;156000;1
2024;2;3;302;302002;-;2;5;4;2;3;11;4;3000;1
2024;2;3;302;302002;-;2;5;4;2;3;11;5;20000;1
2024;2;3;302;302002;-;2;8;2;2;3;11;2;206171;1
2024;2;3;302;302002;-;2;8;2;2;3;11;4;3650;1
2024;2;3;302;302002;-;2;8;2;2;3;11;5;14600;1
2024;2;3;303;303001;-;2;12;4;2;3;11;2;2013433;1
2024;2;3;303;303001;-;2;12;4;2;3;11;4;2200;1
2024;2;3;303;303001;-;2;12;4;2;3;11;5;100672;1
2024;2;3;303;303002;-;2;5;3;2;3;11;2;148144;1
2024;2;3;303;303002;-;2;5;3;2;3;11;4;1460;1
2024;2;3;303;303002;-;2;5;3;2;3;11;5;5475;1
2024;2;3;303;303003;-;2;5;2;2;3;11;2;325000;1
2024;2;3;303;303003;-;2;5;2;2;3;11;4;2000;1
2024;2;3;303;303003;-;2;5;2;2;3;11;5;15000;1
2024;2;3;303;303003;-;2;11;2;2;3;11;2;325000;1
2024;2;3;303;303003;-;2;11;2;2;3;11;4;2000;1
2024;2;3;303;303003;-;2;11;2;2;3;11;5;15000;1
2024;2;3;303;303003;-;2;11;3;2;3;11;2;730534;1
2024;2;3;303;303003;-;2;11;3;2;3;11;4;3740;1
2024;2;3;303;303003;-;2;11;3;2;3;11;5;31025;1
2024;2;3;303;303004;-;2;5;2;2;3;11;1;30;1
2024;2;3;303;303004;-;2;5;2;2;3;11;2;1;1
2024;2;3;303;303004;-;2;5;2;2;3;11;3;91280;2
2024;2;3;303;303004;-;2;5;2;2;3;11;4;320;2
2024;2;3;303;303004;-;2;5;2;2;3;11;5;40;1
2024;2;3;303;303004;-;2;11;5;2;3;11;2;852229;1
2024;2;3;303;303004;-;2;11;5;2;3;11;4;1500;1
2024;2;3;303;303004;-;2;11;5;2;3;11;5;40000;1
2024;2;3;304;304002;-;2;5;2;2;3;11;2;250000;1
2024;2;3;304;304002;-;2;5;2;2;3;11;4;1500;1
2024;2;3;304;304002;-;2;5;2;2;3;11;5;15000;1
2024;2;5;305;305004;-;1;2;6;2;3;11;2;261657;1
2024;2;5;305;305004;-;1;2;6;2;3;11;4;3380;1
2024;2;5;305;305004;-;1;2;6;2;3;11;5;41934;1
2024;2;6;310;310008;-;2;5;4;2;3;11;2;288448;1
2024;2;6;310;310008;-;2;5;4;2;3;11;4;50;1
2024;2;6;310;310008;-;2;5;4;2;3;11;5;200;1
2024;2;6;317;317006;-;2;5;2;2;3;11;1;400000;1
2024;2;6;317;317006;-;2;5;2;2;3;11;5;5000;1
2024;2;6;317;317006;-;2;11;4;2;3;11;2;254662;1
2024;2;6;317;317006;-;2;11;4;2;3;11;4;2000;1
2024;2;6;318;318005;-;2;5;3;2;3;11;2;688737;1
2024;2;6;318;318005;-;2;5;3;2;3;11;4;1700;1
2024;2;6;318;318005;-;2;5;3;2;3;11;5;27000;1
2024;2;7;315;315004;-;2;8;6;2;3;11;2;919208;1
2024;2;7;315;315004;-;2;8;6;2;3;11;4;1000;1
2024;2;7;315;315004;-;2;8;6;2;3;11;5;87600;1
2024;2;7;315;315007;-;2;5;3;2;3;11;2;220000;1
2024;2;7;315;315007;-;2;5;3;2;3;11;4;10000;1
2024;2;7;315;315007;-;2;5;3;2;3;11;5;30000;1
2024;2;7;316;316001;-;2;11;5;2;3;11;1;2640456;1
2024;2;7;316;316001;-;2;11;5;2;3;11;4;1400;1
2024;2;7;316;316001;-;2;11;5;2;3;11;5;64800;1
2024;2;7;317;317004;-;2;1;5;2;3;11;5;100;1
2024;2;8;314;314001;-;1;5;2;2;3;11;3;3000;1
2024;2;8;314;314001;-;1;5;2;2;3;11;4;200;1
2024;2;8;314;314001;-;1;5;2;2;3;11;5;1000;1
2024;2;8;314;314001;-;1;5;3;2;3;11;3;2000;1
2024;2;8;314;314001;-;1;5;3;2;3;11;4;200;1
2024;2;8;314;314001;-;1;5;3;2;3;11;5;500;1
2024;2;8;314;314001;-;2;5;6;2;3;11;1;182300;1
2024;2;8;314;314001;-;2;5;6;2;3;11;4;1200;1
2024;2;8;314;314001;-;2;5;6;2;3;11;5;2400;1
2024;2;8;314;314001;-;2;8;4;2;3;11;2;664665;1
2024;2;8;314;314001;-;2;8;4;2;3;11;4;1825;1
2024;2;8;314;314001;-;2;8;4;2;3;11;5;54750;1
2024;2;8;314;314001;-;2;11;4;2;3;11;2;537052;1
2024;2;8;314;314001;-;2;11;4;2;3;11;4;711;1
2024;2;8;314;314001;-;2;11;4;2;3;11;5;18200;1
2024;2;8;314;314008;-;2;11;2;2;3;11;2;87500;1
2024;2;8;314;314008;-;2;11;2;2;3;11;3;9100;1
2024;2;8;314;314008;-;2;11;2;2;3;11;4;700;1
2024;2;8;314;314008;-;2;11;2;2;3;11;5;2200;1
2024;2;8;314;314008;-;2;14;6;2;3;11;2;607303;1
2024;2;8;314;314008;-;2;14;6;2;3;11;4;3400;1
2024;2;8;314;314008;-;2;14;6;2;3;11;5;23000;1
2024;2;8;315;315006;-;2;5;4;2;3;11;1;21600;1
2024;2;8;315;315006;-;2;5;4;2;3;11;2;1418845;2
2024;2;8;315;315006;-;2;5;4;2;3;11;4;940;1
2024;2;8;315;315006;-;2;5;4;2;3;11;5;66574;2
2024;2;8;315;315006;-;2;8;5;2;3;11;2;1154626;1
2024;2;8;315;315006;-;2;8;5;2;3;11;4;7300;1
2024;2;8;315;315006;-;2;8;5;2;3;11;5;45000;1
2024;2;9;303;303004;-;2;5;4;2;3;11;2;452000;1
2024;2;9;303;303004;-;2;5;4;2;3;11;4;1500;1
2024;2;9;303;303004;-;2;5;4;2;3;11;5;22000;1
2024;2;9;313;313003;-;2;5;4;2;3;11;4;1000;1
2024;2;9;313;313003;-;2;11;2;2;3;11;1;3700;1
2024;2;9;313;313003;-;2;11;2;2;3;11;4;700;1
2024;2;9;313;313003;-;2;11;2;2;3;11;5;500;1
2024;2;9;313;313006;-;2;11;4;2;3;11;2;400000;1
2024;2;9;313;313006;-;2;11;4;2;3;11;4;2200;1
2024;2;9;313;313006;-;2;11;4;2;3;11;5;20000;1
2024;2;9;314;314006;-;2;5;4;2;3;11;2;500000;1
2024;2;9;314;314006;-;2;5;4;2;3;11;4;2000;1
2024;2;9;314;314006;-;2;5;4;2;3;11;5;10950;1
2024;2;10;307;307002;-;1;5;3;2;3;11;2;171843;1
2024;2;10;307;307002;-;1;5;3;2;3;11;4;730;1
2024;2;10;307;307002;-;1;5;3;2;3;11;5;5800;1
2024;2;10;307;307002;-;2;5;2;2;3;11;2;129397;2
2024;2;10;307;307002;-;2;5;2;2;3;11;4;250;2
2024;2;10;307;307002;-;2;5;2;2;3;11;5;12000;2
2024;2;10;307;307002;-;2;5;3;2;3;11;2;640960;1
2024;2;10;307;307002;-;2;5;3;2;3;11;4;1500;1
2024;2;10;307;307002;-;2;5;3;2;3;11;5;9600;1
2024;2;10;307;307002;-;2;5;4;2;3;11;1;87500;2
2024;2;10;307;307002;-;2;5;4;2;3;11;2;2331848;5
2024;2;10;307;307002;-;2;5;4;2;3;11;3;18000;1
2024;2;10;307;307002;-;2;5;4;2;3;11;4;10600;5
2024;2;10;307;307002;-;2;5;4;2;3;11;5;123860;5
2024;2;10;307;307002;-;2;8;5;2;3;11;2;1077083;1
2024;2;10;307;307002;-;2;8;5;2;3;11;4;1100;1
2024;2;10;307;307002;-;2;8;5;2;3;11;5;60000;1
2024;2;10;307;307002;-;2;11;4;2;3;11;2;969947;2
2024;2;10;307;307002;-;2;11;4;2;3;11;4;1370;2
2024;2;10;307;307002;-;2;11;4;2;3;11;5;20000;1
2024;2;10;307;307002;-;16;8;2;2;3;11;2;80000;1
2024;2;10;307;307002;-;16;8;2;2;3;11;4;370;1
2024;2;10;307;307002;-;16;8;2;2;3;11;5;3960;1
2024;2;10;307;307004;-;2;8;4;2;3;11;2;1783900;1
2024;2;10;307;307004;-;2;8;4;2;3;11;4;4000;1
2024;2;10;307;307004;-;2;8;4;2;3;11;5;180000;1
2024;2;10;308;308001;-;2;5;2;2;3;11;1;21900;1
2024;2;10;308;308001;-;2;5;2;2;3;11;2;380959;2
2024;2;10;308;308001;-;2;5;2;2;3;11;4;1500;1
2024;2;10;308;308001;-;2;5;2;2;3;11;5;10800;1
2024;2;10;308;308001;-;2;11;4;2;3;11;2;479821;1
2024;2;10;308;308001;-;2;11;4;2;3;11;4;700;1
2024;2;10;308;308001;-;2;11;4;2;3;11;5;15000;1
2024;2;10;308;308002;-;1;5;2;2;3;11;2;70000;1
2024;2;10;308;308002;-;1;5;2;2;3;11;3;70000;1
2024;2;10;308;308002;-;1;5;2;2;3;11;4;1000;1
2024;2;10;308;308002;-;1;5;2;2;3;11;5;2000;1
2024;2;10;308;308004;-;2;5;3;2;3;11;2;75673;1
2024;2;10;308;308004;-;2;5;3;2;3;11;4;365;1
2024;2;10;308;308004;-;2;5;3;2;3;11;5;5760;1
2024;2;10;308;308005;-;1;5;4;2;3;11;1;55115;1
2024;2;10;308;308005;-;1;5;4;2;3;11;2;55115;1
2024;2;10;308;308005;-;1;5;4;2;3;11;4;2800;1
2024;2;10;308;308005;-;1;5;4;2;3;11;5;9370;1
2024;2;10;308;308005;-;2;11;2;2;3;11;3;146000;1
2024;2;10;308;308005;-;2;11;2;2;3;11;4;360;1
2024;2;10;308;308005;-;2;11;2;2;3;11;5;1800;1
2024;2;10;308;308005;-;2;11;3;2;3;11;3;208670;1
2024;2;10;308;308005;-;2;11;3;2;3;11;4;730;1
2024;2;10;308;308005;-;2;11;3;2;3;11;5;9600;1
2024;2;10;308;308006;-;2;11;2;2;3;11;2;166063;1
2024;2;10;308;308006;-;2;11;2;2;3;11;4;1100;1
2024;2;10;308;308006;-;2;11;2;2;3;11;5;2400;1
2024;2;10;309;309001;-;2;5;2;2;3;11;3;36000;1
2024;2;10;309;309001;-;2;5;2;2;3;11;4;2000;1
2024;2;10;309;309001;-;2;5;2;2;3;11;5;2000;1
2024;2;10;309;309001;-;2;12;5;2;3;11;2;817832;1
2024;2;10;309;309001;-;2;12;5;2;3;11;4;2500;1
2024;2;10;309;309001;-;2;12;5;2;3;11;5;7000;1
2024;2;10;309;309002;-;2;5;3;2;3;11;2;77464;1
2024;2;10;309;309002;-;2;5;3;2;3;11;4;370;1
2024;2;10;309;309002;-;2;5;3;2;3;11;5;6000;1
2024;2;10;309;309003;-;1;5;2;2;3;11;2;43800;1
2024;2;10;309;309003;-;1;5;2;2;3;11;4;360;1
2024;2;10;309;309003;-;1;5;2;2;3;11;5;3000;1
2024;2;10;309;309003;-;2;5;2;2;3;11;1;400000;1
2024;2;10;309;309003;-;2;5;2;2;3;11;2;27375;1
2024;2;10;309;309003;-;2;5;2;2;3;11;3;27375;1
2024;2;10;309;309003;-;2;5;2;2;3;11;4;2065;2
2024;2;10;309;309003;-;2;5;2;2;3;11;5;5000;2
2024;2;10;309;309003;-;2;5;3;2;3;11;2;54000;1
2024;2;10;309;309003;-;2;5;3;2;3;11;4;360;1
2024;2;10;309;309003;-;2;5;3;2;3;11;5;720;1
2024;2;10;309;309003;-;2;11;3;2;3;11;2;304627;1
2024;2;10;309;309003;-;2;11;3;2;3;11;4;500;1
2024;2;10;309;309003;-;2;11;3;2;3;11;5;35000;1
2024;2;10;309;309004;-;1;11;2;2;3;11;2;154000;2
2024;2;10;309;309004;-;1;11;2;2;3;11;3;70000;1
2024;2;10;309;309004;-;1;11;2;2;3;11;4;1065;2
2024;2;10;309;309004;-;1;11;2;2;3;11;5;6595;2
2024;2;10;309;309004;-;2;5;2;2;3;11;2;292000;1
2024;2;10;309;309004;-;2;5;2;2;3;11;4;365;1
2024;2;10;309;309004;-;2;5;2;2;3;11;5;5000;1
2024;2;10;309;309005;-;2;11;2;2;3;11;1;98550;1
2024;2;10;309;309005;-;2;11;2;2;3;11;4;730;1
2024;2;10;309;309005;-;2;11;2;2;3;11;5;6570;1
2024;2;10;312;312001;-;1;14;3;2;3;11;2;255500;1
2024;2;10;312;312001;-;1;14;3;2;3;11;4;730;1
2024;2;10;312;312001;-;1;14;3;2;3;11;5;29200;1
2024;2;10;312;312001;-;2;5;3;2;3;11;1;21900;1
2024;2;10;312;312001;-;2;5;3;2;3;11;2;335000;2
2024;2;10;312;312001;-;2;5;3;2;3;11;4;1000;1
2024;2;10;312;312001;-;2;5;3;2;3;11;5;5800;2
2024;2;10;312;312001;-;2;8;3;2;3;11;2;690912;1
2024;2;10;312;312001;-;2;8;3;2;3;11;4;1500;1
2024;2;10;312;312001;-;2;8;3;2;3;11;5;12000;1
2024;2;10;312;312002;-;2;5;2;2;3;11;2;266659;1
2024;2;10;312;312002;-;2;5;2;2;3;11;5;2400;1
2024;2;10;312;312002;-;2;5;3;2;3;11;2;120434;1
2024;2;10;312;312002;-;2;5;3;2;3;11;4;150;1
2024;2;10;312;312002;-;2;5;3;2;3;11;5;3600;1
2024;2;10;312;312002;-;2;11;4;2;3;11;2;541399;1
2024;2;10;312;312002;-;2;11;4;2;3;11;4;1825;1
2024;2;10;312;312002;-;2;11;4;2;3;11;5;20200;1
2024;2;10;313;313004;-;2;5;3;2;3;11;1;500000;1
2024;2;10;313;313004;-;2;5;3;2;3;11;4;900;1
2024;2;11;306;306001;-;2;5;2;2;3;11;2;171432;1
2024;2;11;306;306001;-;2;5;2;2;3;11;4;600;1
2024;2;11;306;306001;-;2;5;2;2;3;11;5;1200;1
2024;2;11;306;306001;-;2;5;3;2;3;11;2;1097534;1
2024;2;11;306;306001;-;2;5;3;2;3;11;4;550;1
2024;2;11;306;306001;-;2;5;3;2;3;11;5;31200;1
2024;2;11;306;306001;-;2;11;3;2;3;11;2;212211;1
2024;2;11;306;306001;-;2;11;3;2;3;11;4;500;1
2024;2;11;306;306001;-;2;11;3;2;3;11;5;15000;1
2024;2;11;306;306001;-;2;11;5;2;3;11;2;1165900;1
2024;2;11;306;306001;-;2;11;5;2;3;11;4;2000;1
2024;2;11;306;306001;-;2;11;5;2;3;11;5;72000;1
2024;2;11;306;306001;-;2;12;5;2;3;11;2;1843235;1
2024;2;11;306;306001;-;2;12;5;2;3;11;4;1565;1
2024;2;11;306;306001;-;2;12;5;2;3;11;5;92161;1
2024;2;11;306;306002;-;2;5;2;2;3;11;2;254165;1
2024;2;11;306;306002;-;2;5;2;2;3;11;5;9600;1
2024;2;11;306;306002;-;2;5;4;2;3;11;2;2718507;5
2024;2;11;306;306002;-;2;5;4;2;3;11;4;3630;5
2024;2;11;306;306002;-;2;5;4;2;3;11;5;124770;5
2024;2;11;306;306002;-;2;5;5;2;3;11;2;3849743;2
2024;2;11;306;306002;-;2;5;5;2;3;11;4;2500;2
2024;2;11;306;306002;-;2;5;5;2;3;11;5;85600;2
2024;2;11;306;306002;-;2;12;5;2;3;11;2;442125;1
2024;2;11;306;306002;-;2;12;5;2;3;11;4;2200;1
2024;2;11;306;306002;-;2;12;5;2;3;11;5;12000;1
2024;2;11;306;306002;-;2;14;6;2;3;11;2;971438;1
2024;2;11;306;306002;-;2;14;6;2;3;11;4;3800;1
2024;2;11;306;306002;-;2;14;6;2;3;11;5;23000;1
2024;2;11;306;306003;-;1;5;3;2;3;11;2;39068;1
2024;2;11;306;306003;-;1;5;3;2;3;11;4;730;1
2024;2;11;306;306003;-;1;5;3;2;3;11;5;4800;1
2024;2;11;306;306003;-;2;1;4;2;3;11;2;318944;1
2024;2;11;306;306003;-;2;1;4;2;3;11;4;10440;1
2024;2;11;306;306003;-;2;1;4;2;3;11;5;27560;1
2024;2;11;306;306003;-;2;5;2;2;3;11;1;28000;1
2024;2;11;306;306003;-;2;5;2;2;3;11;2;319324;3
2024;2;11;306;306003;-;2;5;2;2;3;11;4;2880;3
2024;2;11;306;306003;-;2;5;2;2;3;11;5;13600;3
2024;2;11;306;306003;-;2;5;3;2;3;11;2;330802;2
2024;2;11;306;306003;-;2;5;3;2;3;11;4;1183;2
2024;2;11;306;306003;-;2;5;3;2;3;11;5;8000;1
2024;2;11;306;306003;-;2;5;4;2;3;11;2;748170;1
2024;2;11;306;306003;-;2;5;4;2;3;11;4;2000;1
2024;2;11;306;306003;-;2;5;4;2;3;11;5;38000;1
2024;2;11;306;306003;-;2;11;4;2;3;11;2;1467099;3
2024;2;11;306;306003;-;2;11;4;2;3;11;4;2740;3
2024;2;11;306;306003;-;2;11;4;2;3;11;5;57600;3
2024;2;11;306;306003;-;2;13;4;2;3;11;2;794514;1
2024;2;11;306;306003;-;2;13;4;2;3;11;4;700;1
2024;2;11;306;306003;-;2;13;4;2;3;11;5;31500;1
2024;2;11;306;306004;-;2;5;3;2;3;11;2;200000;1
2024;2;11;306;306004;-;2;5;3;2;3;11;4;730;1
2024;2;11;306;306004;-;2;5;3;2;3;11;5;7800;1
2024;2;11;306;306004;-;2;5;5;2;3;11;2;214031;1
2024;2;11;306;306004;-;2;5;5;2;3;11;4;1095;1
2024;2;11;306;306004;-;2;5;5;2;3;11;5;10800;1
2024;2;11;307;307001;-;1;11;4;2;3;11;2;154424;1
2024;2;11;307;307001;-;1;11;4;2;3;11;4;730;1
2024;2;11;307;307001;-;2;5;2;2;3;11;1;5200;1
2024;2;11;307;307001;-;2;5;2;2;3;11;3;21800;1
2024;2;11;307;307001;-;2;5;2;2;3;11;4;1100;1
2024;2;11;307;307001;-;2;5;2;2;3;11;5;3600;1
2024;2;11;307;307001;-;2;5;3;2;3;11;2;1645016;2
2024;2;11;307;307001;-;2;5;3;2;3;11;4;1100;2
2024;2;11;307;307001;-;2;5;3;2;3;11;5;38680;2
2024;2;11;307;307001;-;2;5;4;2;3;11;2;438752;3
2024;2;11;307;307001;-;2;5;4;2;3;11;4;370;1
2024;2;11;307;307001;-;2;5;4;2;3;11;5;54800;3
2024;2;11;307;307001;-;2;5;5;2;3;11;2;601116;1
2024;2;11;307;307001;-;2;5;5;2;3;11;4;2100;1
2024;2;11;307;307001;-;2;5;5;2;3;11;5;12000;1
2024;2;11;307;307001;-;2;8;5;2;3;11;2;964216;1
2024;2;11;307;307001;-;2;8;5;2;3;11;4;1095;1
2024;2;11;307;307001;-;2;8;5;2;3;11;5;23400;1
2024;2;11;307;307001;-;2;9;5;2;3;11;2;945813;1
2024;2;11;307;307001;-;2;9;5;2;3;11;4;1500;1
2024;2;11;307;307001;-;2;9;5;2;3;11;5;19200;1
2024;2;11;307;307001;-;2;11;2;2;3;11;2;1109527;1
2024;2;11;307;307001;-;2;11;2;2;3;11;4;730;1
2024;2;11;307;307001;-;2;11;3;2;3;11;1;68400;1
2024;2;11;307;307001;-;2;11;3;2;3;11;2;600000;1
2024;2;11;307;307001;-;2;11;3;2;3;11;4;2000;1
2024;2;11;307;307001;-;2;11;3;2;3;11;5;6000;1
2024;2;11;307;307001;-;2;11;4;2;3;11;2;555856;1
2024;2;11;307;307001;-;2;11;4;2;3;11;4;730;1
2024;2;11;307;307001;-;2;11;4;2;3;11;5;20900;1
2024;2;11;307;307004;-;2;5;2;2;3;11;2;42511;1
2024;2;11;307;307004;-;2;5;2;2;3;11;4;370;1
2024;2;11;307;307004;-;2;5;2;2;3;11;5;8200;1
2024;2;12;306;306004;-;2;5;2;2;3;11;2;155210;1
2024;2;12;306;306004;-;2;5;2;2;3;11;4;365;1
2024;2;12;306;306004;-;2;5;2;2;3;11;5;4680;1
2024;2;12;306;306004;-;2;5;4;2;3;11;2;342919;3
2024;2;12;306;306004;-;2;5;4;2;3;11;4;1100;3
2024;2;12;306;306004;-;2;5;4;2;3;11;5;14320;3
2024;2;12;307;307003;-;2;11;2;2;3;11;2;270829;1
2024;2;12;307;307003;-;2;11;2;2;3;11;4;370;1
2024;2;12;307;307003;-;2;11;2;2;3;11;5;9800;1
2024;2;12;307;307004;-;2;5;2;2;3;11;2;36000;1
2024;2;12;307;307004;-;2;5;2;2;3;11;4;2000;1
2024;2;12;307;307004;-;2;5;4;2;3;11;1;700000;1
2024;2;12;307;307004;-;2;5;4;2;3;11;2;1128374;2
2024;2;12;307;307004;-;2;5;4;2;3;11;4;1470;2
2024;2;12;307;307004;-;2;5;4;2;3;11;5;77300;2
2024;2;12;307;307005;-;2;11;4;2;3;11;2;619213;1
2024;2;12;307;307005;-;2;11;4;2;3;11;4;1500;1
2024;2;12;307;307005;-;2;11;4;2;3;11;5;30960;1
2024;2;12;307;307006;-;2;5;3;2;3;11;2;110960;1
2024;2;12;307;307006;-;2;5;3;2;3;11;4;1000;1
2024;2;12;307;307006;-;2;5;3;2;3;11;5;7200;1
2024;2;12;307;307006;-;2;5;4;2;3;11;2;577000;1
2024;2;12;307;307006;-;2;5;4;2;3;11;4;300;1
2024;2;12;307;307006;-;2;5;4;2;3;11;5;13500;1
2024;2;12;311;311002;-;2;5;2;2;3;11;1;21900;1
2024;2;12;311;311002;-;2;5;2;2;3;11;4;1050;1
2024;2;12;311;311002;-;2;5;2;2;3;11;5;4580;1
2024;2;12;311;311002;-;2;5;5;2;3;11;2;1786005;1
2024;2;12;311;311002;-;2;5;5;2;3;11;4;4000;1
2024;2;13;310;310008;-;2;11;5;2;3;11;2;2273051;1
2024;2;13;310;310008;-;2;11;5;2;3;11;4;5490;1
2024;2;13;310;310008;-;2;11;5;2;3;11;5;19490;1
2024;2;14;313;313001;-;2;5;3;2;3;11;2;58155;1
2024;2;14;313;313001;-;2;5;3;2;3;11;4;2000;1
2024;2;14;313;313001;-;2;5;3;2;3;11;5;30000;1
2024;2;14;314;314001;-;2;11;4;2;3;11;1;21000;1
2024;2;14;314;314001;-;2;11;4;2;3;11;2;98000;1
2024;2;14;314;314001;-;2;11;4;2;3;11;4;1500;1
2024;2;14;314;314001;-;2;11;4;2;3;11;5;30000;1
2024;2;14;315;315001;-;1;5;3;1;1;11;2;110000;1
2024;2;14;315;315001;-;1;5;3;1;1;11;4;500;1
2024;2;14;315;315001;-;1;5;3;1;1;11;5;5000;1
2024;2;14;315;315001;-;2;5;4;2;3;11;2;342000;1
2024;2;14;315;315001;-;2;5;4;2;3;11;4;5750;1
2024;2;14;315;315001;-;2;5;4;2;3;11;5;36000;1
2024;2;14;315;315001;-;2;11;2;2;3;11;1;73000;1
2024;2;14;315;315001;-;2;11;2;2;3;11;4;220;1
2024;2;14;315;315001;-;2;11;2;2;3;11;5;2800;1
2024;2;14;315;315001;-;2;11;3;2;3;11;2;246750;1
2024;2;14;315;315001;-;2;11;3;2;3;11;4;1500;1
2024;2;14;315;315001;-;2;11;3;2;3;11;5;15000;1
2024;2;15;306;306005;-;2;5;4;2;3;11;2;562435;1
2024;2;15;306;306005;-;2;5;4;2;3;11;4;750;1
2024;2;15;306;306005;-;2;5;4;2;3;11;5;13680;1
2024;2;15;306;306005;-;2;8;2;2;3;11;2;180000;1
2024;2;15;306;306005;-;2;8;2;2;3;11;5;9720;1
2024;2;15;306;306006;-;2;5;4;2;3;11;1;482657;1
2024;2;15;306;306006;-;2;5;4;2;3;11;4;3000;1
2024;2;15;306;306006;-;2;5;4;2;3;11;5;150000;1
2024;2;15;306;306007;-;2;2;5;2;3;11;2;3511895;1
2024;2;15;306;306007;-;2;2;5;2;3;11;4;4520;1
2024;2;15;306;306007;-;2;2;5;2;3;11;5;70000;1
2024;2;15;306;306007;-;2;2;6;2;3;11;2;3786550;1
2024;2;15;306;306007;-;2;2;6;2;3;11;4;15000;1
2024;2;15;306;306007;-;2;2;6;2;3;11;5;190000;1
2024;2;15;306;306007;-;2;5;2;2;3;11;2;394900;2
2024;2;15;306;306007;-;2;5;2;2;3;11;5;600;1
2024;2;15;306;306007;-;2;5;3;2;3;11;2;160198;1
2024;2;15;306;306007;-;2;5;3;2;3;11;4;360;1
2024;2;15;306;306007;-;2;5;3;2;3;11;5;3800;1
2024;2;15;306;306007;-;2;8;4;2;3;11;2;718878;1
2024;2;15;306;306007;-;2;8;4;2;3;11;4;600;1
2024;2;15;306;306007;-;2;8;4;2;3;11;5;23500;1
2024;2;15;306;306007;-;2;11;3;2;3;11;2;450000;1
2024;2;15;306;306007;-;2;11;3;2;3;11;4;1000;1
2024;2;15;306;306007;-;2;11;3;2;3;11;5;3000;1
2024;2;15;306;306007;-;2;11;5;2;3;11;2;1600000;1
2024;2;15;306;306007;-;2;11;5;2;3;11;4;7000;1
2024;2;15;306;306007;-;2;11;5;2;3;11;5;150000;1
2024;2;15;306;306007;-;2;12;6;2;3;11;2;1451352;1
2024;2;15;306;306007;-;2;12;6;2;3;11;4;12000;1
2024;2;15;306;306007;-;2;12;6;2;3;11;5;48000;1
2024;2;15;310;310002;-;2;12;4;2;3;11;2;864274;1
2024;2;15;310;310002;-;2;12;4;2;3;11;4;4800;1
2024;2;15;310;310002;-;2;12;4;2;3;11;5;30000;1
2024;2;15;310;310003;-;2;5;4;2;3;11;2;161076;1
2024;2;15;310;310003;-;2;5;4;2;3;11;4;1000;1
2024;2;15;310;310003;-;2;5;4;2;3;11;5;17000;1
2024;2;15;310;310004;-;2;5;4;2;3;11;2;165930;1
2024;2;15;310;310004;-;2;5;4;2;3;11;4;1000;1
2024;2;15;310;310004;-;2;5;4;2;3;11;5;3000;1
2024;2;19;0;0;-;63;8;1;1;1;11;1;20800;1
2024;2;19;0;0;-;63;8;1;1;1;11;4;950;1
2024;2;19;0;0;-;63;8;1;1;1;11;5;1850;1
2024;2;19;304;304007;-;2;1;5;2;3;11;1;1200494;1
2024;2;19;304;304007;-;2;1;5;2;3;11;4;2300;1
2024;2;19;304;304007;-;2;1;5;2;3;11;5;28800;1
2024;2;19;304;304007;-;2;2;5;2;3;11;2;1494457;1
2024;2;19;304;304007;-;2;2;5;2;3;11;4;959;1
2024;2;19;304;304007;-;2;2;5;2;3;11;5;13280;1
2024;2;19;305;305002;-;1;5;4;2;3;11;2;308964;1
2024;2;19;305;305002;-;1;5;4;2;3;11;4;4380;1
2024;2;19;305;305002;-;1;5;4;2;3;11;5;15000;1
2024;2;19;305;305003;-;2;5;3;2;3;11;1;20800;1
2024;2;19;305;305003;-;2;5;3;2;3;11;4;950;1
2024;2;19;305;305003;-;2;5;3;2;3;11;5;1850;1
2024;2;19;315;315008;-;2;9;2;2;3;11;3;30000;1
2024;2;19;315;315008;-;2;9;2;2;3;11;4;10000;1
2024;2;19;315;315008;-;2;9;2;2;3;11;5;1000;1
2024;2;19;319;319001;-;2;11;4;2;3;11;1;175632;1
2024;2;24;315;315005;-;2;11;2;2;3;11;3;46900;1
2024;2;24;315;315005;-;2;11;2;2;3;11;4;400;1
2024;2;24;315;315005;-;2;11;2;2;3;11;5;800;1
2024;3;5;403;403003;-;2;14;2;2;3;11;2;78829;1
2024;3;5;403;403003;-;2;14;2;2;3;11;4;700;1
2024;3;5;403;403003;-;2;14;2;2;3;11;5;4500;1
2024;3;6;402;402002;-;2;14;6;2;3;11;2;1178104;1
2024;3;6;402;402002;-;2;14;6;2;3;11;4;6000;1
2024;3;6;402;402002;-;2;14;6;2;3;11;5;35000;1
2024;3;6;402;402003;-;1;1;6;2;3;11;2;296576;1
2024;3;6;402;402003;-;1;1;6;2;3;11;4;500;1
2024;3;6;402;402003;-;1;1;6;2;3;11;5;17000;1
2024;3;7;402;402001;-;1;2;8;2;3;11;1;420283;1
2024;3;7;402;402001;-;1;2;8;2;3;11;2;604283;1
2024;3;7;402;402001;-;1;2;8;2;3;11;4;4644;1
2024;3;7;402;402001;-;1;2;8;2;3;11;5;41491;1
2024;3;7;402;402001;-;2;12;5;2;3;11;1;308396;1
2024;3;7;402;402001;-;2;12;5;2;3;11;2;467354;1
2024;3;7;402;402001;-;2;12;5;2;3;11;4;900;1
2024;3;7;402;402001;-;2;12;5;2;3;11;5;11350;1
2024;3;10;404;404004;-;2;1;3;2;3;11;1;1184;1
2024;3;10;404;404004;-;2;1;3;2;3;11;2;103443;1
2024;3;10;404;404004;-;2;1;3;2;3;11;4;9986;1
2024;3;10;404;404004;-;2;1;3;2;3;11;5;7137;1
2024;3;11;401;401003;-;2;5;5;2;3;11;1;324260;1
2024;3;11;401;401003;-;2;5;5;2;3;11;2;522259;1
2024;3;11;401;401003;-;2;5;5;2;3;11;4;1050;1
2024;3;11;401;401003;-;2;5;5;2;3;11;5;12500;1
2024;3;11;402;402003;-;2;5;4;2;3;11;1;48000;1
2024;3;11;402;402003;-;2;5;4;2;3;11;2;96010;1
2024;3;11;402;402003;-;2;5;4;2;3;11;4;800;1
2024;3;11;402;402003;-;2;5;4;2;3;11;5;32000;1
2024;3;11;402;402003;-;2;5;5;2;3;11;1;130951;1
2024;3;11;402;402003;-;2;5;5;2;3;11;2;284784;1
2024;3;11;402;402003;-;2;5;5;2;3;11;4;1460;1
2024;3;11;402;402003;-;2;5;5;2;3;11;5;25550;1
2024;3;11;402;402003;-;2;11;5;2;3;11;1;131052;1
2024;3;11;402;402003;-;2;11;5;2;3;11;2;56090;1
2024;3;11;402;402003;-;2;11;5;2;3;11;4;850;1
2024;3;11;402;402003;-;2;11;5;2;3;11;5;500;1
2024;3;11;402;402003;-;2;14;5;2;3;11;1;160056;1
2024;3;11;402;402003;-;2;14;5;2;3;11;2;167106;1
2024;3;11;402;402003;-;2;14;5;2;3;11;4;650;1
2024;3;11;402;402003;-;2;14;5;2;3;11;5;21600;1
2024;3;11;402;402004;-;2;11;2;2;3;11;1;3000;1
2024;3;11;402;402004;-;2;11;2;2;3;11;2;5000;1
2024;3;11;402;402004;-;2;11;2;2;3;11;4;500;1
2024;3;11;402;402004;-;2;11;2;2;3;11;5;800;1
2024;3;11;402;402004;-;63;5;1;1;1;11;1;3840;1
2024;3;11;402;402004;-;63;5;1;1;1;11;4;1080;1
2024;3;11;402;402004;-;63;5;1;1;1;11;5;6000;1
2024;3;11;402;402005;-;1;5;7;2;3;11;1;171079;1
2024;3;11;402;402005;-;1;5;7;2;3;11;2;259419;1
2024;3;11;402;402005;-;1;5;7;2;3;11;4;3000;1
2024;3;11;402;402005;-;1;5;7;2;3;11;5;105000;1
2024;3;11;402;402005;-;2;5;3;2;3;11;1;20000;1
2024;3;11;402;402005;-;2;5;3;2;3;11;2;40500;1
2024;3;11;402;402005;-;2;5;3;2;3;11;4;700;1
2024;3;11;402;402005;-;2;5;3;2;3;11;5;2800;1
2024;3;11;402;402005;-;2;5;4;2;3;11;1;130500;1
2024;3;11;402;402005;-;2;5;4;2;3;11;2;108000;1
2024;3;11;402;402005;-;2;5;4;2;3;11;4;800;1
2024;3;11;402;402005;-;2;5;4;2;3;11;5;15000;1
2024;3;12;405;405001;-;2;5;2;2;3;11;2;72000;1
2024;3;12;405;405001;-;2;5;2;2;3;11;4;815;1
2024;3;14;404;404004;-;1;5;3;2;3;11;2;80;1
2024;3;14;404;404004;-;1;5;3;2;3;11;4;10;1
2024;3;14;404;404004;-;1;5;3;2;3;11;5;20;1
2024;3;14;404;404004;-;2;11;2;2;3;11;1;111418;1
2024;3;14;404;404004;-;2;11;2;2;3;11;2;61439;1
2024;4;2;505;505004;-;1;5;3;2;3;11;2;122000;1
2024;4;2;505;505004;-;1;5;3;2;3;11;3;95000;1
2024;4;2;505;505004;-;1;5;3;2;3;11;4;1200;1
2024;4;2;505;505004;-;1;5;3;2;3;11;5;14760;1
2024;4;2;505;505004;-;2;5;3;2;3;11;3;10000;1
2024;4;2;505;505004;-;2;5;3;2;3;11;4;100;1
2024;4;2;505;505006;-;2;2;6;2;3;11;1;4589344;1
2024;4;2;505;505006;-;2;2;6;2;3;11;4;12000;1
2024;4;2;505;505006;-;2;2;6;2;3;11;5;150000;1
2024;4;2;505;505006;-;2;5;4;2;3;11;1;582055;1
2024;4;2;505;505006;-;2;5;4;2;3;11;3;372000;1
2024;4;2;505;505006;-;2;5;4;2;3;11;4;250;1
2024;4;2;505;505006;-;2;5;4;2;3;11;5;37210;1
2024;4;2;505;505006;-;2;5;5;2;3;11;2;899786;1
2024;4;2;505;505006;-;2;5;5;2;3;11;4;3000;1
2024;4;2;505;505006;-;2;5;5;2;3;11;5;90000;1
2024;4;2;505;505006;-;2;11;2;2;3;11;3;29800;1
2024;4;2;505;505006;-;2;11;2;2;3;11;4;500;1
2024;4;2;505;505006;-;2;11;2;2;3;11;5;730;1
2024;4;2;505;505006;-;2;11;3;2;3;11;2;343132;1
2024;4;2;505;505006;-;2;11;3;2;3;11;3;250000;1
2024;4;2;505;505006;-;2;11;3;2;3;11;4;1600;2
2024;4;2;505;505006;-;2;11;3;2;3;11;5;26000;2
2024;4;2;505;505006;-;2;11;4;2;3;11;3;98300;1
2024;4;2;505;505006;-;2;11;4;2;3;11;4;700;1
2024;4;2;506;506008;-;2;1;3;2;3;11;2;90110;1
2024;4;2;506;506008;-;2;1;3;2;3;11;4;17000;1
2024;4;2;506;506008;-;2;1;3;2;3;11;5;27000;1
2024;4;3;0;0;-;63;11;1;1;1;11;2;360000;1
2024;4;3;0;0;-;63;11;1;1;1;11;4;1000;1
2024;4;3;0;0;-;63;11;1;1;1;11;5;6500;1
2024;4;3;502;502001;-;2;8;3;2;3;11;2;42518;1
2024;4;3;502;502001;-;2;8;3;2;3;11;4;1300;1
2024;4;3;502;502001;-;2;8;3;2;3;11;5;3420;1
2024;4;3;502;502002;-;2;5;4;2;3;11;2;18849;1
2024;4;4;501;501001;-;2;5;2;2;3;11;2;37843;1
2024;4;4;501;501001;-;2;5;2;2;3;11;4;1020;1
2024;4;4;501;501001;-;2;5;2;2;3;11;5;3750;1
2024;4;5;503;503006;-;2;11;3;2;3;11;3;150000;1
2024;4;5;503;503006;-;2;11;3;2;3;11;4;1000;1
2024;4;5;505;505003;-;1;5;2;4;4;11;3;146000;1
2024;4;5;505;505003;-;1;5;2;4;4;11;4;1250;1
2024;4;5;505;505003;-;1;5;2;4;4;11;5;18500;1
2024;4;5;505;505003;-;2;5;5;2;3;11;2;1485089;1
2024;4;5;505;505003;-;2;5;5;2;3;11;4;3000;1
2024;4;5;505;505003;-;2;5;5;2;3;11;5;30000;1
2024;4;5;505;505003;-;2;11;3;2;3;11;3;90000;1
2024;4;5;505;505003;-;2;11;3;2;3;11;4;1100;1
2024;4;5;505;505003;-;2;11;3;2;3;11;5;11050;1
2024;4;5;505;505005;-;2;5;3;2;3;11;2;401056;2
2024;4;5;505;505005;-;2;5;3;2;3;11;4;3600;2
2024;4;5;505;505005;-;2;5;3;2;3;11;5;18800;2
2024;4;5;505;505005;-;2;5;4;2;3;11;2;317785;1
2024;4;5;505;505005;-;2;5;4;2;3;11;4;1850;1
2024;4;5;505;505005;-;2;5;4;2;3;11;5;11500;1
2024;4;5;505;505005;-;2;5;6;2;3;11;2;404000;1
2024;4;5;505;505005;-;2;5;6;2;3;11;4;3000;1
2024;4;5;505;505005;-;2;5;6;2;3;11;5;40000;1
2024;4;5;505;505005;-;2;11;2;2;3;11;2;137515;1
2024;4;5;505;505005;-;2;11;2;2;3;11;4;1300;1
2024;4;5;505;505005;-;2;11;2;2;3;11;5;13000;1
2024;4;5;505;505005;-;2;11;4;2;3;11;2;431929;1
2024;4;5;505;505005;-;2;11;4;2;3;11;3;466551;1
2024;4;5;505;505005;-;2;11;4;2;3;11;4;1250;1
2024;4;5;505;505005;-;2;11;4;2;3;11;5;41890;1
2024;4;5;505;505005;-;2;11;5;2;3;11;2;1470846;2
2024;4;5;505;505005;-;2;11;5;2;3;11;4;3260;2
2024;4;5;505;505005;-;2;11;5;2;3;11;5;87600;2
2024;4;5;505;505005;-;2;12;5;2;3;11;2;92350;1
2024;4;5;505;505005;-;2;12;5;2;3;11;3;512700;1
2024;4;5;505;505005;-;2;12;5;2;3;11;4;900;1
2024;4;5;505;505005;-;2;12;5;2;3;11;5;9600;1
2024;4;5;506;506005;-;1;11;2;2;3;11;1;65500;1
2024;4;5;506;506005;-;1;11;2;2;3;11;3;65500;1
2024;4;5;506;506005;-;1;11;2;2;3;11;4;1800;1
2024;4;5;506;506005;-;1;11;2;2;3;11;5;1700;1
2024;4;5;506;506005;-;1;11;3;2;3;11;2;102073;1
2024;4;5;506;506005;-;1;11;3;2;3;11;3;136511;1
2024;4;5;506;506005;-;1;11;3;2;3;11;4;1460;1
2024;4;5;506;506005;-;1;11;3;2;3;11;5;9125;1
2024;4;5;506;506005;-;2;5;2;2;3;11;3;52500;1
2024;4;5;506;506005;-;2;5;2;2;3;11;4;300;1
2024;4;5;506;506005;-;2;5;2;2;3;11;5;900;1
2024;4;5;506;506005;-;2;5;3;2;3;11;2;581520;1
2024;4;5;506;506005;-;2;5;3;2;3;11;4;500;1
2024;4;5;506;506005;-;2;5;3;2;3;11;5;13000;1
2024;4;5;506;506005;-;2;5;4;2;3;11;2;1076661;3
2024;4;5;506;506005;-;2;5;4;2;3;11;3;1193440;2
2024;4;5;506;506005;-;2;5;4;2;3;11;4;11860;3
2024;4;5;506;506005;-;2;5;4;2;3;11;5;92540;3
2024;4;5;506;506005;-;2;11;3;2;3;11;3;367800;2
2024;4;5;506;506005;-;2;11;3;2;3;11;4;3000;2
2024;4;5;506;506005;-;2;11;3;2;3;11;5;34700;2
2024;4;5;506;506005;-;2;11;4;2;3;11;2;188781;1
2024;4;5;506;506005;-;2;11;4;2;3;11;3;237250;1
2024;4;5;506;506005;-;2;11;4;2;3;11;4;2750;2
2024;4;5;506;506005;-;2;11;4;2;3;11;5;24700;2
2024;4;5;506;506005;-;2;11;5;2;3;11;2;1286348;1
2024;4;5;506;506005;-;2;11;5;2;3;11;3;590262;1
2024;4;5;506;506005;-;2;11;5;2;3;11;4;2500;2
2024;4;5;506;506005;-;2;11;5;2;3;11;5;33800;2
2024;4;5;506;506005;-;2;12;6;2;3;11;2;1559514;1
2024;4;5;506;506005;-;2;12;6;2;3;11;4;1600;1
2024;4;5;506;506005;-;2;12;6;2;3;11;5;20100;1
2024;4;5;506;506006;-;2;1;4;2;3;11;2;250235;1
2024;4;5;506;506006;-;2;1;4;2;3;11;3;321375;1
2024;4;5;506;506006;-;2;1;4;2;3;11;4;9000;1
2024;4;5;506;506006;-;2;5;2;2;3;11;3;27500;1
2024;4;5;506;506006;-;2;5;2;2;3;11;4;450;1
2024;4;5;506;506006;-;2;5;2;2;3;11;5;950;1
2024;4;5;506;506006;-;2;5;3;2;3;11;3;182500;1
2024;4;5;506;506006;-;2;5;3;2;3;11;4;1200;1
2024;4;5;506;506006;-;2;5;3;2;3;11;5;6800;1
2024;4;5;506;506006;-;2;5;4;2;3;11;2;157298;1
2024;4;5;506;506006;-;2;5;4;2;3;11;4;750;1
2024;4;5;506;506006;-;2;5;4;2;3;11;5;28800;1
2024;4;5;506;506006;-;2;11;2;2;3;11;3;91250;1
2024;4;5;506;506006;-;2;11;2;2;3;11;4;1250;1
2024;4;5;506;506006;-;2;11;2;2;3;11;5;2160;1
2024;4;5;506;506006;-;2;11;3;2;3;11;3;292000;1
2024;4;5;506;506006;-;2;11;3;2;3;11;4;500;1
2024;4;5;506;506006;-;2;11;3;2;3;11;5;32500;1
2024;4;5;506;506006;-;2;11;4;2;3;11;2;250567;1
2024;4;5;506;506006;-;2;11;4;2;3;11;4;1500;1
2024;4;5;506;506006;-;2;11;4;2;3;11;5;18000;1
2024;4;6;506;506003;-;1;5;3;2;3;11;5;90;1
2024;4;6;506;506003;-;1;5;4;2;3;11;2;286079;1
2024;4;6;506;506003;-;1;5;4;2;3;11;4;1700;1
2024;4;6;506;506003;-;1;5;4;2;3;11;5;70000;1
2024;4;6;506;506003;-;1;11;2;2;3;4;3;21100;1
2024;4;6;506;506003;-;2;5;2;2;3;11;2;55400;1
2024;4;6;506;506003;-;2;5;2;2;3;11;3;138000;2
2024;4;6;506;506003;-;2;5;2;2;3;11;4;1600;2
2024;4;6;506;506003;-;2;5;2;2;3;11;5;1800;2
2024;4;6;506;506003;-;2;5;3;2;3;11;3;22000;1
2024;4;6;506;506003;-;2;5;3;2;3;11;4;600;1
2024;4;6;506;506003;-;2;5;3;2;3;11;5;2000;1
2024;4;6;506;506003;-;2;5;4;2;3;11;2;168250;1
2024;4;6;506;506003;-;2;5;4;2;3;11;4;1000;1
2024;4;6;506;506003;-;2;5;4;2;3;11;5;14000;1
2024;4;6;506;506003;-;2;5;5;2;3;11;2;2296942;2
2024;4;6;506;506003;-;2;5;5;2;3;11;4;5300;2
2024;4;6;506;506003;-;2;5;5;2;3;11;5;69576;2
2024;4;6;506;506003;-;2;8;4;2;3;11;2;579556;1
2024;4;6;506;506003;-;2;8;4;2;3;11;4;1800;1
2024;4;6;506;506003;-;2;8;4;2;3;11;5;25000;1
2024;4;6;506;506003;-;2;9;2;2;3;11;3;33125;1
2024;4;6;506;506003;-;2;9;2;2;3;11;4;3320;1
2024;4;6;506;506003;-;2;9;2;2;3;11;5;2545;1
2024;4;6;506;506003;-;2;11;2;2;3;11;2;153000;1
2024;4;6;506;506003;-;2;11;2;2;3;11;4;500;1
2024;4;6;506;506003;-;2;11;2;2;3;11;5;1200;1
2024;4;6;506;506003;-;2;11;4;2;3;11;2;469067;1
2024;4;6;506;506003;-;2;11;4;2;3;11;4;500;1
2024;4;6;506;506003;-;2;11;4;2;3;11;5;1200;1
2024;4;6;506;506004;-;1;11;4;2;3;11;2;3151;1
2024;4;6;506;506004;-;1;11;4;2;3;11;4;3520;1
2024;4;6;506;506004;-;1;11;4;2;3;11;5;18523;1
2024;4;6;506;506004;-;1;11;5;2;3;11;2;252500;1
2024;4;6;506;506004;-;1;11;5;2;3;11;4;700;1
2024;4;6;506;506004;-;1;11;5;2;3;11;5;15000;1
2024;4;6;506;506004;-;1;11;6;2;3;11;2;4375392;1
2024;4;6;506;506004;-;1;12;2;2;3;4;3;4500;1
2024;4;6;506;506004;-;1;12;2;2;3;11;3;32400;1
2024;4;6;506;506004;-;2;5;2;2;3;11;1;69190;2
2024;4;6;506;506004;-;2;5;2;2;3;11;3;52000;1
2024;4;6;506;506004;-;2;5;2;2;3;11;4;1400;2
2024;4;6;506;506004;-;2;5;2;2;3;11;5;1500;1
2024;4;6;506;506004;-;2;5;3;2;3;11;2;439551;1
2024;4;6;506;506004;-;2;5;3;2;3;11;4;1250;1
2024;4;6;506;506004;-;2;5;3;2;3;11;5;30660;1
2024;4;6;506;506004;-;2;5;4;2;3;11;2;375884;2
2024;4;6;506;506004;-;2;5;4;2;3;11;4;2180;2
2024;4;6;506;506004;-;2;5;4;2;3;11;5;13300;2
2024;4;6;506;506004;-;2;11;3;2;3;11;2;102579;1
2024;4;6;506;506004;-;2;11;3;2;3;11;3;225000;1
2024;4;6;506;506004;-;2;11;3;2;3;11;4;2150;2
2024;4;6;506;506004;-;2;11;3;2;3;11;5;20850;2
2024;4;6;506;506004;-;2;11;4;2;3;11;2;859600;1
2024;4;6;506;506004;-;2;11;4;2;3;11;3;250000;1
2024;4;6;506;506004;-;2;11;4;2;3;11;4;4000;2
2024;4;6;506;506004;-;2;11;4;2;3;11;5;39500;2
2024;4;6;506;506004;-;3;5;3;2;3;11;2;120000;1
2024;4;6;506;506004;-;3;5;3;2;3;11;4;1600;1
2024;4;6;506;506004;-;3;5;3;2;3;11;5;44000;1
2024;4;6;506;506005;-;1;5;2;2;3;11;2;54500;1
2024;4;6;506;506005;-;1;5;2;2;3;11;4;500;1
2024;4;6;506;506005;-;1;5;2;2;3;11;5;700;1
2024;4;6;506;506005;-;1;5;5;2;3;11;2;678475;1
2024;4;6;506;506005;-;1;5;5;2;3;11;4;1200;1
2024;4;6;506;506005;-;1;5;5;2;3;11;5;60000;1
2024;4;6;506;506005;-;2;5;2;2;3;11;2;89164;2
2024;4;6;506;506005;-;2;5;2;2;3;11;3;344716;2
2024;4;6;506;506005;-;2;5;2;2;3;11;4;2870;3
2024;4;6;506;506005;-;2;5;2;2;3;11;5;27024;3
2024;4;6;506;506005;-;2;5;3;2;3;11;2;118000;1
2024;4;6;506;506005;-;2;5;3;2;3;11;3;79500;1
2024;4;6;506;506005;-;2;5;3;2;3;11;4;1950;2
2024;4;6;506;506005;-;2;5;3;2;3;11;5;20000;1
2024;4;6;506;506005;-;2;11;2;2;3;11;3;110000;1
2024;4;6;506;506005;-;2;11;2;2;3;11;4;2000;1
2024;4;6;506;506005;-;2;11;2;2;3;11;5;5000;1
2024;4;6;506;506005;-;2;11;3;2;3;11;2;109500;1
2024;4;6;506;506005;-;2;11;3;2;3;11;4;1050;1
2024;4;6;506;506005;-;2;11;3;2;3;11;5;5250;1
2024;4;6;506;506005;-;2;11;4;2;3;11;2;123423;1
2024;4;6;506;506005;-;2;11;4;2;3;11;4;1250;1
2024;4;6;506;506005;-;2;11;4;2;3;11;5;9050;1
2024;4;6;506;506005;-;2;11;5;2;3;11;2;543000;1
2024;4;6;506;506005;-;2;11;5;2;3;11;4;1500;1
2024;4;6;506;506005;-;2;11;5;2;3;11;5;23000;1
2024;4;6;506;506006;-;2;12;3;2;3;11;3;620000;1
2024;4;6;506;506006;-;2;12;3;2;3;11;4;2000;1
2024;4;6;506;506006;-;2;12;3;2;3;11;5;17000;1
2024;4;6;506;506009;-;1;5;5;2;3;11;2;953774;1
2024;4;6;506;506009;-;1;5;5;2;3;11;4;1550;1
2024;4;6;506;506009;-;1;5;5;2;3;11;5;32000;1
2024;4;6;506;506009;-;2;5;3;2;3;11;2;958263;1
2024;4;6;506;506009;-;2;5;3;2;3;11;4;2000;1
2024;4;6;506;506009;-;2;5;3;2;3;11;5;35000;1
2024;4;6;506;506009;-;2;8;2;2;3;11;3;146000;1
2024;4;6;506;506009;-;2;8;2;2;3;11;4;1250;1
2024;4;6;506;506009;-;2;8;2;2;3;11;5;8300;1
2024;4;6;506;506009;-;2;11;5;2;3;11;2;2221700;1
2024;4;6;506;506009;-;2;11;5;2;3;11;4;1389;1
2024;4;6;506;506009;-;2;11;5;2;3;11;5;39698;1
2024;4;6;506;506009;-;2;12;5;2;3;11;1;4149970;1
2024;4;6;506;506009;-;2;12;5;2;3;11;4;4000;1
2024;4;6;506;506009;-;2;12;5;2;3;11;5;30000;1
2024;4;7;502;502005;-;2;1;7;2;3;11;2;1476402;1
2024;4;7;502;502005;-;2;1;7;2;3;11;4;9490;1
2024;4;7;502;502005;-;2;1;7;2;3;11;5;75920;1
2024;4;7;502;502005;-;2;3;5;2;3;11;2;2433202;1
2024;4;7;502;502005;-;2;3;5;2;3;11;4;3600;1
2024;4;7;502;502005;-;2;3;5;2;3;11;5;40000;1
2024;4;7;502;502005;-;2;5;3;1;1;11;2;479998;1
2024;4;7;502;502005;-;2;5;4;2;3;11;2;1700175;2
2024;4;7;502;502005;-;2;5;4;2;3;11;4;7200;2
2024;4;7;502;502005;-;2;5;4;2;3;11;5;32000;2
2024;4;7;502;502005;-;2;5;5;2;3;11;1;3404000;2
2024;4;7;502;502005;-;2;5;5;2;3;11;2;5355992;2
2024;4;7;502;502005;-;2;5;5;2;3;11;4;8990;4
2024;4;7;502;502005;-;2;5;5;2;3;11;5;90740;2
2024;4;7;502;502005;-;2;11;2;2;3;11;2;251929;1
2024;4;7;502;502005;-;2;11;2;2;3;11;4;720;1
2024;4;7;502;502005;-;2;11;2;2;3;11;5;5700;1
2024;4;7;502;502005;-;2;11;3;2;3;11;2;912274;2
2024;4;7;502;502005;-;2;11;3;2;3;11;4;1000;1
2024;4;7;502;502005;-;2;11;3;2;3;11;5;16000;1
2024;4;7;504;504001;-;1;5;2;2;3;11;2;394660;2
2024;4;7;504;504001;-;1;5;2;2;3;11;4;2510;2
2024;4;7;504;504001;-;1;5;2;2;3;11;5;1400;1
2024;4;7;504;504001;-;1;11;4;2;3;11;2;77702;1
2024;4;7;504;504001;-;2;2;5;2;3;11;2;1574211;1
2024;4;7;504;504001;-;2;2;5;2;3;11;4;2400;1
2024;4;7;504;504001;-;2;2;5;2;3;11;5;48530;1
2024;4;7;504;504001;-;2;5;2;2;3;11;2;455799;1
2024;4;7;504;504001;-;2;5;2;2;3;11;4;500;1
2024;4;7;504;504001;-;2;5;2;2;3;11;5;7200;1
2024;4;7;504;504001;-;2;5;3;2;3;11;2;1927623;3
2024;4;7;504;504001;-;2;5;3;2;3;11;4;6182;3
2024;4;7;504;504001;-;2;5;3;2;3;11;5;41100;3
2024;4;7;504;504001;-;2;5;4;2;3;11;2;2124115;3
2024;4;7;504;504001;-;2;5;4;2;3;11;4;6150;2
2024;4;7;504;504001;-;2;5;4;2;3;11;5;31500;2
2024;4;7;504;504001;-;2;5;5;2;3;11;2;1650321;2
2024;4;7;504;504001;-;2;5;5;2;3;11;4;3900;2
2024;4;7;504;504001;-;2;5;5;2;3;11;5;52000;2
2024;4;7;504;504001;-;2;8;3;2;3;11;2;600000;1
2024;4;7;504;504001;-;2;8;3;2;3;11;4;350;1
2024;4;7;504;504001;-;2;8;3;2;3;11;5;20000;1
2024;4;7;504;504001;-;2;8;4;2;3;11;2;392248;1
2024;4;7;504;504001;-;2;8;4;2;3;11;4;500;1
2024;4;7;504;504001;-;2;8;4;2;3;11;5;2800;1
2024;4;7;504;504001;-;2;11;2;2;3;11;2;394693;1
2024;4;7;504;504001;-;2;11;2;2;3;11;4;600;1
2024;4;7;504;504001;-;2;11;2;2;3;11;5;28800;1
2024;4;7;504;504001;-;2;11;3;2;3;11;2;703204;2
2024;4;7;504;504001;-;2;11;3;2;3;11;3;570000;1
2024;4;7;504;504001;-;2;11;3;2;3;11;4;3000;3
2024;4;7;504;504001;-;2;11;3;2;3;11;5;7300;3
2024;4;7;504;504001;-;2;11;4;2;3;11;2;940430;2
2024;4;7;504;504001;-;2;11;4;2;3;11;4;7300;2
2024;4;7;504;504001;-;2;11;4;2;3;11;5;38500;2
2024;4;7;504;504001;-;2;12;3;2;3;11;2;387233;1
2024;4;7;504;504001;-;2;12;3;2;3;11;4;2000;1
2024;4;7;504;504001;-;2;12;3;2;3;11;5;36500;1
2024;4;7;504;504001;-;2;13;3;2;3;11;2;1846898;1
2024;4;7;504;504001;-;2;13;4;2;3;11;2;1354953;1
2024;4;7;504;504001;-;2;13;4;2;3;11;4;891;1
2024;4;7;504;504001;-;2;13;4;2;3;11;5;29634;1
2024;4;7;504;504001;-;3;5;3;2;3;11;2;490000;1
2024;4;7;504;504002;-;2;11;4;2;3;11;2;419349;1
2024;4;7;504;504002;-;2;11;4;2;3;11;4;50;1
2024;4;7;504;504002;-;2;11;4;2;3;11;5;15000;1
2024;4;7;504;504003;-;2;5;4;2;3;11;2;350000;1
2024;4;7;504;504003;-;2;5;4;2;3;11;4;2000;1
2024;4;7;504;504003;-;2;5;4;2;3;11;5;3000;1
2024;4;7;504;504003;-;2;11;2;2;3;11;2;127739;1
2024;4;7;504;504003;-;2;11;2;2;3;11;4;600;1
2024;4;7;504;504003;-;2;11;2;2;3;11;5;5500;1
2024;4;7;504;504003;-;2;11;4;2;3;11;2;679406;1
2024;4;7;504;504003;-;2;11;4;2;3;11;4;1800;1
2024;4;7;504;504003;-;2;11;4;2;3;11;5;22000;1
2024;4;8;0;0;-;18;5;1;1;1;11;2;72000;1
2024;4;9;502;502001;-;2;5;2;2;3;11;2;68858;1
2024;4;9;502;502001;-;2;5;2;2;3;11;4;1095;1
2024;4;9;502;502001;-;2;11;2;2;3;11;2;68124;1
2024;4;9;502;502001;-;2;11;2;2;3;11;4;720;1
2024;4;9;502;502001;-;2;11;2;2;3;11;5;4380;1
2024;4;9;502;502001;-;2;11;4;2;3;11;2;1313926;1
2024;4;9;502;502001;-;2;11;4;2;3;11;4;3600;1
2024;4;9;502;502002;-;2;11;2;2;3;11;2;83526;1
2024;4;9;502;502002;-;2;11;2;2;3;11;4;700;1
2024;4;9;502;502003;-;1;5;3;2;3;11;3;219000;1
2024;4;9;502;502003;-;1;5;3;2;3;11;4;700;1
2024;4;9;502;502003;-;1;8;3;2;3;11;3;200750;1
2024;4;9;502;502003;-;1;8;3;2;3;11;4;1100;1
2024;4;9;502;502003;-;1;8;3;2;3;11;5;2460;1
2024;4;9;502;502003;-;1;11;4;2;3;11;2;716447;1
2024;4;9;502;502003;-;1;11;4;2;3;11;4;360;1
2024;4;9;502;502003;-;1;11;4;2;3;11;5;10095;1
2024;4;9;502;502003;-;2;5;3;2;3;11;2;3067912;7
2024;4;9;502;502003;-;2;5;3;2;3;11;3;300;1
2024;4;9;502;502003;-;2;5;3;2;3;11;4;5832;7
2024;4;9;502;502003;-;2;5;3;2;3;11;5;71644;8
2024;4;9;502;502003;-;2;5;4;2;3;11;2;1076818;2
2024;4;9;502;502003;-;2;5;4;2;3;11;3;290000;1
2024;4;9;502;502003;-;2;5;4;2;3;11;4;2300;3
2024;4;9;502;502003;-;2;5;4;2;3;11;5;23000;3
2024;4;9;502;502003;-;2;5;5;2;3;11;2;879781;1
2024;4;9;502;502003;-;2;5;5;2;3;11;4;2000;1
2024;4;9;502;502003;-;2;5;5;2;3;11;5;25800;1
2024;4;9;502;502003;-;2;8;3;2;3;11;3;141300;1
2024;4;9;502;502003;-;2;8;3;2;3;11;4;1700;1
2024;4;9;502;502003;-;2;8;3;2;3;11;5;1650;1
2024;4;9;502;502003;-;2;11;2;2;3;11;2;251067;2
2024;4;9;502;502003;-;2;11;2;2;3;11;4;2150;2
2024;4;9;502;502003;-;2;11;2;2;3;11;5;14800;2
2024;4;9;502;502003;-;2;11;3;2;3;11;2;352563;2
2024;4;9;502;502003;-;2;11;3;2;3;11;4;4300;2
2024;4;9;502;502003;-;2;11;3;2;3;11;5;14000;1
2024;4;9;502;502003;-;2;11;4;2;3;11;2;1321319;3
2024;4;9;502;502003;-;2;11;4;2;3;11;3;648000;1
2024;4;9;502;502003;-;2;11;4;2;3;11;4;8900;3
2024;4;9;502;502003;-;2;11;4;2;3;11;5;62400;2
2024;4;9;502;502004;-;1;5;3;2;3;11;3;54750;1
2024;4;9;502;502004;-;1;5;3;2;3;11;4;650;1
2024;4;9;502;502004;-;1;5;3;2;3;11;5;780;1
2024;4;9;502;502004;-;2;2;6;2;3;11;2;6074571;1
2024;4;9;502;502004;-;2;2;6;2;3;11;4;6525;1
2024;4;9;502;502004;-;2;2;6;2;3;11;5;192120;1
2024;4;9;502;502004;-;2;5;2;2;3;11;2;68494;1
2024;4;9;502;502004;-;2;9;3;2;3;11;2;103129;1
2024;4;9;502;502004;-;2;9;3;2;3;11;4;650;1
2024;4;9;502;502004;-;2;9;3;2;3;11;5;1300;1
2024;4;9;502;502004;-;2;9;5;2;3;11;1;1922301;1
2024;4;9;502;502004;-;2;9;5;2;3;11;4;5475;1
2024;4;9;502;502004;-;2;9;5;2;3;11;5;53674;1
2024;4;10;501;501003;-;2;5;2;2;3;11;2;172739;1
2024;4;10;501;501003;-;2;5;2;2;3;11;4;1600;1
2024;4;10;501;501003;-;2;5;2;2;3;11;5;2500;1
2024;4;10;501;501004;-;2;5;2;2;3;11;2;113125;1
2024;4;10;501;501004;-;2;5;2;2;3;11;4;300;1
2024;4;10;501;501004;-;2;5;2;2;3;11;5;9000;1
2024;4;10;501;501004;-;2;5;3;2;3;11;2;302308;2
2024;4;10;501;501004;-;2;5;3;2;3;11;4;1400;2
2024;4;10;501;501004;-;2;5;3;2;3;11;5;18700;1
2024;4;10;501;501004;-;2;8;5;2;3;11;2;1095000;1
2024;4;10;501;501004;-;2;8;5;2;3;11;4;730;1
2024;4;10;501;501004;-;2;8;5;2;3;11;5;18000;1
2024;4;10;501;501004;-;2;11;2;2;3;11;2;771232;2
2024;4;10;501;501004;-;2;11;2;2;3;11;4;1920;2
2024;4;10;501;501004;-;2;11;2;2;3;11;5;47575;2
2024;4;10;501;501004;-;2;11;4;2;3;11;2;718570;1
2024;4;10;501;501004;-;2;11;4;2;3;11;4;3500;1
2024;4;10;501;501004;-;2;11;4;2;3;11;5;26000;1
2024;4;10;501;501005;-;2;5;2;2;3;11;2;77619;3
2024;4;10;501;501005;-;2;5;2;2;3;11;4;1900;3
2024;4;10;501;501005;-;2;5;2;2;3;11;5;8300;2
2024;4;10;501;501005;-;2;5;3;2;3;11;2;621684;1
2024;4;10;501;501005;-;2;5;3;2;3;11;4;5500;1
2024;4;10;501;501005;-;2;5;3;2;3;11;5;25000;1
2024;4;10;501;501005;-;2;11;2;2;3;11;2;71843;1
2024;4;10;501;501005;-;2;11;2;2;3;11;4;600;1
2024;4;10;501;501005;-;2;11;2;2;3;11;5;8000;1
2024;4;10;501;501005;-;2;11;6;2;3;11;2;2085737;1
2024;4;10;501;501005;-;2;11;6;2;3;11;4;3600;1
2024;4;10;501;501005;-;2;11;6;2;3;11;5;97450;1
2024;4;10;501;501006;-;2;5;3;2;3;11;2;187181;1
2024;4;10;501;501006;-;2;5;3;2;3;11;3;120000;1
2024;4;10;501;501006;-;2;5;3;2;3;11;4;500;1
2024;4;10;501;501006;-;2;5;3;2;3;11;5;4500;1
2024;4;10;501;501006;-;2;5;4;2;3;11;1;706983;1
2024;4;10;501;501006;-;2;5;4;2;3;11;4;700;1
2024;4;10;501;501006;-;2;5;4;2;3;11;5;24000;1
2024;4;10;502;502002;-;2;5;5;2;3;11;2;1996972;1
2024;4;10;502;502002;-;2;5;5;2;3;11;4;5000;1
2024;4;10;502;502002;-;2;5;5;2;3;11;5;55000;1
2024;4;10;502;502002;-;2;8;3;2;3;11;2;82888;1
2024;4;10;502;502002;-;2;8;3;2;3;11;4;1000;1
2024;4;10;502;502002;-;2;8;3;2;3;11;5;8000;1
2024;4;10;502;502002;-;2;11;4;2;3;11;2;51123;1
2024;4;10;502;502002;-;2;11;4;2;3;11;4;700;1
2024;4;11;501;501002;-;1;5;2;2;3;11;2;56674;1
2024;4;11;501;501002;-;1;5;2;2;3;11;3;26000;1
2024;4;11;501;501002;-;1;5;2;2;3;11;4;900;2
2024;4;11;501;501002;-;1;5;2;2;3;11;5;5000;1
2024;4;11;501;501002;-;2;5;2;2;3;11;1;602748;1
2024;4;11;501;501002;-;2;5;2;2;3;11;4;1800;1
2024;4;11;501;501002;-;2;5;2;2;3;11;5;22000;1
2024;4;11;501;501002;-;2;5;3;2;3;11;1;787993;1
2024;4;11;501;501002;-;2;5;3;2;3;11;4;500;1
2024;4;11;501;501002;-;2;5;3;2;3;11;5;5000;1
2024;4;11;501;501002;-;2;8;5;2;3;11;2;421913;1
2024;4;11;501;501002;-;2;8;5;2;3;11;3;2703800;1
2024;4;11;501;501002;-;2;8;5;2;3;11;4;3500;1
2024;4;11;501;501002;-;2;8;5;2;3;11;5;10500;1
2024;4;11;501;501002;-;2;11;4;2;3;11;2;772703;1
2024;4;11;501;501002;-;2;11;4;2;3;11;4;1000;1
2024;4;11;501;501002;-;2;11;4;2;3;11;5;15000;1
2024;4;11;501;501002;-;2;11;5;2;3;11;2;778465;1
2024;4;11;501;501002;-;2;11;5;2;3;11;4;2500;1
2024;4;11;501;501002;-;2;11;5;2;3;11;5;43800;1
2024;4;11;501;501002;-;2;12;4;2;3;11;1;449468;1
2024;4;11;501;501002;-;2;12;4;2;3;11;4;1800;1
2024;4;11;501;501002;-;2;12;4;2;3;11;5;40160;1
2024;4;11;501;501002;-;2;12;5;2;3;11;2;749487;1
2024;4;11;501;501002;-;2;12;5;2;3;11;4;1000;1
2024;4;11;501;501002;-;2;12;5;2;3;11;5;20500;1
2024;4;11;501;501002;-;3;12;5;2;3;11;2;100357;1
2024;4;11;501;501002;-;3;12;5;2;3;11;4;120;1
2024;4;11;501;501002;-;3;12;5;2;3;11;5;9000;1
2024;4;12;502;502003;-;2;11;2;2;3;11;2;367790;1
2024;4;12;502;502004;-;2;2;7;2;3;11;2;4389945;1
2024;4;12;502;502004;-;2;2;7;2;3;11;4;1100;1
2024;4;12;502;502004;-;2;2;7;2;3;11;5;183000;1
2024;4;12;502;502004;-;2;5;2;1;1;11;2;232299;1
2024;4;12;502;502004;-;2;5;2;1;1;11;5;5000;1
2024;4;12;502;502004;-;2;5;2;2;3;11;2;894970;4
2024;4;12;502;502004;-;2;5;2;2;3;11;4;3040;4
2024;4;12;502;502004;-;2;5;2;2;3;11;5;18500;4
2024;4;12;502;502004;-;2;5;3;2;3;11;2;1135616;3
2024;4;12;502;502004;-;2;5;3;2;3;11;4;3620;3
2024;4;12;502;502004;-;2;5;3;2;3;11;5;43400;2
2024;4;12;502;502004;-;2;5;4;2;3;11;2;1671644;5
2024;4;12;502;502004;-;2;5;4;2;3;11;4;5760;5
2024;4;12;502;502004;-;2;5;4;2;3;11;5;69100;4
2024;4;12;502;502004;-;2;5;5;2;3;11;2;3614832;2
2024;4;12;502;502004;-;2;5;5;2;3;11;4;2600;2
2024;4;12;502;502004;-;2;5;5;2;3;11;5;36000;2
2024;4;12;502;502004;-;2;8;4;2;3;11;2;1610989;1
2024;4;12;502;502004;-;2;8;4;2;3;11;4;1100;1
2024;4;12;502;502004;-;2;8;4;2;3;11;5;70000;1
2024;4;12;502;502004;-;2;11;3;2;3;11;2;2046483;6
2024;4;12;502;502004;-;2;11;3;2;3;11;3;210000;1
2024;4;12;502;502004;-;2;11;3;2;3;11;4;11432;5
2024;4;12;502;502004;-;2;11;3;2;3;11;5;67000;5
2024;4;12;502;502004;-;2;11;4;2;3;11;2;909872;2
2024;4;12;502;502004;-;2;11;4;2;3;11;4;2250;2
2024;4;12;502;502004;-;2;11;4;2;3;11;5;25000;2
2024;4;12;502;502006;-;2;2;6;2;3;11;1;1735880;1
2024;4;12;502;502006;-;2;2;6;2;3;11;4;3530;1
2024;4;12;502;502006;-;2;2;6;2;3;11;5;69545;1
2024;4;12;502;502006;-;2;5;2;2;3;11;3;2500;1
2024;4;12;502;502006;-;2;5;2;2;3;11;4;250;1
2024;4;12;502;502006;-;2;11;3;2;3;11;2;1001889;1
2024;4;12;502;502006;-;2;11;4;2;3;11;2;956804;1
2024;4;12;502;502006;-;2;11;4;2;3;11;4;2600;1
2024;4;12;502;502006;-;2;11;4;2;3;11;5;43000;1
2024;4;12;502;502006;-;2;11;5;2;3;11;2;103005;1
2024;4;12;502;502006;-;2;11;5;2;3;11;4;750;1
2024;4;12;502;502006;-;2;11;5;2;3;11;5;12000;1
2024;4;12;503;503001;-;2;5;3;2;3;11;2;723813;2
2024;4;12;503;503001;-;2;5;3;2;3;11;4;1300;2
2024;4;12;503;503001;-;2;5;3;2;3;11;5;92500;2
2024;4;12;503;503001;-;2;11;2;2;3;11;2;688252;1
2024;4;12;503;503001;-;2;11;2;2;3;11;4;700;1
2024;4;12;503;503001;-;2;11;2;2;3;11;5;20000;1
2024;4;12;503;503001;-;2;11;4;2;3;11;2;402860;1
2024;4;12;503;503001;-;2;11;4;2;3;11;4;1400;1
2024;4;12;503;503001;-;2;11;4;2;3;11;5;18500;1
2024;4;12;503;503001;-;3;12;6;2;3;11;2;1337511;1
2024;4;12;503;503001;-;3;12;6;2;3;11;4;805;1
2024;4;12;503;503001;-;3;12;6;2;3;11;5;16570;1
2024;4;12;503;503002;-;1;5;3;2;3;11;2;35500;1
2024;4;12;503;503002;-;2;5;2;2;3;11;3;125000;1
2024;4;12;503;503002;-;2;5;2;2;3;11;4;1400;1
2024;4;12;503;503002;-;2;5;3;2;3;11;2;348965;2
2024;4;12;503;503002;-;2;5;3;2;3;11;4;1596;2
2024;4;12;503;503002;-;2;5;3;2;3;11;5;7800;2
2024;4;12;503;503002;-;2;5;4;2;3;11;2;1562517;2
2024;4;12;503;503002;-;2;5;4;2;3;11;4;9500;2
2024;4;12;503;503002;-;2;5;4;2;3;11;5;29815;2
2024;4;12;503;503002;-;2;5;5;2;3;11;1;972183;1
2024;4;12;503;503002;-;2;5;5;2;3;11;4;1822;1
2024;4;12;503;503002;-;2;5;5;2;3;11;5;32610;1
2024;4;12;503;503002;-;2;8;2;2;3;11;2;589000;1
2024;4;12;503;503002;-;2;8;6;2;3;11;2;1518964;1
2024;4;12;503;503002;-;2;8;6;2;3;11;4;900;1
2024;4;12;503;503002;-;2;8;6;2;3;11;5;30000;1
2024;4;12;503;503002;-;2;11;3;2;3;11;2;1305773;2
2024;4;12;503;503002;-;2;11;3;2;3;11;4;2800;2
2024;4;12;503;503002;-;2;11;3;2;3;11;5;45000;2
2024;4;12;503;503002;-;2;11;4;2;3;11;2;362990;1
2024;4;12;503;503002;-;2;11;4;2;3;11;4;450;1
2024;4;12;503;503002;-;2;11;4;2;3;11;5;40750;1
2024;4;12;503;503002;-;2;11;5;2;3;11;2;676090;1
2024;4;12;503;503002;-;2;12;5;2;3;11;1;898004;1
2024;4;12;503;503002;-;2;12;5;2;3;11;2;3232657;1
2024;4;12;503;503002;-;2;12;5;2;3;11;4;8810;2
2024;4;12;503;503002;-;2;12;5;2;3;11;5;105560;2
2024;4;13;502;502006;-;2;5;3;2;3;11;2;1071668;2
2024;4;13;502;502006;-;2;5;3;2;3;11;4;1460;2
2024;4;13;502;502006;-;2;5;3;2;3;11;5;48000;2
2024;4;13;502;502006;-;2;5;4;2;3;11;2;415010;1
2024;4;13;502;502006;-;2;5;4;2;3;11;4;2000;1
2024;4;13;502;502006;-;2;5;4;2;3;11;5;15000;1
2024;4;13;502;502006;-;2;5;5;2;3;11;2;1467368;2
2024;4;13;502;502006;-;2;5;5;2;3;11;4;1400;2
2024;4;13;502;502006;-;2;5;5;2;3;11;5;34000;1
2024;4;13;502;502006;-;2;11;2;2;3;11;2;96000;1
2024;4;13;502;502006;-;2;11;2;2;3;11;4;400;1
2024;4;13;502;502006;-;2;11;2;2;3;11;5;1300;1
2024;4;13;502;502006;-;2;11;4;2;3;11;2;133206;1
2024;4;13;502;502006;-;2;11;4;2;3;11;4;2545;1
2024;4;13;502;502006;-;2;11;4;2;3;11;5;14530;1
2024;4;13;502;502006;-;2;11;5;2;3;11;2;1163286;1
2024;4;13;502;502006;-;2;11;5;2;3;11;5;9500;1
2024;4;13;502;502006;-;2;11;6;2;3;11;2;3678821;1
2024;4;13;502;502006;-;2;13;4;2;3;11;2;1148791;1
2024;4;13;503;503003;-;2;5;2;2;3;11;2;506225;2
2024;4;13;503;503003;-;2;5;2;2;3;11;4;1095;1
2024;4;13;503;503003;-;2;5;2;2;3;11;5;12600;1
2024;4;13;503;503003;-;2;5;3;2;3;11;1;63875;1
2024;4;13;503;503003;-;2;5;3;2;3;11;2;3248097;7
2024;4;13;503;503003;-;2;5;3;2;3;11;3;100000;1
2024;4;13;503;503003;-;2;5;3;2;3;11;4;19550;8
2024;4;13;503;503003;-;2;5;3;2;3;11;5;78050;7
2024;4;13;503;503003;-;2;5;4;2;3;11;2;2053124;3
2024;4;13;503;503003;-;2;5;4;2;3;11;3;98550;1
2024;4;13;503;503003;-;2;5;4;2;3;11;4;2162;3
2024;4;13;503;503003;-;2;5;4;2;3;11;5;60265;3
2024;4;13;503;503003;-;2;8;4;2;3;11;2;3799372;2
2024;4;13;503;503003;-;2;8;4;2;3;11;4;3190;2
2024;4;13;503;503003;-;2;8;4;2;3;11;5;98672;2
2024;4;13;503;503003;-;2;8;5;2;3;11;2;5156360;2
2024;4;13;503;503003;-;2;8;5;2;3;11;4;3000;2
2024;4;13;503;503003;-;2;8;5;2;3;11;5;144761;2
2024;4;13;503;503003;-;2;8;7;2;3;11;2;3492799;1
2024;4;13;503;503003;-;2;8;7;2;3;11;4;3650;1
2024;4;13;503;503003;-;2;8;7;2;3;11;5;65000;1
2024;4;13;503;503003;-;2;11;2;2;3;11;3;328500;1
2024;4;13;503;503003;-;2;11;2;2;3;11;4;730;1
2024;4;13;503;503003;-;2;11;2;2;3;11;5;14600;1
2024;4;13;503;503003;-;2;11;3;2;3;11;2;591976;1
2024;4;13;503;503003;-;2;11;3;2;3;11;4;400;1
2024;4;13;503;503003;-;2;11;3;2;3;11;5;8000;1
2024;4;13;503;503003;-;2;11;4;2;3;11;2;396000;1
2024;4;13;503;503003;-;2;11;4;2;3;11;4;2200;1
2024;4;13;503;503003;-;2;11;4;2;3;11;5;8000;1
2024;4;13;503;503003;-;2;11;6;2;3;11;2;379378;1
2024;4;13;503;503003;-;2;11;6;2;3;11;4;250;1
2024;4;13;503;503003;-;2;11;6;2;3;11;5;8000;1
2024;4;13;503;503003;-;2;11;7;2;3;11;2;2404000;1
2024;4;13;503;503003;-;2;11;7;2;3;11;4;3800;1
2024;4;13;503;503003;-;2;11;7;2;3;11;5;150000;1
2024;4;13;503;503003;-;2;12;5;2;3;11;2;1531745;1
2024;4;13;503;503003;-;2;12;5;2;3;11;4;3660;1
2024;4;13;503;503003;-;2;12;5;2;3;11;5;27800;1
2024;4;13;503;503003;-;64;11;2;4;4;11;2;24000;1
2024;4;13;503;503003;-;64;11;2;4;4;11;3;160000;1
2024;4;13;503;503003;-;64;11;2;4;4;11;4;1000;1
2024;4;13;503;503003;-;64;11;2;4;4;11;5;1000;1
2024;4;13;503;503004;-;2;8;4;2;3;4;10;240000;1
2024;4;13;503;503004;-;2;8;4;2;3;11;2;240000;1
2024;4;13;503;503004;-;2;8;4;2;3;11;4;700;1
2024;4;13;503;503004;-;2;8;4;2;3;11;5;3000;1
2024;4;13;503;503007;-;1;11;4;2;3;11;3;8000;1
2024;4;13;503;503007;-;1;11;4;2;3;11;4;900;1
2024;4;13;503;503007;-;2;5;2;2;3;11;1;299507;1
2024;4;13;503;503007;-;2;5;2;2;3;11;3;80000;1
2024;4;13;503;503007;-;2;5;2;2;3;11;4;2500;2
2024;4;13;503;503007;-;2;5;2;2;3;11;5;26580;2
2024;4;13;503;503007;-;2;5;3;2;3;11;3;219500;1
2024;4;13;503;503007;-;2;5;3;2;3;11;4;1500;1
2024;4;13;503;503007;-;2;5;3;2;3;11;5;7000;1
2024;4;13;503;503007;-;2;5;4;2;3;11;2;1045000;2
2024;4;13;503;503007;-;2;5;4;2;3;11;3;248800;1
2024;4;13;503;503007;-;2;5;4;2;3;11;4;6380;3
2024;4;13;503;503007;-;2;5;4;2;3;11;5;17055;2
2024;4;13;503;503007;-;2;5;5;2;3;11;2;362311;1
2024;4;13;503;503007;-;2;5;5;2;3;11;4;1870;1
2024;4;13;503;503007;-;2;5;5;2;3;11;5;22250;1
2024;4;13;503;503007;-;2;9;7;2;3;11;2;4965507;1
2024;4;13;503;503007;-;2;9;7;2;3;11;4;5475;1
2024;4;13;503;503007;-;2;9;7;2;3;11;5;182650;1
2024;4;13;503;503007;-;2;11;3;2;3;11;1;35032;1
2024;4;13;503;503007;-;2;11;3;2;3;11;2;73000;1
2024;4;13;503;503007;-;2;11;3;2;3;11;3;102200;1
2024;4;13;503;503007;-;2;11;3;2;3;11;4;1500;2
2024;4;13;503;503007;-;2;11;3;2;3;11;5;2400;1
2024;4;13;503;503007;-;2;11;4;2;3;11;3;35000;1
2024;4;13;503;503007;-;2;11;4;2;3;11;4;4000;1
2024;4;13;503;503007;-;2;11;4;2;3;11;5;8000;1
2024;4;13;503;503007;-;2;11;5;2;3;11;2;1016166;1
2024;4;13;503;503007;-;2;11;5;2;3;11;4;3600;1
2024;4;13;503;503007;-;2;11;5;2;3;11;5;12000;1
2024;4;14;502;502006;-;2;5;2;2;3;11;2;72000;1
2024;4;14;502;502006;-;2;5;2;2;3;11;4;400;1
2024;4;14;502;502006;-;2;5;2;2;3;11;5;3800;1
2024;4;14;502;502006;-;2;5;3;2;3;11;3;54750;1
2024;4;14;502;502006;-;2;5;3;2;3;11;4;1095;1
2024;4;14;502;502006;-;2;5;3;2;3;11;5;7680;1
2024;4;14;502;502006;-;2;11;5;2;3;11;2;585795;1
2024;4;14;502;502006;-;2;11;5;2;3;11;4;1782;1
2024;4;14;502;502006;-;2;11;5;2;3;11;5;19400;1
2024;4;14;503;503003;-;2;5;5;2;3;11;2;1342460;1
2024;4;14;503;503003;-;2;5;5;2;3;11;4;1830;1
2024;4;14;503;503003;-;2;5;5;2;3;11;5;6200;1
2024;4;14;503;503004;-;1;8;4;2;3;11;2;1419264;1
2024;4;14;503;503004;-;2;5;2;2;3;11;2;1139089;1
2024;4;14;503;503004;-;2;5;2;2;3;11;4;1200;1
2024;4;14;503;503004;-;2;5;2;2;3;11;5;5000;1
2024;4;14;503;503004;-;2;5;4;1;1;11;2;833291;1
2024;4;14;503;503004;-;2;5;4;2;3;11;1;337466;1
2024;4;14;503;503004;-;2;5;4;2;3;11;2;638027;1
2024;4;14;503;503004;-;2;5;4;2;3;11;4;1970;2
2024;4;14;503;503004;-;2;5;4;2;3;11;5;7505;2
2024;4;14;503;503004;-;2;5;5;2;3;11;2;1551510;1
2024;4;14;503;503004;-;2;5;5;2;3;11;4;1250;1
2024;4;14;503;503004;-;2;5;5;2;3;11;5;15000;1
2024;4;14;503;503004;-;2;8;5;2;3;11;1;3359361;1
2024;4;14;503;503004;-;2;8;5;2;3;11;4;4500;1
2024;4;14;503;503004;-;2;8;5;2;3;11;5;90000;1
2024;4;14;503;503004;-;2;8;6;2;3;11;2;2434818;1
2024;4;14;503;503004;-;2;8;6;2;3;11;4;2000;1
2024;4;14;503;503004;-;2;8;6;2;3;11;5;8000;1
2024;4;14;503;503004;-;2;11;2;2;3;11;3;101587;1
2024;4;14;503;503004;-;2;11;2;2;3;11;4;913;1
2024;4;14;503;503004;-;2;11;2;2;3;11;5;7000;1
2024;4;14;503;503004;-;2;11;3;2;3;11;2;664935;1
2024;4;14;503;503004;-;2;11;3;2;3;11;4;300;1
2024;4;14;503;503004;-;2;11;3;2;3;11;5;6000;1
2024;4;14;503;503004;-;2;11;4;2;3;11;2;657218;1
2024;4;14;503;503004;-;2;13;4;2;3;11;2;152450;1
2024;4;14;503;503004;-;3;2;5;2;3;11;2;770511;1
2024;4;14;503;503004;-;3;2;5;2;3;11;4;1000;1
2024;4;14;503;503004;-;3;2;5;2;3;11;5;5000;1
2024;4;14;503;503004;-;3;5;4;2;3;11;1;180000;1
2024;4;14;503;503004;-;3;5;4;2;3;11;4;9000;1
2024;4;14;503;503004;-;3;5;4;2;3;11;5;45000;1
2024;4;14;504;504002;-;2;5;3;2;3;11;1;432000;1
2024;4;14;504;504002;-;2;5;3;2;3;11;2;1387959;4
2024;4;14;504;504002;-;2;5;3;2;3;11;4;5045;4
2024;4;14;504;504002;-;2;5;3;2;3;11;5;138700;4
2024;4;14;504;504002;-;2;5;4;2;3;11;1;691534;1
2024;4;14;504;504002;-;2;5;4;2;3;11;2;3079552;5
2024;4;14;504;504002;-;2;5;4;2;3;11;4;6097;6
2024;4;14;504;504002;-;2;5;4;2;3;11;5;89592;6
2024;4;14;504;504002;-;2;5;5;2;3;11;1;1780206;1
2024;4;14;504;504002;-;2;5;5;2;3;11;2;2820655;3
2024;4;14;504;504002;-;2;5;5;2;3;11;4;5600;4
2024;4;14;504;504002;-;2;5;5;2;3;11;5;114000;3
2024;4;14;504;504002;-;2;5;6;2;3;11;2;1759087;1
2024;4;14;504;504002;-;2;5;6;2;3;11;4;1843;1
2024;4;14;504;504002;-;2;5;6;2;3;11;5;22100;1
2024;4;14;504;504002;-;2;8;4;2;3;11;2;910000;1
2024;4;14;504;504002;-;2;8;4;2;3;11;4;1200;1
2024;4;14;504;504002;-;2;8;5;2;3;11;2;7965202;4
2024;4;14;504;504002;-;2;8;5;2;3;11;4;6295;3
2024;4;14;504;504002;-;2;8;5;2;3;11;5;112400;3
2024;4;14;504;504002;-;2;8;6;2;3;11;2;1813810;1
2024;4;14;504;504002;-;2;8;6;2;3;11;4;1800;1
2024;4;14;504;504002;-;2;8;6;2;3;11;5;35000;1
2024;4;14;504;504002;-;2;9;4;2;3;11;2;450000;1
2024;4;14;504;504002;-;2;9;4;2;3;11;4;1000;1
2024;4;14;504;504002;-;2;9;5;2;3;11;2;380000;1
2024;4;14;504;504002;-;2;9;5;2;3;11;4;200;1
2024;4;14;504;504002;-;2;9;5;2;3;11;5;12000;1
2024;4;14;504;504002;-;2;11;2;2;3;11;2;288000;1
2024;4;14;504;504002;-;2;11;2;2;3;11;3;208340;1
2024;4;14;504;504002;-;2;11;2;2;3;11;4;1370;2
2024;4;14;504;504002;-;2;11;2;2;3;11;5;5530;2
2024;4;14;504;504002;-;2;11;5;2;3;11;2;5772817;2
2024;4;14;504;504002;-;2;11;5;2;3;11;4;1600;1
2024;4;14;504;504002;-;2;11;5;2;3;11;5;33195;1
2024;4;14;504;504002;-;2;11;6;2;3;11;2;1851672;1
2024;4;14;504;504002;-;2;11;6;2;3;11;4;2920;1
2024;4;14;504;504002;-;2;11;6;2;3;11;5;21490;1
2024;4;14;504;504002;-;2;11;7;2;3;11;2;10990888;1
2024;4;14;504;504002;-;2;12;2;1;1;11;2;529327;1
2024;4;14;504;504002;-;2;12;2;1;1;11;4;1000;1
2024;4;14;504;504002;-;2;12;2;1;1;11;5;3500;1
2024;4;14;504;504002;-;2;12;5;2;3;11;2;1231967;1
2024;4;14;504;504002;-;2;12;5;2;3;11;4;1830;1
2024;4;14;504;504002;-;2;12;5;2;3;11;5;16000;1
2024;4;14;504;504004;-;2;5;3;2;3;11;2;343468;1
2024;4;14;504;504004;-;2;5;3;2;3;11;4;4200;1
2024;4;14;504;504004;-;2;5;3;2;3;11;5;15000;1
2024;4;14;504;504004;-;2;5;4;2;3;11;2;602432;1
2024;4;14;504;504004;-;2;5;4;2;3;11;4;2190;1
2024;4;14;504;504004;-;2;5;4;2;3;11;5;3000;1
2024;4;14;504;504004;-;2;5;5;2;3;11;2;739641;1
2024;4;14;504;504004;-;2;5;5;2;3;11;4;1150;1
2024;4;14;504;504004;-;2;5;5;2;3;11;5;39500;1
2024;4;14;504;504005;-;1;5;3;2;3;11;4;20;1
2024;4;14;504;504005;-;2;2;5;2;3;11;2;1354970;1
2024;4;14;504;504005;-;2;2;5;2;3;11;4;730;1
2024;4;14;504;504005;-;2;2;5;2;3;11;5;1520;1
2024;4;14;504;504005;-;2;5;2;2;3;11;2;517078;1
2024;4;14;504;504005;-;2;5;2;2;3;11;4;1400;1
2024;4;14;504;504005;-;2;5;2;2;3;11;5;2700;1
2024;4;14;504;504005;-;2;5;3;2;3;11;2;2131539;5
2024;4;14;504;504005;-;2;5;3;2;3;11;4;2395;3
2024;4;14;504;504005;-;2;5;3;2;3;11;5;50600;2
2024;4;14;504;504005;-;2;5;4;2;3;11;2;2945372;2
2024;4;14;504;504005;-;2;5;4;2;3;11;3;59300;1
2024;4;14;504;504005;-;2;5;4;2;3;11;4;1825;1
2024;4;14;504;504005;-;2;5;4;2;3;11;5;10204;1
2024;4;14;504;504005;-;2;5;5;2;3;11;2;1904979;1
2024;4;14;504;504005;-;2;8;4;2;3;11;1;100000;1
2024;4;14;504;504005;-;2;8;4;2;3;11;2;1042000;2
2024;4;14;504;504005;-;2;8;4;2;3;11;4;3000;2
2024;4;14;504;504005;-;2;8;4;2;3;11;5;4000;1
2024;4;14;504;504005;-;2;8;5;2;3;11;2;780406;1
2024;4;14;504;504005;-;2;8;5;2;3;11;4;3000;1
2024;4;14;504;504005;-;2;8;5;2;3;11;5;30600;1
2024;4;14;504;504005;-;2;11;3;2;3;11;2;810900;1
2024;4;14;504;504005;-;2;11;3;2;3;11;4;1200;1
2024;4;14;504;504005;-;2;11;3;2;3;11;5;29000;1
2024;4;14;504;504005;-;2;11;4;2;3;11;3;202877;1
2024;4;14;504;504005;-;2;11;4;2;3;11;4;1825;1
2024;4;14;504;504005;-;2;11;4;2;3;11;5;5000;1
2024;4;14;504;504005;-;2;12;4;2;3;11;2;576000;1
2024;4;14;504;504005;-;2;12;4;2;3;11;4;500;1
2024;4;14;504;504005;-;2;12;5;2;3;11;2;2635272;1
2024;4;14;504;504005;-;2;12;5;2;3;11;4;4380;1
2024;4;14;504;504005;-;2;12;5;2;3;11;5;32200;1
2024;4;14;504;504005;-;2;14;5;2;3;11;2;1606971;1
2024;4;14;506;506001;-;1;5;5;2;3;11;3;150000;1
2024;4;14;506;506001;-;1;5;5;2;3;11;5;6000;1
2024;4;14;506;506001;-;2;5;2;2;3;11;3;36500;1
2024;4;14;506;506001;-;2;5;2;2;3;11;4;1460;1
2024;4;14;506;506001;-;2;5;3;2;3;11;2;1204380;2
2024;4;14;506;506001;-;2;5;3;2;3;11;4;1095;1
2024;4;14;506;506001;-;2;5;4;2;3;11;3;215500;1
2024;4;14;506;506001;-;2;5;4;2;3;11;4;1825;1
2024;4;14;506;506001;-;2;5;4;2;3;11;5;12420;1
2024;4;14;506;506001;-;2;5;5;2;3;11;2;2093868;2
2024;4;14;506;506001;-;2;5;5;2;3;11;4;3210;2
2024;4;14;506;506001;-;2;5;5;2;3;11;5;51700;2
2024;4;14;506;506001;-;2;5;6;2;3;11;2;4667476;1
2024;4;14;506;506001;-;2;5;6;2;3;11;4;1095;1
2024;4;14;506;506001;-;2;5;6;2;3;11;5;56880;1
2024;4;14;506;506001;-;2;11;4;2;3;11;2;1826332;3
2024;4;14;506;506001;-;2;11;4;2;3;11;4;5195;3
2024;4;14;506;506001;-;2;11;4;2;3;11;5;44800;3
2024;4;14;506;506001;-;16;11;4;2;3;11;2;1265773;1
2024;4;15;504;504001;-;2;5;3;2;3;11;2;584642;1
2024;4;15;504;504001;-;2;5;3;2;3;11;4;830;1
2024;4;15;504;504001;-;2;5;3;2;3;11;5;18800;1
2024;4;15;504;504002;-;2;5;2;2;3;11;2;253899;1
2024;4;15;504;504002;-;2;5;5;2;3;11;2;5643383;4
2024;4;15;504;504002;-;2;5;5;2;3;11;4;29265;4
2024;4;15;504;504002;-;2;5;5;2;3;11;5;175000;4
2024;4;15;504;504002;-;2;11;4;2;3;11;2;5232995;1
2024;4;15;504;504002;-;2;11;4;2;3;11;4;3600;1
2024;4;15;504;504002;-;2;11;4;2;3;11;5;1086240;1
2024;4;15;504;504002;-;2;12;4;2;3;11;2;1470951;2
2024;4;15;504;504002;-;2;12;4;2;3;11;4;2770;2
2024;4;15;504;504002;-;2;12;4;2;3;11;5;40705;2
2024;4;15;504;504002;-;3;5;4;2;3;11;2;226132;1
2024;4;15;504;504003;-;2;1;7;2;3;11;2;1904763;1
2024;4;15;504;504003;-;2;1;7;2;3;11;4;2000;1
2024;4;15;504;504003;-;2;1;7;2;3;11;5;1000;1
2024;4;15;504;504003;-;2;5;3;2;3;11;2;228000;1
2024;4;15;504;504003;-;2;5;3;2;3;11;4;1220;1
2024;4;15;504;504003;-;2;5;3;2;3;11;5;4120;1
2024;4;15;504;504003;-;2;5;4;2;3;11;2;110893;1
2024;4;15;504;504003;-;2;5;4;2;3;11;4;1500;1
2024;4;15;504;504003;-;2;5;4;2;3;11;5;9000;1
2024;4;15;504;504003;-;2;5;6;2;3;11;2;4507560;2
2024;4;15;504;504003;-;2;5;6;2;3;11;4;4562;2
2024;4;15;504;504003;-;2;5;6;2;3;11;5;102285;2
2024;4;15;504;504003;-;2;11;3;2;3;11;1;69450;1
2024;4;15;504;504003;-;2;11;3;2;3;11;4;2600;1
2024;4;15;504;504004;-;2;5;3;2;3;11;2;488203;1
2024;4;15;504;504004;-;2;5;3;2;3;11;4;1095;1
2024;4;15;504;504004;-;2;5;3;2;3;11;5;1500;1
2024;4;15;504;504004;-;2;5;4;2;3;11;2;4399035;8
2024;4;15;504;504004;-;2;5;4;2;3;11;4;10830;6
2024;4;15;504;504004;-;2;5;4;2;3;11;5;167680;6
2024;4;15;504;504004;-;2;5;5;2;3;11;2;2418445;5
2024;4;15;504;504004;-;2;5;5;2;3;11;4;15650;4
2024;4;15;504;504004;-;2;5;5;2;3;11;5;70400;4
2024;4;15;504;504004;-;2;8;2;2;3;11;2;896658;1
2024;4;15;504;504004;-;2;8;4;2;3;11;2;75387;1
2024;4;15;504;504004;-;2;8;4;2;3;11;4;360;1
2024;4;15;504;504004;-;2;8;4;2;3;11;5;8320;1
2024;4;15;504;504004;-;2;11;3;2;3;11;2;582192;1
2024;4;15;504;504004;-;2;11;3;2;3;11;4;9000;1
2024;4;15;504;504004;-;2;11;3;2;3;11;5;98000;1
2024;4;15;504;504004;-;2;11;5;2;3;11;2;1689284;2
2024;4;15;504;504004;-;2;11;5;2;3;11;4;4695;2
2024;4;15;504;504004;-;2;11;5;2;3;11;5;108250;2
2024;4;15;504;504004;-;2;12;3;2;3;11;2;534334;1
2024;4;15;504;504004;-;2;12;3;2;3;11;4;2000;1
2024;4;15;504;504004;-;2;12;3;2;3;11;5;1500;1
2024;4;15;504;504004;-;2;13;3;2;3;11;2;921230;1
2024;4;15;504;504004;-;2;13;3;2;3;11;4;2200;1
2024;4;15;504;504004;-;2;13;3;2;3;11;5;35000;1
2024;4;15;504;504005;-;1;5;4;2;3;11;2;420000;1
2024;4;15;504;504005;-;1;5;4;2;3;11;4;400;1
2024;4;15;504;504005;-;1;5;4;2;3;11;5;26000;1
2024;4;15;504;504005;-;2;5;3;2;3;11;2;306735;1
2024;4;15;504;504005;-;2;5;3;2;3;11;4;2000;1
2024;4;15;504;504005;-;2;5;3;2;3;11;5;11000;1
2024;4;15;504;504005;-;2;5;4;2;3;11;1;121000;1
2024;4;15;504;504005;-;2;5;4;2;3;11;2;949090;2
2024;4;15;504;504005;-;2;5;4;2;3;11;4;1329;3
2024;4;15;504;504005;-;2;5;4;2;3;11;5;26040;2
2024;4;15;504;504005;-;2;5;5;2;3;11;2;475500;1
2024;4;15;504;504005;-;2;5;5;2;3;11;4;5500;1
2024;4;15;504;504005;-;2;5;5;2;3;11;5;59400;1
2024;4;15;504;504005;-;2;5;6;2;3;11;2;3885535;1
2024;4;15;504;504005;-;2;5;6;2;3;11;4;1095;1
2024;4;15;504;504005;-;2;5;6;2;3;11;5;189010;1
2024;4;15;504;504005;-;2;8;4;2;3;11;2;645876;1
2024;4;15;504;504005;-;2;8;4;2;3;11;4;1100;1
2024;4;15;504;504005;-;2;8;4;2;3;11;5;24350;1
2024;4;15;504;504005;-;2;11;3;2;3;11;2;146821;1
2024;4;15;504;504005;-;2;11;3;2;3;11;4;1200;1
2024;4;15;504;504005;-;2;11;3;2;3;11;5;1800;1
2024;4;15;504;504005;-;2;11;4;2;3;11;2;3000500;2
2024;4;15;504;504005;-;2;11;4;2;3;11;4;8420;2
2024;4;15;504;504005;-;2;11;4;2;3;11;5;62251;2
2024;4;15;504;504005;-;2;11;5;2;3;11;2;1231992;1
2024;4;15;504;504007;-;2;5;2;2;3;11;2;844504;2
2024;4;15;504;504007;-;2;5;2;2;3;11;4;365;1
2024;4;15;504;504007;-;2;5;2;2;3;11;5;14000;2
2024;4;15;504;504007;-;2;5;5;2;3;11;2;1487516;2
2024;4;15;504;504007;-;2;5;5;2;3;11;4;2500;2
2024;4;15;504;504007;-;2;5;5;2;3;11;5;54500;2
2024;4;15;504;504007;-;2;5;6;2;3;11;2;5313630;2
2024;4;15;504;504007;-;2;5;6;2;3;11;4;5800;2
2024;4;15;504;504007;-;2;5;6;2;3;11;5;163200;2
2024;4;15;504;504007;-;2;8;2;2;3;11;2;24000;1
2024;4;15;504;504007;-;2;8;2;2;3;11;4;1500;1
2024;4;15;504;504007;-;2;8;2;2;3;11;5;8000;1
2024;4;15;504;504007;-;2;8;6;2;3;11;2;2135505;1
2024;4;15;504;504007;-;2;8;6;2;3;11;4;1800;1
2024;4;15;504;504007;-;2;8;6;2;3;11;5;87000;1
2024;4;15;504;504007;-;2;11;4;2;3;11;2;108350;1
2024;4;15;504;504007;-;2;11;4;2;3;11;4;2500;1
2024;4;15;504;504007;-;2;11;4;2;3;11;5;18000;1
2024;4;15;504;504007;-;2;12;4;2;3;11;2;549779;2
2024;4;15;504;504007;-;2;12;4;2;3;11;4;2080;2
2024;4;15;504;504007;-;2;12;4;2;3;11;5;43030;2
2024;4;16;501;501002;-;2;13;2;2;3;11;3;64800;1
2024;4;16;504;504006;-;1;5;2;2;3;11;3;146000;1
2024;4;16;504;504006;-;1;5;2;2;3;11;4;18250;1
2024;4;16;504;504006;-;1;5;2;2;3;11;5;5475;1
2024;4;16;504;504006;-;2;5;2;2;3;11;2;125000;1
2024;4;16;504;504006;-;2;5;3;2;3;11;2;390629;2
2024;4;16;504;504006;-;2;5;3;2;3;11;3;120870;1
2024;4;16;504;504006;-;2;5;3;2;3;11;4;4500;2
2024;4;16;504;504006;-;2;5;3;2;3;11;5;12500;2
2024;4;16;504;504006;-;2;5;4;2;3;11;2;3151488;5
2024;4;16;504;504006;-;2;5;4;2;3;11;3;330000;1
2024;4;16;504;504006;-;2;5;4;2;3;11;4;5330;6
2024;4;16;504;504006;-;2;5;4;2;3;11;5;61350;6
2024;4;16;504;504006;-;2;8;5;2;3;11;2;2809389;1
2024;4;16;504;504006;-;2;8;5;2;3;11;4;10000;1
2024;4;16;504;504006;-;2;8;5;2;3;11;5;223476;1
2024;4;16;504;504006;-;2;11;2;2;3;11;2;63000;1
2024;4;16;504;504006;-;2;11;2;2;3;11;5;12000;1
2024;4;16;504;504006;-;2;11;4;2;3;11;2;1260312;4
2024;4;16;504;504006;-;2;11;4;2;3;11;4;3600;4
2024;4;16;504;504006;-;2;11;4;2;3;11;5;43500;4
2024;4;16;504;504006;-;2;12;3;2;3;11;3;114660;1
2024;4;16;504;504006;-;2;12;3;2;3;11;4;2190;1
2024;4;16;504;504006;-;2;12;3;2;3;11;5;5475;1
2024;4;16;504;504006;-;2;12;5;2;3;11;2;2010939;1
2024;4;16;504;504006;-;2;12;5;2;3;11;4;1500;1
2024;4;16;504;504006;-;2;12;5;2;3;11;5;31000;1
2024;4;16;506;506001;-;1;5;4;2;3;11;3;16250;1
2024;4;16;506;506001;-;1;5;4;2;3;11;4;1096;1
2024;4;16;506;506001;-;1;5;4;2;3;11;5;2920;1
2024;4;16;506;506001;-;2;5;4;2;3;11;2;280000;1
2024;4;16;506;506001;-;2;5;4;2;3;11;4;1000;1
2024;4;16;506;506001;-;2;5;4;2;3;11;5;12500;1
2024;4;16;506;506001;-;2;11;5;2;3;11;2;645185;1
2024;4;16;506;506001;-;2;11;5;2;3;11;4;7000;1
2024;4;16;506;506001;-;2;11;5;2;3;11;5;42000;1
2024;4;16;506;506002;-;2;2;5;2;3;11;2;683790;1
2024;4;16;506;506002;-;2;2;5;2;3;11;4;1000;1
2024;4;16;506;506002;-;2;2;5;2;3;11;5;20000;1
2024;4;16;506;506002;-;2;2;7;2;3;11;2;3246603;1
2024;4;16;506;506002;-;2;2;7;2;3;11;4;1720;1
2024;4;16;506;506002;-;2;2;7;2;3;11;5;141272;1
2024;4;16;506;506002;-;2;5;2;2;3;11;2;70000;1
2024;4;16;506;506002;-;2;5;2;2;3;11;4;1000;1
2024;4;16;506;506002;-;2;5;2;2;3;11;5;2000;1
2024;4;16;506;506002;-;2;5;3;2;3;11;2;23628;1
2024;4;16;506;506002;-;2;5;3;2;3;11;4;3425;1
2024;4;16;506;506002;-;2;5;3;2;3;11;5;42653;1
2024;4;16;506;506002;-;2;5;4;2;3;11;2;1859146;2
2024;4;16;506;506002;-;2;5;4;2;3;11;4;2580;2
2024;4;16;506;506002;-;2;5;4;2;3;11;5;48605;2
2024;4;16;506;506002;-;2;5;5;2;3;11;2;878410;1
2024;4;16;506;506002;-;2;5;5;2;3;11;4;1100;1
2024;4;16;506;506002;-;2;5;5;2;3;11;5;22500;1
2024;4;16;506;506002;-;2;11;2;2;3;11;2;398835;1
2024;4;16;506;506002;-;2;11;2;2;3;11;4;2000;1
2024;4;16;506;506002;-;2;11;2;2;3;11;5;2500;1
2024;4;16;506;506002;-;2;11;3;2;3;11;2;75266;1
2024;4;16;506;506002;-;2;11;3;2;3;11;4;730;1
2024;4;16;506;506002;-;2;11;3;2;3;11;5;1830;1
2024;4;16;506;506002;-;2;11;4;2;3;11;2;1658468;1
2024;4;16;506;506002;-;2;11;4;2;3;11;4;1000;1
2024;4;16;506;506002;-;2;11;4;2;3;11;5;53480;1
2024;4;16;506;506002;-;2;11;5;2;3;11;2;2946907;2
2024;4;16;506;506002;-;2;11;5;2;3;11;3;365000;1
2024;4;16;506;506002;-;2;11;5;2;3;11;4;4165;3
2024;4;16;506;506002;-;2;11;5;2;3;11;5;209825;3
2024;4;16;506;506007;-;2;5;3;2;3;11;1;208939;1
2024;4;16;506;506007;-;2;5;3;2;3;11;4;1050;1
2024;4;16;506;506007;-;2;5;4;2;3;11;1;281000;1
2024;4;16;506;506007;-;2;5;4;2;3;11;4;1200;1
2024;4;16;506;506007;-;2;5;4;2;3;11;5;3000;1
2024;4;16;506;506007;-;2;8;5;2;3;11;2;1965461;1
2024;4;16;506;506007;-;2;11;2;2;3;11;2;203000;1
2024;4;16;506;506007;-;2;11;2;2;3;11;3;438500;2
2024;4;16;506;506007;-;2;11;2;2;3;11;4;2900;3
2024;4;16;506;506007;-;2;11;2;2;3;11;5;28000;3
2024;4;16;506;506007;-;2;11;3;2;3;11;1;398850;1
2024;4;16;506;506007;-;2;11;3;2;3;11;4;1000;1
2024;4;16;506;506007;-;2;11;3;2;3;11;5;7500;1
2024;4;16;506;506007;-;2;11;4;2;3;11;2;355630;1
2024;4;16;506;506007;-;2;11;4;2;3;11;3;445000;2
2024;4;16;506;506007;-;2;11;4;2;3;11;4;6650;2
2024;4;16;506;506007;-;2;11;4;2;3;11;5;51000;2
2024;4;16;506;506008;-;1;5;2;2;3;11;3;135000;1
2024;4;16;506;506008;-;1;5;2;2;3;11;4;800;1
2024;4;16;506;506008;-;1;8;2;2;3;11;1;5000;1
2024;4;16;506;506008;-;1;8;2;2;3;11;4;200;1
2024;4;16;506;506008;-;2;5;2;2;3;11;2;644682;3
2024;4;16;506;506008;-;2;5;2;2;3;11;4;2500;2
2024;4;16;506;506008;-;2;5;2;2;3;11;5;29300;2
2024;4;16;506;506008;-;2;5;4;2;3;11;2;547345;2
2024;4;16;506;506008;-;2;5;4;2;3;11;4;1000;1
2024;4;16;506;506008;-;2;5;4;2;3;11;5;29400;2
2024;4;16;506;506008;-;2;5;5;2;3;11;2;4658326;3
2024;4;16;506;506008;-;2;5;5;2;3;11;4;4160;3
2024;4;16;506;506008;-;2;5;5;2;3;11;5;83410;3
2024;4;16;506;506008;-;2;8;5;2;3;11;2;745765;1
2024;4;16;506;506008;-;2;8;5;2;3;11;4;3000;1
2024;4;16;506;506008;-;2;8;5;2;3;11;5;25000;1
2024;4;16;506;506008;-;2;11;2;2;3;11;2;22173;1
2024;4;16;506;506008;-;2;11;2;2;3;11;5;360;1
2024;4;16;506;506008;-;2;11;4;2;3;11;2;962135;1
2024;4;16;506;506008;-;2;11;4;2;3;11;4;2737;1
2024;4;16;506;506008;-;2;11;4;2;3;11;5;33600;1
2024;4;16;506;506008;-;2;11;5;2;3;11;2;5258288;1
2024;4;16;506;506008;-;2;11;5;2;3;11;4;6000;1
2024;4;16;506;506008;-;2;11;5;2;3;11;5;65000;1
2024;4;16;506;506008;-;2;14;4;2;3;11;2;680638;1
2024;4;16;506;506008;-;2;14;4;2;3;11;4;1000;1
2024;4;16;506;506008;-;2;14;4;2;3;11;5;30000;1
2024;4;16;506;506008;-;2;14;5;2;3;11;2;1622483;1
2024;4;16;506;506008;-;2;14;5;2;3;11;4;2150;1
2024;4;16;506;506008;-;2;14;5;2;3;11;5;13596;1
2024;4;17;503;503005;-;1;5;4;2;3;11;2;54750;1
2024;4;17;503;503005;-;1;5;4;2;3;11;4;1200;1
2024;4;17;503;503005;-;1;5;4;2;3;11;5;10500;1
2024;4;17;503;503005;-;2;2;7;2;3;11;2;2512374;1
2024;4;17;503;503005;-;2;2;7;2;3;11;4;73000;1
2024;4;17;503;503005;-;2;2;7;2;3;11;5;135000;1
2024;4;17;503;503005;-;2;5;2;2;3;11;3;36500;1
2024;4;17;503;503005;-;2;5;2;2;3;11;4;1460;1
2024;4;17;503;503005;-;2;5;2;2;3;11;5;800;1
2024;4;17;503;503005;-;2;5;3;2;3;11;2;1012991;2
2024;4;17;503;503005;-;2;5;3;2;3;11;3;188800;2
2024;4;17;503;503005;-;2;5;3;2;3;11;4;3800;4
2024;4;17;503;503005;-;2;5;3;2;3;11;5;71000;3
2024;4;17;503;503005;-;2;5;4;2;3;11;2;420000;1
2024;4;17;503;503005;-;2;5;4;2;3;11;4;4000;1
2024;4;17;503;503005;-;2;5;5;2;3;11;2;43006;1
2024;4;17;503;503005;-;2;11;2;2;3;11;3;36000;1
2024;4;17;503;503005;-;2;11;2;2;3;11;4;700;1
2024;4;17;503;503005;-;2;11;2;2;3;11;5;1800;1
2024;4;17;503;503005;-;2;11;6;2;3;11;2;1468254;1
2024;4;17;503;503005;-;2;11;6;2;3;11;4;2190;1
2024;4;17;503;503005;-;2;11;6;2;3;11;5;69360;1
2024;4;17;503;503006;-;1;5;2;2;3;11;3;145000;1
2024;4;17;503;503006;-;1;5;2;2;3;11;4;650;1
2024;4;17;503;503006;-;1;5;2;2;3;11;5;1800;1
2024;4;17;503;503006;-;1;11;4;2;3;11;3;364000;1
2024;4;17;503;503006;-;1;11;4;2;3;11;4;1000;1
2024;4;17;503;503006;-;1;11;4;2;3;11;5;3000;1
2024;4;17;503;503006;-;1;11;7;2;3;11;2;598697;1
2024;4;17;503;503006;-;2;5;2;2;3;11;3;36500;1
2024;4;17;503;503006;-;2;5;2;2;3;11;4;360;1
2024;4;17;503;503006;-;2;5;2;2;3;11;5;1080;1
2024;4;17;503;503006;-;2;5;3;2;3;11;2;100350;1
2024;4;17;503;503006;-;2;5;3;2;3;11;3;234200;1
2024;4;17;503;503006;-;2;5;3;2;3;11;4;2000;1
2024;4;17;503;503006;-;2;5;3;2;3;11;5;5100;1
2024;4;17;503;503006;-;2;5;4;2;3;11;1;734500;2
2024;4;17;503;503006;-;2;5;4;2;3;11;2;184632;1
2024;4;17;503;503006;-;2;5;4;2;3;11;3;521000;2
2024;4;17;503;503006;-;2;5;4;2;3;11;4;3465;5
2024;4;17;503;503006;-;2;5;4;2;3;11;5;39100;5
2024;4;17;503;503006;-;2;5;5;2;3;11;2;597317;1
2024;4;17;503;503006;-;2;5;5;2;3;11;4;1800;1
2024;4;17;503;503006;-;2;5;5;2;3;11;5;20000;1
2024;4;17;503;503006;-;2;5;6;2;3;11;1;4126818;1
2024;4;17;503;503006;-;2;5;6;2;3;11;4;2000;1
2024;4;17;503;503006;-;2;11;3;2;3;11;3;219000;1
2024;4;17;503;503006;-;2;11;3;2;3;11;4;1000;1
2024;4;17;503;503006;-;2;11;4;2;3;11;2;852000;2
2024;4;17;503;503006;-;2;11;4;2;3;11;4;10800;2
2024;4;17;503;503006;-;2;11;4;2;3;11;5;74600;2
2024;4;17;503;503006;-;2;11;5;2;3;11;2;2954055;2
2024;4;17;503;503006;-;2;11;5;2;3;11;4;1695;2
2024;4;17;503;503006;-;2;11;5;2;3;11;5;70000;2
2024;4;17;503;503006;-;2;14;6;2;3;11;2;5599717;1
2024;4;17;503;503006;-;2;14;6;2;3;11;4;6890;1
2024;4;17;503;503006;-;2;14;6;2;3;11;5;256075;1
2024;4;17;503;503007;-;2;5;2;2;3;11;3;36500;1
2024;4;17;503;503007;-;2;5;2;2;3;11;4;365;1
2024;4;17;503;503007;-;2;5;2;2;3;11;5;480;1
2024;4;17;503;503007;-;2;11;2;2;3;11;3;72000;1
2024;4;17;503;503007;-;2;11;2;2;3;11;4;400;1
2024;4;17;503;503007;-;2;11;2;2;3;11;5;3600;1
2024;4;17;503;503007;-;2;11;3;2;3;11;3;60000;1
2024;4;17;503;503007;-;2;11;3;2;3;11;4;1000;1
2024;4;17;503;503007;-;2;11;4;2;3;11;2;561560;1
2024;4;17;503;503007;-;2;11;4;2;3;11;4;5000;1
2024;4;17;503;503007;-;2;11;4;2;3;11;5;14000;1
2024;4;17;505;505001;-;1;5;6;2;3;11;2;90000;1
2024;4;17;505;505001;-;1;5;6;2;3;11;3;90000;1
2024;4;17;505;505001;-;1;5;6;2;3;11;4;400;1
2024;4;17;505;505001;-;1;5;6;2;3;11;5;4000;1
2024;4;17;505;505001;-;2;5;5;2;3;11;3;248000;1
2024;4;17;505;505001;-;2;5;5;2;3;11;4;1000;1
2024;4;17;505;505001;-;2;5;5;2;3;11;5;20000;1
2024;4;17;505;505001;-;2;11;2;2;3;11;3;53000;1
2024;4;17;505;505001;-;2;11;2;2;3;11;4;720;1
2024;4;17;505;505001;-;2;11;2;2;3;11;5;840;1
2024;4;17;505;505001;-;2;11;4;2;3;11;1;40000;1
2024;4;17;505;505001;-;2;11;4;2;3;11;4;800;1
2024;4;17;505;505001;-;2;11;4;2;3;11;5;1600;1
2024;4;17;505;505001;-;2;14;4;2;3;11;2;720101;1
2024;4;17;505;505001;-;2;14;4;2;3;11;4;366;1
2024;4;17;505;505004;-;2;5;2;2;3;11;2;132000;1
2024;4;17;505;505004;-;2;5;2;2;3;11;4;2000;1
2024;4;17;505;505004;-;2;5;4;2;3;11;2;251319;1
2024;4;17;505;505004;-;2;5;4;2;3;11;3;300000;1
2024;4;17;505;505004;-;2;5;4;2;3;11;4;2450;2
2024;4;17;505;505004;-;2;5;4;2;3;11;5;10500;2
2024;4;17;505;505004;-;2;5;5;2;3;11;3;835020;1
2024;4;17;505;505004;-;2;5;5;2;3;11;4;730;1
2024;4;17;505;505004;-;2;5;5;2;3;11;5;18250;1
2024;4;17;505;505004;-;2;11;3;2;3;11;2;104000;1
2024;4;17;505;505004;-;2;11;3;2;3;11;4;500;1
2024;4;17;505;505004;-;2;11;3;2;3;11;5;500;1
2024;4;17;505;505004;-;2;11;4;2;3;11;2;526000;1
2024;4;17;505;505004;-;2;11;4;2;3;11;3;1141500;2
2024;4;17;505;505004;-;2;11;4;2;3;11;4;3750;3
2024;4;17;505;505004;-;2;11;4;2;3;11;5;7650;2
2024;4;17;505;505006;-;2;5;3;2;3;11;2;139430;1
2024;4;17;505;505006;-;2;5;3;2;3;11;4;1460;1
2024;4;17;505;505006;-;2;5;3;2;3;11;5;4380;1
2024;4;17;505;505006;-;2;5;5;2;3;11;3;456000;1
2024;4;17;505;505006;-;2;5;5;2;3;11;4;2500;1
2024;4;17;505;505006;-;2;5;5;2;3;11;5;4000;1
2024;4;17;505;505006;-;2;8;2;2;3;11;5;12000;1
2024;4;17;505;505006;-;2;8;5;2;3;11;2;2143638;1
2024;4;17;505;505006;-;2;8;5;2;3;11;4;5000;1
2024;4;17;505;505006;-;2;8;5;2;3;11;5;25000;1
2024;4;17;505;505006;-;2;11;3;2;3;11;2;180000;1
2024;4;17;505;505006;-;2;11;3;2;3;11;3;650000;1
2024;4;17;505;505006;-;2;11;3;2;3;11;4;1800;1
2024;4;17;505;505006;-;2;11;3;2;3;11;5;28800;1
2024;4;17;505;505006;-;2;12;5;2;3;11;1;1100000;1
2024;4;17;506;506001;-;2;5;4;2;3;11;2;222000;1
2024;4;17;506;506001;-;2;5;4;2;3;11;4;1000;1
2024;4;17;506;506001;-;2;5;4;2;3;11;5;73000;1
2024;4;17;506;506001;-;2;8;2;2;3;11;2;300000;1
2024;4;18;505;505001;-;1;5;3;2;3;11;3;109500;1
2024;4;18;505;505001;-;1;5;3;2;3;11;4;700;1
2024;4;18;505;505001;-;1;5;3;2;3;11;5;2500;1
2024;4;18;505;505001;-;1;11;2;2;3;11;3;116000;1
2024;4;18;505;505001;-;1;11;2;2;3;11;4;1000;1
2024;4;18;505;505001;-;1;11;2;2;3;11;5;10000;1
2024;4;18;505;505001;-;1;11;5;2;3;11;2;45000;1
2024;4;18;505;505001;-;1;11;5;2;3;11;3;312000;2
2024;4;18;505;505001;-;1;11;5;2;3;11;4;2250;2
2024;4;18;505;505001;-;1;11;5;2;3;11;5;17750;2
2024;4;18;505;505001;-;2;5;2;2;3;11;2;91250;1
2024;4;18;505;505001;-;2;5;2;2;3;11;3;100000;1
2024;4;18;505;505001;-;2;5;2;2;3;11;4;1200;2
2024;4;18;505;505001;-;2;5;2;2;3;11;5;1920;1
2024;4;18;505;505001;-;2;5;4;2;3;11;2;70000;1
2024;4;18;505;505001;-;2;5;4;2;3;11;3;150000;1
2024;4;18;505;505001;-;2;5;4;2;3;11;4;1800;2
2024;4;18;505;505001;-;2;5;4;2;3;11;5;5000;1
2024;4;18;505;505001;-;2;11;5;2;3;11;3;345600;1
2024;4;18;505;505001;-;2;11;5;2;3;11;4;2500;1
2024;4;18;505;505001;-;2;11;5;2;3;11;5;8000;1
2024;4;18;505;505002;-;1;5;3;2;3;11;3;110000;1
2024;4;18;505;505002;-;1;5;3;2;3;11;4;1000;1
2024;4;18;505;505002;-;1;5;3;2;3;11;5;9000;1
2024;4;18;505;505002;-;1;11;3;2;3;11;3;760000;4
2024;4;18;505;505002;-;1;11;3;2;3;11;4;12600;4
2024;4;18;505;505002;-;1;11;3;2;3;11;5;31550;3
2024;4;18;505;505002;-;2;8;5;2;3;11;2;573111;1
2024;4;18;505;505002;-;2;8;5;2;3;11;4;1000;1
2024;4;18;505;505002;-;2;8;5;2;3;11;5;13000;1
2024;4;18;505;505002;-;2;11;2;2;3;11;3;156000;1
2024;4;18;505;505002;-;2;11;2;2;3;11;4;800;1
2024;4;18;505;505002;-;2;11;2;2;3;11;5;9700;1
2024;4;18;505;505002;-;2;11;4;2;3;11;3;740000;1
2024;4;18;505;505002;-;2;11;4;2;3;11;4;400;1
2024;4;18;505;505002;-;2;11;4;2;3;11;5;7000;1
2024;4;18;505;505002;-;2;11;5;2;3;11;3;620000;1
2024;4;18;505;505002;-;2;11;5;2;3;11;4;1500;1
2024;4;18;505;505002;-;2;11;5;2;3;11;5;33000;1
2024;4;18;505;505003;-;1;5;4;2;3;11;3;108000;1
2024;4;18;505;505003;-;1;5;4;2;3;11;4;1150;1
2024;4;18;505;505003;-;1;5;4;2;3;11;5;15500;1
2024;4;18;505;505003;-;2;5;2;2;3;11;2;84000;1
2024;4;18;505;505003;-;2;5;2;2;3;11;4;360;1
2024;4;18;505;505003;-;2;5;2;2;3;11;5;1440;1
2024;4;18;505;505003;-;2;5;3;2;3;11;2;104825;1
2024;4;18;505;505003;-;2;5;3;2;3;11;3;145000;1
2024;4;18;505;505003;-;2;5;3;2;3;11;4;1100;2
2024;4;18;505;505003;-;2;5;3;2;3;11;5;14300;2
2024;4;18;505;505003;-;2;8;6;2;3;11;2;3051203;1
2024;4;18;505;505003;-;2;8;6;2;3;11;3;687067;1
2024;4;18;505;505003;-;2;8;6;2;3;11;5;6000;1
2024;4;18;505;505003;-;2;11;4;2;3;11;3;402210;2
2024;4;18;505;505003;-;2;11;4;2;3;11;4;290;1
2024;4;18;505;505003;-;2;11;4;2;3;11;5;8300;1
2024;4;18;505;505003;-;2;11;5;2;3;11;3;292000;1
2024;4;18;505;505003;-;2;11;5;2;3;11;4;400;1
2024;4;18;505;505003;-;2;11;5;2;3;11;5;21000;1
2024;4;18;505;505003;-;2;14;4;2;3;11;2;180000;1
2024;4;18;505;505003;-;2;14;4;2;3;11;4;1300;1
2024;4;18;505;505003;-;2;14;4;2;3;11;5;20000;1
2024;4;18;505;505005;-;1;5;3;2;3;11;3;149200;1
2024;4;18;505;505005;-;1;5;3;2;3;11;4;600;1
2024;4;18;505;505005;-;1;5;3;2;3;11;5;8000;1
2024;4;18;505;505005;-;1;8;3;2;3;11;2;195000;1
2024;4;18;505;505005;-;1;8;3;2;3;11;4;1000;1
2024;4;18;505;505005;-;1;11;3;2;3;11;3;50000;1
2024;4;18;505;505005;-;1;11;3;2;3;11;4;1000;1
2024;4;18;505;505005;-;1;11;5;2;3;11;3;235000;1
2024;4;18;505;505005;-;1;11;5;2;3;11;4;2000;1
2024;4;18;505;505005;-;1;11;5;2;3;11;5;15000;1
2024;4;18;505;505005;-;2;5;2;2;3;11;2;274025;1
2024;4;18;505;505005;-;2;5;2;2;3;11;3;53000;1
2024;4;18;505;505005;-;2;5;2;2;3;11;4;1600;2
2024;4;18;505;505005;-;2;5;5;2;3;11;2;145297;1
2024;4;18;505;505005;-;2;5;5;2;3;11;4;2500;1
2024;4;18;505;505005;-;2;5;5;2;3;11;5;12000;1
2024;4;18;505;505005;-;2;11;2;2;3;11;3;182500;1
2024;4;18;505;505005;-;2;11;2;2;3;11;4;1300;1
2024;4;18;505;505005;-;2;11;2;2;3;11;5;14500;1
2024;5;2;601;601004;-;2;1;3;2;3;11;2;87004;1
2024;5;2;601;601004;-;2;1;3;2;3;11;4;10400;1
2024;5;2;601;601004;-;2;1;3;2;3;11;5;12810;1
2024;5;2;601;601004;-;2;12;5;2;3;11;2;769938;1
2024;5;2;601;601004;-;2;12;5;2;3;11;3;144637029;1
2024;5;2;601;601004;-;2;12;5;2;3;11;5;1678108;1
2024;5;2;601;601004;-;2;12;8;2;3;11;2;13386469;1
2024;5;2;601;601004;-;2;12;8;2;3;11;3;32250395;1
2024;5;2;601;601004;-;2;12;8;2;3;11;5;550488;1
2024;5;2;602;602002;-;2;5;2;2;3;11;3;70000;1
2024;5;2;602;602002;-;2;5;2;2;3;11;4;700;1
2024;5;3;601;601003;-;2;12;6;2;3;11;2;2317632;1
2024;5;3;601;601003;-;2;12;6;2;3;11;4;2150;1
2024;5;3;601;601003;-;2;12;6;2;3;11;5;77420;1
2024;5;4;602;602005;-;2;5;7;2;3;11;1;5800000;1
2024;5;11;601;601007;-;2;5;4;2;3;11;2;405000;1
2024;5;11;601;601007;-;2;5;4;2;3;11;4;1825;1
2024;5;11;601;601007;-;2;5;4;2;3;11;5;20600;1
2024;5;11;601;601007;-;2;5;5;2;3;11;2;893530;1
2024;5;11;601;601007;-;2;5;5;2;3;11;4;3500;1
2024;5;11;601;601007;-;2;5;5;2;3;11;5;75000;1
2024;5;13;601;601006;-;1;5;2;2;3;11;2;35000;1
2024;5;13;601;601006;-;1;5;2;2;3;11;4;1500;1
2024;5;13;601;601006;-;1;5;2;2;3;11;5;3000;1
2024;5;13;601;601006;-;2;5;2;2;3;11;3;49500;1
2024;5;13;601;601006;-;2;5;2;2;3;11;4;700;1
2024;5;13;601;601006;-;2;5;2;2;3;11;5;3050;1
2024;5;13;601;601006;-;2;8;2;2;3;11;2;10500;1
2024;5;15;601;601005;-;2;5;3;2;3;11;2;120000;1
2024;5;15;601;601005;-;2;5;3;2;3;11;4;600;1
2024;5;15;601;601005;-;2;8;6;2;3;11;2;1095583;1
2024;5;15;601;601005;-;2;8;6;2;3;11;4;3600;1
2024;5;15;601;601005;-;2;8;6;2;3;11;5;35000;1
2024;5;15;601;601005;-;2;11;2;2;3;11;2;165000;1
2024;5;15;601;601005;-;2;11;2;2;3;11;4;680;1
2024;5;15;601;601005;-;2;11;2;2;3;11;5;9500;1
2024;5;15;601;601005;-;2;12;4;2;3;11;2;492635;1
2024;5;15;601;601005;-;2;12;4;2;3;11;4;1000;1
2024;5;15;601;601005;-;2;12;4;2;3;11;5;20000;1
2024;6;2;701;701001;-;2;5;3;2;3;11;2;156618;1
2024;6;2;701;701001;-;2;5;3;2;3;11;4;1200;1
2024;6;2;701;701001;-;2;5;3;2;3;11;5;7000;1
2024;6;2;702;702002;-;2;5;2;2;3;11;2;334358;1
2024;6;2;702;702002;-;2;5;2;2;3;11;4;1460;1
2024;6;2;702;702002;-;2;5;2;2;3;11;5;14580;1
2024;6;2;702;702002;-;2;5;3;2;3;11;1;31200;1
2024;6;2;702;702002;-;2;5;3;2;3;11;2;90000;1
2024;6;2;702;702002;-;2;5;3;2;3;11;4;1800;1
2024;6;2;702;702002;-;2;5;3;2;3;11;5;45000;1
2024;6;2;702;702002;-;2;8;4;2;3;11;2;722700;1
2024;6;2;702;702002;-;2;8;4;2;3;11;4;1100;1
2024;6;2;702;702002;-;2;8;4;2;3;11;5;31000;1
2024;6;2;702;702002;-;2;11;4;2;3;11;1;339835;1
2024;6;2;702;702002;-;2;11;4;2;3;11;4;21000;1
2024;6;3;701;701002;-;1;5;3;2;3;11;2;80000;1
2024;6;3;701;701002;-;1;5;3;2;3;11;4;1000;1
2024;6;3;701;701002;-;1;5;3;2;3;11;5;1000;1
2024;6;3;702;702001;-;18;11;1;1;1;11;3;80000;1
2024;6;3;702;702001;-;18;11;1;1;1;11;4;2000;1
2024;6;4;701;701003;-;1;11;3;2;3;11;3;29000;1
2024;6;4;701;701003;-;1;11;3;2;3;11;4;300;1
2024;6;4;701;701003;-;2;2;7;2;3;11;1;7241301;1
2024;6;4;701;701003;-;2;2;7;2;3;11;4;12000;1
2024;6;4;701;701003;-;2;2;7;2;3;11;5;166500;1
2024;6;4;701;701003;-;2;3;5;2;3;11;2;2557031;1
2024;6;4;701;701003;-;2;3;5;2;3;11;4;9000;1
2024;6;4;701;701003;-;2;3;5;2;3;11;5;50000;1
2024;6;4;701;701003;-;2;5;2;2;3;11;1;353000;1
2024;6;4;701;701003;-;2;5;2;2;3;11;2;358199;1
2024;6;4;701;701003;-;2;5;2;2;3;11;3;100000;1
2024;6;4;701;701003;-;2;5;2;2;3;11;4;1650;3
2024;6;4;701;701003;-;2;5;2;2;3;11;5;9300;3
2024;6;4;701;701003;-;2;5;3;2;3;11;1;2318043;2
2024;6;4;701;701003;-;2;5;3;2;3;11;2;1856326;7
2024;6;4;701;701003;-;2;5;3;2;3;11;4;10650;8
2024;6;4;701;701003;-;2;5;3;2;3;11;5;311660;8
2024;6;4;701;701003;-;2;5;4;2;3;11;2;1498206;2
2024;6;4;701;701003;-;2;5;4;2;3;11;4;1000;1
2024;6;4;701;701003;-;2;5;4;2;3;11;5;13000;1
2024;6;4;701;701003;-;2;5;5;2;3;11;2;542827;1
2024;6;4;701;701003;-;2;5;5;2;3;11;4;700;1
2024;6;4;701;701003;-;2;5;5;2;3;11;5;43200;1
2024;6;4;701;701003;-;2;8;4;2;3;11;2;169166;1
2024;6;4;701;701003;-;2;8;4;2;3;11;4;1500;1
2024;6;4;701;701003;-;2;8;4;2;3;11;5;5000;1
2024;6;4;701;701003;-;2;11;2;2;3;11;3;32850;1
2024;6;4;701;701003;-;2;11;2;2;3;11;4;730;1
2024;6;4;701;701003;-;2;11;2;2;3;11;5;3000;1
2024;6;4;701;701003;-;2;11;6;2;3;11;2;4450000;1
2024;6;4;701;701003;-;2;11;6;2;3;11;4;5000;1
2024;6;4;701;701003;-;2;11;6;2;3;11;5;63900;1
2024;6;4;701;701003;-;2;13;6;2;3;11;2;1796029;1
2024;6;4;701;701003;-;2;13;6;2;3;11;4;3800;1
2024;6;4;701;701003;-;2;13;6;2;3;11;5;43850;1
2024;6;4;701;701004;-;1;5;4;2;3;11;2;4031428;1
2024;6;4;701;701004;-;1;5;4;2;3;11;4;600;1
2024;6;4;701;701004;-;1;5;4;2;3;11;5;6000;1
2024;6;4;701;701004;-;2;5;4;2;3;11;3;170000;1
2024;6;4;701;701004;-;2;5;4;2;3;11;4;200;1
2024;6;4;701;701004;-;2;5;4;2;3;11;5;350;1
2024;6;4;701;701005;-;1;11;3;2;3;11;2;235000;1
2024;6;4;701;701005;-;1;11;3;2;3;11;4;2500;1
2024;6;4;701;701005;-;1;11;3;2;3;11;5;14500;1
2024;6;4;701;701005;-;1;11;5;2;3;11;2;295122;1
2024;6;4;701;701005;-;1;11;5;2;3;11;4;1825;1
2024;6;4;701;701005;-;1;11;5;2;3;11;5;21900;1
2024;6;4;701;701005;-;2;5;3;2;3;11;2;1610339;5
2024;6;4;701;701005;-;2;5;3;2;3;11;3;223400;2
2024;6;4;701;701005;-;2;5;3;2;3;11;4;2840;3
2024;6;4;701;701005;-;2;5;3;2;3;11;5;18680;3
2024;6;4;701;701005;-;2;5;4;2;3;11;2;2456916;3
2024;6;4;701;701005;-;2;5;4;2;3;11;4;4000;2
2024;6;4;701;701005;-;2;5;4;2;3;11;5;192000;3
2024;6;4;701;701005;-;2;5;5;2;3;11;2;1306767;2
2024;6;4;701;701005;-;2;5;5;2;3;11;3;47785;1
2024;6;4;701;701005;-;2;5;5;2;3;11;4;2840;3
2024;6;4;701;701005;-;2;5;5;2;3;11;5;85393;3
2024;6;4;701;701005;-;2;8;3;2;3;11;2;269371;1
2024;6;4;701;701005;-;2;8;3;2;3;11;4;585;1
2024;6;4;701;701005;-;2;8;3;2;3;11;5;1203;1
2024;6;4;701;701005;-;2;8;4;2;3;11;2;327000;1
2024;6;4;701;701005;-;2;8;4;2;3;11;4;200;1
2024;6;4;701;701005;-;2;8;4;2;3;11;5;13000;1
2024;6;4;701;701005;-;2;11;3;2;3;11;2;532490;3
2024;6;4;701;701005;-;2;11;3;2;3;11;4;2640;3
2024;6;4;701;701005;-;2;11;3;2;3;11;5;2800;2
2024;6;4;701;701005;-;2;11;4;2;3;11;2;2264088;4
2024;6;4;701;701005;-;2;11;4;2;3;11;4;6800;4
2024;6;4;701;701005;-;2;11;4;2;3;11;5;20200;3
2024;6;4;701;701005;-;16;5;3;2;3;11;2;74204;1
2024;6;4;701;701005;-;16;5;3;2;3;11;4;1000;1
2024;6;4;701;701005;-;16;5;3;2;3;11;5;2000;1
2024;6;4;702;702002;-;2;11;3;2;3;11;2;406710;1
2024;6;4;702;702002;-;2;11;3;2;3;11;4;720;1
2024;6;4;702;702002;-;2;11;3;2;3;11;5;3280;1
2024;6;5;702;702005;-;1;11;2;2;3;11;3;8000;1
2024;6;5;702;702005;-;1;11;2;2;3;11;4;1800;1
2024;6;5;702;702005;-;1;11;2;2;3;11;5;3000;1
2024;6;5;702;702005;-;2;5;5;2;3;11;2;421736;1
2024;6;5;702;702005;-;2;5;5;2;3;11;4;750;1
2024;6;5;702;702005;-;2;5;5;2;3;11;5;18250;1
2024;6;5;702;702005;-;2;13;5;2;3;11;2;960787;1
2024;6;5;702;702005;-;2;13;5;2;3;11;4;2550;1
2024;6;5;702;702005;-;2;13;5;2;3;11;5;30500;1
2024;6;6;0;0;-;63;5;1;1;1;11;2;108000;1
2024;6;6;701;701006;-;2;5;3;2;3;11;2;379395;1
2024;6;6;701;701006;-;2;5;3;2;3;11;4;3600;1
2024;6;6;701;701006;-;2;5;3;2;3;11;5;18000;1
2024;6;6;701;701006;-;2;5;5;2;3;11;2;1098526;1
2024;6;6;701;701006;-;2;5;5;2;3;11;4;3200;1
2024;6;6;701;701006;-;2;5;5;2;3;11;5;46500;1
2024;6;6;702;702001;-;2;5;2;2;3;11;2;80000;1
2024;6;6;702;702001;-;2;5;2;2;3;11;4;300;1
2024;6;6;702;702001;-;2;5;2;2;3;11;5;2500;1
2024;6;6;702;702001;-;2;5;5;2;3;11;1;803000;1
2024;6;6;702;702001;-;2;5;5;2;3;11;4;5;1
2024;6;6;702;702001;-;2;5;5;2;3;11;5;14600;1
2024;6;6;702;702001;-;2;8;3;2;3;11;2;319414;1
2024;6;6;702;702001;-;2;8;3;2;3;11;4;1350;1
2024;6;6;702;702001;-;2;8;3;2;3;11;5;14400;1
2024;6;6;702;702003;-;2;11;4;2;3;11;1;1159705;1
2024;6;6;702;702003;-;2;11;4;2;3;11;4;3000;1
2024;6;6;702;702003;-;2;11;4;2;3;11;5;35000;1
2024;6;6;702;702003;-;2;12;5;2;3;11;2;845431;2
2024;6;6;702;702003;-;2;12;5;2;3;11;4;2000;2
2024;6;6;702;702003;-;2;12;5;2;3;11;5;25000;2
2024;6;7;702;702001;-;2;5;2;2;3;11;2;71126;1
2024;6;7;702;702001;-;2;5;2;2;3;11;4;7800;2
2024;6;7;702;702001;-;2;5;2;2;3;11;5;20136;2
2024;6;7;702;702001;-;2;5;3;2;3;11;2;704595;1
2024;6;7;702;702001;-;2;5;3;2;3;11;4;870;1
2024;6;7;702;702001;-;2;5;3;2;3;11;5;28600;1
2024;6;7;702;702001;-;2;6;3;2;3;11;3;54000;1
2024;6;7;702;702001;-;2;6;3;2;3;11;4;700;1
2024;6;7;702;702001;-;2;6;3;2;3;11;5;2000;1
2024;6;7;702;702001;-;2;8;5;2;3;11;2;337183;1
2024;6;7;702;702001;-;2;8;5;2;3;11;4;10200;1
2024;6;7;702;702001;-;2;8;5;2;3;11;5;35000;1
2024;6;7;702;702001;-;2;11;3;2;3;11;3;140;1
2024;6;7;702;702001;-;2;11;3;2;3;11;4;3;1
2024;6;7;702;702001;-;2;11;3;2;3;11;5;40;1
2024;6;7;702;702001;-;2;12;6;2;3;11;2;3228368;1
2024;6;7;702;702001;-;2;12;6;2;3;11;4;3447;1
2024;6;7;702;702001;-;2;12;6;2;3;11;5;74821;1
2024;6;7;702;702001;-;2;14;4;2;3;11;2;900000;1
2024;6;7;702;702001;-;2;14;4;2;3;11;4;3600;1
2024;6;7;702;702002;-;1;11;2;2;3;11;1;3600;1
2024;6;7;702;702002;-;1;11;2;2;3;11;4;1440;1
2024;6;7;702;702002;-;1;11;2;2;3;11;5;2160;1
2024;6;7;702;702002;-;2;5;3;2;3;11;2;223145;1
2024;6;7;702;702002;-;2;5;3;2;3;11;4;2520;1
2024;6;7;702;702002;-;2;5;3;2;3;11;5;9480;1
2024;6;8;702;702003;-;2;12;3;2;3;11;2;161400;1
2024;6;8;702;702003;-;2;12;3;2;3;11;4;600;1
2024;6;8;702;702004;-;2;5;2;2;3;11;2;265369;1
2024;6;8;702;702004;-;2;5;2;2;3;11;4;360;1
2024;6;8;702;702004;-;2;5;2;2;3;11;5;2000;1
2024;6;8;702;702004;-;2;5;6;2;3;11;1;3996517;1
2024;6;8;702;702004;-;2;5;6;2;3;11;4;3000;1
2024;6;8;702;702004;-;2;5;6;2;3;11;5;149800;1
2024;6;8;702;702004;-;2;8;5;2;3;11;2;132000;1
2024;6;8;702;702004;-;2;8;5;2;3;11;4;900;1
2024;6;8;702;702004;-;2;8;5;2;3;11;5;4200;1
2024;6;8;702;702004;-;2;11;4;2;3;11;2;1662146;1
2024;6;8;702;702004;-;2;11;4;2;3;11;4;4500;1
2024;6;8;702;702004;-;2;11;4;2;3;11;5;53000;1
2024;6;9;701;701004;-;2;5;2;2;3;11;1;110000;1
2024;6;9;701;701004;-;2;5;2;2;3;11;2;110000;1
2024;6;9;701;701004;-;2;5;2;2;3;11;4;1500;1
2024;6;9;701;701004;-;2;5;2;2;3;11;5;10000;1
2024;6;9;701;701004;-;2;5;3;2;3;11;3;76000;1
2024;6;9;701;701004;-;2;5;3;2;3;11;4;1000;1
2024;6;9;701;701004;-;2;5;3;2;3;11;5;300;1
2024;6;9;701;701004;-;2;11;3;2;3;11;3;80000;1
2024;6;9;701;701004;-;2;11;3;2;3;11;4;500;1
2024;6;9;701;701004;-;2;11;3;2;3;11;5;1000;1
2024;6;9;701;701004;-;16;1;4;2;3;11;2;336872;1
2024;6;9;701;701004;-;16;1;4;2;3;11;4;3835;1
2024;6;9;701;701004;-;16;1;4;2;3;11;5;16809;1
2024;6;9;701;701005;-;2;5;2;2;3;11;1;7947;1
2024;7;1;801;801005;-;2;1;2;2;3;11;4;7000;1
2024;7;1;801;801005;-;2;1;2;2;3;11;5;800;1
2024;7;2;803;803003;-;2;8;5;2;3;11;2;1803946;1
2024;7;2;803;803003;-;2;8;5;2;3;11;4;3600;1
2024;7;2;803;803003;-;2;8;5;2;3;11;5;91918;1
2024;7;2;803;803004;-;2;5;4;2;3;11;2;983923;2
2024;7;2;803;803004;-;2;5;4;2;3;11;4;2625;2
2024;7;2;803;803004;-;2;5;4;2;3;11;5;9900;2
2024;7;2;803;803005;-;1;5;6;2;3;11;2;200534;1
2024;7;2;803;803005;-;1;5;6;2;3;11;4;360;1
2024;7;2;803;803005;-;1;5;6;2;3;11;5;16800;1
2024;7;2;803;803005;-;2;3;6;2;3;11;1;7919877;1
2024;7;2;803;803005;-;2;3;6;2;3;11;4;3500;1
2024;7;2;803;803005;-;2;3;6;2;3;11;5;300000;1
2024;7;2;803;803005;-;2;12;4;2;3;11;2;792860;1
2024;7;2;803;803005;-;2;12;4;2;3;11;4;1460;1
2024;7;2;803;803005;-;2;12;4;2;3;11;5;32850;1
2024;7;2;804;804003;-;2;5;3;2;3;11;2;175400;1
2024;7;2;804;804003;-;2;5;3;2;3;11;4;2000;1
2024;7;2;804;804003;-;2;5;3;2;3;11;5;18250;1
2024;7;2;804;804003;-;2;5;5;2;3;11;2;846534;2
2024;7;2;804;804003;-;2;5;5;2;3;11;4;2190;1
2024;7;2;804;804003;-;2;5;5;2;3;11;5;29200;1
2024;7;2;804;804003;-;2;11;4;2;3;11;2;278645;1
2024;7;2;804;804003;-;2;11;4;2;3;11;4;1220;1
2024;7;2;804;804003;-;2;11;4;2;3;11;5;12100;1
2024;7;2;804;804003;-;2;11;5;2;3;11;1;120000;1
2024;7;2;804;804003;-;2;11;5;2;3;11;3;300000;1
2024;7;2;804;804003;-;2;11;5;2;3;11;4;1000;1
2024;7;2;804;804003;-;2;11;5;2;3;11;5;1000;1
2024;7;2;804;804003;-;2;13;5;2;3;11;2;1123693;1
2024;7;2;804;804003;-;2;13;5;2;3;11;4;1250;1
2024;7;2;804;804003;-;2;13;5;2;3;11;5;56185;1
2024;7;2;804;804004;-;1;5;2;2;3;11;2;21000;1
2024;7;2;804;804004;-;1;5;2;2;3;11;4;370;1
2024;7;2;804;804004;-;1;5;2;2;3;11;5;2400;1
2024;7;2;804;804004;-;2;5;2;2;3;11;1;600000;1
2024;7;2;804;804004;-;2;5;2;2;3;11;2;492498;2
2024;7;2;804;804004;-;2;5;2;2;3;11;3;112500;1
2024;7;2;804;804004;-;2;5;2;2;3;11;4;1115;2
2024;7;2;804;804004;-;2;5;2;2;3;11;5;8500;2
2024;7;2;804;804004;-;2;5;3;2;3;11;2;361127;1
2024;7;2;804;804004;-;2;5;3;2;3;11;3;284560;1
2024;7;2;804;804004;-;2;5;3;2;3;11;4;750;1
2024;7;2;804;804004;-;2;5;3;2;3;11;5;25000;1
2024;7;2;804;804004;-;2;5;4;2;3;11;2;2335699;3
2024;7;2;804;804004;-;2;5;4;2;3;11;4;5650;3
2024;7;2;804;804004;-;2;5;4;2;3;11;5;145500;3
2024;7;2;804;804004;-;2;5;6;2;3;11;2;1817676;1
2024;7;2;804;804004;-;2;5;6;2;3;11;4;6000;1
2024;7;2;804;804004;-;2;5;6;2;3;11;5;11000;1
2024;7;2;804;804004;-;2;8;2;2;3;11;2;370300;1
2024;7;2;804;804004;-;2;8;2;2;3;11;3;370300;1
2024;7;2;804;804004;-;2;8;2;2;3;11;4;1500;1
2024;7;2;804;804004;-;2;8;2;2;3;11;5;44000;1
2024;7;2;804;804004;-;2;11;2;2;3;11;2;288656;2
2024;7;2;804;804004;-;2;11;2;2;3;11;4;720;2
2024;7;2;804;804004;-;2;11;2;2;3;11;5;7098;2
2024;7;2;804;804004;-;2;11;3;2;3;11;2;180472;1
2024;7;2;804;804004;-;2;11;3;2;3;11;4;1460;1
2024;7;2;804;804004;-;2;11;3;2;3;11;5;20000;1
2024;7;2;804;804004;-;2;11;4;2;3;11;2;295000;1
2024;7;2;804;804004;-;2;11;4;2;3;11;3;305000;1
2024;7;2;804;804004;-;2;11;4;2;3;11;4;730;1
2024;7;2;804;804004;-;2;11;4;2;3;11;5;90000;1
2024;7;2;804;804004;-;2;11;5;2;3;11;2;189086;1
2024;7;2;804;804004;-;2;12;4;2;3;11;2;2185196;1
2024;7;2;804;804004;-;2;12;4;2;3;11;4;1800;1
2024;7;2;804;804004;-;2;12;4;2;3;11;5;30000;1
2024;7;2;804;804005;-;1;5;3;2;3;11;2;85391;1
2024;7;2;804;804005;-;1;5;3;2;3;11;4;400;1
2024;7;2;804;804005;-;1;5;3;2;3;11;5;1900;1
2024;7;2;804;804005;-;2;5;3;2;3;11;2;358880;2
2024;7;2;804;804005;-;2;5;3;2;3;11;4;1900;2
2024;7;2;804;804005;-;2;5;3;2;3;11;5;4200;2
2024;7;2;804;804005;-;2;5;5;2;3;11;2;1648881;1
2024;7;2;804;804005;-;2;5;5;2;3;11;4;2800;1
2024;7;2;804;804005;-;2;5;5;2;3;11;5;4600;1
2024;7;2;804;804005;-;2;11;4;2;3;11;2;509016;1
2024;7;2;804;804005;-;2;11;4;2;3;11;4;1500;1
2024;7;2;804;804005;-;2;11;4;2;3;11;5;10440;1
2024;7;3;805;805002;-;2;5;3;2;3;11;2;325754;1
2024;7;3;805;805002;-;2;5;3;2;3;11;4;1095;1
2024;7;3;805;805002;-;2;5;3;2;3;11;5;31025;1
2024;7;3;805;805002;-;2;8;3;2;3;11;2;445232;1
2024;7;3;805;805002;-;2;8;3;2;3;11;4;750;1
2024;7;3;805;805002;-;2;8;3;2;3;11;5;2500;1
2024;7;3;805;805002;-;2;8;5;2;3;11;2;3482397;1
2024;7;3;805;805002;-;2;8;5;2;3;11;4;1500;1
2024;7;3;805;805002;-;2;8;5;2;3;11;5;126500;1
2024;7;3;805;805002;-;2;11;6;2;3;11;2;949978;1
2024;7;3;805;805002;-;2;11;6;2;3;11;4;7300;1
2024;7;3;805;805002;-;2;11;6;2;3;11;5;71000;1
2024;7;3;805;805002;-;2;13;6;2;3;11;1;7193907;1
2024;7;3;805;805002;-;2;13;6;2;3;11;4;3300;1
2024;7;3;805;805002;-;2;13;6;2;3;11;5;95470;1
2024;7;3;805;805006;-;2;5;2;1;1;11;2;600000;1
2024;7;3;805;805006;-;2;5;2;1;1;11;4;1500;1
2024;7;3;805;805006;-;2;5;2;1;1;11;5;30000;1
2024;7;3;805;805006;-;2;5;2;2;3;11;2;63931;1
2024;7;3;805;805006;-;2;5;2;2;3;11;4;700;1
2024;7;3;805;805006;-;2;5;3;2;3;11;2;474463;1
2024;7;3;805;805006;-;2;5;3;2;3;11;4;730;1
2024;7;3;805;805006;-;2;5;3;2;3;11;5;18250;1
2024;7;3;805;805006;-;2;5;4;2;3;11;1;98877;1
2024;7;3;805;805006;-;2;5;4;2;3;11;2;1591174;3
2024;7;3;805;805006;-;2;5;4;2;3;11;4;3020;2
2024;7;3;805;805006;-;2;5;4;2;3;11;5;57479;2
2024;7;3;805;805006;-;2;5;6;2;3;11;2;2454689;1
2024;7;3;805;805006;-;2;5;6;2;3;11;4;6500;1
2024;7;3;805;805006;-;2;5;6;2;3;11;5;20500;1
2024;7;3;805;805006;-;2;8;2;2;3;11;2;339543;1
2024;7;3;805;805006;-;2;8;2;2;3;11;4;900;1
2024;7;3;805;805006;-;2;8;2;2;3;11;5;16500;1
2024;7;3;805;805006;-;2;8;4;1;1;11;2;612004;1
2024;7;3;805;805006;-;2;8;4;2;3;11;2;588085;1
2024;7;3;805;805006;-;2;8;4;2;3;11;5;7500;1
2024;7;3;805;805006;-;2;8;5;2;3;11;2;3754946;2
2024;7;3;805;805006;-;2;8;5;2;3;11;4;4320;2
2024;7;3;805;805006;-;2;8;5;2;3;11;5;140457;2
2024;7;3;805;805006;-;2;8;6;2;3;11;2;6253168;3
2024;7;3;805;805006;-;2;8;6;2;3;11;4;16450;3
2024;7;3;805;805006;-;2;8;6;2;3;11;5;400293;3
2024;7;3;805;805006;-;2;9;4;2;3;11;2;838136;1
2024;7;3;805;805006;-;2;9;4;2;3;11;4;3000;1
2024;7;3;805;805006;-;2;9;5;2;3;11;2;966554;2
2024;7;3;805;805006;-;2;9;5;2;3;11;3;294000;1
2024;7;3;805;805006;-;2;9;5;2;3;11;4;42000;2
2024;7;3;805;805006;-;2;9;5;2;3;11;5;195000;2
2024;7;3;805;805006;-;2;11;2;2;3;11;2;255814;1
2024;7;3;805;805006;-;2;11;2;2;3;11;4;1500;1
2024;7;3;805;805006;-;2;11;2;2;3;11;5;15000;1
2024;7;3;805;805006;-;2;11;3;2;3;11;2;467502;2
2024;7;3;805;805006;-;2;11;3;2;3;11;4;2432;2
2024;7;3;805;805006;-;2;11;3;2;3;11;5;42958;2
2024;7;3;805;805006;-;2;11;4;2;3;11;2;1383144;5
2024;7;3;805;805006;-;2;11;4;2;3;11;4;16880;5
2024;7;3;805;805006;-;2;11;4;2;3;11;5;129200;5
2024;7;3;805;805006;-;2;11;5;2;3;11;2;4377749;4
2024;7;3;805;805006;-;2;11;5;2;3;11;4;17900;4
2024;7;3;805;805006;-;2;11;5;2;3;11;5;232500;4
2024;7;3;805;805006;-;2;11;6;1;1;11;2;1281476;1
2024;7;3;805;805006;-;2;11;6;1;1;11;4;2300;1
2024;7;3;805;805006;-;2;11;6;1;1;11;5;15200;1
2024;7;3;805;805006;-;2;11;6;2;3;11;2;2507850;1
2024;7;3;805;805006;-;2;11;6;2;3;11;4;15000;1
2024;7;3;805;805006;-;2;11;6;2;3;11;5;99000;1
2024;7;3;805;805006;-;2;12;4;2;3;11;2;1117333;1
2024;7;3;805;805006;-;2;12;4;2;3;11;4;1542;1
2024;7;3;805;805006;-;2;12;4;2;3;11;5;55780;1
2024;7;3;805;805006;-;2;12;5;2;3;11;2;1980579;2
2024;7;3;805;805006;-;2;12;5;2;3;11;4;9750;2
2024;7;3;805;805006;-;2;12;5;2;3;11;5;72000;2
2024;7;3;805;805006;-;2;12;6;2;3;11;2;11207186;2
2024;7;3;805;805006;-;2;12;6;2;3;11;4;20650;2
2024;7;3;805;805006;-;2;12;6;2;3;11;5;585540;2
2024;7;3;805;805006;-;2;12;7;2;3;11;1;7812298;1
2024;7;3;805;805006;-;2;12;7;2;3;11;2;5661463;1
2024;7;3;805;805006;-;2;12;7;2;3;11;4;35120;2
2024;7;3;805;805006;-;2;12;7;2;3;11;5;367200;2
2024;7;3;805;805006;-;2;13;5;2;3;11;1;4320162;1
2024;7;3;805;805006;-;2;13;5;2;3;11;4;6000;1
2024;7;3;805;805006;-;2;13;5;2;3;11;5;97700;1
2024;7;3;805;805006;-;2;13;6;2;3;11;1;9294949;1
2024;7;3;805;805006;-;2;13;6;2;3;11;2;8431914;1
2024;7;3;805;805006;-;2;13;6;2;3;11;4;11886;2
2024;7;3;805;805006;-;2;13;6;2;3;11;5;245390;2
2024;7;3;805;805007;-;2;11;6;2;3;11;2;2197111;1
2024;7;3;805;805007;-;2;11;6;2;3;11;4;730;1
2024;7;3;805;805007;-;2;11;6;2;3;11;5;73000;1
2024;7;3;805;805007;-;2;12;5;2;3;11;2;1661130;1
2024;7;3;805;805007;-;2;12;5;2;3;11;4;3600;1
2024;7;3;805;805007;-;2;12;5;2;3;11;5;34500;1
2024;7;4;801;801001;-;2;11;4;2;3;11;2;281426;1
2024;7;4;801;801001;-;2;11;4;2;3;11;4;180;1
2024;7;4;801;801001;-;2;11;4;2;3;11;5;21600;1
2024;7;4;801;801002;-;2;2;7;2;3;11;2;4691862;1
2024;7;4;801;801002;-;2;2;7;2;3;11;4;5000;1
2024;7;4;801;801002;-;2;2;7;2;3;11;5;232693;1
2024;7;4;801;801002;-;2;9;7;2;3;11;1;8794935;1
2024;7;4;801;801002;-;2;9;7;2;3;11;5;431450;1
2024;7;4;801;801002;-;2;11;4;2;3;11;2;1607268;1
2024;7;4;801;801002;-;2;11;4;2;3;11;4;1900;1
2024;7;4;801;801002;-;2;11;4;2;3;11;5;34290;1
2024;7;4;801;801002;-;2;11;7;2;3;11;2;6462745;1
2024;7;4;801;801002;-;2;11;7;2;3;11;4;21900;1
2024;7;4;801;801002;-;2;11;7;2;3;11;5;437270;1
2024;7;4;801;801002;-;2;12;6;2;3;11;1;6495223;1
2024;7;4;801;801002;-;2;12;6;2;3;11;4;10000;1
2024;7;4;801;801002;-;2;12;6;2;3;11;5;241000;1
2024;7;4;801;801003;-;1;11;3;2;3;11;3;40000;1
2024;7;4;801;801003;-;1;11;3;2;3;11;4;1460;1
2024;7;4;801;801003;-;1;11;3;2;3;11;5;12500;1
2024;7;4;801;801003;-;2;5;2;2;3;11;2;179500;2
2024;7;4;801;801003;-;2;5;2;2;3;11;4;1860;2
2024;7;4;801;801003;-;2;5;2;2;3;11;5;8200;2
2024;7;4;801;801003;-;2;5;3;2;3;11;2;391970;2
2024;7;4;801;801003;-;2;5;3;2;3;11;4;2495;2
2024;7;4;801;801003;-;2;5;3;2;3;11;5;15950;2
2024;7;4;801;801003;-;2;5;4;2;3;11;2;718973;1
2024;7;4;801;801003;-;2;5;4;2;3;11;4;1500;1
2024;7;4;801;801003;-;2;5;4;2;3;11;5;20000;1
2024;7;4;801;801003;-;2;5;6;2;3;11;2;2877286;1
2024;7;4;801;801003;-;2;5;6;2;3;11;4;65500;1
2024;7;4;801;801003;-;2;5;6;2;3;11;5;52800;1
2024;7;4;801;801003;-;2;8;3;2;3;11;2;960000;1
2024;7;4;801;801003;-;2;11;2;2;3;11;2;184132;4
2024;7;4;801;801003;-;2;11;2;2;3;11;4;4880;4
2024;7;4;801;801003;-;2;11;2;2;3;11;5;11000;3
2024;7;4;801;801003;-;2;11;3;2;3;11;2;1014800;3
2024;7;4;801;801003;-;2;11;3;2;3;11;4;3900;3
2024;7;4;801;801003;-;2;11;3;2;3;11;5;62000;3
2024;7;4;801;801003;-;2;11;4;2;3;11;2;435344;1
2024;7;4;801;801003;-;2;11;4;2;3;11;4;1500;1
2024;7;4;801;801003;-;2;11;4;2;3;11;5;8000;1
2024;7;4;801;801003;-;2;11;5;2;3;11;2;2000631;2
2024;7;4;801;801003;-;2;11;5;2;3;11;4;5200;2
2024;7;4;801;801003;-;2;11;5;2;3;11;5;84750;2
2024;7;4;801;801004;-;2;11;5;2;3;11;2;1863535;1
2024;7;4;801;801004;-;2;11;5;2;3;11;4;730;1
2024;7;4;801;801004;-;2;11;5;2;3;11;5;79270;1
2024;7;4;801;801005;-;2;1;4;2;3;11;2;158512;1
2024;7;4;801;801005;-;2;1;4;2;3;11;4;6500;1
2024;7;4;801;801005;-;2;1;4;2;3;11;5;7500;1
2024;7;4;801;801005;-;2;5;2;2;3;11;2;839252;4
2024;7;4;801;801005;-;2;5;2;2;3;11;4;3375;4
2024;7;4;801;801005;-;2;5;2;2;3;11;5;18100;4
2024;7;4;801;801005;-;2;5;3;2;3;11;2;849688;3
2024;7;4;801;801005;-;2;5;3;2;3;11;4;4395;3
2024;7;4;801;801005;-;2;5;3;2;3;11;5;49200;3
2024;7;4;801;801005;-;2;5;4;2;3;11;2;914202;1
2024;7;4;801;801005;-;2;5;4;2;3;11;4;1095;1
2024;7;4;801;801005;-;2;5;4;2;3;11;5;39600;1
2024;7;4;801;801005;-;2;5;6;2;3;11;2;9970899;1
2024;7;4;801;801005;-;2;5;6;2;3;11;4;15000;1
2024;7;4;801;801005;-;2;5;6;2;3;11;5;210000;1
2024;7;4;801;801005;-;2;8;4;2;3;11;2;1753431;1
2024;7;4;801;801005;-;2;8;4;2;3;11;4;1850;1
2024;7;4;801;801005;-;2;8;4;2;3;11;5;54725;1
2024;7;4;801;801005;-;2;11;3;2;3;11;2;1662881;3
2024;7;4;801;801005;-;2;11;3;2;3;11;4;2655;3
2024;7;4;801;801005;-;2;11;3;2;3;11;5;40300;3
2024;7;4;801;801005;-;2;11;4;2;3;11;1;427363;1
2024;7;4;801;801005;-;2;11;4;2;3;11;2;752887;1
2024;7;4;801;801005;-;2;11;4;2;3;11;4;2530;2
2024;7;4;801;801005;-;2;11;4;2;3;11;5;28500;2
2024;7;4;801;801005;-;2;11;6;2;3;11;2;2267541;1
2024;7;4;801;801005;-;2;11;6;2;3;11;4;3650;1
2024;7;4;801;801005;-;2;11;6;2;3;11;5;82000;1
2024;7;4;801;801005;-;2;12;4;2;3;11;2;180000;1
2024;7;4;801;801005;-;2;12;4;2;3;11;4;1800;1
2024;7;4;801;801005;-;2;12;4;2;3;11;5;20000;1
2024;7;4;801;801005;-;2;12;6;2;3;11;1;3697184;1
2024;7;4;801;801005;-;2;12;6;2;3;11;5;224885;1
2024;7;4;801;801006;-;2;11;2;2;3;11;2;590174;1
2024;7;4;801;801006;-;2;11;2;2;3;11;4;730;1
2024;7;4;801;801006;-;2;11;2;2;3;11;5;3600;1
2024;7;4;805;805002;-;2;5;7;2;3;11;2;7639420;1
2024;7;4;805;805002;-;2;5;7;2;3;11;4;18000;1
2024;7;4;805;805002;-;2;5;7;2;3;11;5;231000;1
2024;7;5;805;805002;-;2;5;2;2;3;11;3;42000;1
2024;7;5;805;805002;-;2;5;2;2;3;11;4;730;1
2024;7;5;805;805002;-;2;5;2;2;3;11;5;1800;1
2024;7;5;805;805007;-;2;5;4;1;1;11;2;1169400;1
2024;7;5;805;805007;-;2;5;4;1;1;11;4;1460;1
2024;7;5;805;805007;-;2;5;4;1;1;11;5;18240;1
2024;7;5;805;805007;-;2;8;4;2;3;11;2;531956;1
2024;7;5;805;805007;-;2;8;4;2;3;11;5;29200;1
2024;7;5;805;805007;-;2;9;5;2;3;11;2;3306921;2
2024;7;5;805;805007;-;2;9;5;2;3;11;4;12000;2
2024;7;5;805;805007;-;2;9;5;2;3;11;5;305608;2
2024;7;5;805;805007;-;2;11;6;2;3;11;2;3947918;1
2024;7;5;805;805007;-;2;11;6;2;3;11;5;217116;1
2024;7;6;803;803001;-;1;2;7;2;3;11;2;2515675;1
2024;7;6;803;803001;-;1;2;7;2;3;11;4;4500;1
2024;7;6;803;803001;-;1;2;7;2;3;11;5;80000;1
2024;7;6;803;803003;-;2;5;3;2;3;11;2;180000;1
2024;7;6;803;803003;-;2;5;3;2;3;11;4;700;1
2024;7;6;803;803003;-;2;5;3;2;3;11;5;3000;1
2024;7;6;803;803003;-;2;11;5;2;3;11;2;17500;1
2024;7;6;803;803003;-;2;11;5;2;3;11;4;600;1
2024;7;6;803;803003;-;2;11;5;2;3;11;5;1000;1
2024;7;7;805;805003;-;2;5;3;2;3;11;2;51542;1
2024;7;7;805;805003;-;2;5;3;2;3;11;4;1095;1
2024;7;7;805;805003;-;2;5;3;2;3;11;5;7300;1
2024;7;7;805;805003;-;2;8;5;2;3;11;2;1846388;2
2024;7;7;805;805003;-;2;8;5;2;3;11;4;5500;2
2024;7;7;805;805003;-;2;8;5;2;3;11;5;51200;2
2024;7;7;805;805003;-;2;11;3;2;3;11;1;14500;1
2024;7;7;805;805003;-;2;11;3;2;3;11;4;365;1
2024;7;7;805;805003;-;2;11;3;2;3;11;5;1000;1
2024;7;7;805;805003;-;2;11;4;2;3;11;2;1478101;1
2024;7;7;805;805003;-;2;11;4;2;3;11;4;3500;1
2024;7;7;805;805003;-;2;11;4;2;3;11;5;73000;1
2024;7;7;805;805003;-;2;11;5;2;3;11;2;1238655;1
2024;7;7;805;805003;-;2;11;5;2;3;11;4;2300;1
2024;7;7;805;805003;-;2;11;5;2;3;11;5;73000;1
2024;7;7;805;805003;-;2;11;7;2;3;11;2;2069270;1
2024;7;7;805;805004;-;2;5;2;2;3;11;1;71000;1
2024;7;7;805;805004;-;2;5;2;2;3;11;2;161000;1
2024;7;7;805;805004;-;2;5;2;2;3;11;4;1645;2
2024;7;7;805;805004;-;2;5;2;2;3;11;5;7100;2
2024;7;7;805;805004;-;2;5;4;2;3;11;2;887399;2
2024;7;7;805;805004;-;2;5;4;2;3;11;4;1845;2
2024;7;7;805;805004;-;2;5;4;2;3;11;5;48900;2
2024;7;7;805;805004;-;2;8;3;2;3;11;2;381503;1
2024;7;7;805;805004;-;2;8;3;2;3;11;4;1095;1
2024;7;7;805;805004;-;2;8;3;2;3;11;5;6900;1
2024;7;7;805;805004;-;2;8;4;2;3;11;2;620677;1
2024;7;7;805;805004;-;2;8;4;2;3;11;4;1000;1
2024;7;7;805;805004;-;2;8;4;2;3;11;5;17000;1
2024;7;7;805;805004;-;2;8;5;2;3;11;2;2877019;1
2024;7;7;805;805004;-;2;8;5;2;3;11;4;19000;1
2024;7;7;805;805004;-;2;8;5;2;3;11;5;50000;1
2024;7;7;805;805004;-;2;11;3;2;3;11;2;461127;1
2024;7;7;805;805004;-;2;11;3;2;3;11;4;1825;1
2024;7;7;805;805004;-;2;11;3;2;3;11;5;15000;1
2024;7;7;805;805004;-;2;11;4;2;3;11;2;582135;1
2024;7;7;805;805004;-;2;11;4;2;3;11;4;730;1
2024;7;7;805;805004;-;2;11;4;2;3;11;5;36500;1
2024;7;7;805;805004;-;2;11;5;2;3;11;2;1973880;1
2024;7;7;805;805004;-;2;11;5;2;3;11;4;3650;1
2024;7;7;805;805004;-;2;11;5;2;3;11;5;260000;1
2024;7;7;805;805004;-;2;12;5;2;3;11;1;1455111;1
2024;7;7;805;805004;-;2;12;5;2;3;11;5;28000;1
2024;7;7;805;805004;-;2;13;4;2;3;11;2;891907;1
2024;7;7;805;805004;-;2;13;4;2;3;11;4;4800;1
2024;7;7;805;805004;-;2;13;4;2;3;11;5;46000;1
2024;7;7;805;805005;-;2;1;2;2;3;11;2;165617;1
2024;7;7;805;805005;-;2;1;2;2;3;11;4;420;1
2024;7;7;805;805005;-;2;1;2;2;3;11;5;12153;1
2024;7;7;805;805005;-;2;5;2;2;3;11;1;54750;1
2024;7;7;805;805005;-;2;5;2;2;3;11;2;126000;1
2024;7;7;805;805005;-;2;5;2;2;3;11;4;600;1
2024;7;7;805;805005;-;2;5;2;2;3;11;5;14500;2
2024;7;7;805;805005;-;2;5;4;2;3;11;2;1193613;2
2024;7;7;805;805005;-;2;5;4;2;3;11;4;4025;2
2024;7;7;805;805005;-;2;5;4;2;3;11;5;37600;2
2024;7;7;805;805005;-;2;5;6;2;3;11;2;2439783;1
2024;7;7;805;805005;-;2;5;6;2;3;11;4;3500;1
2024;7;7;805;805005;-;2;5;6;2;3;11;5;65000;1
2024;7;7;805;805005;-;2;9;4;2;3;11;2;903831;1
2024;7;7;805;805005;-;2;9;4;2;3;11;4;2200;1
2024;7;7;805;805005;-;2;9;4;2;3;11;5;36280;1
2024;7;7;805;805005;-;2;11;3;2;3;11;2;613069;1
2024;7;7;805;805005;-;2;11;3;2;3;11;4;1000;1
2024;7;7;805;805005;-;2;11;3;2;3;11;5;35000;1
2024;7;7;805;805005;-;2;11;5;2;3;11;1;838369;1
2024;7;7;805;805005;-;2;11;5;2;3;11;2;380000;1
2024;7;7;805;805005;-;2;11;5;2;3;11;4;6695;2
2024;7;7;805;805005;-;2;11;5;2;3;11;5;94900;2
2024;7;7;805;805005;-;2;13;7;2;3;11;2;9825093;1
2024;7;7;805;805005;-;2;13;7;2;3;11;4;14600;1
2024;7;7;805;805005;-;2;13;7;2;3;11;5;147320;1
2024;7;8;804;804001;-;2;5;4;2;3;11;2;2623;1
2024;7;8;804;804001;-;2;5;4;2;3;11;4;65;1
2024;7;8;804;804001;-;2;5;4;2;3;11;5;100;1
2024;7;8;804;804001;-;2;5;5;2;3;11;2;753214;1
2024;7;8;804;804001;-;2;5;5;2;3;11;5;29200;1
2024;7;8;804;804001;-;2;8;5;2;3;11;2;1693838;2
2024;7;8;804;804001;-;2;8;5;2;3;11;4;1825;1
2024;7;8;804;804001;-;2;8;5;2;3;11;5;61000;1
2024;7;8;804;804001;-;2;11;2;2;3;4;4;300;1
2024;7;8;804;804001;-;2;11;2;2;3;4;5;15000;1
2024;7;8;804;804001;-;2;11;2;2;3;4;10;179406;1
2024;7;8;804;804001;-;2;11;2;2;3;11;2;286225;2
2024;7;8;804;804001;-;2;11;2;2;3;11;4;1800;2
2024;7;8;804;804001;-;2;11;2;2;3;11;5;15500;2
2024;7;8;804;804001;-;2;11;3;2;3;11;2;1100000;2
2024;7;8;804;804001;-;2;11;3;2;3;11;4;5400;2
2024;7;8;804;804001;-;2;11;3;2;3;11;5;44000;2
2024;7;8;804;804001;-;2;11;4;2;3;11;2;680298;1
2024;7;8;804;804001;-;2;11;4;2;3;11;4;360;1
2024;7;8;804;804001;-;2;11;4;2;3;11;5;54750;1
2024;7;8;804;804001;-;2;11;5;2;3;11;2;1725603;1
2024;7;8;804;804001;-;2;11;5;2;3;11;4;50;1
2024;7;8;804;804001;-;2;11;5;2;3;11;5;10000;1
2024;7;8;804;804001;-;2;11;6;2;3;11;2;3906120;1
2024;7;8;804;804001;-;2;11;6;2;3;11;4;7200;1
2024;7;8;804;804001;-;2;11;6;2;3;11;5;101300;1
2024;7;8;804;804001;-;2;12;7;2;3;11;2;7486736;1
2024;7;8;804;804001;-;2;12;7;2;3;11;5;352000;1
2024;7;8;804;804001;-;2;13;7;2;3;11;2;13798180;1
2024;7;8;804;804001;-;2;13;7;2;3;11;4;7540;1
2024;7;8;804;804001;-;2;13;7;2;3;11;5;221500;1
2024;7;8;804;804001;-;2;14;5;2;3;11;2;1972946;1
2024;7;8;804;804001;-;2;14;5;2;3;11;4;2950;1
2024;7;8;804;804001;-;2;14;5;2;3;11;5;85000;1
2024;7;8;805;805001;-;2;5;4;2;3;11;2;278172;1
2024;7;8;805;805001;-;2;5;4;2;3;11;4;2100;1
2024;7;8;805;805001;-;2;5;4;2;3;11;5;34200;1
2024;7;8;805;805001;-;2;5;5;2;3;11;2;729120;1
2024;7;8;805;805001;-;2;5;5;2;3;11;4;3600;1
2024;7;8;805;805001;-;2;5;5;2;3;11;5;36000;1
2024;7;8;805;805001;-;2;5;6;2;3;11;2;2801911;1
2024;7;8;805;805001;-;2;5;6;2;3;11;4;10950;1
2024;7;8;805;805001;-;2;5;6;2;3;11;5;86900;1
2024;7;8;805;805001;-;2;8;4;2;3;11;2;283420;1
2024;7;8;805;805001;-;2;8;4;2;3;11;4;1460;1
2024;7;8;805;805001;-;2;8;4;2;3;11;5;18000;1
2024;7;8;805;805001;-;2;8;5;2;3;11;2;1202878;1
2024;7;8;805;805001;-;2;8;5;2;3;11;4;3600;1
2024;7;8;805;805001;-;2;8;5;2;3;11;5;30000;1
2024;7;8;805;805001;-;2;8;6;2;3;11;2;2953449;1
2024;7;8;805;805001;-;2;8;6;2;3;11;4;5475;1
2024;7;8;805;805001;-;2;8;6;2;3;11;5;45000;1
2024;7;8;805;805001;-;2;9;2;2;3;11;2;392120;1
2024;7;8;805;805001;-;2;9;2;2;3;11;4;4000;1
2024;7;8;805;805001;-;2;9;2;2;3;11;5;7200;1
2024;7;8;805;805001;-;2;9;5;2;3;11;2;436006;1
2024;7;8;805;805001;-;2;9;5;2;3;11;4;1800;1
2024;7;8;805;805001;-;2;9;5;2;3;11;5;50000;1
2024;7;8;805;805001;-;2;9;7;2;3;11;2;5010102;1
2024;7;8;805;805001;-;2;9;7;2;3;11;5;92500;1
2024;7;8;805;805001;-;2;11;4;2;3;11;2;880274;2
2024;7;8;805;805001;-;2;11;4;2;3;11;4;1825;2
2024;7;8;805;805001;-;2;11;4;2;3;11;5;3650;1
2024;7;8;805;805001;-;2;11;5;2;3;11;2;837500;1
2024;7;8;805;805001;-;2;11;5;2;3;11;4;8000;1
2024;7;8;805;805001;-;2;11;5;2;3;11;5;10000;1
2024;7;8;805;805001;-;2;12;6;2;3;11;2;19306472;5
2024;7;8;805;805001;-;2;12;6;2;3;11;4;15199;3
2024;7;8;805;805001;-;2;12;6;2;3;11;5;692673;5
2024;7;8;805;805002;-;2;11;3;2;3;11;2;224708;1
2024;7;8;805;805002;-;2;11;3;2;3;11;4;730;1
2024;7;8;805;805002;-;2;11;3;2;3;11;5;12600;1
2024;7;8;805;805002;-;2;13;6;2;3;11;1;8059635;1
2024;7;8;805;805002;-;2;13;6;2;3;11;4;5500;1
2024;7;8;805;805002;-;2;13;6;2;3;11;5;214759;1
2024;7;9;803;803001;-;2;2;7;2;3;11;2;1169400;1
2024;7;9;803;803001;-;2;2;7;2;3;11;4;7300;1
2024;7;9;803;803001;-;2;2;7;2;3;11;5;51120;1
2024;7;9;804;804002;-;2;5;7;2;3;11;2;4671668;1
2024;7;9;804;804002;-;2;5;7;2;3;11;4;8784;1
2024;7;9;804;804002;-;2;5;7;2;3;11;5;191830;1
2024;7;9;804;804002;-;2;8;5;2;3;11;2;1838881;2
2024;7;9;804;804002;-;2;8;5;2;3;11;4;365;1
2024;7;9;804;804002;-;2;8;5;2;3;11;5;48000;2
2024;7;9;804;804002;-;2;8;6;2;3;11;2;1666162;1
2024;7;9;804;804002;-;2;8;6;2;3;11;4;1500;1
2024;7;9;804;804002;-;2;8;6;2;3;11;5;10000;1
2024;7;9;804;804002;-;2;9;6;2;3;11;2;3230892;2
2024;7;9;804;804002;-;2;9;6;2;3;11;4;17600;2
2024;7;9;804;804002;-;2;9;6;2;3;11;5;130000;1
2024;7;9;804;804002;-;2;9;7;2;3;11;2;2460118;1
2024;7;9;804;804002;-;2;9;7;2;3;11;4;7500;1
2024;7;9;804;804002;-;2;9;7;2;3;11;5;340600;1
2024;7;9;804;804002;-;2;11;2;2;3;11;1;3100;1
2024;7;9;804;804002;-;2;12;7;2;3;11;2;4001625;1
2024;7;9;804;804002;-;2;12;7;2;3;11;4;5400;1
2024;7;9;804;804002;-;2;12;7;2;3;11;5;149329;1
2024;7;9;804;804002;-;2;13;6;2;3;11;1;3703140;1
2024;7;9;804;804002;-;2;13;6;2;3;11;4;4200;1
2024;7;9;804;804002;-;2;13;6;2;3;11;5;123861;1
2024;7;9;804;804002;-;2;13;7;2;3;11;2;18702384;1
2024;7;9;804;804002;-;2;13;7;2;3;11;4;19120;1
2024;7;9;804;804002;-;2;13;7;2;3;11;5;165000;1
2024;7;9;804;804002;-;63;12;1;1;1;11;2;710544;1
2024;7;9;804;804002;-;63;12;1;1;1;11;4;730;1
2024;7;9;804;804002;-;63;12;1;1;1;11;5;29200;1
2024;7;9;804;804003;-;1;9;7;2;3;11;2;3276671;1
2024;7;9;804;804003;-;1;9;7;2;3;11;4;10700;1
2024;7;9;804;804003;-;1;9;7;2;3;11;5;106716;1
2024;7;9;804;804003;-;1;11;8;2;3;11;2;620000;1
2024;7;9;804;804003;-;1;11;8;2;3;11;4;1100;1
2024;7;9;804;804003;-;1;11;8;2;3;11;5;4900;1
2024;7;9;804;804003;-;2;2;5;2;3;11;1;6498351;1
2024;7;9;804;804003;-;2;2;5;2;3;11;4;2500;1
2024;7;9;804;804003;-;2;2;5;2;3;11;5;50000;1
2024;7;9;804;804003;-;2;5;2;2;3;11;2;151356;1
2024;7;9;804;804003;-;2;5;2;2;3;11;4;730;1
2024;7;9;804;804003;-;2;5;2;2;3;11;5;2160;1
2024;7;9;804;804003;-;2;5;3;2;3;11;2;147401;1
2024;7;9;804;804003;-;2;5;3;2;3;11;4;1300;1
2024;7;9;804;804003;-;2;5;3;2;3;11;5;15000;1
2024;7;9;804;804003;-;2;5;4;2;3;11;2;4936234;13
2024;7;9;804;804003;-;2;5;4;2;3;11;4;7100;8
2024;7;9;804;804003;-;2;5;4;2;3;11;5;197344;10
2024;7;9;804;804003;-;2;5;5;2;3;11;2;2898611;3
2024;7;9;804;804003;-;2;5;5;2;3;11;4;6450;3
2024;7;9;804;804003;-;2;5;5;2;3;11;5;97200;3
2024;7;9;804;804003;-;2;8;4;1;1;11;2;258091;1
2024;7;9;804;804003;-;2;8;4;2;3;11;2;3617642;6
2024;7;9;804;804003;-;2;8;4;2;3;11;4;4190;4
2024;7;9;804;804003;-;2;8;4;2;3;11;5;167700;4
2024;7;9;804;804003;-;2;8;5;2;3;11;2;1308462;2
2024;7;9;804;804003;-;2;8;5;2;3;11;4;1460;1
2024;7;9;804;804003;-;2;8;5;2;3;11;5;14600;1
2024;7;9;804;804003;-;2;8;6;2;3;11;2;2936677;1
2024;7;9;804;804003;-;2;8;6;2;3;11;4;3700;1
2024;7;9;804;804003;-;2;8;6;2;3;11;5;45000;1
2024;7;9;804;804003;-;2;9;5;2;3;11;2;1275455;1
2024;7;9;804;804003;-;2;9;5;2;3;11;4;3000;1
2024;7;9;804;804003;-;2;9;5;2;3;11;5;30000;1
2024;7;9;804;804003;-;2;11;2;2;3;11;2;555057;1
2024;7;9;804;804003;-;2;11;2;2;3;11;4;2000;1
2024;7;9;804;804003;-;2;11;2;2;3;11;5;20000;1
2024;7;9;804;804003;-;2;11;3;1;1;11;2;188505;1
2024;7;9;804;804003;-;2;11;3;2;3;11;2;562343;2
2024;7;9;804;804003;-;2;11;4;2;3;11;2;2118835;5
2024;7;9;804;804003;-;2;11;4;2;3;11;4;7880;3
2024;7;9;804;804003;-;2;11;4;2;3;11;5;196000;3
2024;7;9;804;804003;-;2;11;5;2;3;11;2;5388773;6
2024;7;9;804;804003;-;2;11;5;2;3;11;4;11485;6
2024;7;9;804;804003;-;2;11;5;2;3;11;5;233900;6
2024;7;9;804;804003;-;2;11;6;2;3;11;2;519003;1
2024;7;9;804;804003;-;2;11;6;2;3;11;4;2190;1
2024;7;9;804;804003;-;2;11;6;2;3;11;5;58000;1
2024;7;9;804;804003;-;2;12;4;2;3;11;2;1354485;1
2024;7;9;804;804003;-;2;12;4;2;3;11;4;700;1
2024;7;9;804;804003;-;2;12;4;2;3;11;5;9000;1
2024;7;9;804;804003;-;2;12;5;2;3;11;2;3553045;2
2024;7;9;804;804003;-;2;12;5;2;3;11;4;4650;2
2024;7;9;804;804003;-;2;12;5;2;3;11;5;54000;1
2024;7;9;804;804004;-;2;11;4;2;3;11;2;1087653;1
2024;7;9;804;804004;-;2;11;4;2;3;11;4;1160;1
2024;7;9;804;804004;-;2;11;4;2;3;11;5;36000;1
2024;7;9;804;804006;-;2;5;3;2;3;11;2;180000;1
2024;7;9;804;804006;-;2;5;3;2;3;11;4;350;1
2024;7;9;804;804006;-;2;5;3;2;3;11;5;12500;1
2024;7;9;804;804006;-;2;8;5;2;3;11;2;1437683;1
2024;7;9;804;804006;-;2;8;5;2;3;11;4;2000;1
2024;7;9;804;804006;-;2;8;5;2;3;11;5;79000;1
2024;7;9;804;804006;-;2;11;2;2;3;11;1;45000;1
2024;7;9;804;804006;-;2;11;4;2;3;11;2;536040;1
2024;7;9;804;804006;-;2;11;4;2;3;11;4;3650;1
2024;7;9;804;804006;-;2;11;4;2;3;11;5;52500;1
2024;7;9;804;804006;-;2;12;7;2;3;11;1;3307568;1
2024;7;9;804;804006;-;2;12;7;2;3;11;4;14400;1
2024;7;9;804;804006;-;2;12;7;2;3;11;5;129900;1
2024;7;10;801;801004;-;2;5;4;2;3;11;2;1310473;1
2024;7;10;801;801004;-;2;5;4;2;3;11;4;1500;1
2024;7;10;801;801004;-;2;5;4;2;3;11;5;59000;1
2024;7;10;801;801004;-;2;9;5;2;3;11;2;1631319;1
2024;7;10;801;801004;-;2;9;5;2;3;11;4;4380;1
2024;7;10;801;801004;-;2;9;5;2;3;11;5;29200;1
2024;7;10;801;801004;-;2;12;6;2;3;11;2;5095183;1
2024;7;10;801;801004;-;2;12;6;2;3;11;4;4350;1
2024;7;10;801;801004;-;2;12;6;2;3;11;5;177500;1
2024;7;10;801;801007;-;1;11;5;2;3;11;4;1000;1
2024;7;10;801;801007;-;1;11;5;2;3;11;5;60000;1
2024;7;10;801;801007;-;2;5;4;2;3;11;1;350;1
2024;7;10;801;801007;-;2;5;4;2;3;11;2;420000;1
2024;7;10;801;801007;-;2;8;4;2;3;11;2;504990;1
2024;7;10;801;801007;-;2;8;4;2;3;11;4;730;1
2024;7;10;801;801007;-;2;8;4;2;3;11;5;22000;1
2024;7;10;802;802005;-;2;2;7;2;3;11;2;5109744;1
2024;7;10;802;802005;-;2;2;7;2;3;11;4;15000;1
2024;7;10;802;802005;-;2;2;7;2;3;11;5;156800;1
2024;7;11;801;801007;-;2;5;4;2;3;11;2;1024971;1
2024;7;11;801;801007;-;2;5;4;2;3;11;4;2200;1
2024;7;11;801;801007;-;2;5;4;2;3;11;5;65000;1
2024;7;11;802;802002;-;2;5;4;2;3;11;2;2621273;4
2024;7;11;802;802002;-;2;5;4;2;3;11;4;3590;4
2024;7;11;802;802002;-;2;5;4;2;3;11;5;104550;4
2024;7;11;802;802002;-;2;11;3;2;3;11;2;21000;1
2024;7;11;802;802002;-;2;11;3;2;3;11;3;5000;1
2024;7;11;802;802002;-;2;11;3;2;3;11;4;1200;1
2024;7;11;802;802002;-;2;11;4;2;3;11;2;3415394;6
2024;7;11;802;802002;-;2;11;4;2;3;11;4;4735;6
2024;7;11;802;802002;-;2;11;4;2;3;11;5;143000;6
2024;7;11;802;802002;-;2;11;5;2;3;11;1;1000000;1
2024;7;11;802;802002;-;2;11;5;2;3;11;2;1837869;1
2024;7;11;802;802002;-;2;11;5;2;3;11;4;3000;1
2024;7;11;802;802002;-;2;11;5;2;3;11;5;30000;1
2024;7;13;801;801001;-;2;5;2;2;3;11;2;240000;1
2024;7;13;801;801001;-;2;5;2;2;3;11;4;730;1
2024;7;13;801;801001;-;2;5;2;2;3;11;5;11000;1
2024;7;13;801;801001;-;2;5;4;2;3;11;2;629429;1
2024;7;13;801;801001;-;2;5;4;2;3;11;4;1500;1
2024;7;13;801;801001;-;2;5;4;2;3;11;5;8000;1
2024;7;13;801;801001;-;2;5;5;2;3;11;1;2012747;1
2024;7;13;801;801001;-;2;5;5;2;3;11;5;37520;1
2024;7;13;801;801001;-;2;8;4;2;3;11;2;1730923;2
2024;7;13;801;801001;-;2;8;4;2;3;11;4;1365;2
2024;7;13;801;801001;-;2;8;4;2;3;11;5;86760;2
2024;7;13;801;801001;-;2;8;7;2;3;11;1;8931723;1
2024;7;13;801;801001;-;2;8;7;2;3;11;5;184500;1
2024;7;13;801;801001;-;2;11;3;2;3;11;2;257362;1
2024;7;13;801;801001;-;2;11;3;2;3;11;4;800;1
2024;7;13;801;801001;-;2;11;3;2;3;11;5;16000;1
2024;7;13;801;801001;-;2;11;5;2;3;11;2;472320;1
2024;7;13;801;801001;-;2;11;5;2;3;11;5;45000;1
2024;7;13;801;801001;-;2;13;6;2;3;11;2;2357072;1
2024;7;13;801;801001;-;2;13;6;2;3;11;4;5500;1
2024;7;13;801;801001;-;2;13;6;2;3;11;5;52000;1
2024;7;13;801;801003;-;2;5;3;2;3;11;2;1120579;2
2024;7;13;801;801003;-;2;5;3;2;3;11;4;2000;1
2024;7;13;801;801003;-;2;5;3;2;3;11;5;38280;2
2024;7;13;801;801003;-;2;5;4;2;3;11;1;690742;1
2024;7;13;801;801003;-;2;5;4;2;3;11;4;800;1
2024;7;13;801;801003;-;2;5;4;2;3;11;5;48650;1
2024;7;13;801;801003;-;2;5;5;2;3;11;2;244640;1
2024;7;13;801;801003;-;2;5;5;2;3;11;4;2650;1
2024;7;13;801;801003;-;2;5;5;2;3;11;5;35000;1
2024;7;13;801;801003;-;2;8;3;2;3;11;2;1652608;3
2024;7;13;801;801003;-;2;8;3;2;3;11;4;3717;3
2024;7;13;801;801003;-;2;8;3;2;3;11;5;81460;3
2024;7;13;801;801003;-;2;11;3;2;3;11;2;693432;1
2024;7;13;801;801003;-;2;11;3;2;3;11;4;200;1
2024;7;13;801;801003;-;2;11;3;2;3;11;5;18000;1
2024;7;13;801;801003;-;2;11;5;2;3;11;2;2089951;2
2024;7;13;801;801003;-;2;11;5;2;3;11;4;3800;2
2024;7;13;801;801003;-;2;11;5;2;3;11;5;67000;2
2024;7;13;801;801003;-;2;12;7;2;3;11;2;4844399;1
2024;7;13;801;801003;-;2;12;7;2;3;11;4;9157;1
2024;7;13;801;801003;-;2;12;7;2;3;11;5;199760;1
2024;7;13;801;801006;-;2;5;3;2;3;11;2;1742725;4
2024;7;13;801;801006;-;2;5;3;2;3;11;4;1760;3
2024;7;13;801;801006;-;2;5;3;2;3;11;5;75080;4
2024;7;13;801;801006;-;2;5;4;2;3;11;2;1337490;1
2024;7;13;801;801006;-;2;5;4;2;3;11;4;2000;1
2024;7;13;801;801006;-;2;5;4;2;3;11;5;31000;1
2024;7;13;801;801006;-;2;8;3;2;3;11;2;120000;1
2024;7;13;801;801006;-;2;8;3;2;3;11;5;13000;1
2024;7;13;801;801006;-;2;11;4;2;3;11;2;857181;1
2024;7;13;801;801006;-;2;11;4;2;3;11;4;1180;1
2024;7;13;801;801006;-;2;11;4;2;3;11;5;19360;1
2024;7;13;801;801006;-;2;11;5;2;3;11;3;70000;1
2024;7;13;801;801006;-;2;11;5;2;3;11;4;700;1
2024;7;13;801;801006;-;2;11;5;2;3;11;5;6000;1
2024;7;13;802;802004;-;2;11;4;2;3;11;2;90000;1
2024;7;13;802;802004;-;2;11;4;2;3;11;4;600;1
2024;7;13;802;802004;-;2;11;4;2;3;11;5;2680;1
2024;7;14;802;802005;-;2;13;7;2;3;11;2;4479469;1
2024;7;14;802;802005;-;2;13;7;2;3;11;4;6375;1
2024;7;14;802;802005;-;2;13;7;2;3;11;5;55000;1
2024;7;14;802;802005;-;18;5;1;1;1;11;2;619509;1
2024;7;14;802;802005;-;18;5;1;1;1;11;4;100;1
2024;7;15;804;804006;-;2;5;2;2;3;11;2;18158;1
2024;7;15;804;804006;-;2;5;2;2;3;11;4;365;1
2024;7;15;804;804006;-;2;5;2;2;3;11;5;1200;1
2024;7;15;804;804006;-;2;5;3;2;3;11;2;989847;2
2024;7;15;804;804006;-;2;5;3;2;3;11;4;1960;2
2024;7;15;804;804006;-;2;5;3;2;3;11;5;9600;1
2024;7;15;804;804006;-;2;5;4;2;3;11;2;1320538;2
2024;7;15;804;804006;-;2;5;4;2;3;11;4;1095;1
2024;7;15;804;804006;-;2;5;4;2;3;11;5;54000;1
2024;7;15;804;804006;-;2;5;5;2;3;11;2;4879154;5
2024;7;15;804;804006;-;2;5;5;2;3;11;4;54931;4
2024;7;15;804;804006;-;2;5;5;2;3;11;5;356820;5
2024;7;15;804;804006;-;2;5;6;2;3;11;2;3469043;2
2024;7;15;804;804006;-;2;5;6;2;3;11;4;11200;2
2024;7;15;804;804006;-;2;5;6;2;3;11;5;155000;2
2024;7;15;804;804006;-;2;8;3;2;3;11;2;437203;2
2024;7;15;804;804006;-;2;8;3;2;3;11;4;850;1
2024;7;15;804;804006;-;2;8;3;2;3;11;5;10000;1
2024;7;15;804;804006;-;2;8;5;2;3;11;2;3941699;1
2024;7;15;804;804006;-;2;8;5;2;3;11;4;3950;1
2024;7;15;804;804006;-;2;8;5;2;3;11;5;54900;1
2024;7;15;804;804006;-;2;8;6;2;3;11;2;1334494;1
2024;7;15;804;804006;-;2;8;6;2;3;11;4;3650;1
2024;7;15;804;804006;-;2;8;6;2;3;11;5;67350;1
2024;7;15;804;804006;-;2;8;7;2;3;11;1;8037169;1
2024;7;15;804;804006;-;2;8;7;2;3;11;2;8314046;1
2024;7;15;804;804006;-;2;8;7;2;3;11;4;20000;1
2024;7;15;804;804006;-;2;8;7;2;3;11;5;592200;2
2024;7;15;804;804006;-;2;9;3;2;3;11;2;328548;1
2024;7;15;804;804006;-;2;9;3;2;3;11;4;1440;1
2024;7;15;804;804006;-;2;9;3;2;3;11;5;15000;1
2024;7;15;804;804006;-;2;9;4;2;3;11;2;487993;2
2024;7;15;804;804006;-;2;9;4;2;3;11;4;730;1
2024;7;15;804;804006;-;2;9;4;2;3;11;5;45000;1
2024;7;15;804;804006;-;2;9;6;2;3;11;2;5335631;2
2024;7;15;804;804006;-;2;9;6;2;3;11;4;10190;2
2024;7;15;804;804006;-;2;9;6;2;3;11;5;275150;2
2024;7;15;804;804006;-;2;11;2;2;3;11;2;259925;1
2024;7;15;804;804006;-;2;11;2;2;3;11;4;3000;1
2024;7;15;804;804006;-;2;11;2;2;3;11;5;8000;1
2024;7;15;804;804006;-;2;11;3;2;3;11;2;1953692;4
2024;7;15;804;804006;-;2;11;3;2;3;11;4;4010;4
2024;7;15;804;804006;-;2;11;3;2;3;11;5;39200;3
2024;7;15;804;804006;-;2;11;4;2;3;11;2;1533826;2
2024;7;15;804;804006;-;2;11;4;2;3;11;4;4320;2
2024;7;15;804;804006;-;2;11;4;2;3;11;5;107300;2
2024;7;15;804;804006;-;2;11;5;2;3;11;2;3072489;2
2024;7;15;804;804006;-;2;11;5;2;3;11;4;7920;2
2024;7;15;804;804006;-;2;11;5;2;3;11;5;146100;2
2024;7;15;804;804006;-;2;11;6;2;3;11;2;2231723;1
2024;7;15;804;804006;-;2;11;6;2;3;11;4;15000;1
2024;7;15;804;804006;-;2;11;6;2;3;11;5;95000;1
2024;7;15;804;804006;-;2;11;7;2;3;11;2;1830610;1
2024;7;15;804;804006;-;2;11;7;2;3;11;4;17000;1
2024;7;15;804;804006;-;2;11;7;2;3;11;5;68000;1
2024;7;15;804;804006;-;2;12;4;2;3;11;2;946986;1
2024;7;15;804;804006;-;2;12;4;2;3;11;4;5475;1
2024;7;15;804;804006;-;2;12;4;2;3;11;5;70000;1
2024;7;15;804;804006;-;2;12;5;2;3;11;2;9340931;3
2024;7;15;804;804006;-;2;12;5;2;3;11;4;8030;3
2024;7;15;804;804006;-;2;12;5;2;3;11;5;188870;2
2024;7;15;804;804006;-;2;12;6;2;3;11;2;3746291;2
2024;7;15;804;804006;-;2;12;6;2;3;11;4;30950;2
2024;7;15;804;804006;-;2;12;6;2;3;11;5;113000;2
2024;7;15;804;804006;-;2;12;7;2;3;11;2;1367748;1
2024;7;15;804;804006;-;2;12;7;2;3;11;4;38000;1
2024;7;15;804;804006;-;2;12;7;2;3;11;5;130000;1
2024;7;15;804;804006;-;2;13;2;2;3;11;2;51188;1
2024;7;16;0;0;-;63;5;1;1;1;11;2;559673;1
2024;7;16;0;0;-;63;5;1;1;1;11;4;730;1
2024;7;16;0;0;-;63;5;1;1;1;11;5;1460;1
2024;7;16;805;805007;-;2;2;7;2;3;11;2;3076900;1
2024;7;16;805;805007;-;2;2;7;2;3;11;4;7300;1
2024;7;16;805;805007;-;2;2;7;2;3;11;5;39120;1
2024;7;16;805;805007;-;2;5;2;2;3;11;2;72000;1
2024;7;16;805;805007;-;2;5;2;2;3;11;5;17000;1
2024;7;16;805;805007;-;2;5;3;2;3;11;2;656085;2
2024;7;16;805;805007;-;2;5;3;2;3;11;4;7285;2
2024;7;16;805;805007;-;2;5;3;2;3;11;5;43290;2
2024;7;16;805;805007;-;2;5;4;2;3;11;2;1916016;3
2024;7;16;805;805007;-;2;5;4;2;3;11;4;2410;3
2024;7;16;805;805007;-;2;5;4;2;3;11;5;49334;3
2024;7;16;805;805007;-;2;5;5;1;1;11;2;1169400;1
2024;7;16;805;805007;-;2;5;5;1;1;11;4;3650;1
2024;7;16;805;805007;-;2;5;5;1;1;11;5;22080;1
2024;7;16;805;805007;-;2;5;5;2;3;11;2;3076157;2
2024;7;16;805;805007;-;2;5;5;2;3;11;4;7825;2
2024;7;16;805;805007;-;2;5;5;2;3;11;5;79920;2
2024;7;16;805;805007;-;2;8;3;2;3;11;2;822562;1
2024;7;16;805;805007;-;2;8;3;2;3;11;4;1365;1
2024;7;16;805;805007;-;2;8;3;2;3;11;5;13500;1
2024;7;16;805;805007;-;2;8;4;2;3;11;2;1256516;1
2024;7;16;805;805007;-;2;8;4;2;3;11;4;4200;1
2024;7;16;805;805007;-;2;8;4;2;3;11;5;53000;1
2024;7;16;805;805007;-;2;8;6;2;3;11;2;3214793;1
2024;7;16;805;805007;-;2;8;6;2;3;11;5;10100;1
2024;7;16;805;805007;-;2;9;5;2;3;11;2;5238190;3
2024;7;16;805;805007;-;2;9;5;2;3;11;4;15392;3
2024;7;16;805;805007;-;2;9;5;2;3;11;5;281700;3
2024;7;16;805;805007;-;2;11;3;2;3;11;2;485505;1
2024;7;16;805;805007;-;2;11;3;2;3;11;4;3650;1
2024;7;16;805;805007;-;2;11;4;2;3;11;2;2810092;4
2024;7;16;805;805007;-;2;11;4;2;3;11;4;15140;4
2024;7;16;805;805007;-;2;11;4;2;3;11;5;83840;3
2024;7;16;805;805007;-;2;11;5;1;1;11;2;1169400;1
2024;7;16;805;805007;-;2;11;5;1;1;11;4;1460;1
2024;7;16;805;805007;-;2;11;5;1;1;11;5;19440;1
2024;7;16;805;805007;-;2;11;5;2;3;11;2;2927564;3
2024;7;16;805;805007;-;2;11;5;2;3;11;4;17000;2
2024;7;16;805;805007;-;2;11;5;2;3;11;5;229200;3
2024;7;16;805;805007;-;2;11;6;2;3;11;1;886514;1
2024;7;16;805;805007;-;2;11;6;2;3;11;2;1573687;1
2024;7;16;805;805007;-;2;11;6;2;3;11;4;7800;2
2024;7;16;805;805007;-;2;11;6;2;3;11;5;102000;2
2024;7;16;805;805007;-;2;13;5;2;3;11;2;1446179;1
2024;7;16;805;805007;-;2;13;5;2;3;11;4;5475;1
2024;7;16;805;805007;-;2;13;5;2;3;11;5;36500;1
2024;7;16;805;805007;-;2;13;6;2;3;11;2;3096173;1
2024;7;16;805;805007;-;2;13;6;2;3;11;4;5200;1
2024;7;16;805;805007;-;2;13;6;2;3;11;5;30000;1
2024;8;2;0;0;-;18;11;1;1;1;11;3;5700;1
2024;8;2;0;0;-;18;11;1;1;1;11;4;900;1
2024;8;2;0;0;-;18;11;1;1;1;11;5;2000;1
2024;8;2;907;907001;-;2;5;2;2;3;11;1;380000;1
2024;8;2;907;907001;-;2;5;2;2;3;11;4;10000;1
2024;8;2;907;907001;-;2;5;2;2;3;11;5;15000;1
2024;8;2;907;907001;-;2;5;3;2;3;11;2;956973;1
2024;8;2;907;907001;-;2;5;3;2;3;11;4;1800;1
2024;8;2;907;907001;-;2;5;3;2;3;11;5;40000;1
2024;8;2;907;907001;-;2;5;4;2;3;11;1;1214000;2
2024;8;2;907;907001;-;2;5;4;2;3;11;2;360000;1
2024;8;2;907;907001;-;2;5;4;2;3;11;4;5200;3
2024;8;2;907;907001;-;2;5;4;2;3;11;5;110000;3
2024;8;2;907;907001;-;2;11;2;2;3;11;2;298947;1
2024;8;2;907;907001;-;2;11;2;2;3;11;4;2000;1
2024;8;2;907;907001;-;2;11;2;2;3;11;5;2000;1
2024;8;2;907;907004;-;2;14;5;2;3;11;2;438690;1
2024;8;2;907;907004;-;2;14;5;2;3;11;4;720;1
2024;8;2;907;907004;-;2;14;5;2;3;11;5;36500;1
2024;8;3;904;904003;-;1;5;2;2;3;11;3;1800;1
2024;8;3;904;904003;-;2;5;2;2;3;11;3;60000;1
2024;8;3;905;905001;-;2;5;5;2;3;11;2;1358212;2
2024;8;3;905;905001;-;2;5;5;2;3;11;4;4250;2
2024;8;3;905;905001;-;2;5;5;2;3;11;5;82840;2
2024;8;3;905;905002;-;2;5;4;2;3;11;2;2133659;1
2024;8;3;905;905002;-;2;5;4;2;3;11;4;1200;1
2024;8;3;905;905002;-;2;5;4;2;3;11;5;60000;1
2024;8;3;905;905003;-;2;5;5;2;3;11;2;357356;1
2024;8;3;905;905003;-;2;5;5;2;3;11;4;1200;1
2024;8;3;905;905003;-;2;5;5;2;3;11;5;10000;1
2024;8;3;905;905003;-;2;11;5;2;3;11;2;2233935;2
2024;8;3;905;905003;-;2;11;5;2;3;11;4;2750;2
2024;8;3;905;905003;-;2;11;5;2;3;11;5;50000;1
2024;8;4;903;903005;-;64;13;5;3;5;11;3;83020;1
2024;8;4;903;903005;-;64;13;5;3;5;11;4;60740;1
2024;8;4;903;903005;-;64;13;5;3;5;11;5;27395;1
2024;8;4;905;905001;-;2;5;2;2;3;11;1;3000;1
2024;8;4;905;905001;-;2;5;2;2;3;11;4;1000;1
2024;8;4;905;905001;-;2;5;2;2;3;11;5;500;1
2024;8;7;903;903003;-;40;1;2;4;8;4;4;204;1
2024;8;8;902;902005;-;2;5;6;2;3;11;2;386908;1
2024;8;8;902;902005;-;2;5;6;2;3;11;4;1680;1
2024;8;8;902;902005;-;2;5;6;2;3;11;5;25700;1
2024;8;9;902;902004;-;1;1;6;2;3;11;4;3465;1
2024;8;9;902;902004;-;1;1;6;2;3;11;5;6944;1
2024;8;13;905;905004;-;1;5;3;2;3;11;2;100;1
2024;8;13;905;905004;-;2;5;5;2;3;11;2;821278;1
2024;8;13;905;905004;-;2;5;5;2;3;11;4;1460;1
2024;8;13;905;905004;-;2;5;5;2;3;11;5;29946;1
2024;8;13;905;905004;-;2;8;2;2;3;11;2;72634;1
2024;8;13;905;905004;-;2;8;2;2;3;11;4;2000;1
2024;8;13;905;905004;-;2;8;2;2;3;11;5;800;1
2024;8;13;905;905005;-;2;8;2;2;3;11;3;64000;1
2024;8;13;905;905005;-;2;8;2;2;3;11;4;300;1
2024;8;13;905;905005;-;2;8;2;2;3;11;5;6000;1
2024;8;13;905;905005;-;2;11;3;2;3;11;2;675012;1
2024;8;13;905;905005;-;2;11;3;2;3;11;4;1065;1
2024;8;13;905;905005;-;2;11;3;2;3;11;5;25200;1
2024;8;13;906;906001;-;2;5;2;2;3;11;2;376000;3
2024;8;13;906;906001;-;2;5;2;2;3;11;4;3825;3
2024;8;13;906;906001;-;2;5;2;2;3;11;5;27300;3
2024;8;13;906;906001;-;2;5;3;2;3;11;1;110;1
2024;8;13;906;906001;-;2;5;3;2;3;11;2;344776;1
2024;8;13;906;906001;-;2;5;3;2;3;11;4;504;2
2024;8;13;906;906001;-;2;5;3;2;3;11;5;8415;2
2024;8;13;906;906003;-;2;5;2;2;3;11;2;100000;1
2024;8;13;906;906003;-;2;5;3;2;3;11;2;298144;1
2024;8;13;906;906003;-;2;5;3;2;3;11;4;400;1
2024;8;13;906;906003;-;2;5;3;2;3;11;5;500;1
2024;9;2;1002;1002001;-;1;11;5;2;3;11;3;3000;1
2024;9;2;1002;1002001;-;2;11;5;2;3;11;2;483674;1
2024;9;2;1002;1002001;-;2;11;5;2;3;11;4;3600;1
2024;9;2;1002;1002001;-;2;11;5;2;3;11;5;27000;1
2024;9;2;1002;1002005;-;2;11;5;2;3;11;2;227870;1
2024;9;2;1002;1002005;-;2;11;5;2;3;11;4;700;1
2024;9;2;1002;1002005;-;2;11;5;2;3;11;5;19200;1
2024;9;2;1002;1002007;-;1;8;2;1;1;11;1;2510000;1
2024;9;2;1002;1002007;-;1;8;2;1;1;11;4;160;1
2024;9;2;1002;1002007;-;1;8;2;1;1;11;5;15500;1
2024;9;2;1002;1002007;-;2;5;3;2;3;4;10;108000;1
2024;9;2;1002;1002007;-;2;5;3;2;3;11;1;20000;1
2024;9;2;1002;1002007;-;2;5;3;2;3;11;2;213000;2
2024;9;2;1002;1002007;-;2;5;3;2;3;11;4;1050;1
2024;9;2;1002;1002007;-;2;5;3;2;3;11;5;1050;1
2024;9;2;1002;1002007;-;2;5;4;2;3;11;2;532950;1
2024;9;2;1002;1002007;-;2;5;4;2;3;11;4;1500;1
2024;9;2;1002;1002007;-;2;5;4;2;3;11;5;8000;1
2024;9;2;1003;1003004;-;2;5;2;2;3;11;3;29200;1
2024;9;2;1003;1003004;-;2;5;3;2;3;4;3;3200;1
2024;9;2;1003;1003004;-;2;5;3;2;3;4;4;200;1
2024;9;2;1003;1003004;-;2;5;3;2;3;4;5;350;1
2024;9;2;1003;1003004;-;2;5;3;2;3;4;11;3200;1
2024;9;3;1004;1004004;-;64;5;5;4;5;11;3;25500;1
2024;9;5;1004;1004001;-;2;5;3;2;3;11;2;814727;3
2024;9;5;1004;1004001;-;2;5;3;2;3;11;4;300;1
2024;9;5;1004;1004001;-;2;5;3;2;3;11;5;29800;2
2024;9;5;1004;1004001;-;2;5;6;2;3;11;1;1011184;1
2024;9;5;1004;1004001;-;2;5;6;2;3;11;4;11200;1
2024;9;5;1004;1004001;-;2;5;6;2;3;11;5;106500;1
2024;9;5;1004;1004001;-;2;8;4;2;3;11;2;384260;1
2024;9;5;1004;1004001;-;2;8;4;2;3;11;4;950;1
2024;9;5;1004;1004001;-;2;8;4;2;3;11;5;10000;1
2024;9;5;1004;1004001;-;2;11;3;2;3;11;2;270199;1
2024;9;5;1004;1004001;-;2;11;3;2;3;11;4;730;1
2024;9;5;1004;1004001;-;2;11;3;2;3;11;5;21900;1
2024;9;5;1004;1004001;-;2;11;4;2;3;11;2;1340329;3
2024;9;5;1004;1004001;-;2;11;4;2;3;11;4;3805;3
2024;9;5;1004;1004001;-;2;11;4;2;3;11;5;99900;3
2024;9;6;1003;1003006;-;2;2;5;2;3;11;1;12473;1
2024;9;6;1003;1003006;-;2;2;5;2;3;11;3;4549256;1
2024;9;6;1003;1003006;-;2;2;5;2;3;11;4;18360;1
2024;9;6;1003;1003006;-;2;8;4;2;3;11;2;131142;1
2024;9;6;1003;1003006;-;2;8;4;2;3;11;4;2150;1
2024;9;6;1003;1003006;-;2;8;4;2;3;11;5;19510;1
2024;9;8;1001;1001001;-;2;5;4;2;3;11;1;60000;1
2024;9;8;1001;1001001;-;2;5;4;2;3;11;4;600;1
2024;9;8;1001;1001001;-;2;5;4;2;3;11;5;13000;1
2024;9;12;1002;1002005;-;2;11;2;2;3;11;2;110000;1
2024;9;12;1002;1002005;-;2;11;2;2;3;11;4;750;1
2024;9;12;1002;1002005;-;2;11;2;2;3;11;5;10000;1
2024;9;12;1002;1002005;-;2;11;6;2;3;11;2;1051992;1
2024;9;12;1002;1002005;-;2;11;6;2;3;11;4;2400;1
2024;9;12;1002;1002005;-;2;11;6;2;3;11;5;54000;1
2024;9;12;1002;1002006;-;2;5;2;2;3;11;3;73000;1
2024;9;12;1002;1002006;-;2;5;2;2;3;11;4;365;1
2024;9;12;1002;1002006;-;2;5;4;2;3;11;2;1773926;1
2024;9;12;1002;1002006;-;2;5;4;2;3;11;4;3000;1
2024;9;12;1002;1002006;-;2;5;4;2;3;11;5;120000;1
2024;10;18;101;101002;-;2;14;2;2;3;11;3;29200;1
2024;10;18;101;101002;-;2;14;2;2;3;11;4;1825;1
2024;10;23;102;102005;-;2;5;2;2;3;4;10;10000;1
2024;10;24;102;102006;-;2;5;2;2;3;11;2;100370;1
2024;10;24;102;102006;-;2;5;2;2;3;11;4;2360;1
2024;10;24;102;102006;-;2;5;2;2;3;11;5;2640;1
2024;11;3;1101;1101006;-;2;11;2;2;3;11;2;238127;1
2024;11;3;1101;1101006;-;2;11;2;2;3;11;4;750;1
2024;11;3;1101;1101006;-;2;11;2;2;3;11;5;12500;1
2024;11;3;1102;1102005;-;1;2;2;2;3;11;2;645042;1
2024;11;3;1102;1102005;-;1;2;2;2;3;11;4;750;1
2024;11;3;1102;1102005;-;2;5;2;2;3;11;2;100000;1
2024;11;3;1102;1102005;-;2;5;2;2;3;11;5;5000;1
2024;11;3;1104;1104002;-;2;5;2;2;3;11;2;120000;1
2024;11;3;1104;1104002;-;2;5;2;2;3;11;4;365;1
2024;11;4;0;0;-;63;5;1;1;1;11;2;18000;1
2024;11;4;1103;1103004;-;2;5;4;2;3;11;2;100000;1
2024;11;4;1103;1103005;-;2;12;5;2;3;11;2;1752633;1
2024;11;4;1103;1103005;-;2;12;5;2;3;11;5;39000;1
2024;11;4;1104;1104005;-;2;2;7;2;3;11;2;2208848;1
2024;11;4;1104;1104005;-;2;2;7;2;3;11;4;3555;1
2024;11;4;1104;1104005;-;2;2;7;2;3;11;5;258150;1
2024;11;4;1104;1104005;-;2;5;5;2;3;11;2;1119250;1
2024;11;4;1104;1104005;-;2;5;5;2;3;11;4;350;1
2024;11;4;1104;1104005;-;2;5;5;2;3;11;5;31040;1
2024;11;4;1104;1104005;-;2;11;3;2;3;11;2;74864;1
2024;11;4;1104;1104005;-;2;11;3;2;3;11;4;50;1
2024;11;4;1104;1104005;-;2;11;3;2;3;11;5;380;1
2024;11;4;1104;1104006;-;2;5;2;2;3;11;2;52000;1
2024;11;4;1104;1104006;-;2;5;2;2;3;11;4;280;1
2024;11;4;1104;1104006;-;2;5;2;2;3;11;5;6500;1
2024;11;4;1104;1104006;-;2;5;4;2;3;11;2;1801749;1
2024;11;4;1104;1104006;-;2;5;4;2;3;11;4;1500;1
2024;11;4;1104;1104006;-;2;5;4;2;3;11;5;26000;1
2024;11;4;1104;1104006;-;2;5;5;2;3;11;2;790227;1
2024;11;4;1104;1104006;-;2;5;5;2;3;11;4;1200;1
2024;11;4;1104;1104006;-;2;5;5;2;3;11;5;40000;1
2024;11;4;1104;1104006;-;2;8;7;2;3;11;2;2654937;1
2024;11;4;1104;1104006;-;2;8;7;2;3;11;4;9168;1
2024;11;4;1104;1104006;-;2;8;7;2;3;11;5;58670;1
2024;11;4;1104;1104006;-;2;12;5;2;3;11;2;1382132;1
2024;11;4;1104;1104006;-;2;12;5;2;3;11;4;3650;1
2024;11;4;1104;1104006;-;2;12;5;2;3;11;5;27600;1
2024;11;4;1105;1105001;-;1;12;5;2;3;11;2;74400;1
2024;11;4;1105;1105001;-;1;12;5;2;3;11;4;1000;1
2024;11;4;1105;1105001;-;2;1;3;2;3;11;2;96298;1
2024;11;4;1105;1105001;-;2;1;7;2;3;11;2;809581;1
2024;11;4;1105;1105001;-;2;1;7;2;3;11;5;40000;1
2024;11;4;1105;1105001;-;2;5;2;2;3;11;2;120180;2
2024;11;4;1105;1105001;-;2;5;2;2;3;11;4;3500;1
2024;11;4;1105;1105001;-;2;5;2;2;3;11;5;520;2
2024;11;4;1105;1105001;-;2;5;3;2;3;11;2;475000;2
2024;11;4;1105;1105001;-;2;5;3;2;3;11;4;665;2
2024;11;4;1105;1105001;-;2;5;3;2;3;11;5;12100;2
2024;11;4;1105;1105001;-;2;5;4;2;3;11;2;1525190;4
2024;11;4;1105;1105001;-;2;5;4;2;3;11;4;4400;4
2024;11;4;1105;1105001;-;2;5;4;2;3;11;5;25500;4
2024;11;4;1105;1105001;-;2;11;3;2;3;11;2;60000;1
2024;11;4;1105;1105001;-;2;11;3;2;3;11;4;730;1
2024;11;4;1105;1105001;-;2;11;3;2;3;11;5;300;1
2024;11;4;1105;1105001;-;2;11;4;2;3;11;2;675000;1
2024;11;4;1105;1105001;-;2;11;4;2;3;11;4;1400;1
2024;11;4;1105;1105001;-;2;11;4;2;3;11;5;27000;1
2024;11;4;1105;1105001;-;2;12;4;2;3;11;2;242803;1
2024;11;4;1105;1105001;-;2;12;4;2;3;11;4;1200;1
2024;11;4;1105;1105001;-;2;12;4;2;3;11;5;2000;1
2024;11;4;1105;1105002;-;2;5;3;2;3;11;2;187200;1
2024;11;4;1105;1105002;-;2;5;3;2;3;11;4;200;1
2024;11;4;1105;1105002;-;2;5;3;2;3;11;5;7200;1
2024;11;4;1105;1105002;-;2;5;4;2;3;11;2;190000;1
2024;11;4;1105;1105002;-;2;5;4;2;3;11;4;500;1
2024;11;4;1105;1105002;-;2;8;2;2;3;11;2;36000;1
2024;11;4;1105;1105002;-;2;8;2;2;3;11;4;600;1
2024;11;4;1105;1105002;-;2;8;2;2;3;11;5;3600;1
2024;11;4;1105;1105002;-;2;8;3;2;3;11;2;415715;1
2024;11;4;1105;1105002;-;2;8;3;2;3;11;4;800;1
2024;11;4;1105;1105002;-;2;8;3;2;3;11;5;18000;1
2024;11;4;1105;1105002;-;2;11;2;2;3;11;1;54000;1
2024;11;4;1105;1105002;-;2;11;2;2;3;11;2;145200;1
2024;11;4;1105;1105002;-;2;11;2;2;3;11;4;720;1
2024;11;4;1105;1105002;-;2;11;2;2;3;11;5;7500;2
2024;11;4;1105;1105002;-;2;11;3;2;3;11;2;670028;1
2024;11;4;1105;1105002;-;2;11;3;2;3;11;4;1930;1
2024;11;4;1105;1105002;-;2;11;3;2;3;11;5;15600;1
2024;11;4;1105;1105002;-;2;14;3;2;3;11;2;240000;1
2024;11;4;1105;1105002;-;2;14;3;2;3;11;4;800;1
2024;11;4;1105;1105002;-;2;14;3;2;3;11;5;7000;1
2024;11;4;1105;1105002;-;2;14;4;2;3;11;2;290147;1
2024;11;4;1105;1105002;-;2;14;4;2;3;11;4;1000;1
2024;11;4;1105;1105002;-;2;14;4;2;3;11;5;800;1
2024;11;5;1102;1102002;-;2;5;5;2;3;11;2;820000;1
2024;11;5;1102;1102002;-;2;5;5;2;3;11;4;1400;1
2024;11;5;1102;1102002;-;2;5;5;2;3;11;5;21000;1
2024;11;5;1103;1103004;-;1;5;3;2;3;11;2;60000;1
2024;11;5;1103;1103004;-;1;5;3;2;3;11;4;365;1
2024;11;5;1104;1104001;-;2;5;4;2;3;11;2;1646638;1
2024;11;5;1104;1104001;-;2;5;4;2;3;11;4;2500;1
2024;11;5;1104;1104001;-;2;5;4;2;3;11;5;60000;1
2024;11;5;1104;1104001;-;2;11;6;2;3;11;2;4099396;1
2024;11;5;1104;1104001;-;2;11;6;2;3;11;4;4000;1
2024;11;5;1104;1104001;-;2;11;6;2;3;11;5;255000;1
2024;11;5;1104;1104001;-;2;13;5;2;3;11;2;630740;1
2024;11;5;1104;1104001;-;2;13;5;2;3;11;4;700;1
2024;11;5;1104;1104001;-;2;13;5;2;3;11;5;12000;1
2024;11;5;1104;1104002;-;2;5;3;2;3;11;2;180000;1
2024;11;5;1104;1104002;-;2;5;3;2;3;11;4;200;1
2024;11;5;1104;1104002;-;2;5;3;2;3;11;5;12000;1
2024;11;5;1104;1104002;-;2;5;4;2;3;11;2;1570066;3
2024;11;5;1104;1104002;-;2;5;4;2;3;11;4;1869;3
2024;11;5;1104;1104002;-;2;5;4;2;3;11;5;77680;3
2024;11;5;1104;1104002;-;2;11;3;2;3;11;2;386746;1
2024;11;5;1104;1104002;-;2;11;3;2;3;11;5;11000;1
2024;11;5;1104;1104002;-;2;11;4;2;3;11;2;1701324;3
2024;11;5;1104;1104002;-;2;11;4;2;3;11;4;2595;3
2024;11;5;1104;1104002;-;2;11;4;2;3;11;5;50000;3
2024;11;5;1104;1104002;-;2;12;5;2;3;11;2;1825147;1
2024;11;5;1104;1104002;-;2;12;5;2;3;11;5;54420;1
2024;11;5;1104;1104002;-;2;14;5;2;3;11;2;859895;1
2024;11;5;1104;1104002;-;2;14;5;2;3;11;4;2630;1
2024;11;5;1105;1105001;-;2;5;3;2;3;11;1;398000;1
2024;11;5;1105;1105001;-;2;5;3;2;3;11;4;1700;1
2024;11;5;1105;1105001;-;2;5;3;2;3;11;5;4000;1
2024;11;5;1105;1105002;-;2;5;2;2;3;11;2;45600;1
2024;11;5;1105;1105002;-;2;5;4;2;3;11;2;1258580;2
2024;11;5;1105;1105002;-;2;5;4;2;3;11;4;3800;2
2024;11;5;1105;1105002;-;2;11;3;2;3;11;2;161500;1
2024;11;5;1105;1105002;-;2;11;3;2;3;11;4;960;1
2024;11;5;1105;1105002;-;2;14;5;2;3;11;2;792743;1
2024;11;5;1105;1105002;-;2;14;5;2;3;11;4;2465;1
2024;11;6;1101;1101004;-;1;5;2;2;3;11;3;48000;1
2024;11;6;1101;1101004;-;1;5;2;2;3;11;4;200;1
2024;11;6;1101;1101004;-;1;5;2;2;3;11;5;1300;1
2024;11;6;1101;1101004;-;1;5;5;2;3;11;3;108000;1
2024;11;6;1101;1101004;-;1;5;5;2;3;11;4;300;1
2024;11;6;1101;1101004;-;1;5;5;2;3;11;5;100;1
2024;11;6;1101;1101004;-;1;8;6;2;3;11;2;169094;1
2024;11;6;1101;1101004;-;1;8;6;2;3;11;4;200;1
2024;11;6;1101;1101004;-;1;8;6;2;3;11;5;1500;1
2024;11;6;1101;1101004;-;2;5;3;2;3;11;3;150000;1
2024;11;6;1101;1101004;-;2;5;3;2;3;11;5;2500;1
2024;11;6;1101;1101004;-;2;5;5;2;3;11;2;226111;2
2024;11;6;1101;1101004;-;2;5;5;2;3;11;4;465;2
2024;11;6;1101;1101004;-;2;5;5;2;3;11;5;18250;1
2024;11;6;1101;1101004;-;2;11;4;2;3;11;2;360000;1
2024;11;6;1101;1101004;-;2;11;4;2;3;11;4;500;1
2024;11;6;1101;1101004;-;2;11;4;2;3;11;5;6000;1
2024;11;6;1101;1101005;-;1;11;5;2;3;11;3;200000;1
2024;11;6;1101;1101005;-;1;11;5;2;3;11;4;200;1
2024;11;6;1101;1101005;-;1;11;5;2;3;11;5;3000;1
2024;11;6;1101;1101005;-;2;2;7;2;3;11;2;4273790;1
2024;11;6;1101;1101005;-;2;2;7;2;3;11;4;11085;1
2024;11;6;1101;1101005;-;2;2;7;2;3;11;5;163534;1
2024;11;6;1101;1101005;-;2;5;3;2;3;11;2;108966;1
2024;11;6;1101;1101005;-;2;5;3;2;3;11;4;3500;1
2024;11;6;1101;1101005;-;2;5;3;2;3;11;5;210000;1
2024;11;6;1101;1101005;-;2;5;5;2;3;11;2;190000;1
2024;11;6;1101;1101005;-;2;5;5;2;3;11;4;1100;1
2024;11;6;1101;1101005;-;2;5;5;2;3;11;5;15100;1
2024;11;6;1101;1101005;-;2;11;5;2;3;11;2;112729;1
2024;11;6;1101;1101005;-;2;11;5;2;3;11;4;60;1
2024;11;6;1101;1101005;-;2;11;5;2;3;11;5;700;1
2024;11;6;1101;1101006;-;1;5;5;2;3;11;2;80400;1
2024;11;6;1101;1101006;-;1;5;5;2;3;11;4;1000;1
2024;11;6;1101;1101006;-;1;5;5;2;3;11;5;4500;1
2024;11;6;1101;1101006;-;1;8;5;2;3;11;3;80000;1
2024;11;6;1101;1101006;-;1;8;5;2;3;11;4;1000;1
2024;11;6;1101;1101006;-;1;8;5;2;3;11;5;9000;1
2024;11;6;1101;1101006;-;2;5;4;2;3;11;2;250000;1
2024;11;6;1101;1101006;-;2;5;4;2;3;11;4;1100;1
2024;11;6;1101;1101006;-;2;5;4;2;3;11;5;14600;1
2024;11;6;1101;1101006;-;2;5;6;2;3;11;2;680000;1
2024;11;6;1101;1101006;-;2;5;6;2;3;11;4;1000;1
2024;11;6;1101;1101006;-;2;5;6;2;3;11;5;20000;1
2024;11;6;1101;1101006;-;2;8;4;2;3;11;2;120000;1
2024;11;6;1101;1101006;-;2;8;4;2;3;11;4;300;1
2024;11;6;1101;1101006;-;2;8;4;2;3;11;5;12000;1
2024;11;6;1101;1101006;-;2;11;4;2;3;11;2;424117;2
2024;11;6;1101;1101006;-;2;11;4;2;3;11;4;1350;2
2024;11;6;1101;1101006;-;2;11;4;2;3;11;5;36500;1
2024;11;6;1102;1102002;-;1;1;4;2;3;11;1;20972;1
2024;11;6;1102;1102002;-;1;1;4;2;3;11;5;3000;1
2024;11;6;1102;1102002;-;2;5;2;1;1;11;1;25000;1
2024;11;6;1102;1102002;-;2;5;2;1;1;11;4;200;1
2024;11;6;1102;1102002;-;2;5;2;1;1;11;5;500;1
2024;11;6;1102;1102002;-;2;11;3;2;3;11;2;152830;1
2024;11;6;1102;1102002;-;2;11;3;2;3;11;4;720;1
2024;11;6;1103;1103003;-;2;5;4;2;3;11;2;47453;1
2024;11;6;1103;1103003;-;2;5;4;2;3;11;4;750;1
2024;11;6;1103;1103003;-;2;5;4;2;3;11;5;7200;1
2024;11;7;1101;1101001;-;1;9;7;2;3;11;1;1400000;1
2024;11;7;1101;1101001;-;1;9;7;2;3;11;4;5000;1
2024;11;7;1101;1101001;-;1;9;7;2;3;11;5;72000;1
2024;11;7;1101;1101001;-;2;5;4;2;3;11;2;30400;1
2024;11;7;1101;1101001;-;2;5;4;2;3;11;4;4000;1
2024;11;7;1101;1101001;-;2;5;4;2;3;11;5;5000;1
2024;11;7;1101;1101002;-;1;5;3;2;3;11;2;392155;1
2024;11;7;1101;1101002;-;1;5;3;2;3;11;4;1200;1
2024;11;7;1101;1101002;-;1;5;3;2;3;11;5;1500;1
2024;11;7;1101;1101002;-;1;5;5;2;3;11;2;170000;1
2024;11;7;1101;1101002;-;1;5;5;2;3;11;5;1500;1
2024;11;7;1101;1101002;-;1;11;3;2;3;11;1;24000;1
2024;11;7;1101;1101002;-;1;11;3;2;3;11;2;7585;1
2024;11;7;1101;1101002;-;1;11;3;2;3;11;4;500;1
2024;11;7;1101;1101002;-;2;2;4;2;3;11;1;21000;1
2024;11;7;1101;1101002;-;2;2;4;2;3;11;4;1500;1
2024;11;7;1101;1101002;-;2;2;4;2;3;11;5;250000;1
2024;11;7;1101;1101002;-;2;5;2;2;3;4;4;1000;1
2024;11;7;1101;1101002;-;2;5;2;2;3;4;5;2300;1
2024;11;7;1101;1101002;-;2;5;3;2;3;11;2;311944;2
2024;11;7;1101;1101002;-;2;5;3;2;3;11;4;1365;2
2024;11;7;1101;1101002;-;2;5;3;2;3;11;5;18000;1
2024;11;7;1101;1101002;-;2;5;4;2;3;11;2;60000;1
2024;11;7;1101;1101002;-;2;5;4;2;3;11;4;500;1
2024;11;7;1101;1101002;-;2;5;4;2;3;11;5;3000;1
2024;11;7;1101;1101002;-;2;11;5;2;3;11;1;510000;1
2024;11;7;1101;1101002;-;2;11;5;2;3;11;4;10000;1
2024;11;7;1101;1101002;-;2;11;5;2;3;11;5;20000;1
2024;11;8;1101;1101002;-;2;11;5;2;3;11;2;2203595;1
2024;11;8;1101;1101002;-;2;11;5;2;3;11;4;2920;1
2024;11;8;1101;1101002;-;2;11;5;2;3;11;5;62000;1
2024;11;9;1102;1102007;-;2;13;6;2;3;11;1;751485;1
2024;11;9;1102;1102007;-;2;13;6;2;3;11;4;1100;1
2024;11;9;1102;1102007;-;2;13;6;2;3;11;5;18000;1
2024;11;10;1103;1103003;-;2;5;3;2;3;11;1;20500;1
2024;11;10;1103;1103003;-;2;5;3;2;3;11;4;800;1
2024;11;12;1105;1105002;-;1;5;3;2;3;11;1;219000;1
2024;11;12;1105;1105002;-;1;5;3;2;3;11;4;1900;1
2024;11;12;1105;1105002;-;1;5;3;2;3;11;5;19900;1
2024;11;12;1105;1105002;-;1;5;5;2;3;11;2;215300;1
2024;11;12;1105;1105002;-;1;5;5;2;3;11;4;1450;1
2024;11;12;1105;1105002;-;1;5;5;2;3;11;5;23400;1
2024;11;12;1105;1105002;-;2;5;3;2;3;11;2;142250;1
2024;11;12;1105;1105002;-;2;5;3;2;3;11;4;940;1
2024;11;12;1105;1105002;-;2;5;3;2;3;11;5;4210;1
2024;11;12;1105;1105002;-;2;5;4;2;3;11;2;168000;1
2024;11;12;1105;1105002;-;2;5;4;2;3;11;4;365;1
2024;11;12;1105;1105002;-;2;5;4;2;3;11;5;1350;1
2024;11;12;1105;1105002;-;2;5;6;2;3;11;2;1122119;1
2024;11;12;1105;1105002;-;2;5;6;2;3;11;4;550;1
2024;11;12;1105;1105002;-;2;5;6;2;3;11;5;40250;1
2024;11;12;1105;1105002;-;2;11;2;2;3;11;2;185000;1
2024;11;12;1105;1105002;-;2;11;2;2;3;11;4;200;1
2024;11;12;1105;1105002;-;2;11;2;2;3;11;5;4000;1
2024;12;3;1201;1201005;-;2;5;4;2;3;11;1;180000;1
2024;12;3;1201;1201005;-;2;5;4;2;3;11;2;146000;1
2024;12;3;1201;1201005;-;2;5;4;2;3;11;4;1500;1
2024;12;3;1201;1201005;-;2;5;4;2;3;11;5;120000;1
2024;12;3;1203;1203003;-;2;5;3;2;3;11;2;167533;1
2024;12;3;1203;1203003;-;2;5;3;2;3;11;4;200;1
2024;12;3;1203;1203003;-;2;5;3;2;3;11;5;2000;1
2024;12;3;1203;1203003;-;2;5;5;2;3;11;2;371804;1
2024;12;3;1203;1203003;-;2;5;5;2;3;11;4;6000;1
2024;12;3;1203;1203003;-;2;5;5;2;3;11;5;40000;1
2024;12;3;1203;1203003;-;63;5;1;1;1;11;2;273750;1
2024;12;3;1203;1203003;-;63;5;1;1;1;11;4;1280;1
2024;12;3;1203;1203003;-;63;5;1;1;1;11;5;7200;1
2024;12;3;1203;1203004;-;1;5;3;2;3;11;2;89000;1
2024;12;3;1203;1203004;-;1;5;3;2;3;11;4;730;1
2024;12;3;1203;1203004;-;1;5;3;2;3;11;5;4800;1
2024;12;3;1203;1203004;-;2;5;3;2;3;11;3;39600;1
2024;12;3;1203;1203004;-;2;5;3;2;3;11;4;730;1
2024;12;3;1203;1203004;-;2;5;3;2;3;11;5;2880;1
2024;12;3;1203;1203004;-;2;5;4;2;3;11;2;235235;1
2024;12;3;1203;1203004;-;2;5;4;2;3;11;4;809;1
2024;12;3;1203;1203004;-;2;5;4;2;3;11;5;17216;1
2024;12;3;1203;1203004;-;2;8;4;2;3;11;2;203319;1
2024;12;3;1203;1203004;-;2;8;4;2;3;11;4;720;1
2024;12;3;1203;1203004;-;2;8;4;2;3;11;5;21600;1
2024;12;3;1203;1203004;-;2;11;3;2;3;11;2;32079;1
2024;12;3;1203;1203004;-;2;11;3;2;3;11;4;700;1
2024;12;3;1203;1203004;-;2;11;3;2;3;11;5;3000;1
2024;12;3;1203;1203004;-;2;11;4;2;3;11;2;93000;1
2024;12;3;1203;1203004;-;2;11;4;2;3;11;3;1300000;1
2024;12;3;1203;1203004;-;2;11;4;2;3;11;4;3200;1
2024;12;3;1203;1203004;-;2;11;4;2;3;11;5;14000;1
2024;12;3;1203;1203004;-;2;11;7;2;3;11;2;2499477;1
2024;12;3;1203;1203004;-;2;11;7;2;3;11;4;12000;1
2024;12;3;1203;1203004;-;2;11;7;2;3;11;5;180000;1
2024;12;3;1203;1203004;-;2;12;5;2;3;11;2;900909;1
2024;12;3;1203;1203004;-;2;12;5;2;3;11;4;7200;1
2024;12;3;1203;1203004;-;2;12;5;2;3;11;5;26640;1
2024;12;3;1203;1203004;-;3;5;5;2;3;11;2;215000;1
2024;12;3;1203;1203004;-;3;5;5;2;3;11;4;1500;1
2024;12;3;1203;1203004;-;3;5;5;2;3;11;5;15000;1
2024;12;3;1203;1203005;-;1;5;3;2;3;11;1;32850;1
2024;12;3;1203;1203005;-;1;5;3;2;3;11;4;730;1
2024;12;3;1203;1203005;-;1;5;3;2;3;11;5;3240;1
2024;12;3;1203;1203005;-;2;1;5;2;3;11;2;139622;1
2024;12;3;1203;1203005;-;2;1;5;2;3;11;4;2760;1
2024;12;3;1203;1203005;-;2;1;5;2;3;11;5;13650;1
2024;12;3;1203;1203005;-;2;5;2;2;3;11;1;56575;1
2024;12;3;1203;1203005;-;2;5;2;2;3;11;2;45689;1
2024;12;3;1203;1203005;-;2;5;2;2;3;11;4;1460;2
2024;12;3;1203;1203005;-;2;5;2;2;3;11;5;6720;2
2024;12;3;1203;1203005;-;2;5;3;2;3;11;2;1909923;10
2024;12;3;1203;1203005;-;2;5;3;2;3;11;3;33600;1
2024;12;3;1203;1203005;-;2;5;3;2;3;11;4;20835;9
2024;12;3;1203;1203005;-;2;5;3;2;3;11;5;123081;9
2024;12;3;1203;1203005;-;2;5;4;2;3;11;2;3648297;7
2024;12;3;1203;1203005;-;2;5;4;2;3;11;4;11955;7
2024;12;3;1203;1203005;-;2;5;4;2;3;11;5;165410;6
2024;12;3;1203;1203005;-;2;8;2;2;3;11;2;313800;2
2024;12;3;1203;1203005;-;2;8;2;2;3;11;4;2230;2
2024;12;3;1203;1203005;-;2;8;2;2;3;11;5;12400;2
2024;12;3;1203;1203005;-;2;8;3;2;3;11;1;50000;1
2024;12;3;1203;1203005;-;2;8;3;2;3;11;2;287641;2
2024;12;3;1203;1203005;-;2;8;3;2;3;11;4;950;2
2024;12;3;1203;1203005;-;2;8;3;2;3;11;5;12300;2
2024;12;3;1203;1203005;-;2;8;4;2;3;11;1;393408;1
2024;12;3;1203;1203005;-;2;8;4;2;3;11;2;956088;2
2024;12;3;1203;1203005;-;2;8;4;2;3;11;4;3182;2
2024;12;3;1203;1203005;-;2;8;4;2;3;11;5;34040;2
2024;12;3;1203;1203005;-;2;11;3;2;3;11;2;634042;2
2024;12;3;1203;1203005;-;2;11;3;2;3;11;3;68900;1
2024;12;3;1203;1203005;-;2;11;3;2;3;11;4;4060;3
2024;12;3;1203;1203005;-;2;11;3;2;3;11;5;25500;3
2024;12;3;1203;1203005;-;2;11;4;2;3;11;2;4322705;3
2024;12;3;1203;1203005;-;2;11;4;2;3;11;4;11920;3
2024;12;3;1203;1203005;-;2;11;4;2;3;11;5;108000;3
2024;12;3;1203;1203005;-;2;12;4;2;3;11;2;447382;1
2024;12;3;1203;1203005;-;2;12;4;2;3;11;4;3350;1
2024;12;3;1203;1203005;-;2;12;4;2;3;11;5;39600;1
2024;12;4;0;0;-;63;5;1;1;1;11;3;76000;1
2024;12;4;0;0;-;63;5;1;1;1;11;4;700;1
2024;12;4;0;0;-;63;5;1;1;1;11;5;7600;1
2024;12;4;1203;1203003;-;2;14;7;2;3;11;2;4180000;1
2024;12;4;1203;1203003;-;2;14;7;2;3;11;4;5000;1
2024;12;4;1203;1203003;-;2;14;7;2;3;11;5;60000;1
2024;12;4;1203;1203004;-;2;11;7;2;3;11;2;3661429;1
2024;12;4;1203;1203004;-;2;11;7;2;3;11;4;10950;1
2024;12;4;1203;1203004;-;2;11;7;2;3;11;5;95100;1
2024;12;5;1201;1201001;-;1;8;4;2;3;11;2;140190;1
2024;12;5;1201;1201001;-;1;8;4;2;3;11;4;800;1
2024;12;5;1201;1201001;-;1;8;4;2;3;11;5;5000;1
2024;12;5;1201;1201001;-;1;11;3;2;3;11;3;45040;2
2024;12;5;1201;1201001;-;1;11;3;2;3;11;4;350;2
2024;12;5;1201;1201001;-;1;11;3;2;3;11;5;1020;2
2024;12;5;1201;1201001;-;2;5;2;2;3;11;2;529000;3
2024;12;5;1201;1201001;-;2;5;2;2;3;11;4;1440;2
2024;12;5;1201;1201001;-;2;5;2;2;3;11;5;17200;2
2024;12;5;1201;1201001;-;2;5;3;2;3;11;2;260000;1
2024;12;5;1201;1201001;-;2;5;3;2;3;11;4;350;1
2024;12;5;1201;1201001;-;2;5;3;2;3;11;5;20000;1
2024;12;5;1201;1201001;-;2;5;4;2;3;11;2;584263;1
2024;12;5;1201;1201001;-;2;5;4;2;3;11;4;332;1
2024;12;5;1201;1201001;-;2;5;4;2;3;11;5;14300;1
2024;12;5;1201;1201001;-;2;8;4;2;3;11;3;30000;1
2024;12;5;1201;1201001;-;2;8;4;2;3;11;4;120;1
2024;12;5;1201;1201001;-;2;8;4;2;3;11;5;6960;1
2024;12;5;1201;1201001;-;2;11;4;2;3;11;2;254865;1
2024;12;5;1201;1201001;-;2;11;4;2;3;11;4;900;1
2024;12;5;1201;1201001;-;2;11;4;2;3;11;5;8100;1
2024;12;5;1201;1201002;-;1;5;4;2;3;11;2;134557;1
2024;12;5;1201;1201002;-;1;5;4;2;3;11;4;2620;2
2024;12;5;1201;1201002;-;1;5;4;2;3;11;5;5900;2
2024;12;5;1201;1201002;-;1;11;6;2;3;11;2;2030765;1
2024;12;5;1201;1201002;-;1;11;6;2;3;11;4;2000;1
2024;12;5;1201;1201002;-;1;11;6;2;3;11;5;17000;1
2024;12;5;1201;1201002;-;2;5;3;2;3;11;2;198696;1
2024;12;5;1201;1201002;-;2;5;3;2;3;11;4;1460;1
2024;12;5;1201;1201002;-;2;5;3;2;3;11;5;16425;1
2024;12;5;1201;1201002;-;2;5;4;2;3;11;2;3489860;4
2024;12;5;1201;1201002;-;2;5;4;2;3;11;4;6300;4
2024;12;5;1201;1201002;-;2;5;4;2;3;11;5;74500;4
2024;12;5;1201;1201002;-;2;5;5;2;3;11;2;3636924;2
2024;12;5;1201;1201002;-;2;5;5;2;3;11;4;5685;2
2024;12;5;1201;1201002;-;2;5;5;2;3;11;5;72365;2
2024;12;5;1201;1201002;-;2;11;4;2;3;11;2;507983;1
2024;12;5;1201;1201002;-;2;11;4;2;3;11;4;1700;1
2024;12;5;1201;1201002;-;2;11;4;2;3;11;5;9000;1
2024;12;5;1201;1201002;-;63;5;1;1;1;11;2;120000;1
2024;12;5;1201;1201002;-;63;5;1;1;1;11;4;720;1
2024;12;5;1201;1201002;-;63;5;1;1;1;11;5;10000;1
2024;12;5;1201;1201002;-;63;11;1;1;1;11;3;283000;1
2024;12;5;1201;1201002;-;63;11;1;1;1;11;4;700;1
2024;12;5;1201;1201002;-;63;11;1;1;1;11;5;28300;1
2024;12;5;1201;1201003;-;2;2;5;2;3;11;2;2768985;1
2024;12;5;1201;1201003;-;2;2;5;2;3;11;4;7320;1
2024;12;5;1201;1201003;-;2;2;5;2;3;11;5;190180;1
2024;12;5;1201;1201003;-;2;5;3;2;3;11;2;259702;1
2024;12;5;1201;1201003;-;2;5;4;2;3;11;2;3585054;3
2024;12;5;1201;1201003;-;2;5;4;2;3;11;4;9940;3
2024;12;5;1201;1201003;-;2;5;4;2;3;11;5;116150;3
2024;12;5;1201;1201003;-;2;5;5;2;3;11;1;1121218;1
2024;12;5;1201;1201003;-;2;5;5;2;3;11;2;1253672;1
2024;12;5;1201;1201003;-;2;5;5;2;3;11;4;6280;2
2024;12;5;1201;1201003;-;2;5;5;2;3;11;5;128800;2
2024;12;5;1201;1201003;-;2;9;6;2;3;11;2;4474751;1
2024;12;5;1201;1201003;-;2;9;6;2;3;11;4;4170;1
2024;12;5;1201;1201003;-;2;9;6;2;3;11;5;178140;1
2024;12;5;1201;1201003;-;2;11;2;2;3;11;3;200000;1
2024;12;5;1201;1201003;-;2;11;2;2;3;11;4;700;1
2024;12;5;1201;1201003;-;2;11;2;2;3;11;5;20000;1
2024;12;5;1201;1201003;-;2;12;2;1;1;11;2;982148;1
2024;12;5;1201;1201003;-;2;12;2;1;1;11;4;1850;1
2024;12;5;1203;1203003;-;2;5;3;2;3;11;2;124800;1
2024;12;5;1203;1203003;-;2;5;3;2;3;11;5;1200;1
2024;12;6;1201;1201004;-;2;5;4;2;3;11;2;300000;1
2024;12;6;1201;1201004;-;2;5;4;2;3;11;4;1200;1
2024;12;6;1201;1201004;-;2;5;4;2;3;11;5;12000;1
2024;12;6;1201;1201004;-;2;8;3;2;3;11;2;542964;1
2024;12;6;1201;1201004;-;2;8;3;2;3;11;4;800;1
2024;12;6;1201;1201004;-;2;8;3;2;3;11;5;10200;1
2024;12;6;1201;1201005;-;2;3;7;2;3;11;2;3072636;1
2024;12;6;1201;1201005;-;2;3;7;2;3;11;4;1500;1
2024;12;6;1201;1201005;-;2;3;7;2;3;11;5;144500;1
2024;12;6;1201;1201005;-;2;12;5;2;3;11;2;1847393;1
2024;12;6;1201;1201005;-;2;12;5;2;3;11;4;2416;1
2024;12;6;1201;1201005;-;2;12;5;2;3;11;5;72889;1
2024;12;6;1202;1202004;-;2;11;6;2;3;11;2;983701;1
2024;12;6;1202;1202004;-;2;11;6;2;3;11;4;3600;1
2024;12;6;1202;1202004;-;2;11;6;2;3;11;5;60000;1
2024;12;7;1201;1201004;-;2;13;4;2;3;11;2;172272;1
2024;12;7;1201;1201004;-;2;13;4;2;3;11;4;1200;1
2024;12;7;1201;1201004;-;2;13;4;2;3;11;5;500;1
2024;12;11;1202;1202004;-;2;3;5;2;3;11;2;1380796;1
2024;12;11;1202;1202004;-;2;3;5;2;3;11;4;4500;1
2024;12;11;1202;1202004;-;2;3;5;2;3;11;5;67500;1
2024;12;11;1202;1202004;-;2;5;3;2;3;11;2;803330;2
2024;12;11;1202;1202004;-;2;5;3;2;3;11;4;960;2
2024;12;11;1202;1202004;-;2;5;3;2;3;11;5;8100;2
2024;12;11;1202;1202004;-;2;5;4;2;3;11;2;2578837;5
2024;12;11;1202;1202004;-;2;5;4;2;3;11;4;7475;4
2024;12;11;1202;1202004;-;2;5;4;2;3;11;5;79000;5
2024;12;11;1202;1202004;-;2;5;5;2;3;11;2;1305240;1
2024;12;11;1202;1202004;-;2;5;5;2;3;11;4;700;1
2024;12;11;1202;1202004;-;2;5;5;2;3;11;5;30000;1
2024;12;11;1202;1202004;-;2;8;4;2;3;11;2;3020805;2
2024;12;11;1202;1202004;-;2;8;4;2;3;11;4;5475;1
2024;12;11;1202;1202004;-;2;8;4;2;3;11;5;55374;2
2024;12;11;1202;1202004;-;2;8;5;2;3;11;2;586991;1
2024;12;11;1202;1202004;-;2;8;5;2;3;11;4;6259;1
2024;12;11;1202;1202004;-;2;8;5;2;3;11;5;68849;1
2024;12;11;1202;1202004;-;2;11;4;2;3;11;2;2032404;4
2024;12;11;1202;1202004;-;2;11;4;2;3;11;4;3576;4
2024;12;11;1202;1202004;-;2;11;4;2;3;11;5;95950;4
2024;12;11;1202;1202004;-;2;11;5;2;3;11;2;2418064;1
2024;12;11;1202;1202004;-;2;11;5;2;3;11;4;2350;1
2024;12;11;1202;1202004;-;2;11;5;2;3;11;5;132068;1
2024;12;12;1203;1203001;-;2;5;3;2;3;11;2;1205739;3
2024;12;12;1203;1203001;-;2;5;3;2;3;11;4;2225;3
2024;12;12;1203;1203001;-;2;5;3;2;3;11;5;22100;2
2024;12;12;1203;1203001;-;2;5;4;2;3;11;2;514215;1
2024;12;12;1203;1203001;-;2;5;4;2;3;11;4;500;1
2024;12;12;1203;1203001;-;2;5;4;2;3;11;5;5500;1
2024;12;12;1203;1203001;-;2;11;4;2;3;11;2;255883;1
2024;12;12;1203;1203001;-;2;11;4;2;3;11;4;250;1
2024;12;12;1203;1203001;-;2;11;4;2;3;11;5;400;1
2024;12;12;1203;1203001;-;2;14;3;2;3;11;2;331189;1
2024;12;12;1203;1203001;-;2;14;3;2;3;11;4;2000;1
2024;12;12;1203;1203001;-;2;14;3;2;3;11;5;5000;1
2024;12;12;1203;1203002;-;2;5;5;2;3;11;2;1976159;2
2024;12;12;1203;1203002;-;2;5;5;2;3;11;4;7125;2
2024;12;12;1203;1203002;-;2;5;5;2;3;11;5;75000;2
2024;12;12;1203;1203002;-;2;12;3;2;3;11;2;466139;1
2024;12;12;1203;1203002;-;2;12;3;2;3;11;4;1500;1
2024;12;12;1203;1203002;-;2;12;3;2;3;11;5;9500;1
2024;13;2;1301;1301005;-;1;5;5;2;3;11;4;2000;1
2024;13;2;1301;1301005;-;1;5;5;2;3;11;5;3200;1
2024;13;2;1301;1301005;-;2;5;2;2;3;11;1;51600;1
2024;13;2;1301;1301005;-;2;5;2;2;3;11;2;21300;1
2024;13;2;1301;1301005;-;2;5;2;2;3;11;4;1100;1
2024;13;2;1301;1301005;-;2;5;2;2;3;11;5;5800;1
2024;13;2;1301;1301005;-;2;5;4;2;3;11;2;400000;1
2024;13;2;1301;1301005;-;2;5;4;2;3;11;4;3000;1
2024;13;2;1301;1301005;-;2;5;4;2;3;11;5;20000;1
2024;13;2;1301;1301006;-;1;5;3;2;3;11;1;145227;1
2024;13;2;1301;1301006;-;1;5;3;2;3;11;4;730;1
2024;13;2;1301;1301006;-;1;5;3;2;3;11;5;6900;1
2024;13;6;1303;1303006;-;2;5;7;2;3;11;2;2714737;1
2024;13;6;1303;1303006;-;2;5;7;2;3;11;4;2000;1
2024;13;6;1303;1303006;-;2;5;7;2;3;11;5;90000;1
2024;13;7;1303;1303005;-;1;14;7;2;3;11;2;63594;1
2024;13;7;1303;1303005;-;2;5;5;2;3;11;2;530000;1
2024;13;7;1303;1303005;-;2;5;5;2;3;11;4;1800;1
2024;13;7;1303;1303005;-;2;5;5;2;3;11;5;35000;1
2024;13;9;1301;1301002;-;1;5;2;2;3;11;2;5000;1
2024;13;9;1301;1301002;-;1;5;2;2;3;11;4;1000;1
2024;13;9;1301;1301002;-;1;5;2;2;3;11;5;1000;1
2024;14;3;1401;1401006;-;2;5;3;2;3;11;1;220000;1
2024;14;3;1401;1401006;-;2;5;3;2;3;11;3;28800;1
2024;14;3;1401;1401006;-;2;5;3;2;3;11;4;500;1
2024;14;3;1401;1401006;-;2;5;3;2;3;11;5;1000;1
2024;14;3;1401;1401006;-;2;14;5;2;3;11;2;482195;1
2024;14;3;1401;1401006;-;2;14;5;2;3;11;4;3375;1
2024;14;3;1401;1401006;-;2;14;5;2;3;11;5;24110;1
2024;14;3;1403;1403001;-;1;5;5;2;3;11;2;1533199;1
2024;14;3;1403;1403001;-;1;5;5;2;3;11;4;1400;1
2024;14;3;1403;1403001;-;1;5;5;2;3;11;5;32800;1
2024;14;3;1403;1403002;-;1;5;6;2;3;11;1;760000;1
2024;14;3;1403;1403002;-;1;5;6;2;3;11;4;4300;1
2024;14;3;1403;1403002;-;1;5;6;2;3;11;5;31000;1
2024;14;4;1402;1402006;-;1;5;2;2;3;11;3;129600;2
2024;14;4;1402;1402006;-;1;5;2;2;3;11;4;2160;2
2024;14;4;1402;1402006;-;1;5;2;2;3;11;5;10800;1
2024;14;4;1402;1402006;-;2;5;4;2;3;11;1;60000;2
2024;14;4;1402;1402006;-;2;5;4;2;3;11;2;40000;1
2024;14;4;1402;1402006;-;2;5;4;2;3;11;3;40000;1
2024;14;4;1402;1402006;-;2;5;4;2;3;11;4;4720;2
2024;14;4;1402;1402006;-;2;5;4;2;3;11;5;3700;2
2024;14;4;1404;1404003;-;1;11;3;2;3;11;3;60000;1
2024;14;4;1404;1404003;-;1;11;3;2;3;11;4;750;1
2024;14;4;1404;1404003;-;1;11;3;2;3;11;5;10800;1
2024;14;4;1404;1404007;-;1;5;4;2;3;11;3;425000;1
2024;14;4;1404;1404007;-;1;5;4;2;3;11;4;950;1
2024;14;4;1404;1404007;-;1;5;4;2;3;11;5;7800;1
2024;14;7;1405;1405007;-;2;5;5;2;3;11;2;1551500;1
2024;14;7;1405;1405007;-;2;5;5;2;3;11;4;3650;1
2024;14;7;1405;1405007;-;2;5;5;2;3;11;5;47008;1
2024;14;8;1403;1403007;-;2;5;2;2;3;11;1;7000;1
2024;14;8;1404;1404005;-;2;5;4;2;3;11;3;126000;1
2024;14;8;1404;1404005;-;2;5;4;2;3;11;4;720;1
2024;14;8;1404;1404005;-;2;5;4;2;3;11;5;4000;1
2024;14;8;1405;1405002;-;1;5;5;2;3;11;3;73000;1
2024;14;8;1405;1405002;-;1;5;5;2;3;11;4;500;1
2024;14;8;1405;1405002;-;1;5;5;2;3;11;5;3000;1
2024;14;10;1403;1403006;-;2;5;5;2;3;11;1;942500;1
2024;14;10;1403;1403006;-;2;5;5;2;3;11;2;1032500;1
2024;14;10;1403;1403006;-;2;5;5;2;3;11;4;730;1
2024;14;10;1403;1403006;-;2;5;5;2;3;11;5;90000;1
2024;14;10;1403;1403007;-;1;8;5;2;3;11;3;182500;1
2024;14;10;1403;1403007;-;2;5;4;2;3;11;2;160000;1
2024;14;10;1403;1403007;-;2;5;4;2;3;11;4;200;1
2024;14;10;1403;1403007;-;2;5;4;2;3;11;5;2500;1
2024;14;10;1403;1403007;-;2;5;6;2;3;11;2;1581839;2
2024;14;10;1403;1403007;-;2;5;6;2;3;11;4;2927;2
2024;14;10;1403;1403007;-;2;5;6;2;3;11;5;98215;2
2024;14;11;1405;1405006;-;2;12;6;2;3;11;2;1457997;1
2024;14;12;1405;1405001;-;2;5;4;2;3;11;3;58400;1
2024;14;12;1405;1405001;-;2;5;4;2;3;11;4;730;1
2024;14;12;1405;1405001;-;2;5;4;2;3;11;5;1000;1
2024;14;12;1405;1405002;-;2;14;2;2;3;11;2;193050;1
2024;14;12;1405;1405002;-;2;14;2;2;3;11;5;25500;1
2024;14;12;1405;1405004;-;1;5;2;2;3;11;2;25000;1
2024;14;12;1405;1405004;-;1;5;2;2;3;11;4;1800;1
2024;14;12;1405;1405004;-;1;5;2;2;3;11;5;7200;1
2024;14;12;1405;1405005;-;1;1;4;2;3;11;2;30863;1
2024;14;12;1405;1405005;-;1;1;4;2;3;11;3;11047;1
2024;14;12;1405;1405005;-;1;1;4;2;3;11;4;4961;1
2024;14;12;1405;1405005;-;1;1;4;2;3;11;5;8086;1
2024;14;12;1405;1405005;-;1;11;4;2;3;11;1;432000;1
2024;14;12;1405;1405005;-;1;11;4;2;3;11;4;250;1
2024;14;12;1405;1405005;-;1;11;4;2;3;11;5;400;1
2024;14;12;1405;1405005;-;2;5;2;2;3;11;1;24725;1
2024;14;12;1405;1405005;-;2;5;2;2;3;11;4;365;1
2024;14;12;1405;1405005;-;2;5;2;2;3;11;5;3650;1
2024;14;12;1405;1405005;-;2;5;3;2;3;11;1;167000;1
2024;14;12;1405;1405005;-;2;5;3;2;3;11;4;700;1
2024;15;1;0;0;-;63;5;1;1;1;11;2;112000;2
2024;15;1;1502;1502001;-;63;5;1;1;1;11;2;18000;1
2024;15;1;1502;1502001;-;63;5;1;1;1;11;4;200;1
2024;15;1;1502;1502001;-;63;5;1;1;1;11;5;1500;1
2024;15;3;1505;1505006;-;2;5;4;2;3;11;1;105000;1
2024;15;3;1505;1505006;-;2;5;4;2;3;11;4;4000;1
2024;15;3;1505;1505006;-;2;5;4;2;3;11;5;15000;1
2024;15;3;1505;1505007;-;2;11;2;2;3;11;1;18000;1
2024;15;3;1505;1505007;-;2;11;2;2;3;11;4;200;1
2024;15;3;1505;1505007;-;2;11;2;2;3;11;5;1500;1
2024;15;3;1505;1505007;-;2;11;5;2;3;11;1;15000;1
2024;15;4;1504;1504004;-;1;5;5;2;3;11;1;13000;1
2024;15;4;1504;1504004;-;2;5;2;2;3;11;5;720;1
2024;15;4;1505;1505003;-;1;14;2;2;3;11;1;15000;1
2024;15;4;1505;1505003;-;1;14;2;2;3;11;3;20000;1
2024;15;4;1505;1505003;-;1;14;2;2;3;11;4;1500;1
2024;15;4;1505;1505003;-;1;14;2;2;3;11;5;7200;1
2024;15;4;1505;1505003;-;2;11;2;2;3;11;2;80000;1
2024;15;4;1505;1505003;-;2;11;2;2;3;11;4;500;1
2024;15;4;1505;1505003;-;2;11;2;2;3;11;5;1400;1
2024;15;4;1505;1505006;-;2;5;3;2;3;11;1;180000;2
2024;15;4;1505;1505006;-;2;5;3;2;3;11;4;4360;2
2024;15;4;1505;1505006;-;2;5;3;2;3;11;5;2000;1
2024;15;6;1504;1504001;-;1;5;5;2;3;11;2;500000;1
2024;15;6;1504;1504001;-;1;5;5;2;3;11;4;2000;1
2024;15;6;1504;1504001;-;1;5;5;2;3;11;5;30000;1
2024;15;6;1504;1504005;-;2;14;6;2;3;11;3;825000;1
2024;15;6;1504;1504005;-;2;14;6;2;3;11;4;5600;1
2024;15;6;1504;1504005;-;2;14;6;2;3;11;5;90000;1
2024;15;6;1505;1505003;-;2;11;3;2;3;11;2;117352;1
2024;15;6;1505;1505003;-;2;11;3;2;3;11;4;2900;1
2024;15;6;1505;1505003;-;2;11;3;2;3;11;5;8500;1
2024;15;6;1505;1505004;-;2;5;2;2;3;11;2;28000;1
2024;15;6;1505;1505004;-;2;5;4;2;3;11;2;200000;1
2024;15;6;1505;1505004;-;2;5;4;2;3;11;4;1000;1
2024;15;6;1505;1505004;-;2;5;4;2;3;11;5;12000;1
2024;15;6;1505;1505004;-;2;8;4;2;3;11;2;164052;1
2024;15;6;1505;1505004;-;2;8;4;2;3;11;4;3000;1
2024;15;6;1505;1505004;-;2;8;4;2;3;11;5;12000;1
2024;15;6;1505;1505005;-;1;1;7;2;3;11;2;393427;1
2024;15;6;1505;1505005;-;1;1;7;2;3;11;4;2254;1
2024;15;6;1505;1505005;-;1;1;7;2;3;11;5;5710;1
2024;15;7;1503;1503004;-;2;8;6;2;3;11;2;865893;1
2024;15;7;1503;1503004;-;2;8;6;2;3;11;4;20000;1
2024;15;7;1503;1503004;-;2;8;6;2;3;11;5;43200;1
2024;15;7;1503;1503004;-;2;13;5;2;3;11;2;70846;1
2024;15;7;1503;1503004;-;2;13;5;2;3;11;4;840;1
2024;15;7;1503;1503004;-;2;13;5;2;3;11;5;14400;1
2024;15;7;1503;1503005;-;2;5;5;2;3;11;3;112000;1
2024;15;7;1503;1503005;-;2;5;5;2;3;11;4;1100;1
2024;15;7;1503;1503005;-;2;5;5;2;3;11;5;1460;1
2024;15;7;1504;1504003;-;2;9;7;2;3;11;2;8080074;1
2024;15;7;1504;1504003;-;2;9;7;2;3;11;4;14600;1
2024;15;7;1504;1504003;-;2;9;7;2;3;11;5;292000;1
2024;15;7;1504;1504006;-;2;5;5;2;3;11;1;835500;1
2024;15;7;1504;1504006;-;2;5;5;2;3;11;4;3600;1
2024;15;7;1504;1504006;-;2;5;5;2;3;11;5;94000;1
2024;15;9;0;0;-;18;11;1;1;1;11;2;78200;1
2024;15;9;1503;1503005;-;1;5;5;2;3;11;2;300000;1
2024;15;9;1503;1503005;-;1;5;5;2;3;11;4;1500;1
2024;15;9;1503;1503005;-;1;5;5;2;3;11;5;30000;1
2024;15;9;1503;1503005;-;1;11;4;2;3;11;2;20000;1
2024;15;9;1503;1503005;-;1;11;4;2;3;11;4;8000;1
2024;15;9;1503;1503005;-;1;11;4;2;3;11;5;1000;1
2024;15;9;1503;1503005;-;2;5;4;2;3;11;1;95000;1
2024;15;9;1503;1503005;-;2;5;4;2;3;11;2;78100;1
2024;15;9;1503;1503005;-;2;5;4;2;3;11;4;1000;1
2024;15;9;1503;1503005;-;2;5;4;2;3;11;5;7500;1
2024;15;9;1503;1503005;-;2;5;5;2;3;11;2;348000;1
2024;15;9;1503;1503005;-;2;5;5;2;3;11;5;3600;1
2024;15;9;1503;1503005;-;2;5;6;2;3;11;2;967291;1
2024;15;9;1503;1503005;-;2;5;6;2;3;11;4;3800;1
2024;15;9;1503;1503005;-;2;5;6;2;3;11;5;48750;1
2024;15;9;1503;1503005;-;2;8;3;2;3;11;2;15000;1
2024;15;9;1503;1503005;-;2;8;3;2;3;11;4;500;1
2024;15;9;1503;1503005;-;2;8;5;2;3;11;2;546000;1
2024;15;9;1503;1503005;-;2;8;5;2;3;11;4;2000;1
2024;15;9;1503;1503005;-;2;8;5;2;3;11;5;2000;1
2024;15;9;1503;1503005;-;2;11;4;2;3;11;2;357000;1
2024;15;9;1503;1503005;-;2;11;4;2;3;11;4;1680;1
2024;15;9;1503;1503005;-;2;11;4;2;3;11;5;3800;1
2024;15;9;1503;1503005;-;2;11;5;2;3;11;2;240000;3
2024;15;9;1503;1503005;-;2;11;5;2;3;11;4;970;3
2024;15;9;1503;1503005;-;2;11;5;2;3;11;5;18080;2
2024;15;9;1504;1504001;-;1;5;5;2;3;11;2;26000;1
2024;15;9;1504;1504001;-;1;5;5;2;3;11;4;300;1
2024;15;9;1504;1504001;-;2;5;4;2;3;11;1;320000;1
2024;15;9;1504;1504001;-;2;5;4;2;3;11;4;2000;1
2024;15;9;1504;1504001;-;2;5;4;2;3;11;5;12000;1
2024;15;9;1504;1504001;-;2;5;5;2;3;11;2;320000;1
2024;15;9;1504;1504001;-;2;5;5;2;3;11;4;500;1
2024;15;9;1504;1504001;-;2;5;5;2;3;11;5;60000;1
2024;15;9;1504;1504001;-;2;8;4;2;3;11;2;165550;1
2024;15;9;1504;1504001;-;2;8;4;2;3;11;4;850;1
2024;15;9;1504;1504001;-;2;8;4;2;3;11;5;18540;1
2024;15;16;1502;1502004;-;2;12;5;2;3;11;2;1117294;1
2024;15;16;1502;1502004;-;2;12;5;2;3;11;4;1955;1
2024;15;16;1502;1502004;-;2;12;5;2;3;11;5;30000;1
2024;16;1;0;0;-;63;12;1;1;1;11;2;538239;1
2024;16;1;0;0;-;63;12;1;1;1;11;4;1500;1
2024;16;1;0;0;-;63;12;1;1;1;11;5;62000;1
2024;16;1;1605;1605002;-;1;5;2;2;3;11;3;30000;1
2024;16;1;1605;1605002;-;1;5;2;2;3;11;4;300;1
2024;16;1;1605;1605002;-;1;5;2;2;3;11;5;1000;1
2024;16;1;1605;1605002;-;2;2;5;2;3;11;1;255500;1
2024;16;1;1605;1605002;-;2;2;5;2;3;11;4;1825;1
2024;16;1;1605;1605002;-;2;2;5;2;3;11;5;10950;1
2024;16;1;1605;1605002;-;2;5;2;2;3;11;2;332100;3
2024;16;1;1605;1605002;-;2;5;2;2;3;11;3;20600;2
2024;16;1;1605;1605002;-;2;5;2;2;3;11;4;3650;4
2024;16;1;1605;1605002;-;2;5;2;2;3;11;5;10100;4
2024;16;1;1605;1605002;-;2;5;4;2;3;11;2;211863;1
2024;16;1;1605;1605002;-;2;5;4;2;3;11;4;360;1
2024;16;1;1605;1605002;-;2;5;4;2;3;11;5;14900;1
2024;16;1;1605;1605002;-;2;11;2;2;3;11;3;24000;1
2024;16;1;1605;1605002;-;2;11;2;2;3;11;4;900;1
2024;16;1;1605;1605002;-;2;11;2;2;3;11;5;1500;1
2024;16;1;1605;1605002;-;2;11;3;2;3;11;2;279473;1
2024;16;1;1605;1605002;-;2;11;3;2;3;11;3;160000;1
2024;16;1;1605;1605002;-;2;11;3;2;3;11;4;9150;1
2024;16;1;1605;1605002;-;2;11;3;2;3;11;5;75000;1
2024;16;1;1605;1605002;-;2;12;5;2;3;11;2;639856;1
2024;16;1;1605;1605002;-;2;12;5;2;3;11;4;3920;1
2024;16;2;0;0;-;63;5;1;1;1;11;2;295000;1
2024;16;2;0;0;-;63;5;1;1;1;11;5;39000;1
2024;16;3;1601;1601001;-;2;5;3;2;3;11;3;115000;1
2024;16;3;1601;1601001;-;2;5;3;2;3;11;4;800;1
2024;16;3;1601;1601001;-;2;5;3;2;3;11;5;10000;1
2024;16;3;1601;1601002;-;2;5;4;2;3;11;1;100000;1
2024;16;3;1601;1601002;-;2;5;4;2;3;11;3;265000;1
2024;16;3;1601;1601002;-;2;5;4;2;3;11;4;1000;1
2024;16;3;1601;1601002;-;2;5;4;2;3;11;5;25000;1
2024;16;3;1601;1601003;-;2;2;4;2;3;11;3;190000;1
2024;16;3;1601;1601003;-;2;2;4;2;3;11;4;1200;1
2024;16;3;1601;1601003;-;2;2;4;2;3;11;5;12000;1
2024;16;3;1601;1601003;-;2;5;2;2;3;11;1;120000;1
2024;16;3;1601;1601003;-;2;5;2;2;3;11;2;819751;4
2024;16;3;1601;1601003;-;2;5;2;2;3;11;3;529600;2
2024;16;3;1601;1601003;-;2;5;2;2;3;11;4;6330;6
2024;16;3;1601;1601003;-;2;5;2;2;3;11;5;46100;6
2024;16;3;1601;1601003;-;2;5;3;2;3;11;2;204175;2
2024;16;3;1601;1601003;-;2;5;3;2;3;11;3;1871950;6
2024;16;3;1601;1601003;-;2;5;3;2;3;11;4;8830;7
2024;16;3;1601;1601003;-;2;5;3;2;3;11;5;59000;7
2024;16;3;1601;1601003;-;2;5;4;2;3;11;2;1423866;2
2024;16;3;1601;1601003;-;2;5;4;2;3;11;3;774450;2
2024;16;3;1601;1601003;-;2;5;4;2;3;11;4;4400;4
2024;16;3;1601;1601003;-;2;5;4;2;3;11;5;52400;4
2024;16;3;1601;1601003;-;2;5;5;2;3;11;2;318250;1
2024;16;3;1601;1601003;-;2;5;5;2;3;11;3;264850;1
2024;16;3;1601;1601003;-;2;5;5;2;3;11;4;1500;1
2024;16;3;1601;1601003;-;2;5;5;2;3;11;5;16600;1
2024;16;3;1601;1601003;-;2;11;2;2;3;11;2;84276;1
2024;16;3;1601;1601003;-;2;11;2;2;3;11;3;45000;1
2024;16;3;1601;1601003;-;2;11;2;2;3;11;4;3800;2
2024;16;3;1601;1601003;-;2;11;2;2;3;11;5;16500;2
2024;16;3;1601;1601003;-;2;11;3;2;3;11;3;443950;2
2024;16;3;1601;1601003;-;2;11;3;2;3;11;4;2350;2
2024;16;3;1601;1601003;-;2;11;3;2;3;11;5;7400;2
2024;16;3;1601;1601003;-;2;11;4;2;3;11;2;377220;2
2024;16;3;1601;1601003;-;2;11;4;2;3;11;3;146000;1
2024;16;3;1601;1601003;-;2;11;4;2;3;11;4;1095;1
2024;16;3;1601;1601003;-;2;11;4;2;3;11;5;20300;2
2024;16;3;1601;1601003;-;2;11;5;2;3;11;2;1360368;1
2024;16;3;1601;1601003;-;2;11;5;2;3;11;4;1100;1
2024;16;3;1601;1601003;-;2;11;5;2;3;11;5;70000;1
2024;16;3;1601;1601004;-;1;12;6;2;3;11;5;3500;1
2024;16;3;1601;1601004;-;2;5;2;2;3;11;2;90000;1
2024;16;3;1601;1601004;-;2;5;2;2;3;11;3;68620;1
2024;16;3;1601;1601004;-;2;5;2;2;3;11;4;1600;2
2024;16;3;1601;1601004;-;2;5;2;2;3;11;5;4100;2
2024;16;3;1601;1601004;-;2;5;3;2;3;11;2;192650;2
2024;16;3;1601;1601004;-;2;5;3;2;3;11;3;864500;3
2024;16;3;1601;1601004;-;2;5;3;2;3;11;4;2030;3
2024;16;3;1601;1601004;-;2;5;3;2;3;11;5;19600;3
2024;16;3;1601;1601004;-;2;5;4;2;3;11;2;170285;1
2024;16;3;1601;1601004;-;2;5;4;2;3;11;4;1000;1
2024;16;3;1601;1601004;-;2;5;4;2;3;11;5;12000;1
2024;16;3;1601;1601004;-;2;11;2;2;3;11;3;194450;2
2024;16;3;1601;1601004;-;2;11;2;2;3;11;4;2000;2
2024;16;3;1601;1601004;-;2;11;2;2;3;11;5;6800;2
2024;16;3;1601;1601004;-;2;11;5;2;3;11;2;2763688;1
2024;16;3;1601;1601004;-;2;11;5;2;3;11;4;5500;1
2024;16;3;1601;1601004;-;2;11;5;2;3;11;5;73000;1
2024;16;3;1601;1601005;-;2;5;2;2;3;11;3;245509;2
2024;16;3;1601;1601005;-;2;5;2;2;3;11;4;2100;2
2024;16;3;1601;1601005;-;2;5;2;2;3;11;5;4500;2
2024;16;3;1601;1601005;-;2;5;3;2;3;11;2;146500;1
2024;16;3;1601;1601005;-;2;5;3;2;3;11;4;1100;1
2024;16;3;1601;1601005;-;2;5;3;2;3;11;5;12800;1
2024;16;3;1601;1601005;-;2;5;4;2;3;11;2;2472728;3
2024;16;3;1601;1601005;-;2;5;4;2;3;11;3;200750;1
2024;16;3;1601;1601005;-;2;5;4;2;3;11;4;5000;4
2024;16;3;1601;1601005;-;2;5;4;2;3;11;5;50800;4
2024;16;3;1601;1601005;-;2;11;2;2;3;11;2;558241;2
2024;16;3;1601;1601005;-;2;11;2;2;3;11;3;36000;1
2024;16;3;1601;1601005;-;2;11;2;2;3;11;4;4740;3
2024;16;3;1601;1601005;-;2;11;2;2;3;11;5;22625;2
2024;16;3;1601;1601005;-;2;14;4;2;3;11;3;160500;1
2024;16;3;1601;1601005;-;2;14;4;2;3;11;4;900;1
2024;16;3;1601;1601005;-;2;14;4;2;3;11;5;2500;1
2024;16;3;1601;1601006;-;2;5;2;2;3;11;1;22000;1
2024;16;3;1601;1601006;-;2;5;2;2;3;11;2;331076;3
2024;16;3;1601;1601006;-;2;5;2;2;3;11;3;31025;1
2024;16;3;1601;1601006;-;2;5;2;2;3;11;4;3000;4
2024;16;3;1601;1601006;-;2;5;2;2;3;11;5;20600;4
2024;16;3;1601;1601006;-;2;5;3;2;3;11;2;425396;2
2024;16;3;1601;1601006;-;2;5;3;2;3;11;3;357700;2
2024;16;3;1601;1601006;-;2;5;3;2;3;11;4;4000;4
2024;16;3;1601;1601006;-;2;5;3;2;3;11;5;30800;4
2024;16;3;1601;1601006;-;2;5;5;2;3;11;2;781086;1
2024;16;3;1601;1601006;-;2;5;5;2;3;11;4;2400;1
2024;16;3;1601;1601006;-;2;5;5;2;3;11;5;25000;1
2024;16;3;1601;1601006;-;2;11;2;2;3;11;3;124830;2
2024;16;3;1601;1601006;-;2;11;2;2;3;11;4;1580;2
2024;16;3;1601;1601006;-;2;11;2;2;3;11;5;7200;1
2024;16;3;1601;1601006;-;2;11;3;2;3;11;1;653353;1
2024;16;3;1601;1601006;-;2;11;3;2;3;11;2;213200;1
2024;16;3;1601;1601006;-;2;11;3;2;3;11;3;438000;2
2024;16;3;1601;1601006;-;2;11;3;2;3;11;4;4260;3
2024;16;3;1601;1601006;-;2;11;3;2;3;11;5;38000;3
2024;16;3;1601;1601006;-;2;11;4;2;3;11;2;2025913;3
2024;16;3;1601;1601006;-;2;11;4;2;3;11;4;5460;3
2024;16;3;1601;1601006;-;2;11;4;2;3;11;5;66000;3
2024;16;3;1601;1601006;-;2;12;5;2;3;11;2;480000;1
2024;16;3;1602;1602004;-;2;5;2;2;3;11;1;792855;1
2024;16;3;1602;1602004;-;2;5;2;2;3;11;2;90600;1
2024;16;3;1602;1602004;-;2;5;2;2;3;11;3;528775;6
2024;16;3;1602;1602004;-;2;5;2;2;3;11;4;6030;7
2024;16;3;1602;1602004;-;2;5;2;2;3;11;5;52400;7
2024;16;3;1602;1602004;-;2;5;3;1;1;11;2;17285;1
2024;16;3;1602;1602004;-;2;5;3;2;3;11;1;190385;1
2024;16;3;1602;1602004;-;2;5;3;2;3;11;2;1523755;3
2024;16;3;1602;1602004;-;2;5;3;2;3;11;3;408800;1
2024;16;3;1602;1602004;-;2;5;3;2;3;11;4;4700;5
2024;16;3;1602;1602004;-;2;5;3;2;3;11;5;82930;5
2024;16;3;1602;1602004;-;2;5;4;2;3;11;2;1971291;5
2024;16;3;1602;1602004;-;2;5;4;2;3;11;3;765725;2
2024;16;3;1602;1602004;-;2;5;4;2;3;11;4;7965;6
2024;16;3;1602;1602004;-;2;5;4;2;3;11;5;107200;6
2024;16;3;1602;1602004;-;2;5;5;2;3;11;3;260000;1
2024;16;3;1602;1602004;-;2;5;5;2;3;11;4;1600;1
2024;16;3;1602;1602004;-;2;5;5;2;3;11;5;9000;1
2024;16;3;1602;1602004;-;2;8;5;2;3;11;2;2263723;1
2024;16;3;1602;1602004;-;2;8;5;2;3;11;4;2000;1
2024;16;3;1602;1602004;-;2;8;5;2;3;11;5;36000;1
2024;16;3;1602;1602004;-;2;11;2;2;3;11;2;128920;1
2024;16;3;1602;1602004;-;2;11;2;2;3;11;3;538182;4
2024;16;3;1602;1602004;-;2;11;2;2;3;11;4;5100;5
2024;16;3;1602;1602004;-;2;11;2;2;3;11;5;26900;5
2024;16;3;1602;1602004;-;2;11;3;2;3;11;2;177886;1
2024;16;3;1602;1602004;-;2;11;3;2;3;11;4;600;1
2024;16;3;1602;1602004;-;2;11;3;2;3;11;5;16000;1
2024;16;3;1602;1602004;-;2;11;4;2;3;11;2;560705;1
2024;16;3;1602;1602004;-;2;11;4;2;3;11;4;450;1
2024;16;3;1605;1605001;-;2;11;2;2;3;11;1;880;1
2024;16;3;1605;1605001;-;2;11;2;2;3;11;2;144000;1
2024;16;3;1605;1605001;-;2;11;2;2;3;11;4;720;1
2024;16;3;1605;1605001;-;2;11;2;2;3;11;5;3200;1
2024;16;3;1605;1605004;-;2;5;2;2;3;11;2;85000;1
2024;16;3;1605;1605004;-;2;11;2;2;3;11;3;76650;1
2024;16;3;1605;1605004;-;2;11;2;2;3;11;4;1000;1
2024;16;3;1605;1605004;-;2;11;2;2;3;11;5;3200;1
2024;16;4;1601;1601001;-;1;5;2;2;3;11;3;100500;1
2024;16;4;1601;1601001;-;1;5;2;2;3;11;4;1200;1
2024;16;4;1601;1601001;-;1;5;2;2;3;11;5;3400;1
2024;16;4;1601;1601001;-;2;2;5;2;3;11;2;1154567;1
2024;16;4;1601;1601001;-;2;2;5;2;3;11;4;1000;1
2024;16;4;1601;1601001;-;2;2;5;2;3;11;5;43800;1
2024;16;4;1601;1601001;-;2;5;2;2;3;11;2;237880;2
2024;16;4;1601;1601001;-;2;5;2;2;3;11;3;337000;6
2024;16;4;1601;1601001;-;2;5;2;2;3;11;4;5600;6
2024;16;4;1601;1601001;-;2;5;2;2;3;11;5;26400;5
2024;16;4;1601;1601001;-;2;5;3;2;3;11;2;73000;1
2024;16;4;1601;1601001;-;2;5;3;2;3;11;3;531950;5
2024;16;4;1601;1601001;-;2;5;3;2;3;11;4;3905;6
2024;16;4;1601;1601001;-;2;5;3;2;3;11;5;27950;6
2024;16;4;1601;1601001;-;2;5;4;2;3;11;2;1501172;3
2024;16;4;1601;1601001;-;2;5;4;2;3;11;3;581065;2
2024;16;4;1601;1601001;-;2;5;4;2;3;11;4;3015;4
2024;16;4;1601;1601001;-;2;5;4;2;3;11;5;117650;4
2024;16;4;1601;1601001;-;2;5;5;2;3;11;2;408496;1
2024;16;4;1601;1601001;-;2;5;5;2;3;11;4;1500;1
2024;16;4;1601;1601001;-;2;5;5;2;3;11;5;19000;1
2024;16;4;1601;1601001;-;2;8;2;2;3;11;3;22000;1
2024;16;4;1601;1601001;-;2;8;2;2;3;11;4;1500;1
2024;16;4;1601;1601001;-;2;8;2;2;3;11;5;1800;1
2024;16;4;1601;1601001;-;2;8;4;2;3;11;2;360000;1
2024;16;4;1601;1601001;-;2;8;4;2;3;11;4;400;1
2024;16;4;1601;1601001;-;2;8;4;2;3;11;5;10000;1
2024;16;4;1601;1601001;-;2;11;2;1;1;11;2;120000;1
2024;16;4;1601;1601001;-;2;11;4;2;3;11;3;674840;3
2024;16;4;1601;1601001;-;2;11;4;2;3;11;4;6000;3
2024;16;4;1601;1601001;-;2;11;4;2;3;11;5;126800;3
2024;16;4;1601;1601001;-;2;11;5;2;3;11;2;1446340;1
2024;16;4;1601;1601001;-;2;11;5;2;3;11;3;487000;1
2024;16;4;1601;1601001;-;2;11;5;2;3;11;4;3000;2
2024;16;4;1601;1601001;-;2;11;5;2;3;11;5;33000;2
2024;16;4;1601;1601001;-;2;12;6;2;3;11;1;3265771;1
2024;16;4;1601;1601001;-;2;12;6;2;3;11;4;46605;1
2024;16;4;1601;1601001;-;2;12;6;2;3;11;5;3500;1
2024;16;4;1601;1601002;-;2;5;2;2;3;11;1;125000;1
2024;16;4;1601;1601002;-;2;5;2;2;3;11;2;54000;1
2024;16;4;1601;1601002;-;2;5;2;2;3;11;3;204500;5
2024;16;4;1601;1601002;-;2;5;2;2;3;11;4;5780;6
2024;16;4;1601;1601002;-;2;5;2;2;3;11;5;13960;6
2024;16;4;1601;1601002;-;2;5;3;2;3;11;2;779515;3
2024;16;4;1601;1601002;-;2;5;3;2;3;11;3;146825;2
2024;16;4;1601;1601002;-;2;5;3;2;3;11;4;5900;5
2024;16;4;1601;1601002;-;2;5;3;2;3;11;5;25580;5
2024;16;4;1601;1601002;-;2;5;4;2;3;11;2;2759151;5
2024;16;4;1601;1601002;-;2;5;4;2;3;11;3;37595;1
2024;16;4;1601;1601002;-;2;5;4;2;3;11;4;5200;5
2024;16;4;1601;1601002;-;2;5;4;2;3;11;5;103600;5
2024;16;4;1601;1601002;-;2;5;5;2;3;11;2;963337;1
2024;16;4;1601;1601002;-;2;5;5;2;3;11;4;1300;1
2024;16;4;1601;1601002;-;2;5;5;2;3;11;5;32000;1
2024;16;4;1601;1601002;-;2;8;3;2;3;11;3;208050;1
2024;16;4;1601;1601002;-;2;8;3;2;3;11;4;700;1
2024;16;4;1601;1601002;-;2;8;3;2;3;11;5;7300;1
2024;16;4;1601;1601002;-;2;11;2;2;3;4;3;18000;1
2024;16;4;1601;1601002;-;2;11;2;2;3;4;4;300;1
2024;16;4;1601;1601002;-;2;11;2;2;3;11;3;255500;1
2024;16;4;1601;1601002;-;2;11;2;2;3;11;4;2000;2
2024;16;4;1601;1601002;-;2;11;2;2;3;11;5;2180;2
2024;16;4;1601;1601002;-;2;11;3;2;3;11;2;1261066;3
2024;16;4;1601;1601002;-;2;11;3;2;3;11;3;551650;2
2024;16;4;1601;1601002;-;2;11;3;2;3;11;4;4400;4
2024;16;4;1601;1601002;-;2;11;3;2;3;11;5;96940;4
2024;16;4;1601;1601002;-;2;11;4;2;3;11;3;80000;1
2024;16;4;1601;1601002;-;2;11;4;2;3;11;4;1000;1
2024;16;4;1601;1601002;-;2;11;4;2;3;11;5;3000;1
2024;16;4;1601;1601003;-;2;5;4;2;3;11;2;265720;1
2024;16;4;1601;1601003;-;2;5;4;2;3;11;4;1300;1
2024;16;4;1601;1601003;-;2;5;4;2;3;11;5;16500;1
2024;16;4;1601;1601003;-;2;5;5;2;3;11;2;611079;1
2024;16;4;1601;1601003;-;2;5;5;2;3;11;4;1800;1
2024;16;4;1601;1601003;-;2;5;5;2;3;11;5;50000;1
2024;16;4;1601;1601003;-;2;11;3;2;3;11;3;292000;1
2024;16;4;1601;1601003;-;2;11;3;2;3;11;4;1000;1
2024;16;4;1601;1601003;-;2;11;5;2;3;11;2;746525;2
2024;16;4;1601;1601003;-;2;11;5;2;3;11;4;2500;1
2024;16;4;1601;1601003;-;2;11;5;2;3;11;5;67465;2
2024;16;4;1602;1602004;-;2;5;2;2;3;11;2;63875;1
2024;16;4;1602;1602004;-;2;5;2;2;3;11;3;213525;1
2024;16;4;1602;1602004;-;2;5;2;2;3;11;4;1300;1
2024;16;4;1602;1602004;-;2;5;2;2;3;11;5;9000;1
2024;16;5;1601;1601003;-;2;5;2;2;3;11;3;23000;1
2024;16;5;1601;1601003;-;2;5;2;2;3;11;4;1000;1
2024;16;5;1604;1604001;-;1;5;5;2;3;11;3;535500;2
2024;16;5;1604;1604001;-;1;5;5;2;3;11;4;2800;2
2024;16;5;1604;1604001;-;1;5;5;2;3;11;5;30500;2
2024;16;5;1604;1604001;-;1;11;2;2;3;11;2;127000;1
2024;16;5;1604;1604001;-;1;11;2;2;3;11;3;27000;1
2024;16;5;1604;1604001;-;1;11;2;2;3;11;4;1900;2
2024;16;5;1604;1604001;-;1;11;2;2;3;11;5;13500;2
2024;16;5;1604;1604001;-;1;11;4;2;3;11;3;150000;1
2024;16;5;1604;1604001;-;1;11;4;2;3;11;4;1000;1
2024;16;5;1604;1604001;-;1;11;5;2;3;11;2;97064;1
2024;16;5;1604;1604001;-;1;11;5;2;3;11;3;1015900;2
2024;16;5;1604;1604001;-;1;11;5;2;3;11;4;3150;3
2024;16;5;1604;1604001;-;1;11;5;2;3;11;5;18200;2
2024;16;5;1604;1604001;-;2;5;2;2;3;11;2;1975353;4
2024;16;5;1604;1604001;-;2;5;2;2;3;11;3;642150;2
2024;16;5;1604;1604001;-;2;5;2;2;3;11;4;6975;6
2024;16;5;1604;1604001;-;2;5;2;2;3;11;5;109520;6
2024;16;5;1604;1604001;-;2;5;3;2;3;11;2;901230;2
2024;16;5;1604;1604001;-;2;5;3;2;3;11;3;325800;1
2024;16;5;1604;1604001;-;2;5;3;2;3;11;4;5050;3
2024;16;5;1604;1604001;-;2;5;3;2;3;11;5;48100;3
2024;16;5;1604;1604001;-;2;5;4;2;3;11;3;110000;1
2024;16;5;1604;1604001;-;2;5;4;2;3;11;4;2000;1
2024;16;5;1604;1604001;-;2;5;4;2;3;11;5;2000;1
2024;16;5;1604;1604001;-;2;5;5;2;3;11;2;3532000;2
2024;16;5;1604;1604001;-;2;5;5;2;3;11;4;2000;2
2024;16;5;1604;1604001;-;2;5;5;2;3;11;5;25000;2
2024;16;5;1604;1604001;-;2;11;2;2;3;11;3;128700;1
2024;16;5;1604;1604001;-;2;11;2;2;3;11;4;700;1
2024;16;5;1604;1604001;-;2;11;2;2;3;11;5;3000;1
2024;16;5;1604;1604001;-;2;11;3;2;3;11;1;600000;1
2024;16;5;1604;1604001;-;2;11;3;2;3;11;3;150450;2
2024;16;5;1604;1604001;-;2;11;3;2;3;11;4;1804;3
2024;16;5;1604;1604001;-;2;11;3;2;3;11;5;48010;2
2024;16;5;1604;1604001;-;2;11;4;2;3;11;2;196894;1
2024;16;5;1604;1604001;-;2;11;4;2;3;11;3;127750;1
2024;16;5;1604;1604001;-;2;11;4;2;3;11;4;2000;2
2024;16;5;1604;1604001;-;2;11;4;2;3;11;5;20400;2
2024;16;5;1604;1604001;-;2;12;4;2;3;11;3;160000;1
2024;16;5;1604;1604001;-;2;12;4;2;3;11;4;400;1
2024;16;5;1604;1604001;-;2;12;4;2;3;11;5;15000;1
2024;16;5;1604;1604002;-;2;5;2;2;3;11;3;492175;7
2024;16;5;1604;1604002;-;2;5;2;2;3;11;4;4500;7
2024;16;5;1604;1604002;-;2;5;2;2;3;11;5;16340;6
2024;16;5;1604;1604002;-;2;5;3;2;3;11;2;519014;2
2024;16;5;1604;1604002;-;2;5;3;2;3;11;3;923500;5
2024;16;5;1604;1604002;-;2;5;3;2;3;11;4;7215;7
2024;16;5;1604;1604002;-;2;5;3;2;3;11;5;39450;7
2024;16;5;1604;1604002;-;2;5;4;2;3;11;2;457700;2
2024;16;5;1604;1604002;-;2;5;4;2;3;11;3;697150;2
2024;16;5;1604;1604002;-;2;5;4;2;3;11;4;4860;4
2024;16;5;1604;1604002;-;2;5;4;2;3;11;5;33600;4
2024;16;5;1604;1604002;-;2;8;4;2;3;11;3;85000;1
2024;16;5;1604;1604002;-;2;8;4;2;3;11;4;1000;1
2024;16;5;1604;1604002;-;2;8;4;2;3;11;5;10000;1
2024;16;5;1604;1604002;-;2;11;2;2;3;11;3;240350;2
2024;16;5;1604;1604002;-;2;11;2;2;3;11;4;1200;2
2024;16;5;1604;1604002;-;2;11;2;2;3;11;5;2500;2
2024;16;5;1604;1604002;-;2;11;3;2;3;11;2;140999;1
2024;16;5;1604;1604002;-;2;11;3;2;3;11;3;556989;2
2024;16;5;1604;1604002;-;2;11;3;2;3;11;4;3100;2
2024;16;5;1604;1604002;-;2;11;3;2;3;11;5;12300;2
2024;16;5;1604;1604002;-;2;11;4;2;3;11;2;892750;1
2024;16;5;1604;1604002;-;2;11;4;2;3;11;4;800;1
2024;16;5;1604;1604002;-;2;11;4;2;3;11;5;30000;1
2024;16;5;1604;1604003;-;1;5;2;2;3;11;3;18250;1
2024;16;5;1604;1604003;-;1;5;2;2;3;11;4;450;1
2024;16;5;1604;1604003;-;1;11;2;2;3;11;3;40000;1
2024;16;5;1604;1604003;-;2;2;2;2;3;11;3;101693;1
2024;16;5;1604;1604003;-;2;2;2;2;3;11;4;1500;1
2024;16;5;1604;1604003;-;2;2;2;2;3;11;5;7500;1
2024;16;5;1604;1604003;-;2;5;2;2;3;11;3;420135;5
2024;16;5;1604;1604003;-;2;5;2;2;3;11;4;2550;4
2024;16;5;1604;1604003;-;2;5;2;2;3;11;5;15000;4
2024;16;5;1604;1604003;-;2;5;3;2;3;11;2;75000;1
2024;16;5;1604;1604003;-;2;5;3;2;3;11;3;85000;1
2024;16;5;1604;1604003;-;2;5;3;2;3;11;4;2000;2
2024;16;5;1604;1604003;-;2;5;3;2;3;11;5;7000;2
2024;16;5;1604;1604003;-;2;5;4;2;3;11;2;601159;2
2024;16;5;1604;1604003;-;2;5;4;2;3;11;3;385000;2
2024;16;5;1604;1604003;-;2;5;4;2;3;11;4;2900;2
2024;16;5;1604;1604003;-;2;5;4;2;3;11;5;10500;2
2024;16;5;1604;1604003;-;2;8;5;2;3;11;3;730000;1
2024;16;5;1604;1604003;-;2;8;5;2;3;11;4;2000;1
2024;16;5;1604;1604003;-;2;8;5;2;3;11;5;36000;1
2024;16;5;1604;1604003;-;2;11;3;2;3;11;2;116000;1
2024;16;5;1604;1604003;-;2;11;3;2;3;11;3;730000;2
2024;16;5;1604;1604003;-;2;11;3;2;3;11;4;3350;2
2024;16;5;1604;1604003;-;2;11;3;2;3;11;5;17600;2
2024;16;5;1604;1604003;-;2;11;5;2;3;11;3;367041;2
2024;16;5;1604;1604003;-;2;11;5;2;3;11;4;1100;2
2024;16;5;1604;1604003;-;2;11;5;2;3;11;5;700;1
2024;16;5;1604;1604003;-;2;12;4;2;3;11;2;505264;1
2024;16;5;1604;1604003;-;2;12;4;2;3;11;4;1800;1
2024;16;5;1604;1604003;-;2;12;4;2;3;11;5;54750;1
2024;16;5;1604;1604004;-;1;5;4;2;3;11;3;70000;1
2024;16;5;1604;1604004;-;1;5;4;2;3;11;4;500;1
2024;16;5;1604;1604004;-;1;5;4;2;3;11;5;500;1
2024;16;5;1604;1604004;-;1;5;7;2;3;11;2;933884;1
2024;16;5;1604;1604004;-;1;5;7;2;3;11;4;3000;1
2024;16;5;1604;1604004;-;1;5;7;2;3;11;5;80000;1
2024;16;5;1604;1604004;-;1;11;3;2;3;11;3;1400000;1
2024;16;5;1604;1604004;-;1;11;3;2;3;11;4;3000;1
2024;16;5;1604;1604004;-;1;11;3;2;3;11;5;40000;1
2024;16;5;1604;1604004;-;2;5;2;2;3;11;2;341400;3
2024;16;5;1604;1604004;-;2;5;2;2;3;11;3;322230;4
2024;16;5;1604;1604004;-;2;5;2;2;3;11;4;9870;7
2024;16;5;1604;1604004;-;2;5;2;2;3;11;5;35000;7
2024;16;5;1604;1604004;-;2;5;3;2;3;11;3;180000;1
2024;16;5;1604;1604004;-;2;5;3;2;3;11;4;250;1
2024;16;5;1604;1604004;-;2;5;3;2;3;11;5;4000;1
2024;16;5;1604;1604004;-;2;5;4;2;3;11;2;383620;1
2024;16;5;1604;1604004;-;2;5;4;2;3;11;3;365000;1
2024;16;5;1604;1604004;-;2;5;4;2;3;11;4;2230;2
2024;16;5;1604;1604004;-;2;5;4;2;3;11;5;23800;2
2024;16;5;1604;1604004;-;2;5;5;2;3;11;3;514000;1
2024;16;5;1604;1604004;-;2;5;5;2;3;11;4;1500;1
2024;16;5;1604;1604004;-;2;5;5;2;3;11;5;38000;1
2024;16;5;1604;1604004;-;2;11;2;2;3;11;2;156760;1
2024;16;5;1604;1604004;-;2;11;2;2;3;11;3;298130;3
2024;16;5;1604;1604004;-;2;11;2;2;3;11;4;4530;4
2024;16;5;1604;1604004;-;2;11;2;2;3;11;5;16500;4
2024;16;5;1604;1604004;-;2;11;3;2;3;11;2;586210;3
2024;16;5;1604;1604004;-;2;11;3;2;3;11;3;1567115;2
2024;16;5;1604;1604004;-;2;11;3;2;3;11;4;5495;3
2024;16;5;1604;1604004;-;2;11;3;2;3;11;5;87300;3
2024;16;5;1604;1604004;-;2;11;5;2;3;11;2;390000;1
2024;16;5;1604;1604004;-;2;11;5;2;3;11;5;37000;1
2024;16;5;1604;1604004;-;2;11;6;2;3;11;3;2140000;1
2024;16;5;1604;1604004;-;2;11;6;2;3;11;4;2000;1
2024;16;5;1604;1604004;-;2;11;6;2;3;11;5;50000;1
2024;16;5;1604;1604004;-;2;12;3;2;3;11;2;270019;1
2024;16;5;1604;1604004;-;2;12;3;2;3;11;4;1000;1
2024;16;5;1604;1604004;-;2;12;3;2;3;11;5;2500;1
2024;16;5;1604;1604004;-;2;12;4;2;3;11;2;250000;1
2024;16;5;1604;1604004;-;2;12;4;2;3;11;5;7000;1
2024;16;5;1604;1604004;-;2;14;3;2;3;11;1;181671;1
2024;16;5;1604;1604004;-;2;14;3;2;3;11;4;550;1
2024;16;5;1604;1604004;-;2;14;3;2;3;11;5;4000;1
2024;16;5;1604;1604005;-;1;5;5;2;3;11;2;54750;1
2024;16;5;1604;1604005;-;1;5;5;2;3;11;4;730;1
2024;16;5;1604;1604005;-;1;5;5;2;3;11;5;14600;1
2024;16;5;1604;1604005;-;2;2;4;2;3;11;2;658406;1
2024;16;5;1604;1604005;-;2;2;4;2;3;11;4;900;1
2024;16;5;1604;1604005;-;2;2;4;2;3;11;5;36000;1
2024;16;5;1604;1604005;-;2;5;2;2;3;11;2;308955;3
2024;16;5;1604;1604005;-;2;5;2;2;3;11;3;410650;2
2024;16;5;1604;1604005;-;2;5;2;2;3;11;4;3200;4
2024;16;5;1604;1604005;-;2;5;2;2;3;11;5;10670;5
2024;16;5;1604;1604005;-;2;5;3;2;3;11;2;500;1
2024;16;5;1604;1604005;-;2;5;3;2;3;11;3;4;1
2024;16;5;1604;1604005;-;2;5;3;2;3;11;4;2;1
2024;16;5;1604;1604005;-;2;5;3;2;3;11;5;20;1
2024;16;5;1604;1604005;-;2;5;4;2;3;11;2;450000;1
2024;16;5;1604;1604005;-;2;5;4;2;3;11;3;602000;2
2024;16;5;1604;1604005;-;2;5;4;2;3;11;4;2250;2
2024;16;5;1604;1604005;-;2;5;4;2;3;11;5;4300;2
2024;16;5;1604;1604005;-;2;5;5;2;3;11;2;3206263;4
2024;16;5;1604;1604005;-;2;5;5;2;3;11;3;220000;1
2024;16;5;1604;1604005;-;2;5;5;2;3;11;4;5300;4
2024;16;5;1604;1604005;-;2;5;5;2;3;11;5;96200;5
2024;16;5;1604;1604005;-;2;8;6;2;3;11;2;2289125;1
2024;16;5;1604;1604005;-;2;8;6;2;3;11;4;5000;1
2024;16;5;1604;1604005;-;2;8;6;2;3;11;5;35500;1
2024;16;5;1604;1604005;-;2;9;5;2;3;11;2;2714799;1
2024;16;5;1604;1604005;-;2;9;5;2;3;11;4;6800;1
2024;16;5;1604;1604005;-;2;9;5;2;3;11;5;79000;1
2024;16;5;1604;1604005;-;2;11;2;2;3;11;2;329626;2
2024;16;5;1604;1604005;-;2;11;2;2;3;11;3;200750;1
2024;16;5;1604;1604005;-;2;11;2;2;3;11;4;2550;3
2024;16;5;1604;1604005;-;2;11;2;2;3;11;5;8520;3
2024;16;5;1604;1604005;-;2;11;3;2;3;11;2;572545;1
2024;16;5;1604;1604005;-;2;11;3;2;3;11;3;454500;4
2024;16;5;1604;1604005;-;2;11;3;2;3;11;4;3100;5
2024;16;5;1604;1604005;-;2;11;3;2;3;11;5;7100;4
2024;16;5;1604;1604005;-;2;11;4;2;3;11;2;513945;1
2024;16;5;1604;1604005;-;2;11;4;2;3;11;3;90000;1
2024;16;5;1604;1604005;-;2;11;4;2;3;11;4;2500;2
2024;16;5;1604;1604005;-;2;11;4;2;3;11;5;4500;1
2024;16;5;1604;1604005;-;2;11;5;2;3;11;2;434532;1
2024;16;5;1604;1604005;-;2;11;5;2;3;11;4;3600;1
2024;16;5;1604;1604005;-;2;11;5;2;3;11;5;12000;1
2024;16;5;1604;1604005;-;2;12;5;2;3;11;1;2488538;1
2024;16;5;1604;1604005;-;2;12;5;2;3;11;4;4000;1
2024;16;5;1604;1604005;-;2;12;5;2;3;11;5;45500;1
2024;16;5;1604;1604006;-;1;5;5;2;3;11;3;2088750;1
2024;16;5;1604;1604006;-;1;5;5;2;3;11;4;1300;1
2024;16;5;1604;1604006;-;1;5;5;2;3;11;5;65600;1
2024;16;5;1604;1604006;-;1;11;2;2;3;11;3;35000;1
2024;16;5;1604;1604006;-;1;11;2;2;3;11;4;300;1
2024;16;5;1604;1604006;-;1;11;2;2;3;11;5;800;1
2024;16;5;1604;1604006;-;2;5;2;2;3;11;2;262800;1
2024;16;5;1604;1604006;-;2;5;2;2;3;11;3;780200;4
2024;16;5;1604;1604006;-;2;5;2;2;3;11;4;5075;5
2024;16;5;1604;1604006;-;2;5;2;2;3;11;5;6925;4
2024;16;5;1604;1604006;-;2;5;3;2;3;11;3;73000;1
2024;16;5;1604;1604006;-;2;5;3;2;3;11;4;1000;1
2024;16;5;1604;1604006;-;2;5;4;2;3;11;1;1000000;1
2024;16;5;1604;1604006;-;2;5;4;2;3;11;2;70000;1
2024;16;5;1604;1604006;-;2;5;4;2;3;11;3;1465430;3
2024;16;5;1604;1604006;-;2;5;4;2;3;11;4;14650;5
2024;16;5;1604;1604006;-;2;5;4;2;3;11;5;74600;5
2024;16;5;1604;1604006;-;2;5;5;2;3;11;2;1363265;1
2024;16;5;1604;1604006;-;2;5;5;2;3;11;3;2000000;1
2024;16;5;1604;1604006;-;2;5;5;2;3;11;4;3900;2
2024;16;5;1604;1604006;-;2;5;5;2;3;11;5;124000;2
2024;16;5;1604;1604006;-;2;11;2;2;3;11;1;24200;1
2024;16;5;1604;1604006;-;2;11;2;2;3;11;4;200;1
2024;16;5;1604;1604006;-;2;11;2;2;3;11;5;900;1
2024;16;5;1604;1604006;-;2;11;3;2;3;11;2;260502;2
2024;16;5;1604;1604006;-;2;11;3;2;3;11;3;206400;2
2024;16;5;1604;1604006;-;2;11;3;2;3;11;4;3560;3
2024;16;5;1604;1604006;-;2;11;3;2;3;11;5;16600;3
2024;16;5;1604;1604006;-;2;11;4;2;3;11;2;366800;1
2024;16;5;1604;1604006;-;2;11;4;2;3;11;4;500;1
2024;16;5;1604;1604006;-;2;11;4;2;3;11;5;8000;1
2024;16;5;1604;1604006;-;2;13;5;2;3;11;2;7903894;1
2024;16;5;1604;1604006;-;2;13;5;2;3;11;3;520338;1
2024;16;5;1604;1604006;-;2;13;5;2;3;11;4;16500;1
2024;16;5;1604;1604006;-;2;13;5;2;3;11;5;380000;1
2024;16;5;1604;1604007;-;1;5;4;2;3;11;4;3100;1
2024;16;5;1604;1604007;-;1;5;4;2;3;11;5;24200;1
2024;16;5;1604;1604007;-;1;11;2;2;3;11;3;302160;1
2024;16;5;1604;1604007;-;1;11;2;2;3;11;4;1500;1
2024;16;5;1604;1604007;-;1;11;2;2;3;11;5;9000;1
2024;16;5;1604;1604007;-;2;5;2;2;3;11;2;626688;4
2024;16;5;1604;1604007;-;2;5;2;2;3;11;3;287900;4
2024;16;5;1604;1604007;-;2;5;2;2;3;11;4;5750;9
2024;16;5;1604;1604007;-;2;5;2;2;3;11;5;25750;8
2024;16;5;1604;1604007;-;2;5;3;2;3;11;2;1892809;6
2024;16;5;1604;1604007;-;2;5;3;2;3;11;3;1056005;4
2024;16;5;1604;1604007;-;2;5;3;2;3;11;4;11180;9
2024;16;5;1604;1604007;-;2;5;3;2;3;11;5;200285;10
2024;16;5;1604;1604007;-;2;5;4;2;3;11;1;384920;1
2024;16;5;1604;1604007;-;2;5;4;2;3;11;2;2684124;5
2024;16;5;1604;1604007;-;2;5;4;2;3;11;3;900818;2
2024;16;5;1604;1604007;-;2;5;4;2;3;11;4;17336;8
2024;16;5;1604;1604007;-;2;5;4;2;3;11;5;174525;8
2024;16;5;1604;1604007;-;2;5;5;2;3;11;1;50000;1
2024;16;5;1604;1604007;-;2;5;5;2;3;11;2;2365649;2
2024;16;5;1604;1604007;-;2;5;5;2;3;11;4;4700;2
2024;16;5;1604;1604007;-;2;5;5;2;3;11;5;13600;2
2024;16;5;1604;1604007;-;2;8;2;2;3;11;3;620000;1
2024;16;5;1604;1604007;-;2;8;2;2;3;11;4;1000;1
2024;16;5;1604;1604007;-;2;8;2;2;3;11;5;40000;1
2024;16;5;1604;1604007;-;2;8;7;2;3;11;2;3600000;1
2024;16;5;1604;1604007;-;2;8;7;2;3;11;4;1500;1
2024;16;5;1604;1604007;-;2;8;7;2;3;11;5;28500;1
2024;16;5;1604;1604007;-;2;11;2;2;3;11;2;120000;1
2024;16;5;1604;1604007;-;2;11;2;2;3;11;3;241000;3
2024;16;5;1604;1604007;-;2;11;2;2;3;11;4;3202;4
2024;16;5;1604;1604007;-;2;11;2;2;3;11;5;9000;3
2024;16;5;1604;1604007;-;2;11;3;2;3;11;1;250000;1
2024;16;5;1604;1604007;-;2;11;3;2;3;11;2;951390;5
2024;16;5;1604;1604007;-;2;11;3;2;3;11;3;1107430;3
2024;16;5;1604;1604007;-;2;11;3;2;3;11;4;5190;8
2024;16;5;1604;1604007;-;2;11;3;2;3;11;5;171510;9
2024;16;5;1604;1604007;-;2;11;5;2;3;11;2;1155430;1
2024;16;5;1604;1604007;-;2;11;5;2;3;11;4;2400;1
2024;16;5;1604;1604007;-;2;11;5;2;3;11;5;3000;1
2024;16;5;1604;1604007;-;2;12;4;2;3;11;2;3970000;1
2024;16;5;1604;1604007;-;2;12;4;2;3;11;4;1500;1
2024;16;5;1604;1604007;-;2;12;4;2;3;11;5;45000;1
2024;16;5;1604;1604007;-;2;14;5;2;3;11;3;275000;1
2024;16;5;1604;1604007;-;2;14;5;2;3;11;4;1500;1
2024;16;5;1604;1604007;-;2;14;5;2;3;11;5;10000;1
2024;16;5;1607;1607004;-;2;5;2;2;3;11;3;28000;1
2024;16;5;1607;1607004;-;2;5;2;2;3;11;4;1000;1
2024;16;5;1607;1607004;-;2;5;2;2;3;11;5;1000;1
2024;16;6;0;0;-;63;5;1;1;1;11;2;200000;1
2024;16;6;0;0;-;63;5;1;1;1;11;4;1500;1
2024;16;6;0;0;-;63;5;1;1;1;11;5;20000;1
2024;16;6;1601;1601004;-;2;11;5;2;3;11;2;1125295;1
2024;16;6;1601;1601004;-;2;11;5;2;3;11;4;1300;1
2024;16;6;1601;1601004;-;2;11;5;2;3;11;5;20500;1
2024;16;6;1601;1601006;-;2;5;3;2;3;11;1;653353;1
2024;16;6;1601;1601006;-;2;5;3;2;3;11;4;500;1
2024;16;6;1601;1601006;-;2;5;3;2;3;11;5;20000;1
2024;16;6;1601;1601006;-;2;11;3;2;3;11;2;180000;1
2024;16;6;1601;1601006;-;2;11;3;2;3;11;4;360;1
2024;16;6;1601;1601006;-;2;11;3;2;3;11;5;5000;1
2024;16;6;1605;1605001;-;2;5;2;2;3;11;3;72270;1
2024;16;6;1605;1605001;-;2;5;2;2;3;11;4;1250;1
2024;16;6;1605;1605001;-;2;5;2;2;3;11;5;3150;1
2024;16;6;1605;1605001;-;2;5;3;2;3;11;2;752250;3
2024;16;6;1605;1605001;-;2;5;3;2;3;11;3;64900;1
2024;16;6;1605;1605001;-;2;5;3;2;3;11;4;2595;3
2024;16;6;1605;1605001;-;2;5;3;2;3;11;5;49850;3
2024;16;6;1605;1605001;-;2;5;5;2;3;11;2;805674;1
2024;16;6;1605;1605001;-;2;5;5;2;3;11;4;4200;1
2024;16;6;1605;1605001;-;2;5;5;2;3;11;5;64800;1
2024;16;6;1605;1605001;-;2;8;2;2;3;11;2;175200;1
2024;16;6;1605;1605001;-;2;8;2;2;3;11;4;800;1
2024;16;6;1605;1605001;-;2;8;2;2;3;11;5;6000;1
2024;16;6;1605;1605001;-;2;8;6;2;3;11;2;6152279;1
2024;16;6;1605;1605001;-;2;8;6;2;3;11;4;18830;1
2024;16;6;1605;1605001;-;2;8;6;2;3;11;5;288406;1
2024;16;6;1605;1605001;-;2;11;3;2;3;11;2;338946;2
2024;16;6;1605;1605001;-;2;11;3;2;3;11;4;1600;2
2024;16;6;1605;1605001;-;2;11;3;2;3;11;5;33200;2
2024;16;6;1605;1605001;-;2;11;4;2;3;11;2;2310077;3
2024;16;6;1605;1605001;-;2;11;4;2;3;11;4;4400;3
2024;16;6;1605;1605001;-;2;11;4;2;3;11;5;68000;3
2024;16;6;1605;1605001;-;63;5;1;1;1;11;3;17000;1
2024;16;6;1605;1605001;-;63;5;1;1;1;11;4;700;1
2024;16;6;1605;1605002;-;2;5;2;2;3;11;2;247575;1
2024;16;6;1605;1605002;-;2;5;2;2;3;11;3;700000;1
2024;16;6;1605;1605002;-;2;5;2;2;3;11;4;1265;2
2024;16;6;1605;1605002;-;2;5;2;2;3;11;5;28925;2
2024;16;6;1605;1605002;-;2;5;4;2;3;11;2;474402;1
2024;16;6;1605;1605002;-;2;5;4;2;3;11;5;7000;1
2024;16;6;1605;1605002;-;2;11;2;2;3;11;2;800774;2
2024;16;6;1605;1605002;-;2;11;2;2;3;11;4;2400;2
2024;16;6;1605;1605002;-;2;11;2;2;3;11;5;8300;2
2024;16;6;1605;1605003;-;1;5;2;2;3;11;3;145080;1
2024;16;6;1605;1605003;-;1;5;2;2;3;11;4;750;1
2024;16;6;1605;1605003;-;1;5;2;2;3;11;5;9500;1
2024;16;6;1605;1605003;-;1;8;2;2;3;11;3;11000;1
2024;16;6;1605;1605003;-;1;8;2;2;3;11;4;800;1
2024;16;6;1605;1605003;-;2;3;7;2;3;11;2;11375695;1
2024;16;6;1605;1605003;-;2;3;7;2;3;11;4;14640;1
2024;16;6;1605;1605003;-;2;3;7;2;3;11;5;512680;1
2024;16;6;1605;1605003;-;2;5;2;2;3;11;2;447137;2
2024;16;6;1605;1605003;-;2;5;2;2;3;11;3;89000;1
2024;16;6;1605;1605003;-;2;5;2;2;3;11;4;1935;3
2024;16;6;1605;1605003;-;2;5;2;2;3;11;5;40500;2
2024;16;6;1605;1605003;-;2;5;3;2;3;11;1;492750;1
2024;16;6;1605;1605003;-;2;5;3;2;3;11;4;365;1
2024;16;6;1605;1605003;-;2;5;3;2;3;11;5;10950;1
2024;16;6;1605;1605003;-;2;5;4;2;3;11;2;535000;1
2024;16;6;1605;1605003;-;2;5;4;2;3;11;4;3500;1
2024;16;6;1605;1605003;-;2;5;4;2;3;11;5;170000;1
2024;16;6;1605;1605003;-;2;11;6;2;3;11;2;1449428;1
2024;16;6;1605;1605003;-;2;11;6;2;3;11;4;7500;1
2024;16;6;1605;1605003;-;2;11;6;2;3;11;5;180000;1
2024;16;6;1605;1605004;-;2;5;2;2;3;11;2;769431;2
2024;16;6;1605;1605004;-;2;5;2;2;3;11;3;21500;1
2024;16;6;1605;1605004;-;2;5;2;2;3;11;4;2695;3
2024;16;6;1605;1605004;-;2;5;2;2;3;11;5;37575;2
2024;16;6;1605;1605004;-;2;5;3;2;3;11;2;487299;1
2024;16;6;1605;1605004;-;2;5;3;2;3;11;3;59000;1
2024;16;6;1605;1605004;-;2;5;3;2;3;11;4;2000;2
2024;16;6;1605;1605004;-;2;5;3;2;3;11;5;27000;1
2024;16;6;1605;1605004;-;2;8;2;1;1;11;2;4611749;1
2024;16;6;1605;1605004;-;2;8;2;1;1;11;4;3400;1
2024;16;6;1605;1605004;-;2;8;2;1;1;11;5;105875;1
2024;16;6;1605;1605004;-;2;11;2;2;3;11;2;200903;1
2024;16;6;1605;1605004;-;2;11;2;2;3;11;4;1825;1
2024;16;6;1605;1605004;-;2;11;2;2;3;11;5;4800;1
2024;16;6;1605;1605004;-;2;11;4;2;3;11;2;285700;2
2024;16;6;1605;1605004;-;2;11;4;2;3;11;4;1180;2
2024;16;6;1605;1605004;-;2;11;4;2;3;11;5;31000;2
2024;16;6;1605;1605005;-;2;5;2;2;3;11;2;280000;1
2024;16;6;1605;1605005;-;2;5;2;2;3;11;4;800;1
2024;16;6;1605;1605005;-;2;5;2;2;3;11;5;2500;1
2024;16;6;1605;1605005;-;2;5;4;2;3;11;2;1807172;2
2024;16;6;1605;1605005;-;2;5;4;2;3;11;4;2820;2
2024;16;6;1605;1605005;-;2;5;4;2;3;11;5;15350;2
2024;16;6;1605;1605005;-;2;9;5;2;3;11;2;978003;1
2024;16;6;1605;1605005;-;2;9;5;2;3;11;4;3800;1
2024;16;6;1605;1605005;-;2;9;5;2;3;11;5;54500;1
2024;16;6;1605;1605005;-;2;11;2;2;3;11;2;208483;1
2024;16;6;1605;1605005;-;2;11;2;2;3;11;4;700;1
2024;16;6;1605;1605005;-;2;11;2;2;3;11;5;2225;1
2024;16;6;1605;1605005;-;2;11;4;2;3;11;1;496250;1
2024;16;6;1605;1605005;-;2;11;4;2;3;11;4;500;1
2024;16;6;1605;1605005;-;2;11;4;2;3;11;5;1200;1
2024;16;6;1605;1605006;-;1;5;2;2;3;11;2;120000;1
2024;16;6;1605;1605006;-;1;5;2;2;3;11;4;1600;1
2024;16;6;1605;1605006;-;1;5;2;2;3;11;5;1500;1
2024;16;6;1605;1605006;-;2;5;2;2;3;11;2;468000;2
2024;16;6;1605;1605006;-;2;5;2;2;3;11;3;215600;2
2024;16;6;1605;1605006;-;2;5;2;2;3;11;4;2495;4
2024;16;6;1605;1605006;-;2;5;2;2;3;11;5;24850;4
2024;16;6;1605;1605006;-;2;5;3;2;3;11;2;1378149;3
2024;16;6;1605;1605006;-;2;5;3;2;3;11;4;6100;3
2024;16;6;1605;1605006;-;2;5;3;2;3;11;5;80443;3
2024;16;6;1605;1605006;-;2;5;4;2;3;11;2;541610;1
2024;16;6;1605;1605006;-;2;5;4;2;3;11;3;730000;1
2024;16;6;1605;1605006;-;2;5;4;2;3;11;4;2080;2
2024;16;6;1605;1605006;-;2;5;4;2;3;11;5;35000;2
2024;16;6;1605;1605006;-;2;11;3;2;3;11;3;109500;1
2024;16;6;1605;1605006;-;2;11;3;2;3;11;4;600;1
2024;16;6;1605;1605006;-;2;11;3;2;3;11;5;300;1
2024;16;6;1605;1605006;-;2;11;4;2;3;11;2;586773;1
2024;16;6;1605;1605006;-;2;11;4;2;3;11;4;730;1
2024;16;6;1605;1605006;-;2;11;4;2;3;11;5;25200;1
2024;16;6;1606;1606003;-;2;8;7;2;3;11;2;5700151;1
2024;16;6;1606;1606003;-;2;8;7;2;3;11;4;13430;1
2024;16;6;1606;1606003;-;2;8;7;2;3;11;5;302510;1
2024;16;6;1606;1606004;-;2;5;2;2;3;11;2;47133;1
2024;16;6;1606;1606004;-;2;5;2;2;3;11;4;700;1
2024;16;6;1606;1606004;-;2;5;2;2;3;11;5;14100;1
2024;16;6;1606;1606004;-;2;5;4;2;3;11;2;989861;2
2024;16;6;1606;1606004;-;2;5;4;2;3;11;4;1965;2
2024;16;6;1606;1606004;-;2;5;4;2;3;11;5;18250;2
2024;16;6;1606;1606004;-;2;8;2;2;3;11;4;8;1
2024;16;6;1606;1606004;-;2;8;2;2;3;11;5;25;1
2024;16;6;1606;1606004;-;2;11;2;2;3;11;2;65684;1
2024;16;6;1606;1606004;-;2;11;2;2;3;11;4;1300;1
2024;16;6;1606;1606004;-;2;11;2;2;3;11;5;1825;1
2024;16;6;1606;1606005;-;1;5;2;2;3;11;3;222430;2
2024;16;6;1606;1606005;-;1;5;2;2;3;11;4;1500;2
2024;16;6;1606;1606005;-;1;5;2;2;3;11;5;2200;1
2024;16;6;1606;1606005;-;1;5;4;2;3;11;2;127000;1
2024;16;6;1606;1606005;-;1;5;4;2;3;11;4;361;1
2024;16;6;1606;1606005;-;1;5;4;2;3;11;5;13000;1
2024;16;6;1606;1606005;-;2;5;2;2;3;11;2;299475;3
2024;16;6;1606;1606005;-;2;5;2;2;3;11;3;212050;2
2024;16;6;1606;1606005;-;2;5;2;2;3;11;4;3240;5
2024;16;6;1606;1606005;-;2;5;2;2;3;11;5;25400;4
2024;16;6;1606;1606005;-;2;5;3;2;3;11;2;706000;2
2024;16;6;1606;1606005;-;2;5;3;2;3;11;3;252000;1
2024;16;6;1606;1606005;-;2;5;3;2;3;11;4;2950;3
2024;16;6;1606;1606005;-;2;5;3;2;3;11;5;40700;3
2024;16;6;1606;1606005;-;2;5;4;2;3;11;2;1670417;2
2024;16;6;1606;1606005;-;2;5;4;2;3;11;4;10200;2
2024;16;6;1606;1606005;-;2;5;4;2;3;11;5;154100;2
2024;16;6;1606;1606005;-;2;11;2;2;3;11;2;384000;1
2024;16;6;1606;1606005;-;2;11;2;2;3;11;3;56000;1
2024;16;6;1606;1606005;-;2;11;2;2;3;11;4;540;2
2024;16;6;1606;1606005;-;2;11;2;2;3;11;5;14100;2
2024;16;6;1606;1606005;-;2;11;3;2;3;11;1;309500;1
2024;16;6;1606;1606005;-;2;11;3;2;3;11;2;1014259;3
2024;16;6;1606;1606005;-;2;11;3;2;3;11;3;200000;1
2024;16;6;1606;1606005;-;2;11;3;2;3;11;4;4800;4
2024;16;6;1606;1606005;-;2;11;3;2;3;11;5;53000;4
2024;16;6;1606;1606005;-;2;14;3;2;3;11;1;255500;1
2024;16;6;1606;1606005;-;2;14;3;2;3;11;3;855600;2
2024;16;6;1606;1606005;-;2;14;3;2;3;11;4;2395;3
2024;16;6;1606;1606005;-;2;14;3;2;3;11;5;84630;3
2024;16;6;1607;1607001;-;2;5;2;2;3;11;3;292730;1
2024;16;6;1607;1607001;-;2;5;2;2;3;11;5;4400;1
2024;16;6;1607;1607003;-;2;5;3;2;3;11;2;595337;2
2024;16;6;1607;1607003;-;2;5;3;2;3;11;4;1520;2
2024;16;6;1607;1607003;-;2;5;3;2;3;11;5;16560;2
2024;16;7;1605;1605004;-;2;5;3;2;3;11;2;117280;1
2024;16;7;1605;1605004;-;2;5;3;2;3;11;4;1000;1
2024;16;7;1605;1605004;-;2;5;3;2;3;11;5;3875;1
2024;16;7;1605;1605004;-;2;5;4;2;3;11;1;1784659;1
2024;16;7;1605;1605004;-;2;5;4;2;3;11;4;6850;1
2024;16;7;1605;1605004;-;2;5;4;2;3;11;5;54750;1
2024;16;7;1605;1605006;-;2;5;2;2;3;11;2;539440;1
2024;16;7;1605;1605006;-;2;5;2;2;3;11;4;500;1
2024;16;7;1605;1605006;-;2;5;2;2;3;11;5;12000;1
2024;16;7;1605;1605006;-;2;12;5;2;3;11;2;2625417;1
2024;16;7;1605;1605006;-;2;12;5;2;3;11;4;3600;1
2024;16;7;1605;1605006;-;2;12;5;2;3;11;5;54000;1
2024;16;7;1605;1605006;-;18;5;1;1;1;11;2;210820;1
2024;16;7;1605;1605006;-;18;5;1;1;1;11;4;300;1
2024;16;7;1605;1605006;-;18;5;1;1;1;11;5;6500;1
2024;16;7;1606;1606003;-;1;11;5;2;3;11;2;70092;1
2024;16;7;1606;1606003;-;1;11;5;2;3;11;4;8000;1
2024;16;7;1606;1606003;-;1;11;5;2;3;11;5;1000;1
2024;16;7;1606;1606003;-;2;5;2;2;3;11;1;7200;1
2024;16;7;1606;1606003;-;2;5;2;2;3;11;2;654211;2
2024;16;7;1606;1606003;-;2;5;2;2;3;11;4;2600;3
2024;16;7;1606;1606003;-;2;5;2;2;3;11;5;16500;3
2024;16;7;1606;1606003;-;2;5;3;2;3;11;2;758976;2
2024;16;7;1606;1606003;-;2;5;3;2;3;11;4;4015;2
2024;16;7;1606;1606003;-;2;5;3;2;3;11;5;25550;2
2024;16;7;1606;1606003;-;2;5;4;2;3;11;2;305319;1
2024;16;7;1606;1606003;-;2;5;4;2;3;11;4;720;1
2024;16;7;1606;1606003;-;2;5;4;2;3;11;5;15000;1
2024;16;7;1606;1606003;-;2;5;5;2;3;11;2;839365;1
2024;16;7;1606;1606003;-;2;5;5;2;3;11;4;735;1
2024;16;7;1606;1606003;-;2;5;5;2;3;11;5;31250;1
2024;16;7;1606;1606003;-;2;8;4;2;3;11;2;989233;2
2024;16;7;1606;1606003;-;2;8;4;2;3;11;4;7800;2
2024;16;7;1606;1606003;-;2;8;4;2;3;11;5;60200;2
2024;16;7;1606;1606003;-;2;11;2;2;3;11;2;99325;1
2024;16;7;1606;1606003;-;2;11;2;2;3;11;4;700;1
2024;16;7;1606;1606003;-;2;11;2;2;3;11;5;4050;1
2024;16;7;1606;1606004;-;2;5;2;2;3;11;2;1471684;8
2024;16;7;1606;1606004;-;2;5;2;2;3;11;4;6165;8
2024;16;7;1606;1606004;-;2;5;2;2;3;11;5;49230;9
2024;16;7;1606;1606004;-;2;5;3;2;3;11;2;1617857;4
2024;16;7;1606;1606004;-;2;5;3;2;3;11;4;5775;4
2024;16;7;1606;1606004;-;2;5;3;2;3;11;5;155828;4
2024;16;7;1606;1606004;-;2;5;4;2;3;11;2;684665;2
2024;16;7;1606;1606004;-;2;5;4;2;3;11;4;9500;2
2024;16;7;1606;1606004;-;2;5;4;2;3;11;5;75600;2
2024;16;7;1606;1606004;-;2;14;3;2;3;11;2;248891;1
2024;16;7;1606;1606004;-;2;14;3;2;3;11;4;735;1
2024;16;7;1606;1606004;-;2;14;3;2;3;11;5;7500;1
2024;16;7;1607;1607001;-;2;1;5;2;3;11;2;996110;1
2024;16;7;1607;1607001;-;2;1;5;2;3;11;4;1200;1
2024;16;7;1607;1607001;-;2;1;5;2;3;11;5;43953;1
2024;16;7;1607;1607001;-;2;3;4;2;3;4;3;107907;1
2024;16;7;1607;1607001;-;2;3;5;2;3;11;2;2483809;1
2024;16;7;1607;1607001;-;2;3;5;2;3;11;4;6000;1
2024;16;7;1607;1607001;-;2;3;5;2;3;11;5;119500;1
2024;16;7;1607;1607001;-;2;5;2;1;1;11;2;165440;1
2024;16;7;1607;1607001;-;2;5;2;1;1;11;4;20;1
2024;16;7;1607;1607001;-;2;5;4;2;3;11;2;937497;1
2024;16;7;1607;1607001;-;2;5;4;2;3;11;4;2500;1
2024;16;7;1607;1607001;-;2;5;4;2;3;11;5;30000;1
2024;16;7;1607;1607001;-;2;5;5;2;3;11;2;25000;1
2024;16;7;1607;1607003;-;1;5;3;2;3;11;2;435729;1
2024;16;7;1607;1607003;-;1;5;3;2;3;11;4;735;1
2024;16;7;1607;1607003;-;1;5;3;2;3;11;5;3575;1
2024;16;7;1607;1607003;-;1;11;2;2;3;11;2;47480;1
2024;16;7;1607;1607003;-;1;11;2;2;3;11;5;5000;1
2024;16;7;1607;1607003;-;2;1;5;2;3;11;2;200500;1
2024;16;7;1607;1607003;-;2;1;5;2;3;11;4;15000;1
2024;16;7;1607;1607003;-;2;1;5;2;3;11;5;6000;1
2024;16;7;1607;1607003;-;2;2;2;2;3;11;2;10950;1
2024;16;7;1607;1607003;-;2;2;2;2;3;11;4;1800;1
2024;16;7;1607;1607003;-;2;2;2;2;3;11;5;3000;1
2024;16;7;1607;1607003;-;2;5;2;2;3;11;2;894533;4
2024;16;7;1607;1607003;-;2;5;2;2;3;11;4;2600;4
2024;16;7;1607;1607003;-;2;5;2;2;3;11;5;17465;4
2024;16;7;1607;1607003;-;2;5;3;2;3;11;2;4861569;13
2024;16;7;1607;1607003;-;2;5;3;2;3;11;3;87600;1
2024;16;7;1607;1607003;-;2;5;3;2;3;11;4;6450;12
2024;16;7;1607;1607003;-;2;5;3;2;3;11;5;109260;13
2024;16;7;1607;1607003;-;2;5;4;2;3;11;2;1981671;2
2024;16;7;1607;1607003;-;2;5;4;2;3;11;4;1350;2
2024;16;7;1607;1607003;-;2;5;4;2;3;11;5;99975;2
2024;16;7;1607;1607003;-;2;5;5;2;3;11;2;2712231;2
2024;16;7;1607;1607003;-;2;5;5;2;3;11;4;10300;2
2024;16;7;1607;1607003;-;2;5;5;2;3;11;5;132500;2
2024;16;7;1607;1607003;-;2;8;2;2;3;11;2;30000;1
2024;16;7;1607;1607003;-;2;8;2;2;3;11;4;750;1
2024;16;7;1607;1607003;-;2;8;2;2;3;11;5;3895;1
2024;16;7;1607;1607003;-;2;8;3;2;3;4;3;2960;1
2024;16;7;1607;1607003;-;2;8;3;2;3;4;5;45;1
2024;16;7;1607;1607003;-;2;8;3;2;3;11;2;620018;1
2024;16;7;1607;1607003;-;2;8;3;2;3;11;3;481274;1
2024;16;7;1607;1607003;-;2;8;3;2;3;11;4;880;2
2024;16;7;1607;1607003;-;2;8;3;2;3;11;5;40800;2
2024;16;7;1607;1607003;-;2;11;3;2;3;11;3;295600;1
2024;16;7;1607;1607003;-;2;11;3;2;3;11;4;400;1
2024;16;7;1607;1607003;-;2;11;3;2;3;11;5;14000;1
2024;16;7;1607;1607003;-;2;11;6;2;3;11;2;970944;1
2024;16;7;1607;1607003;-;2;11;6;2;3;11;4;3650;1
2024;16;7;1607;1607003;-;2;11;6;2;3;11;5;25600;1
2024;16;7;1607;1607004;-;2;5;2;2;3;11;2;209710;1
2024;16;7;1607;1607004;-;2;5;2;2;3;11;4;725;1
2024;16;7;1607;1607004;-;2;5;2;2;3;11;5;9500;1
2024;16;7;1607;1607004;-;2;14;5;2;3;11;2;327874;1
2024;16;7;1607;1607004;-;2;14;5;2;3;11;4;4000;1
2024;16;7;1607;1607004;-;2;14;5;2;3;11;5;50000;1
2024;16;8;1602;1602001;-;2;5;2;2;3;11;3;25200;1
2024;16;8;1602;1602001;-;2;5;2;2;3;11;4;1000;1
2024;16;8;1602;1602001;-;2;5;2;2;3;11;5;800;1
2024;16;8;1603;1603001;-;1;5;2;2;3;11;3;143000;1
2024;16;8;1603;1603001;-;1;5;2;2;3;11;4;365;1
2024;16;8;1603;1603001;-;2;3;5;2;3;11;2;2415324;1
2024;16;8;1603;1603001;-;2;3;5;2;3;11;4;7300;1
2024;16;8;1603;1603001;-;2;3;5;2;3;11;5;37680;1
2024;16;8;1603;1603001;-;2;5;2;2;3;11;3;432000;1
2024;16;8;1603;1603001;-;2;5;2;2;3;11;4;1800;1
2024;16;8;1603;1603001;-;2;5;2;2;3;11;5;4300;1
2024;16;8;1603;1603001;-;2;5;3;2;3;11;2;1778224;3
2024;16;8;1603;1603001;-;2;5;3;2;3;11;4;4830;3
2024;16;8;1603;1603001;-;2;5;3;2;3;11;5;41700;3
2024;16;8;1603;1603001;-;2;5;4;2;3;11;2;675326;1
2024;16;8;1603;1603001;-;2;5;4;2;3;11;4;1825;1
2024;16;8;1603;1603001;-;2;5;4;2;3;11;5;36500;1
2024;16;8;1603;1603001;-;2;5;5;2;3;11;2;1095000;1
2024;16;8;1603;1603001;-;2;5;5;2;3;11;4;1095;1
2024;16;8;1603;1603001;-;2;5;5;2;3;11;5;10341;1
2024;16;8;1603;1603001;-;2;9;5;2;3;11;2;1530073;1
2024;16;8;1603;1603001;-;2;9;5;2;3;11;4;1650;1
2024;16;8;1603;1603001;-;2;9;5;2;3;11;5;47000;1
2024;16;8;1603;1603001;-;2;11;4;2;3;11;2;511000;1
2024;16;8;1603;1603001;-;2;11;4;2;3;11;4;2500;1
2024;16;8;1603;1603001;-;2;11;4;2;3;11;5;18000;1
2024;16;8;1603;1603001;-;2;11;5;2;3;11;2;862546;1
2024;16;8;1603;1603001;-;2;11;5;2;3;11;4;1460;1
2024;16;8;1603;1603001;-;2;11;5;2;3;11;5;54000;1
2024;16;8;1603;1603001;-;2;12;3;2;3;11;2;2012609;1
2024;16;8;1603;1603001;-;2;12;3;2;3;11;4;365;1
2024;16;8;1603;1603001;-;2;12;3;2;3;11;5;14400;1
2024;16;8;1603;1603002;-;1;11;2;2;3;11;3;224475;1
2024;16;8;1603;1603002;-;1;11;2;2;3;11;4;900;1
2024;16;8;1603;1603002;-;1;11;2;2;3;11;5;6300;1
2024;16;8;1603;1603002;-;2;5;2;2;3;11;2;419999;1
2024;16;8;1603;1603002;-;2;5;2;2;3;11;3;52000;1
2024;16;8;1603;1603002;-;2;5;2;2;3;11;4;2200;2
2024;16;8;1603;1603002;-;2;5;2;2;3;11;5;20100;2
2024;16;8;1603;1603002;-;2;5;3;2;3;11;2;691254;2
2024;16;8;1603;1603002;-;2;5;3;2;3;11;4;11300;2
2024;16;8;1603;1603002;-;2;5;3;2;3;11;5;125200;2
2024;16;8;1603;1603002;-;2;5;4;2;3;11;2;703470;1
2024;16;8;1603;1603002;-;2;5;4;2;3;11;4;1600;1
2024;16;8;1603;1603002;-;2;5;4;2;3;11;5;11900;1
2024;16;8;1603;1603002;-;2;5;5;2;3;11;1;2690781;1
2024;16;8;1603;1603002;-;2;5;5;2;3;11;2;423000;1
2024;16;8;1603;1603002;-;2;5;5;2;3;11;4;11700;2
2024;16;8;1603;1603002;-;2;5;5;2;3;11;5;128500;2
2024;16;8;1603;1603002;-;2;8;4;2;3;11;1;898693;1
2024;16;8;1603;1603002;-;2;8;4;2;3;11;4;1000;1
2024;16;8;1603;1603002;-;2;8;4;2;3;11;5;15000;1
2024;16;8;1603;1603002;-;2;8;5;2;3;11;2;2851000;2
2024;16;8;1603;1603002;-;2;8;5;2;3;11;4;5000;2
2024;16;8;1603;1603002;-;2;8;5;2;3;11;5;76500;2
2024;16;8;1603;1603002;-;2;9;8;2;3;11;1;955099;1
2024;16;8;1603;1603002;-;2;9;8;2;3;11;2;3592992;1
2024;16;8;1603;1603002;-;2;9;8;2;3;11;4;6205;1
2024;16;8;1603;1603002;-;2;9;8;2;3;11;5;78450;1
2024;16;8;1603;1603002;-;2;11;4;2;3;11;2;90000;1
2024;16;8;1603;1603002;-;2;11;4;2;3;11;5;200;1
2024;16;8;1603;1603002;-;2;11;5;2;3;11;2;2018841;1
2024;16;8;1603;1603002;-;2;11;5;2;3;11;4;5600;1
2024;16;8;1603;1603002;-;2;11;5;2;3;11;5;84000;1
2024;16;8;1603;1603003;-;1;5;3;2;3;11;3;15000;1
2024;16;8;1603;1603003;-;1;5;3;2;3;11;4;730;1
2024;16;8;1603;1603003;-;1;5;3;2;3;11;5;9000;1
2024;16;8;1603;1603003;-;2;5;2;2;3;4;3;51000;1
2024;16;8;1603;1603003;-;2;5;2;2;3;4;4;200;1
2024;16;8;1603;1603003;-;2;5;2;2;3;4;5;1500;1
2024;16;8;1603;1603003;-;2;5;2;2;3;4;10;4600;1
2024;16;8;1603;1603003;-;2;5;2;2;3;11;2;196361;1
2024;16;8;1603;1603003;-;2;5;2;2;3;11;3;348491;3
2024;16;8;1603;1603003;-;2;5;2;2;3;11;4;2165;4
2024;16;8;1603;1603003;-;2;5;2;2;3;11;5;8160;4
2024;16;8;1603;1603003;-;2;5;3;2;3;11;2;680023;3
2024;16;8;1603;1603003;-;2;5;3;2;3;11;4;580;3
2024;16;8;1603;1603003;-;2;5;3;2;3;11;5;27580;3
2024;16;8;1603;1603003;-;2;5;4;2;3;11;2;1374692;3
2024;16;8;1603;1603003;-;2;5;4;2;3;11;4;1065;2
2024;16;8;1603;1603003;-;2;5;4;2;3;11;5;126000;3
2024;16;8;1603;1603003;-;2;5;6;2;3;11;2;4894139;1
2024;16;8;1603;1603003;-;2;5;6;2;3;11;4;2555;1
2024;16;8;1603;1603003;-;2;5;6;2;3;11;5;53235;1
2024;16;8;1603;1603003;-;2;8;3;2;3;11;2;378809;1
2024;16;8;1603;1603003;-;2;8;3;2;3;11;4;900;1
2024;16;8;1603;1603003;-;2;8;3;2;3;11;5;25380;1
2024;16;8;1603;1603003;-;2;8;5;2;3;11;2;324000;1
2024;16;8;1603;1603003;-;2;8;5;2;3;11;4;365;1
2024;16;8;1603;1603003;-;2;8;5;2;3;11;5;10500;1
2024;16;8;1603;1603003;-;2;11;2;2;3;11;3;178850;1
2024;16;8;1603;1603003;-;2;11;2;2;3;11;4;1000;1
2024;16;8;1603;1603003;-;2;11;2;2;3;11;5;4600;1
2024;16;8;1603;1603003;-;2;11;5;2;3;11;2;2956447;3
2024;16;8;1603;1603003;-;2;11;5;2;3;11;4;11400;3
2024;16;8;1603;1603003;-;2;11;5;2;3;11;5;142530;3
2024;16;8;1603;1603003;-;2;11;6;2;3;11;2;2565676;1
2024;16;8;1603;1603003;-;2;11;6;2;3;11;4;7300;1
2024;16;8;1603;1603003;-;2;11;6;2;3;11;5;68500;1
2024;16;8;1603;1603003;-;2;12;4;2;3;11;2;2478929;1
2024;16;8;1603;1603003;-;2;12;4;2;3;11;4;1400;1
2024;16;8;1603;1603003;-;2;12;4;2;3;11;5;201000;1
2024;16;8;1603;1603003;-;2;14;3;2;3;11;2;446400;1
2024;16;8;1603;1603003;-;2;14;3;2;3;11;4;1100;1
2024;16;8;1603;1603003;-;2;14;3;2;3;11;5;12700;1
2024;16;8;1603;1603004;-;1;5;3;2;3;11;3;235970;1
2024;16;8;1603;1603004;-;1;5;3;2;3;11;4;730;1
2024;16;8;1603;1603004;-;1;5;3;2;3;11;5;29900;1
2024;16;8;1603;1603004;-;2;5;2;2;3;11;2;430779;2
2024;16;8;1603;1603004;-;2;5;2;2;3;11;4;2190;1
2024;16;8;1603;1603004;-;2;5;2;2;3;11;5;8500;1
2024;16;8;1603;1603004;-;2;5;3;2;3;11;2;1452325;5
2024;16;8;1603;1603004;-;2;5;3;2;3;11;4;3130;5
2024;16;8;1603;1603004;-;2;5;3;2;3;11;5;67650;5
2024;16;8;1603;1603004;-;2;5;4;2;3;11;2;1166980;2
2024;16;8;1603;1603004;-;2;5;4;2;3;11;4;1930;2
2024;16;8;1603;1603004;-;2;5;4;2;3;11;5;37000;2
2024;16;8;1603;1603004;-;2;5;5;2;3;11;2;700516;1
2024;16;8;1603;1603004;-;2;5;5;2;3;11;4;730;1
2024;16;8;1603;1603004;-;2;5;5;2;3;11;5;20000;1
2024;16;8;1603;1603004;-;2;8;2;2;3;11;2;635000;1
2024;16;8;1603;1603004;-;2;8;4;2;3;11;2;1613272;2
2024;16;8;1603;1603004;-;2;8;4;2;3;11;4;3700;2
2024;16;8;1603;1603004;-;2;8;4;2;3;11;5;78500;2
2024;16;8;1603;1603004;-;2;8;5;2;3;11;2;4892449;3
2024;16;8;1603;1603004;-;2;8;5;2;3;11;4;8395;3
2024;16;8;1603;1603004;-;2;8;5;2;3;11;5;452820;3
2024;16;8;1603;1603004;-;2;8;6;2;3;11;2;5260900;2
2024;16;8;1603;1603004;-;2;8;6;2;3;11;4;2025;2
2024;16;8;1603;1603004;-;2;8;6;2;3;11;5;92169;2
2024;16;8;1603;1603004;-;2;9;5;2;3;11;2;1720591;1
2024;16;8;1603;1603004;-;2;9;5;2;3;11;4;7200;1
2024;16;8;1603;1603004;-;2;9;5;2;3;11;5;170000;1
2024;16;8;1603;1603004;-;2;9;6;2;3;11;1;2568169;1
2024;16;8;1603;1603004;-;2;9;6;2;3;11;2;3090586;1
2024;16;8;1603;1603004;-;2;9;6;2;3;11;4;8800;2
2024;16;8;1603;1603004;-;2;9;6;2;3;11;5;217000;2
2024;16;8;1603;1603004;-;2;9;7;2;3;11;2;7958610;1
2024;16;8;1603;1603004;-;2;9;7;2;3;11;4;17102;1
2024;16;8;1603;1603004;-;2;9;7;2;3;11;5;696800;1
2024;16;8;1603;1603004;-;2;11;3;2;3;11;3;78000;1
2024;16;8;1603;1603004;-;2;11;3;2;3;11;4;730;1
2024;16;8;1603;1603004;-;2;11;3;2;3;11;5;6000;1
2024;16;8;1603;1603004;-;2;11;4;2;3;11;2;619060;1
2024;16;8;1603;1603004;-;2;11;4;2;3;11;4;1825;1
2024;16;8;1603;1603004;-;2;11;4;2;3;11;5;53900;1
2024;16;8;1603;1603004;-;2;11;5;2;3;11;2;5529723;4
2024;16;8;1603;1603004;-;2;11;5;2;3;11;4;11300;4
2024;16;8;1603;1603004;-;2;11;5;2;3;11;5;102100;4
2024;16;8;1603;1603004;-;2;11;6;2;3;11;2;4421483;1
2024;16;8;1603;1603004;-;2;11;6;2;3;11;4;11680;1
2024;16;8;1603;1603004;-;2;11;6;2;3;11;5;184293;1
2024;16;8;1603;1603004;-;2;12;5;2;3;11;2;1795898;2
2024;16;8;1603;1603004;-;2;12;5;2;3;11;4;2160;2
2024;16;8;1603;1603004;-;2;12;5;2;3;11;5;116000;2
2024;16;8;1603;1603004;-;2;12;6;2;3;11;2;3633703;1
2024;16;8;1603;1603004;-;2;12;6;2;3;11;4;11000;1
2024;16;8;1603;1603004;-;2;12;6;2;3;11;5;141168;1
2024;16;8;1603;1603004;-;2;13;4;2;3;11;2;916000;1
2024;16;8;1603;1603004;-;2;13;4;2;3;11;4;600;1
2024;16;8;1603;1603004;-;2;14;6;2;3;11;2;1870854;1
2024;16;8;1603;1603004;-;2;14;6;2;3;11;4;1800;1
2024;16;8;1603;1603004;-;2;14;6;2;3;11;5;57000;1
2024;16;8;1603;1603005;-;1;5;2;2;3;11;3;54000;1
2024;16;8;1603;1603005;-;1;5;2;2;3;11;4;360;1
2024;16;8;1603;1603005;-;1;5;2;2;3;11;5;40;1
2024;16;8;1603;1603005;-;2;5;3;2;3;11;1;34950;1
2024;16;8;1603;1603005;-;2;5;3;2;3;11;2;382648;2
2024;16;8;1603;1603005;-;2;5;3;2;3;11;3;100000;1
2024;16;8;1603;1603005;-;2;5;3;2;3;11;4;3330;4
2024;16;8;1603;1603005;-;2;5;3;2;3;11;5;86100;4
2024;16;8;1603;1603005;-;2;5;5;2;3;11;2;3220065;3
2024;16;8;1603;1603005;-;2;5;5;2;3;11;4;4590;2
2024;16;8;1603;1603005;-;2;5;5;2;3;11;5;46200;2
2024;16;8;1603;1603005;-;2;8;3;2;3;11;2;587219;1
2024;16;8;1603;1603005;-;2;8;3;2;3;11;4;300;1
2024;16;8;1603;1603005;-;2;8;3;2;3;11;5;18755;1
2024;16;8;1603;1603005;-;2;8;4;2;3;11;2;352913;1
2024;16;8;1603;1603005;-;2;8;4;2;3;11;4;2910;1
2024;16;8;1603;1603005;-;2;8;4;2;3;11;5;11910;1
2024;16;8;1603;1603005;-;2;8;5;2;3;11;2;4461767;2
2024;16;8;1603;1603005;-;2;8;5;2;3;11;4;11000;2
2024;16;8;1603;1603005;-;2;8;5;2;3;11;5;102750;2
2024;16;8;1603;1603005;-;2;8;6;2;3;11;2;3019557;1
2024;16;8;1603;1603005;-;2;8;6;2;3;11;4;13140;1
2024;16;8;1603;1603005;-;2;8;6;2;3;11;5;180000;1
2024;16;8;1603;1603005;-;2;11;3;2;3;11;2;724876;2
2024;16;8;1603;1603005;-;2;11;3;2;3;11;4;1460;2
2024;16;8;1603;1603005;-;2;11;3;2;3;11;5;30150;2
2024;16;8;1603;1603005;-;2;11;5;2;3;11;2;4318005;2
2024;16;8;1603;1603005;-;2;11;5;2;3;11;4;3670;2
2024;16;8;1603;1603005;-;2;11;5;2;3;11;5;72530;2
2024;16;8;1603;1603005;-;2;12;5;2;3;11;2;3123954;1
2024;16;8;1603;1603005;-;2;12;5;2;3;11;4;1100;1
2024;16;8;1603;1603005;-;2;12;5;2;3;11;5;25000;1
2024;16;8;1603;1603006;-;1;5;2;2;3;11;1;125000;1
2024;16;8;1603;1603006;-;1;5;2;2;3;11;4;300;1
2024;16;8;1603;1603006;-;1;5;2;2;3;11;5;4000;1
2024;16;8;1603;1603006;-;2;1;3;2;3;11;2;94500;1
2024;16;8;1603;1603006;-;2;1;3;2;3;11;4;4000;1
2024;16;8;1603;1603006;-;2;1;3;2;3;11;5;13500;1
2024;16;8;1603;1603006;-;2;2;4;2;3;11;2;220468;1
2024;16;8;1603;1603006;-;2;2;4;2;3;11;4;2400;1
2024;16;8;1603;1603006;-;2;2;4;2;3;11;5;68000;1
2024;16;8;1603;1603006;-;2;2;5;2;3;11;2;2317776;1
2024;16;8;1603;1603006;-;2;2;5;2;3;11;4;1000;1
2024;16;8;1603;1603006;-;2;2;5;2;3;11;5;80000;1
2024;16;8;1603;1603006;-;2;5;2;1;1;11;2;239998;1
2024;16;8;1603;1603006;-;2;5;2;2;3;11;1;58400;1
2024;16;8;1603;1603006;-;2;5;2;2;3;11;2;1537473;6
2024;16;8;1603;1603006;-;2;5;2;2;3;11;3;70100;2
2024;16;8;1603;1603006;-;2;5;2;2;3;11;4;5020;8
2024;16;8;1603;1603006;-;2;5;2;2;3;11;5;49205;8
2024;16;8;1603;1603006;-;2;5;3;1;1;11;2;540000;1
2024;16;8;1603;1603006;-;2;5;3;2;3;11;2;850984;3
2024;16;8;1603;1603006;-;2;5;3;2;3;11;4;3985;3
2024;16;8;1603;1603006;-;2;5;3;2;3;11;5;33467;3
2024;16;8;1603;1603006;-;2;5;4;2;3;11;2;5342421;5
2024;16;8;1603;1603006;-;2;5;4;2;3;11;4;24630;5
2024;16;8;1603;1603006;-;2;5;4;2;3;11;5;181050;5
2024;16;8;1603;1603006;-;2;5;5;2;3;11;2;2030000;1
2024;16;8;1603;1603006;-;2;5;5;2;3;11;4;1800;1
2024;16;8;1603;1603006;-;2;5;5;2;3;11;5;56250;1
2024;16;8;1603;1603006;-;2;5;6;2;3;11;2;5414833;1
2024;16;8;1603;1603006;-;2;5;6;2;3;11;4;10800;1
2024;16;8;1603;1603006;-;2;5;6;2;3;11;5;333910;1
2024;16;8;1603;1603006;-;2;5;7;2;3;11;2;9872211;1
2024;16;8;1603;1603006;-;2;5;7;2;3;11;4;5000;1
2024;16;8;1603;1603006;-;2;5;7;2;3;11;5;339748;1
2024;16;8;1603;1603006;-;2;8;3;2;3;11;2;584150;1
2024;16;8;1603;1603006;-;2;8;4;2;3;11;2;556387;2
2024;16;8;1603;1603006;-;2;8;4;2;3;11;4;2000;1
2024;16;8;1603;1603006;-;2;8;4;2;3;11;5;18000;1
2024;16;8;1603;1603006;-;2;8;6;2;3;11;2;5919538;2
2024;16;8;1603;1603006;-;2;8;6;2;3;11;4;5450;2
2024;16;8;1603;1603006;-;2;8;6;2;3;11;5;141440;2
2024;16;8;1603;1603006;-;2;11;2;2;3;11;3;31025;1
2024;16;8;1603;1603006;-;2;11;2;2;3;11;4;700;1
2024;16;8;1603;1603006;-;2;11;2;2;3;11;5;1200;1
2024;16;8;1603;1603006;-;2;11;3;2;3;11;2;703239;3
2024;16;8;1603;1603006;-;2;11;3;2;3;11;4;2555;3
2024;16;8;1603;1603006;-;2;11;3;2;3;11;5;20560;3
2024;16;8;1603;1603006;-;2;11;4;2;3;11;2;3204669;3
2024;16;8;1603;1603006;-;2;11;4;2;3;11;4;14200;3
2024;16;8;1603;1603006;-;2;11;4;2;3;11;5;101300;3
2024;16;8;1603;1603006;-;2;11;5;2;3;11;2;1710371;1
2024;16;8;1603;1603006;-;2;11;5;2;3;11;4;2400;1
2024;16;8;1603;1603006;-;2;11;5;2;3;11;5;33100;1
2024;16;8;1603;1603006;-;2;11;6;2;3;11;2;1854310;1
2024;16;8;1603;1603006;-;2;11;6;2;3;11;4;5500;1
2024;16;8;1603;1603006;-;2;11;6;2;3;11;5;55000;1
2024;16;8;1603;1603006;-;2;12;6;2;3;11;2;6257810;1
2024;16;8;1603;1603006;-;2;12;6;2;3;11;4;2190;1
2024;16;8;1603;1603006;-;2;13;6;2;3;11;2;6742377;1
2024;16;8;1603;1603006;-;2;13;6;2;3;11;4;5110;1
2024;16;8;1603;1603006;-;2;13;6;2;3;11;5;109365;1
2024;16;8;1606;1606001;-;2;2;6;2;3;11;2;3440705;1
2024;16;8;1606;1606001;-;2;2;6;2;3;11;4;5040;1
2024;16;8;1606;1606001;-;2;2;6;2;3;11;5;63595;1
2024;16;8;1606;1606001;-;2;3;6;2;3;11;2;1573222;1
2024;16;8;1606;1606001;-;2;3;6;2;3;11;4;7320;1
2024;16;8;1606;1606001;-;2;3;6;2;3;11;5;35740;1
2024;16;8;1606;1606001;-;2;5;2;2;3;11;2;427897;2
2024;16;8;1606;1606001;-;2;5;2;2;3;11;3;12000;1
2024;16;8;1606;1606001;-;2;5;2;2;3;11;4;1365;2
2024;16;8;1606;1606001;-;2;5;2;2;3;11;5;4900;2
2024;16;8;1606;1606001;-;2;5;4;2;3;11;2;86603;2
2024;16;8;1606;1606001;-;2;5;4;2;3;11;4;800;1
2024;16;8;1606;1606001;-;2;5;4;2;3;11;5;2200;2
2024;16;8;1606;1606001;-;2;5;5;2;3;11;2;352917;1
2024;16;8;1606;1606001;-;2;5;5;2;3;11;4;2910;1
2024;16;8;1606;1606001;-;2;5;5;2;3;11;5;11910;1
2024;16;8;1606;1606001;-;2;8;3;2;3;11;2;1168000;1
2024;16;8;1606;1606001;-;2;8;3;2;3;11;3;320000;1
2024;16;8;1606;1606001;-;2;8;3;2;3;11;4;2825;2
2024;16;8;1606;1606001;-;2;8;3;2;3;11;5;14540;2
2024;16;8;1606;1606001;-;2;8;4;2;3;11;2;1229064;2
2024;16;8;1606;1606001;-;2;8;4;2;3;11;4;14500;2
2024;16;8;1606;1606001;-;2;8;4;2;3;11;5;53640;2
2024;16;8;1606;1606001;-;2;8;7;2;3;11;2;8532522;1
2024;16;8;1606;1606001;-;2;8;7;2;3;11;4;14000;1
2024;16;8;1606;1606001;-;2;8;7;2;3;11;5;250000;1
2024;16;8;1606;1606001;-;2;9;5;2;3;11;1;2995477;1
2024;16;8;1606;1606001;-;2;9;5;2;3;11;4;6700;1
2024;16;8;1606;1606001;-;2;9;5;2;3;11;5;19000;1
2024;16;8;1606;1606001;-;2;11;2;2;3;11;2;281344;1
2024;16;8;1606;1606001;-;2;11;2;2;3;11;4;1800;1
2024;16;8;1606;1606001;-;2;11;2;2;3;11;5;14200;1
2024;16;8;1606;1606001;-;2;11;3;2;3;11;2;478789;1
2024;16;8;1606;1606001;-;2;11;3;2;3;11;4;1425;1
2024;16;8;1606;1606001;-;2;11;3;2;3;11;5;30000;1
2024;16;8;1606;1606001;-;2;11;5;2;3;11;2;2818968;2
2024;16;8;1606;1606001;-;2;11;5;2;3;11;4;7280;2
2024;16;8;1606;1606001;-;2;11;5;2;3;11;5;126630;2
2024;16;8;1606;1606001;-;2;12;4;2;3;11;2;786039;1
2024;16;8;1606;1606001;-;2;12;4;2;3;11;4;2400;1
2024;16;8;1606;1606001;-;2;12;4;2;3;11;5;25000;1
2024;16;8;1606;1606001;-;2;13;3;2;3;11;2;160000;1
2024;16;8;1606;1606001;-;2;13;3;2;3;11;4;500;1
2024;16;8;1606;1606001;-;2;13;3;2;3;11;5;4000;1
2024;16;8;1606;1606002;-;2;5;2;2;3;11;2;201448;2
2024;16;8;1606;1606002;-;2;5;2;2;3;11;3;10500;1
2024;16;8;1606;1606002;-;2;5;2;2;3;11;4;1245;3
2024;16;8;1606;1606002;-;2;5;2;2;3;11;5;6220;3
2024;16;8;1606;1606002;-;2;5;3;2;3;11;2;54750;1
2024;16;8;1606;1606002;-;2;5;3;2;3;11;4;1460;1
2024;16;8;1606;1606002;-;2;5;3;2;3;11;5;5475;1
2024;16;8;1606;1606002;-;2;5;4;2;3;11;2;505430;1
2024;16;8;1606;1606002;-;2;5;4;2;3;11;4;1700;1
2024;16;8;1606;1606002;-;2;5;4;2;3;11;5;18000;1
2024;16;8;1606;1606002;-;2;5;5;2;3;11;2;3488039;2
2024;16;8;1606;1606002;-;2;5;5;2;3;11;4;4920;2
2024;16;8;1606;1606002;-;2;5;5;2;3;11;5;60000;2
2024;16;8;1606;1606002;-;2;6;6;2;3;11;2;2519008;1
2024;16;8;1606;1606002;-;2;6;6;2;3;11;4;8000;1
2024;16;8;1606;1606002;-;2;6;6;2;3;11;5;75600;1
2024;16;8;1606;1606002;-;2;8;4;2;3;11;2;912202;1
2024;16;8;1606;1606002;-;2;8;4;2;3;11;4;2160;1
2024;16;8;1606;1606002;-;2;8;4;2;3;11;5;27255;1
2024;16;8;1606;1606002;-;2;8;6;2;3;11;2;2847395;1
2024;16;8;1606;1606002;-;2;8;6;2;3;11;4;10500;1
2024;16;8;1606;1606002;-;2;8;6;2;3;11;5;72000;1
2024;16;8;1606;1606002;-;2;11;6;2;3;11;2;904628;1
2024;16;8;1606;1606002;-;2;11;6;2;3;11;4;2920;1
2024;16;8;1606;1606002;-;2;11;6;2;3;11;5;102000;1
2024;16;9;1602;1602001;-;1;5;7;2;3;11;3;226000;1
2024;16;9;1602;1602001;-;1;5;7;2;3;11;4;3650;1
2024;16;9;1602;1602001;-;1;5;7;2;3;11;5;73000;1
2024;16;9;1602;1602001;-;1;11;4;2;3;11;2;482280;1
2024;16;9;1602;1602001;-;1;11;4;2;3;11;4;720;1
2024;16;9;1602;1602001;-;1;11;4;2;3;11;5;6480;1
2024;16;9;1602;1602001;-;2;5;2;2;3;11;1;51300;1
2024;16;9;1602;1602001;-;2;5;2;2;3;11;2;74825;1
2024;16;9;1602;1602001;-;2;5;2;2;3;11;4;1150;2
2024;16;9;1602;1602001;-;2;5;2;2;3;11;5;960;2
2024;16;9;1602;1602001;-;2;5;3;2;3;11;2;495000;2
2024;16;9;1602;1602001;-;2;5;3;2;3;11;3;712000;3
2024;16;9;1602;1602001;-;2;5;3;2;3;11;4;1680;3
2024;16;9;1602;1602001;-;2;5;3;2;3;11;5;19600;2
2024;16;9;1602;1602001;-;2;5;4;2;3;11;2;1256422;2
2024;16;9;1602;1602001;-;2;5;4;2;3;11;4;1925;2
2024;16;9;1602;1602001;-;2;5;4;2;3;11;5;48000;2
2024;16;9;1602;1602001;-;2;5;5;2;3;11;2;1544667;1
2024;16;9;1602;1602001;-;2;5;5;2;3;11;4;1825;1
2024;16;9;1602;1602001;-;2;5;5;2;3;11;5;77225;1
2024;16;9;1602;1602001;-;2;8;5;2;3;11;2;73000;1
2024;16;9;1602;1602001;-;2;8;5;2;3;11;3;431427;1
2024;16;9;1602;1602001;-;2;8;5;2;3;11;4;1000;1
2024;16;9;1602;1602001;-;2;8;5;2;3;11;5;15500;1
2024;16;9;1602;1602001;-;2;9;6;2;3;11;2;1638638;1
2024;16;9;1602;1602001;-;2;9;6;2;3;11;4;2500;1
2024;16;9;1602;1602001;-;2;9;6;2;3;11;5;1800;1
2024;16;9;1602;1602001;-;2;11;4;2;3;11;2;673977;2
2024;16;9;1602;1602001;-;2;11;4;2;3;11;3;372300;1
2024;16;9;1602;1602001;-;2;11;4;2;3;11;4;2580;3
2024;16;9;1602;1602001;-;2;11;4;2;3;11;5;18600;3
2024;16;9;1602;1602001;-;2;11;5;2;3;11;2;430000;1
2024;16;9;1602;1602001;-;2;11;5;2;3;11;4;30000;1
2024;16;9;1602;1602001;-;2;11;5;2;3;11;5;26000;1
2024;16;9;1602;1602001;-;2;11;6;2;3;11;2;3860165;1
2024;16;9;1602;1602001;-;2;11;6;2;3;11;4;7900;1
2024;16;9;1602;1602001;-;2;11;6;2;3;11;5;103090;1
2024;16;9;1602;1602001;-;2;14;4;2;3;11;2;401500;1
2024;16;9;1602;1602001;-;2;14;4;2;3;11;4;200;1
2024;16;9;1602;1602001;-;2;14;4;2;3;11;5;650;1
2024;16;9;1602;1602001;-;64;5;2;4;4;11;3;162000;1
2024;16;9;1602;1602001;-;64;5;2;4;4;11;4;1000;1
2024;16;9;1602;1602002;-;1;5;5;2;3;11;2;14000;1
2024;16;9;1602;1602002;-;1;9;7;2;3;11;2;394647;1
2024;16;9;1602;1602002;-;1;9;7;2;3;11;4;2300;1
2024;16;9;1602;1602002;-;1;9;7;2;3;11;5;27000;1
2024;16;9;1602;1602002;-;2;2;7;2;3;11;2;5278754;1
2024;16;9;1602;1602002;-;2;2;7;2;3;11;4;7300;1
2024;16;9;1602;1602002;-;2;2;7;2;3;11;5;180000;1
2024;16;9;1602;1602002;-;2;5;4;2;3;11;3;946000;1
2024;16;9;1602;1602002;-;2;5;4;2;3;11;4;3750;1
2024;16;9;1602;1602002;-;2;5;4;2;3;11;5;15600;1
2024;16;9;1602;1602002;-;2;5;5;2;3;11;2;2596243;3
2024;16;9;1602;1602002;-;2;5;5;2;3;11;4;18300;3
2024;16;9;1602;1602002;-;2;5;5;2;3;11;5;80600;3
2024;16;9;1602;1602002;-;2;5;6;2;3;11;2;2643776;1
2024;16;9;1602;1602002;-;2;5;6;2;3;11;4;3000;1
2024;16;9;1602;1602002;-;2;5;6;2;3;11;5;21000;1
2024;16;9;1602;1602002;-;2;8;6;2;3;11;2;1419983;1
2024;16;9;1602;1602002;-;2;8;6;2;3;11;4;2100;1
2024;16;9;1602;1602002;-;2;8;6;2;3;11;5;75200;1
2024;16;9;1602;1602003;-;1;11;3;2;3;11;3;80000;1
2024;16;9;1602;1602003;-;1;11;3;2;3;11;4;750;1
2024;16;9;1602;1602003;-;1;11;3;2;3;11;5;5000;1
2024;16;9;1602;1602003;-;2;5;2;2;3;11;3;226250;2
2024;16;9;1602;1602003;-;2;5;2;2;3;11;4;2600;2
2024;16;9;1602;1602003;-;2;5;2;2;3;11;5;6400;2
2024;16;9;1602;1602003;-;2;5;3;2;3;11;2;3263384;7
2024;16;9;1602;1602003;-;2;5;3;2;3;11;3;374050;2
2024;16;9;1602;1602003;-;2;5;3;2;3;11;4;12160;8
2024;16;9;1602;1602003;-;2;5;3;2;3;11;5;137550;8
2024;16;9;1602;1602003;-;2;5;4;2;3;11;1;199257;1
2024;16;9;1602;1602003;-;2;5;4;2;3;11;2;3538812;5
2024;16;9;1602;1602003;-;2;5;4;2;3;11;4;10330;6
2024;16;9;1602;1602003;-;2;5;4;2;3;11;5;149300;6
2024;16;9;1602;1602003;-;2;5;5;2;3;11;2;5063172;3
2024;16;9;1602;1602003;-;2;5;5;2;3;11;4;6110;3
2024;16;9;1602;1602003;-;2;5;5;2;3;11;5;211100;3
2024;16;9;1602;1602003;-;2;8;2;2;3;11;3;73000;1
2024;16;9;1602;1602003;-;2;8;2;2;3;11;4;730;1
2024;16;9;1602;1602003;-;2;8;2;2;3;11;5;800;1
2024;16;9;1602;1602003;-;2;11;2;2;3;11;2;79720;2
2024;16;9;1602;1602003;-;2;11;2;2;3;11;4;1300;2
2024;16;9;1602;1602003;-;2;11;2;2;3;11;5;3100;2
2024;16;9;1602;1602003;-;2;11;3;2;3;11;2;1219102;4
2024;16;9;1602;1602003;-;2;11;3;2;3;11;3;542000;3
2024;16;9;1602;1602003;-;2;11;3;2;3;11;4;7641;5
2024;16;9;1602;1602003;-;2;11;3;2;3;11;5;40450;4
2024;16;9;1602;1602003;-;2;11;4;2;3;11;2;1080558;1
2024;16;9;1602;1602003;-;2;11;4;2;3;11;4;300;1
2024;16;9;1602;1602003;-;2;11;4;2;3;11;5;11000;1
2024;16;9;1602;1602003;-;2;11;5;2;3;11;2;1750903;2
2024;16;9;1602;1602003;-;2;11;5;2;3;11;4;2800;2
2024;16;9;1602;1602003;-;2;11;5;2;3;11;5;90350;2
2024;16;10;0;0;-;63;5;1;1;1;11;3;415730;1
2024;16;10;0;0;-;63;5;1;1;1;11;4;150;1
2024;16;10;0;0;-;63;5;1;1;1;11;5;7500;1
2024;16;10;1607;1607005;-;2;5;2;2;3;11;2;161825;1
2024;16;10;1607;1607005;-;2;5;2;2;3;11;4;400;1
2024;16;10;1607;1607005;-;2;5;2;2;3;11;5;5400;1
2024;16;10;1607;1607005;-;63;5;1;1;1;11;2;126480;1
2024;17;1;0;0;-;63;5;1;1;1;11;2;694919;1
2024;17;1;0;0;-;63;5;1;1;1;11;5;37000;1
2024;17;2;0;0;-;63;5;1;1;1;11;2;28163;1
2024;17;2;1701;1701004;-;63;5;1;1;1;11;2;30000;1
2024;17;3;1701;1701001;-;2;3;6;2;3;11;2;2393736;1
2024;17;3;1701;1701001;-;2;3;6;2;3;11;4;3650;1
2024;17;3;1701;1701001;-;2;3;6;2;3;11;5;60000;1
2024;17;3;1701;1701001;-;2;11;4;2;3;11;1;45000;1
2024;17;3;1701;1701003;-;2;5;7;2;3;11;2;830000;1
2024;17;3;1701;1701003;-;2;5;7;2;3;11;4;700;1
2024;17;3;1701;1701003;-;2;5;7;2;3;11;5;1400;1
2024;17;3;1701;1701005;-;2;2;5;2;3;11;1;4739502;1
2024;17;3;1701;1701005;-;2;2;5;2;3;11;5;4700;1
2024;17;3;1701;1701005;-;2;5;2;2;3;11;2;127812;1
2024;17;3;1701;1701005;-;2;5;2;2;3;11;4;550;1
2024;17;3;1701;1701005;-;2;5;2;2;3;11;5;2500;1
2024;17;3;1701;1701005;-;2;5;3;2;3;11;2;1521500;1
2024;17;3;1701;1701005;-;2;5;3;2;3;11;4;1500;1
2024;17;3;1701;1701005;-;2;5;3;2;3;11;5;23000;1
2024;17;3;1701;1701005;-;2;14;6;2;3;11;2;3828881;1
2024;17;3;1701;1701005;-;2;14;6;2;3;11;4;1000;1
2024;17;3;1701;1701005;-;2;14;6;2;3;11;5;43000;1
2024;17;3;1701;1701005;-;3;2;6;2;3;11;2;165573;1
2024;17;4;1703;1703001;-;2;5;5;2;3;11;2;264884;1
2024;17;4;1703;1703001;-;2;5;5;2;3;11;4;730;1
2024;17;4;1703;1703001;-;2;5;5;2;3;11;5;36500;1
2024;17;4;1703;1703001;-;2;11;5;2;3;11;2;270000;1
2024;17;4;1703;1703001;-;2;11;5;2;3;11;4;5400;1
2024;17;4;1703;1703002;-;2;5;5;2;3;11;2;1341088;1
2024;17;4;1703;1703002;-;2;5;5;2;3;11;4;700;1
2024;17;4;1703;1703002;-;2;5;5;2;3;11;5;33360;1
2024;17;4;1703;1703002;-;2;9;5;2;3;11;2;183848;1
2024;17;4;1703;1703002;-;2;9;5;2;3;11;4;520;1
2024;17;4;1703;1703002;-;2;9;5;2;3;11;5;23280;1
2024;17;4;1703;1703002;-;2;12;6;2;3;11;2;4650748;1
2024;17;4;1703;1703002;-;2;12;6;2;3;11;4;5000;1
2024;17;4;1703;1703002;-;2;12;6;2;3;11;5;80000;1
2024;17;4;1703;1703004;-;3;11;6;2;3;11;2;884072;1
2024;17;4;1703;1703004;-;3;11;6;2;3;11;4;1830;1
2024;17;4;1703;1703004;-;3;11;6;2;3;11;5;75000;1
2024;17;4;1703;1703006;-;2;5;5;2;3;11;2;2228515;1
2024;17;4;1703;1703006;-;2;5;5;2;3;11;4;3650;1
2024;17;4;1703;1703006;-;2;5;5;2;3;11;5;45000;1
2024;17;4;1703;1703006;-;2;9;4;2;3;11;2;678212;1
2024;17;4;1703;1703006;-;2;9;4;2;3;11;4;3660;1
2024;17;4;1703;1703006;-;2;9;4;2;3;11;5;58560;1
2024;17;4;1704;1704001;-;2;5;2;2;3;11;2;37309;1
2024;17;4;1704;1704001;-;2;5;2;2;3;11;4;600;1
2024;17;4;1704;1704001;-;2;5;2;2;3;11;5;3000;1
2024;17;5;1704;1704001;-;1;5;2;2;3;11;1;36730;1
2024;17;5;1704;1704001;-;1;5;2;2;3;11;4;1460;1
2024;17;5;1704;1704001;-;1;5;2;2;3;11;5;1325;1
2024;17;5;1704;1704001;-;2;5;2;2;3;11;2;1776436;4
2024;17;5;1704;1704001;-;2;5;2;2;3;11;4;3150;4
2024;17;5;1704;1704001;-;2;5;2;2;3;11;5;41600;3
2024;17;5;1704;1704001;-;2;5;4;2;3;11;2;777138;1
2024;17;5;1704;1704001;-;2;5;4;2;3;11;4;2380;1
2024;17;5;1704;1704001;-;2;5;4;2;3;11;5;36800;1
2024;17;5;1704;1704001;-;2;11;4;2;3;11;2;160000;1
2024;17;5;1704;1704001;-;2;11;4;2;3;11;4;1000;1
2024;17;5;1704;1704001;-;2;11;4;2;3;11;5;10000;1
2024;17;5;1704;1704002;-;2;11;4;2;3;11;3;102320;1
2024;17;5;1704;1704002;-;2;11;4;2;3;11;4;1200;1
2024;17;5;1704;1704002;-;2;11;4;2;3;11;5;20580;1
2024;17;5;1704;1704002;-;2;14;4;2;3;11;1;479523;1
2024;17;5;1704;1704002;-;2;14;4;2;3;11;4;1200;1
2024;17;5;1704;1704002;-;2;14;4;2;3;11;5;19880;1
2024;17;5;1704;1704004;-;2;8;2;2;3;11;2;123481;1
2024;17;5;1704;1704004;-;2;8;2;2;3;11;4;180;1
2024;17;6;1702;1702006;-;2;5;2;2;3;11;2;65730;1
2024;17;6;1702;1702006;-;2;5;2;2;3;11;3;72000;1
2024;17;6;1702;1702006;-;2;5;2;2;3;11;4;720;1
2024;17;6;1702;1702006;-;2;5;2;2;3;11;5;16500;2
2024;17;6;1702;1702006;-;2;5;3;2;3;11;2;72000;1
2024;17;6;1702;1702006;-;2;5;3;2;3;11;4;360;1
2024;17;6;1702;1702006;-;2;5;3;2;3;11;5;5000;1
2024;17;6;1702;1702006;-;2;5;4;2;3;11;2;634343;1
2024;17;6;1702;1702006;-;2;5;4;2;3;11;4;4500;1
2024;17;6;1702;1702006;-;2;5;4;2;3;11;5;12500;1
2024;17;6;1702;1702006;-;2;11;4;2;3;11;1;685534;1
2024;17;6;1702;1702006;-;2;11;4;2;3;11;4;720;1
2024;17;6;1702;1702006;-;2;11;4;2;3;11;5;36000;1
2024;17;6;1703;1703001;-;2;5;4;2;3;11;2;360000;1
2024;17;6;1703;1703001;-;2;5;4;2;3;11;4;1350;1
2024;17;6;1703;1703001;-;2;5;4;2;3;11;5;9500;1
2024;17;6;1703;1703003;-;2;5;2;2;3;11;2;409954;1
2024;17;6;1703;1703003;-;2;5;2;2;3;11;4;150;1
2024;17;6;1703;1703003;-;2;5;3;2;3;11;2;564755;1
2024;17;6;1703;1703003;-;2;5;3;2;3;11;4;720;1
2024;17;6;1703;1703003;-;2;5;3;2;3;11;5;21600;1
2024;17;6;1703;1703003;-;2;5;4;2;3;11;1;144000;1
2024;17;6;1703;1703003;-;2;5;4;2;3;11;2;704945;3
2024;17;6;1703;1703003;-;2;5;4;2;3;11;4;3005;4
2024;17;6;1703;1703003;-;2;5;4;2;3;11;5;33900;4
2024;17;6;1703;1703003;-;2;8;3;2;3;11;2;93600;1
2024;17;6;1703;1703003;-;2;8;3;2;3;11;4;1000;1
2024;17;6;1703;1703003;-;2;8;3;2;3;11;5;3400;1
2024;17;6;1703;1703003;-;2;11;3;2;3;11;2;803905;1
2024;17;6;1703;1703003;-;2;11;3;2;3;11;4;3500;1
2024;17;6;1703;1703003;-;2;11;3;2;3;11;5;54000;1
2024;17;6;1703;1703003;-;2;11;4;2;3;11;2;217686;1
2024;17;6;1703;1703003;-;2;11;4;2;3;11;4;365;1
2024;17;6;1703;1703003;-;2;11;4;2;3;11;5;3700;1
2024;17;6;1703;1703003;-;2;13;5;2;3;11;2;2323079;1
2024;17;6;1703;1703003;-;2;13;5;2;3;11;4;6000;1
2024;17;6;1703;1703003;-;2;13;5;2;3;11;5;54000;1
2024;17;6;1703;1703003;-;64;5;4;4;4;11;3;174470;1
2024;17;6;1703;1703003;-;64;5;4;4;4;11;4;730;1
2024;17;6;1703;1703003;-;64;5;4;4;4;11;5;7300;1
2024;17;6;1703;1703004;-;2;5;4;2;3;11;2;271418;2
2024;17;6;1703;1703004;-;2;5;4;2;3;11;4;4700;2
2024;17;6;1703;1703004;-;2;5;4;2;3;11;5;23000;2
2024;17;6;1703;1703004;-;2;11;3;2;3;11;2;374595;1
2024;17;6;1703;1703004;-;2;11;3;2;3;11;4;730;1
2024;17;6;1703;1703004;-;2;11;3;2;3;11;5;18650;1
2024;17;6;1703;1703006;-;2;5;3;2;3;11;2;421008;1
2024;17;6;1703;1703006;-;2;5;3;2;3;11;4;1825;1
2024;17;6;1703;1703006;-;2;5;3;2;3;11;5;7300;1
2024;17;6;1703;1703006;-;2;5;5;2;3;11;2;1154350;1
2024;17;6;1703;1703006;-;2;5;5;2;3;11;4;3650;1
2024;17;6;1703;1703006;-;2;5;5;2;3;11;5;72000;1
2024;17;6;1703;1703006;-;2;11;3;2;3;11;2;406306;1
2024;17;6;1703;1703006;-;2;11;3;2;3;11;4;450;1
2024;17;6;1703;1703006;-;2;11;3;2;3;11;5;22000;1
2024;17;6;1703;1703006;-;2;12;2;2;3;11;2;288568;1
2024;17;6;1703;1703006;-;2;12;2;2;3;11;4;800;1
2024;17;6;1703;1703006;-;2;12;2;2;3;11;5;2550;1
2024;17;7;1701;1701001;-;3;4;6;2;3;11;1;790981;1
2024;17;7;1701;1701001;-;3;4;6;2;3;11;3;181107;1
2024;17;7;1701;1701001;-;3;4;6;2;3;11;4;7300;1
2024;17;7;1701;1701001;-;3;4;6;2;3;11;5;31440;1
2024;17;7;1701;1701002;-;2;5;3;2;3;11;2;719544;2
2024;17;7;1701;1701002;-;2;5;3;2;3;11;4;1100;1
2024;17;7;1701;1701002;-;2;5;3;2;3;11;5;17300;2
2024;17;7;1701;1701002;-;2;5;4;2;3;11;2;2479345;5
2024;17;7;1701;1701002;-;2;5;4;2;3;11;4;9860;5
2024;17;7;1701;1701002;-;2;5;4;2;3;11;5;319750;5
2024;17;7;1701;1701002;-;2;11;3;2;3;11;2;1027080;2
2024;17;7;1701;1701002;-;2;11;3;2;3;11;4;1380;2
2024;17;7;1701;1701002;-;2;11;3;2;3;11;5;72800;2
2024;17;7;1701;1701002;-;2;11;4;2;3;11;2;1638407;2
2024;17;7;1701;1701002;-;2;11;4;2;3;11;4;3580;3
2024;17;7;1701;1701002;-;2;11;4;2;3;11;5;116930;3
2024;17;7;1701;1701003;-;2;11;2;2;3;11;2;15000;1
2024;17;7;1701;1701003;-;2;11;5;2;3;11;2;797911;1
2024;17;7;1701;1701003;-;2;11;5;2;3;11;4;1800;1
2024;17;7;1701;1701003;-;2;11;5;2;3;11;5;76650;1
2024;17;7;1703;1703006;-;2;11;4;2;3;11;2;399500;1
2024;17;7;1703;1703006;-;2;11;4;2;3;11;4;1100;1
2024;17;7;1703;1703006;-;2;11;4;2;3;11;5;18000;1
2024;17;8;1702;1702002;-;1;5;2;2;3;11;3;55000;1
2024;17;8;1702;1702002;-;1;5;2;2;3;11;4;1000;1
2024;17;8;1702;1702002;-;1;5;2;2;3;11;5;1500;1
2024;17;8;1702;1702002;-;2;8;5;2;3;11;2;446601;1
2024;17;8;1702;1702002;-;2;8;5;2;3;11;4;3000;1
2024;17;8;1702;1702002;-;2;8;5;2;3;11;5;150000;1
2024;17;8;1702;1702005;-;1;0;2;2;3;11;3;17000;1
2024;17;8;1702;1702005;-;1;0;2;2;3;11;4;1100;1
2024;17;8;1702;1702005;-;1;5;3;2;3;11;3;182500;1
2024;17;8;1702;1702005;-;1;5;3;2;3;11;4;700;1
2024;17;8;1702;1702005;-;1;5;3;2;3;11;5;1500;1
2024;17;8;1702;1702005;-;1;8;4;2;3;11;2;150500;1
2024;17;8;1702;1702005;-;1;8;4;2;3;11;4;800;1
2024;17;8;1702;1702005;-;1;8;4;2;3;11;5;7000;1
2024;17;8;1702;1702005;-;1;11;2;2;3;11;3;86400;1
2024;17;8;1702;1702005;-;1;11;3;2;3;11;3;40000;1
2024;17;8;1702;1702005;-;1;11;3;2;3;11;4;1500;1
2024;17;8;1702;1702005;-;1;11;3;2;3;11;5;3000;1
2024;17;8;1702;1702005;-;2;5;2;2;3;11;2;901875;4
2024;17;8;1702;1702005;-;2;5;2;2;3;11;3;39100;2
2024;17;8;1702;1702005;-;2;5;2;2;3;11;4;2702;5
2024;17;8;1702;1702005;-;2;5;2;2;3;11;5;11000;2
2024;17;8;1702;1702005;-;2;5;3;2;3;11;3;130000;1
2024;17;8;1702;1702005;-;2;5;4;2;3;11;2;166742;1
2024;17;8;1702;1702005;-;2;5;4;2;3;11;3;110000;1
2024;17;8;1702;1702005;-;2;5;4;2;3;11;4;1000;2
2024;17;8;1702;1702005;-;2;5;4;2;3;11;5;11000;2
2024;17;8;1702;1702005;-;2;5;5;2;3;11;2;40120;1
2024;17;8;1702;1702005;-;2;5;5;2;3;11;4;1825;1
2024;17;8;1702;1702005;-;2;5;5;2;3;11;5;950;1
2024;17;8;1702;1702005;-;2;8;3;2;3;11;2;270000;1
2024;17;8;1702;1702005;-;2;8;3;2;3;11;4;400;1
2024;17;8;1702;1702005;-;2;8;3;2;3;11;5;5000;1
2024;17;8;1702;1702005;-;2;8;4;2;3;11;2;165867;1
2024;17;8;1702;1702005;-;2;8;4;2;3;11;4;520;1
2024;17;8;1702;1702005;-;2;8;4;2;3;11;5;4063;1
2024;17;8;1702;1702005;-;2;8;5;2;3;11;2;2038358;1
2024;17;8;1702;1702005;-;2;8;5;2;3;11;4;800;1
2024;17;8;1702;1702005;-;2;8;5;2;3;11;5;4000;1
2024;17;8;1702;1702005;-;2;9;5;2;3;11;2;1065305;1
2024;17;8;1702;1702005;-;2;9;5;2;3;11;4;2200;1
2024;17;8;1702;1702005;-;2;9;5;2;3;11;5;36250;1
2024;17;8;1702;1702005;-;2;11;2;2;3;11;2;977723;3
2024;17;8;1702;1702005;-;2;11;2;2;3;11;3;61955;2
2024;17;8;1702;1702005;-;2;11;2;2;3;11;4;5130;5
2024;17;8;1702;1702005;-;2;11;2;2;3;11;5;71740;4
2024;17;8;1702;1702005;-;2;11;3;2;3;11;2;1132456;3
2024;17;8;1702;1702005;-;2;11;3;2;3;11;4;2200;3
2024;17;8;1702;1702005;-;2;11;3;2;3;11;5;53000;3
2024;17;8;1702;1702005;-;2;11;4;2;3;11;2;812930;1
2024;17;8;1702;1702005;-;2;11;4;2;3;11;4;1000;1
2024;17;8;1702;1702005;-;2;11;4;2;3;11;5;30000;1
2024;17;8;1702;1702005;-;2;11;5;2;3;11;2;1976202;2
2024;17;8;1702;1702005;-;2;11;5;2;3;11;3;918000;1
2024;17;8;1702;1702005;-;2;11;5;2;3;11;4;1480;2
2024;17;8;1702;1702005;-;2;11;5;2;3;11;5;123000;3
2024;17;8;1702;1702005;-;2;12;5;2;3;11;2;2153380;1
2024;17;8;1702;1702005;-;2;12;5;2;3;11;5;85800;1
2024;17;8;1702;1702005;-;2;14;7;2;3;11;2;12414405;1
2024;17;8;1702;1702005;-;2;14;7;2;3;11;4;7300;1
2024;17;8;1702;1702005;-;2;14;7;2;3;11;5;212250;1
2024;17;8;1702;1702006;-;2;5;3;2;3;11;4;800;1
2024;17;8;1703;1703004;-;2;5;5;2;3;11;2;96000;1
2024;17;8;1703;1703005;-;2;5;2;2;3;11;2;143000;1
2024;17;8;1703;1703005;-;2;5;2;2;3;11;4;1000;1
2024;17;8;1703;1703005;-;2;5;2;2;3;11;5;13200;1
2024;17;8;1703;1703005;-;2;5;3;2;3;11;2;27857;1
2024;17;8;1703;1703005;-;2;5;3;2;3;11;4;8500;1
2024;17;8;1703;1703005;-;2;5;3;2;3;11;5;24500;1
2024;17;9;1704;1704003;-;2;5;4;2;3;11;2;2395291;2
2024;17;9;1704;1704003;-;2;5;4;2;3;11;3;586137;1
2024;17;9;1704;1704003;-;2;5;4;2;3;11;4;5770;2
2024;17;9;1704;1704003;-;2;5;4;2;3;11;5;69532;2
2024;17;9;1704;1704003;-;3;8;6;2;3;11;2;2476742;1
2024;17;9;1704;1704003;-;3;8;6;2;3;11;4;750;1
2024;17;9;1704;1704003;-;3;8;6;2;3;11;5;35000;1
2024;17;9;1704;1704004;-;1;5;2;1;1;11;3;251199;1
2024;17;9;1704;1704004;-;1;5;2;1;1;11;4;1650;1
2024;17;9;1704;1704004;-;1;5;2;1;1;11;5;19500;1
2024;17;9;1704;1704004;-;2;1;3;2;3;11;2;87571;1
2024;17;9;1704;1704004;-;2;1;3;2;3;11;4;7200;1
2024;17;9;1704;1704004;-;2;1;3;2;3;11;5;6792;1
2024;17;9;1704;1704004;-;2;5;4;2;3;11;2;536138;1
2024;17;9;1704;1704004;-;2;5;4;2;3;11;4;400;1
2024;17;9;1704;1704004;-;2;5;4;2;3;11;5;7000;1
2024;17;9;1704;1704005;-;1;5;4;2;3;11;2;45905;1
2024;17;9;1704;1704005;-;1;5;4;2;3;11;4;200;1
2024;17;9;1704;1704005;-;1;5;4;2;3;11;5;200;1
2024;17;9;1704;1704005;-;1;11;2;2;3;11;2;277772;1
2024;17;9;1704;1704005;-;2;5;3;2;3;11;2;1279111;3
2024;17;9;1704;1704005;-;2;5;3;2;3;11;3;1120000;1
2024;17;9;1704;1704005;-;2;5;3;2;3;11;4;1450;2
2024;17;9;1704;1704005;-;2;5;3;2;3;11;5;6500;1
2024;17;9;1704;1704005;-;2;11;2;2;3;11;2;119881;1
2024;17;9;1704;1704005;-;2;11;3;2;3;11;2;249137;1
2024;17;9;1704;1704005;-;2;12;3;2;3;11;2;489016;1
2024;17;9;1704;1704005;-;2;12;3;2;3;11;4;80;1
2024;17;9;1704;1704006;-;1;11;3;2;3;11;2;35875;1
2024;17;9;1704;1704006;-;1;11;3;2;3;11;3;389715;1
2024;17;9;1704;1704006;-;1;11;3;2;3;11;4;300;1
2024;17;9;1704;1704006;-;1;11;3;2;3;11;5;12110;1
2024;17;9;1704;1704006;-;2;5;3;2;3;11;2;100000;1
2024;17;9;1704;1704006;-;2;5;3;2;3;11;4;720;1
2024;17;9;1704;1704006;-;2;11;3;2;3;11;2;333656;1
2024;17;10;0;0;-;63;5;1;1;1;11;2;60000;1
2024;17;10;0;0;-;63;5;1;1;1;11;3;800633;1
2024;17;10;0;0;-;63;5;1;1;1;11;4;1800;1
2024;17;10;1701;1701006;-;1;5;3;2;3;11;3;244000;1
2024;17;10;1701;1701006;-;1;5;3;2;3;11;4;1500;1
2024;17;10;1701;1701006;-;1;5;3;2;3;11;5;20000;1
2024;17;10;1702;1702002;-;1;5;4;2;3;11;2;880888;1
2024;17;10;1702;1702002;-;1;5;4;2;3;11;4;2500;1
2024;17;10;1702;1702002;-;1;5;4;2;3;11;5;20000;1
2024;17;10;1702;1702002;-;2;5;2;2;3;11;2;528700;1
2024;17;10;1702;1702002;-;2;5;2;2;3;11;4;1200;1
2024;17;10;1702;1702002;-;2;5;2;2;3;11;5;25200;1
2024;17;10;1702;1702002;-;2;5;3;2;3;11;2;27425;1
2024;17;10;1702;1702002;-;2;5;3;2;3;11;4;1460;1
2024;17;10;1702;1702002;-;2;5;3;2;3;11;5;3600;1
2024;17;10;1702;1702002;-;2;5;4;2;3;11;2;424000;1
2024;17;10;1702;1702002;-;2;5;5;2;3;11;2;1621841;2
2024;17;10;1702;1702002;-;2;5;5;2;3;11;4;2940;2
2024;17;10;1702;1702002;-;2;5;5;2;3;11;5;62000;2
2024;17;10;1702;1702002;-;2;11;2;2;3;11;2;405869;1
2024;17;10;1702;1702002;-;2;11;2;2;3;11;4;730;1
2024;17;10;1702;1702002;-;2;11;2;2;3;11;5;58400;1
2024;17;10;1702;1702002;-;2;11;3;2;3;11;3;90000;1
2024;17;10;1702;1702002;-;2;11;3;2;3;11;4;1200;1
2024;17;10;1702;1702002;-;2;11;3;2;3;11;5;8500;1
2024;17;10;1702;1702002;-;2;11;4;2;3;11;2;527618;1
2024;17;10;1702;1702002;-;2;11;4;2;3;11;4;1500;1
2024;17;10;1702;1702002;-;2;11;4;2;3;11;5;18000;1
2024;17;10;1702;1702002;-;2;12;6;2;3;11;1;2117671;1
2024;17;10;1702;1702002;-;2;12;6;2;3;11;4;1230;1
2024;17;10;1702;1702002;-;2;12;6;2;3;11;5;53040;1
2024;17;10;1702;1702005;-;2;11;4;2;3;11;3;95000;1
2024;17;10;1702;1702005;-;2;11;4;2;3;11;4;1000;1
2024;17;10;1702;1702005;-;2;11;4;2;3;11;5;3000;1
2024;17;10;1702;1702006;-;1;11;2;2;3;11;4;700;1
2024;17;10;1702;1702006;-;2;5;2;2;3;11;2;898098;3
2024;17;10;1702;1702006;-;2;5;2;2;3;11;4;2225;2
2024;17;10;1702;1702006;-;2;5;2;2;3;11;5;6000;2
2024;17;10;1702;1702006;-;2;5;3;2;3;11;1;28500;1
2024;17;10;1702;1702006;-;2;5;3;2;3;11;2;501780;1
2024;17;10;1702;1702006;-;2;5;3;2;3;11;4;965;2
2024;17;10;1702;1702006;-;2;5;3;2;3;11;5;184001;2
2024;17;10;1702;1702006;-;2;5;4;2;3;11;2;4778444;6
2024;17;10;1702;1702006;-;2;5;4;2;3;11;4;6020;4
2024;17;10;1702;1702006;-;2;5;4;2;3;11;5;92500;5
2024;17;10;1702;1702006;-;2;5;5;2;3;11;2;1576133;1
2024;17;10;1702;1702006;-;2;5;5;2;3;11;4;1250;1
2024;17;10;1702;1702006;-;2;5;5;2;3;11;5;54000;1
2024;17;10;1702;1702006;-;2;11;2;2;3;11;2;334780;2
2024;17;10;1702;1702006;-;2;11;2;2;3;11;4;1430;2
2024;17;10;1702;1702006;-;2;11;2;2;3;11;5;10500;2
2024;17;10;1702;1702006;-;2;11;6;2;3;11;2;1229613;1
2024;17;10;1702;1702006;-;2;11;6;2;3;11;3;513757;1
2024;17;10;1702;1702006;-;2;11;6;2;3;11;4;1800;1
2024;17;10;1702;1702006;-;2;11;6;2;3;11;5;30000;1
2024;17;10;1702;1702006;-;2;14;5;2;3;11;2;1050000;1
2024;17;10;1702;1702006;-;2;14;5;2;3;11;4;2400;1
2024;17;10;1702;1702006;-;2;14;5;2;3;11;5;34000;1
2024;17;10;1702;1702006;-;3;5;3;2;3;11;2;120000;1
2024;17;10;1702;1702007;-;2;11;4;2;3;11;2;480000;1
2024;17;10;1702;1702007;-;2;11;4;2;3;11;4;600;1
2024;17;10;1702;1702007;-;2;11;4;2;3;11;5;17000;1
2024;17;11;1702;1702003;-;2;5;2;2;3;11;1;18000;1
2024;17;11;1702;1702003;-;2;5;2;2;3;11;2;150000;1
2024;17;11;1702;1702003;-;2;5;2;2;3;11;3;75000;1
2024;17;11;1702;1702003;-;2;5;2;2;3;11;4;1000;1
2024;17;11;1702;1702003;-;2;5;2;2;3;11;5;9000;1
2024;17;11;1702;1702003;-;2;5;3;2;3;11;1;124481;1
2024;17;11;1702;1702003;-;2;5;3;2;3;11;2;1949617;3
2024;17;11;1702;1702003;-;2;5;3;2;3;11;4;6295;4
2024;17;11;1702;1702003;-;2;5;3;2;3;11;5;65895;4
2024;17;11;1702;1702003;-;2;5;4;2;3;11;2;932082;2
2024;17;11;1702;1702003;-;2;5;4;2;3;11;4;1500;2
2024;17;11;1702;1702003;-;2;5;4;2;3;11;5;29500;2
2024;17;11;1702;1702003;-;2;5;5;2;3;11;2;266400;1
2024;17;11;1702;1702003;-;2;5;5;2;3;11;4;365;1
2024;17;11;1702;1702003;-;2;5;5;2;3;11;5;21600;1
2024;17;11;1702;1702003;-;2;11;2;2;3;11;3;37230;1
2024;17;11;1702;1702003;-;2;11;2;2;3;11;4;725;1
2024;17;11;1702;1702003;-;2;11;2;2;3;11;5;1390;1
2024;17;11;1702;1702003;-;2;11;4;2;3;11;2;783500;1
2024;17;11;1702;1702003;-;2;11;4;2;3;11;3;12000;1
2024;17;11;1702;1702003;-;2;11;4;2;3;11;4;100;1
2024;17;11;1702;1702003;-;3;9;6;2;3;11;2;2786474;1
2024;17;11;1702;1702003;-;3;9;6;2;3;11;4;2000;1
2024;17;11;1702;1702003;-;3;9;6;2;3;11;5;60000;1
2024;17;11;1702;1702004;-;1;5;4;2;3;11;1;250000;1
2024;17;11;1702;1702004;-;1;5;4;2;3;11;3;73000;1
2024;17;11;1702;1702004;-;1;5;4;2;3;11;4;1945;2
2024;17;11;1702;1702004;-;1;5;4;2;3;11;5;18000;2
2024;17;11;1702;1702004;-;2;5;3;2;3;11;1;360000;1
2024;17;11;1702;1702004;-;2;5;3;2;3;11;3;401500;1
2024;17;11;1702;1702004;-;2;5;3;2;3;11;4;5650;2
2024;17;11;1702;1702004;-;2;5;3;2;3;11;5;48500;2
2024;17;11;1702;1702004;-;2;5;4;2;3;11;2;547000;1
2024;17;11;1702;1702004;-;2;5;4;2;3;11;4;1000;1
2024;17;11;1702;1702004;-;2;5;4;2;3;11;5;15000;1
2024;17;11;1702;1702004;-;2;5;5;2;3;11;2;578337;1
2024;17;11;1702;1702004;-;2;5;5;2;3;11;4;500;1
2024;17;11;1702;1702004;-;2;5;5;2;3;11;5;45000;1
2024;17;11;1702;1702004;-;2;5;6;2;3;11;2;7200000;1
2024;17;11;1702;1702004;-;2;5;6;2;3;11;4;1500;1
2024;17;11;1702;1702004;-;2;5;6;2;3;11;5;75000;1
2024;17;11;1702;1702004;-;2;11;3;2;3;11;3;50000;1
2024;17;11;1702;1702004;-;2;11;3;2;3;11;4;500;1
2024;17;11;1702;1702004;-;2;11;3;2;3;11;5;25000;1
2024;17;11;1702;1702005;-;2;11;5;2;3;11;2;700000;1
2024;17;11;1702;1702005;-;2;11;5;2;3;11;4;230;1
2024;17;11;1702;1702007;-;2;5;4;2;3;11;2;491729;1
2024;17;11;1702;1702007;-;2;5;4;2;3;11;4;2825;1
2024;17;11;1702;1702007;-;2;5;4;2;3;11;5;23455;1
2024;17;11;1702;1702007;-;2;11;2;2;3;11;2;138153;1
2024;17;11;1702;1702007;-;2;11;2;2;3;11;4;130;1
2024;17;11;1702;1702007;-;2;11;2;2;3;11;5;2000;1
2024;17;11;1702;1702007;-;2;11;5;2;3;11;2;1184966;1
2024;17;11;1702;1702007;-;2;11;5;2;3;11;4;1500;1
2024;17;11;1702;1702007;-;2;11;5;2;3;11;5;25440;1
2024;17;11;1702;1702008;-;1;3;5;2;3;11;2;224305;1
2024;17;11;1702;1702008;-;2;5;4;2;3;11;2;105500;1
2024;17;11;1702;1702008;-;2;5;4;2;3;11;3;183200;1
2024;17;11;1702;1702008;-;2;5;4;2;3;11;4;2000;1
2024;17;11;1702;1702008;-;2;5;4;2;3;11;5;15000;1
2024;17;12;1701;1701002;-;2;2;8;2;3;11;2;4036552;1
2024;17;12;1701;1701002;-;2;2;8;2;3;11;4;12810;1
2024;17;12;1701;1701002;-;2;2;8;2;3;11;5;248300;1
2024;18;1;1801;1801004;-;1;1;5;2;3;11;4;4730;1
2024;18;1;1801;1801004;-;1;1;5;2;3;11;5;18500;1
2024;18;2;1802;1802003;-;1;5;2;2;3;11;1;20000;1
2024;18;2;1802;1802003;-;1;5;2;2;3;11;4;600;1
2024;18;4;1806;1806004;-;2;12;5;2;3;11;2;1200000;1
2024;18;4;1806;1806004;-;2;12;5;2;3;11;4;1900;1
2024;18;4;1806;1806004;-;2;12;5;2;3;11;5;73000;1
2024;18;6;0;0;-;63;5;1;1;1;11;1;8000;1
2024;18;6;0;0;-;63;5;1;1;1;11;2;6000;1
2024;18;6;0;0;-;63;5;1;1;1;11;4;4000;1
2024;18;6;0;0;-;63;5;1;1;1;11;5;3095;2
2024;18;6;1802;1802001;-;1;5;2;2;3;11;1;43000;1
2024;18;6;1802;1802001;-;1;5;2;2;3;11;4;1500;1
2024;18;6;1802;1802001;-;1;5;2;2;3;11;5;4500;1
2024;18;6;1802;1802001;-;2;5;2;2;3;11;3;20000;1
2024;18;6;1802;1802001;-;2;5;2;2;3;11;4;700;1
2024;18;6;1802;1802002;-;2;5;2;2;3;11;2;260;1
2024;18;6;1802;1802002;-;2;5;2;2;3;11;3;27540;1
2024;18;6;1802;1802002;-;2;5;2;2;3;11;4;1544;2
2024;18;7;1803;1803001;-;2;5;5;2;3;11;2;140000;1
2024;18;7;1803;1803001;-;2;5;5;2;3;11;4;300;1
2024;18;7;1803;1803001;-;2;5;5;2;3;11;5;7000;1
2024;18;7;1803;1803001;-;2;8;5;2;3;11;1;380000;1
2024;18;7;1803;1803001;-;2;8;5;2;3;11;4;1300;1
2024;18;7;1803;1803001;-;2;8;5;2;3;11;5;18000;1
2024;18;7;1803;1803001;-;2;11;4;2;3;11;2;145000;1
2024;18;7;1803;1803001;-;2;11;4;2;3;11;4;720;1
2024;18;7;1803;1803001;-;2;11;4;2;3;11;5;720;1
2024;18;7;1804;1804001;-;2;8;5;2;3;11;2;729792;1
2024;18;7;1804;1804001;-;2;8;5;2;3;11;4;2500;1
2024;18;7;1804;1804001;-;2;8;5;2;3;11;5;40000;1
2024;18;7;1804;1804001;-;2;11;4;2;3;11;1;1700;1
2024;18;7;1804;1804002;-;2;5;5;2;3;11;2;464523;1
2024;18;7;1804;1804002;-;2;5;5;2;3;11;4;1500;1
2024;18;7;1804;1804002;-;2;5;5;2;3;11;5;45700;1
2024;18;8;1803;1803005;-;1;9;7;2;3;11;2;200000;1
2024;18;8;1803;1803005;-;1;9;7;2;3;11;4;1800;1
2024;18;8;1803;1803005;-;2;11;5;2;3;11;3;593200;1
2024;18;8;1803;1803005;-;2;11;5;2;3;11;4;1440;1
2024;18;8;1803;1803005;-;2;11;5;2;3;11;5;19680;1
2024;18;10;1805;1805005;-;1;5;2;2;3;11;1;18550;1
2024;18;10;1805;1805005;-;1;5;2;2;3;11;4;700;1
2024;18;11;1805;1805005;-;1;5;4;2;3;11;2;327476;1
2024;18;11;1805;1805005;-;1;5;4;2;3;11;4;1400;1
2024;18;11;1805;1805005;-;1;5;4;2;3;11;5;12000;1
2024;18;16;1806;1806001;-;1;5;7;2;3;11;2;450000;1
2024;18;16;1806;1806001;-;1;5;7;2;3;11;4;4000;1
2024;18;16;1806;1806001;-;1;5;7;2;3;11;5;30000;1
2024;19;5;1902;1902007;-;2;11;6;2;3;11;2;1985282;1
2024;19;5;1902;1902007;-;2;11;6;2;3;11;4;12620;1
2024;19;5;1902;1902007;-;2;11;6;2;3;11;5;65430;1
2024;19;7;1901;1901005;-;1;5;2;2;3;11;1;12600;1
2024;19;7;1901;1901005;-;1;5;2;2;3;11;4;720;1
2024;19;7;1901;1901005;-;1;5;5;2;3;11;4;3;1
2024;19;7;1901;1901005;-;1;5;5;2;3;11;5;10;1
2024;19;7;1901;1901005;-;1;11;2;2;3;11;3;45000;1
2024;19;7;1901;1901005;-;1;11;2;2;3;11;4;300;1
2024;19;7;1901;1901005;-;1;11;2;2;3;11;5;700;1
2024;19;7;1903;1903004;-;2;9;5;2;3;11;2;1702763;1
2024;19;7;1903;1903004;-;2;9;5;2;3;11;4;6500;1
2024;19;7;1903;1903004;-;2;9;5;2;3;11;5;91240;1
2024;19;10;1903;1903001;-;1;5;2;2;3;11;3;73000;1
2024;19;10;1903;1903001;-;1;5;2;2;3;11;4;700;1
2024;19;10;1903;1903002;-;1;8;2;2;3;11;3;90000;1
